name,has_image,has_label,label_shape,label_plane_shape,label_dtype,label_compression,label_bytes,label_header_error,image_shape,image_plane_shape,image_dtype,image_compression,image_bytes,image_header_error,shape,dtype,values,value_fractions_0,value_fractions_1,value_fractions_2,n_values,foreground_fraction,border_touch_fraction,per_class_1,per_class_2,surface_class,surface_fraction,surface_thickness_median,surface_thickness_p95,surface_components,surface_fragment_fraction,surface_worst_planarity,surface_junction_fraction
sample_00002,True,True,"[320, 320, 320]",,uint8,LZW,705353,,"[320, 320, 320]",,uint8,LZW,31062469,,"[320, 320, 320]",uint8,"[0, 1, 2]",0.32041799926757814,0.05950210571289063,0.6200798950195312,3,0.6795820007324219,0.027590489418189597,"{'fraction': 0.05950210571289063, 'border_touch_fraction': 0.0, 'thickness': {'median': 2.0, 'p95': 4.0, 'max': 6.0, 'mean': 2.6628599166870117, 'saturated': 0.0}, 'components': {'n_components': 8, 'n_components_ge_min_size': 8, 'largest_component_fraction': 0.15460170841101364, 'fragment_fraction': 0.0, 'median_planarity': 0.0035564986398791123, 'worst_planarity': 0.009443482759909555}, 'junctions': {'n_samples': 4000, 'junction_fraction': 0.0015, 'junctions': 6, 'radius': 5}}","{'fraction': 0.6200798950195312, 'border_touch_fraction': 0.03023803892143514, 'thickness': {'median': 8.0, 'p95': 8.0, 'max': 8.0, 'mean': 7.67848014831543, 'saturated': 0.9038459891633247}, 'skipped': 'thickness saturated for 90% of voxels: a region, not a sheet'}",1,0.05950210571289063,2.0,4.0,8,0.0,0.009443482759909555,0.0015
sample_00015,True,True,"[320, 320, 320]",,uint8,LZW,443593,,"[320, 320, 320]",,uint8,LZW,31598440,,"[320, 320, 320]",uint8,"[0, 1, 2]",0.18563601684570313,0.03574710083007813,0.7786168823242188,3,0.8143639831542969,0.023024102720475365,"{'fraction': 0.03574710083007813, 'border_touch_fraction': 0.0, 'thickness': {'median': 2.0, 'p95': 4.0, 'max': 6.0, 'mean': 2.649630069732666, 'saturated': 0.0}, 'components': {'n_components': 4, 'n_components_ge_min_size': 4, 'largest_component_fraction': 0.25321485007610806, 'fragment_fraction': 0.0, 'median_planarity': 0.0013420840207344167, 'worst_planarity': 0.004569159510567251}, 'junctions': {'n_samples': 4000, 'junction_fraction': 0.0015, 'junctions': 6, 'radius': 5}}","{'fraction': 0.7786168823242188, 'border_touch_fraction': 0.024081162925764094, 'thickness': {'median': 8.0, 'p95': 8.0, 'max': 8.0, 'mean': 7.764679908752441, 'saturated': 0.9267664555985137}, 'skipped': 'thickness saturated for 93% of voxels: a region, not a sheet'}",1,0.03574710083007813,2.0,4.0,4,0.0,0.004569159510567251,0.0015
sample_00017,True,True,"[320, 320, 320]",,uint8,LZW,643961,,"[320, 320, 320]",,uint8,LZW,36727318,,"[320, 320, 320]",uint8,"[0, 1, 2]",0.09615530395507813,0.026715667724609374,0.8771290283203125,3,0.9038446960449219,0.02074471430993285,"{'fraction': 0.026715667724609374, 'border_touch_fraction': 0.0, 'thickness': {'median': 2.0, 'p95': 4.0, 'max': 6.0, 'mean': 2.745529890060425, 'saturated': 0.0}, 'components': {'n_components': 5, 'n_components_ge_min_size': 5, 'largest_component_fraction': 0.2735570052740459, 'fragment_fraction': 0.0, 'median_planarity': 0.01654843231823115, 'worst_planarity': 0.02078759768516485}, 'junctions': {'n_samples': 4000, 'junction_fraction': 0.00525, 'junctions': 21, 'radius': 5}}","{'fraction': 0.8771290283203125, 'border_touch_fraction': 0.021376558516032627, 'thickness': {'median': 8.0, 'p95': 8.0, 'max': 8.0, 'mean': 7.881380081176758, 'saturated': 0.9622108441221632}, 'skipped': 'thickness saturated for 96% of voxels: a region, not a sheet'}",1,0.026715667724609374,2.0,4.0,5,0.0,0.02078759768516485,0.00525
sample_00023,True,True,"[320, 320, 320]",,uint8,LZW,668713,,"[320, 320, 320]",,uint8,LZW,32249785,,"[320, 320, 320]",uint8,"[0, 1, 2]",0.09972222900390625,0.023123016357421877,0.8771547546386719,3,0.9002777709960937,0.020826905433035905,"{'fraction': 0.023123016357421877, 'border_touch_fraction': 0.0, 'thickness': {'median': 2.0, 'p95': 4.0, 'max': 6.0, 'mean': 2.7714500427246094, 'saturated': 0.0}, 'components': {'n_components': 5, 'n_components_ge_min_size': 5, 'largest_component_fraction': 0.4212460158771009, 'fragment_fraction': 0.0, 'median_planarity': 0.002487685402187708, 'worst_planarity': 0.003505788318443024}, 'junctions': {'n_samples': 4000, 'junction_fraction': 0.0025, 'junctions': 10, 'radius': 5}}","{'fraction': 0.8771547546386719, 'border_touch_fraction': 0.021375931556939145, 'thickness': {'median': 8.0, 'p95': 8.0, 'max': 8.0, 'mean': 7.876309871673584, 'saturated': 0.9608013636341338}, 'skipped': 'thickness saturated for 96% of voxels: a region, not a sheet'}",1,0.023123016357421877,2.0,4.0,5,0.0,0.003505788318443024,0.0025
sample_00024,True,True,"[320, 320, 320]",,uint8,NONE,32821210,,"[320, 320, 320]",,uint8,LZW,36906405,,"[320, 320, 320]",uint8,"[0, 1, 2]",0.20131948852539064,0.050890625,0.7477898864746094,3,0.7986805114746094,0.023476220754882007,"{'fraction': 0.050890625, 'border_touch_fraction': 0.0, 'thickness': {'median': 2.0, 'p95': 4.0, 'max': 6.0, 'mean': 2.777980089187622, 'saturated': 0.0}, 'components': {'n_components': 6, 'n_components_ge_min_size': 6, 'largest_component_fraction': 0.22755735243322076, 'fragment_fraction': 0.0, 'median_planarity': 0.004607675135399806, 'worst_planarity': 0.00962765243098646}, 'junctions': {'n_samples': 4000, 'junction_fraction': 0.001, 'junctions': 4, 'radius': 5}}","{'fraction': 0.7477898864746094, 'border_touch_fraction': 0.025073888185885008, 'thickness': {'median': 8.0, 'p95': 8.0, 'max': 8.0, 'mean': 7.696720123291016, 'saturated': 0.9020847525987938}, 'skipped': 'thickness saturated for 90% of voxels: a region, not a sheet'}",1,0.050890625,2.0,4.0,6,0.0,0.00962765243098646,0.001
sample_00028,True,True,"[320, 320, 320]",,uint8,LZW,1084633,,"[320, 320, 320]",,uint8,LZW,33041903,,"[320, 320, 320]",uint8,"[0, 1, 2]",0.20626193237304688,0.045380767822265626,0.7483572998046875,3,0.7937380676269531,0.023622402357564968,"{'fraction': 0.045380767822265626, 'border_touch_fraction': 0.0, 'thickness': {'median': 2.0, 'p95': 4.0, 'max': 6.0, 'mean': 2.7130799293518066, 'saturated': 0.0}, 'components': {'n_components': 5, 'n_components_ge_min_size': 5, 'largest_component_fraction': 0.20975201020552953, 'fragment_fraction': 0.0, 'median_planarity': 0.0028786505250680996, 'worst_planarity': 0.0032026016347652085}, 'junctions': {'n_samples': 4000, 'junction_fraction': 0.002, 'junctions': 8, 'radius': 5}}","{'fraction': 0.7483572998046875, 'border_touch_fraction': 0.02505487686816649, 'thickness': {'median': 8.0, 'p95': 8.0, 'max': 8.0, 'mean': 7.757480144500732, 'saturated': 0.9237425216656991}, 'skipped': 'thickness saturated for 92% of voxels: a region, not a sheet'}",1,0.045380767822265626,2.0,4.0,5,0.0,0.0032026016347652085,0.002
sample_00034,True,True,"[320, 320, 320]",,uint8,LZW,1383817,,"[320, 320, 320]",,uint8,LZW,31060004,,"[320, 320, 320]",uint8,"[0, 1, 2]",0.8260758056640625,0.07453372192382812,0.09939047241210938,3,0.1739241943359375,0.10780558778259487,"{'fraction': 0.07453372192382812, 'border_touch_fraction': 0.0, 'thickness': {'median': 2.0, 'p95': 4.0, 'max': 6.0, 'mean': 2.7282400131225586, 'saturated': 0.0}, 'components': {'n_components': 11, 'n_components_ge_min_size': 11, 'largest_component_fraction': 0.14582030781375585, 'fragment_fraction': 0.0, 'median_planarity': 0.00912208928530408, 'worst_planarity': 0.022781888894522276}, 'junctions': {'n_samples': 4000, 'junction_fraction': 0.0015, 'junctions': 6, 'radius': 5}}","{'fraction': 0.09939047241210938, 'border_touch_fraction': 0.1886498730205811, 'thickness': {'median': 6.0, 'p95': 48.0, 'max': 48.0, 'mean': 20.802030563354492, 'saturated': 0.2761648070345769}, 'components': {'n_components': 1, 'n_components_ge_min_size': 1, 'largest_component_fraction': 1.0, 'fragment_fraction': 0.0, 'median_planarity': 0.23370228183079161, 'worst_planarity': 0.23370228183079161}, 'junctions': {'n_samples': 4000, 'junction_fraction': 0.0, 'junctions': 0, 'radius': 5}}",1,0.07453372192382812,2.0,4.0,11,0.0,0.022781888894522276,0.0015
sample_00038,True,True,"[320, 320, 320]",,uint8,LZW,490937,,"[320, 320, 320]",,uint8,LZW,31781068,,"[320, 320, 320]",uint8,"[0, 1, 2]",0.0520010986328125,0.011779541015625,0.9362193603515625,3,0.9479989013671875,0.019778503933874897,"{'fraction': 0.011779541015625, 'border_touch_fraction': 0.0, 'thickness': {'median': 2.0, 'p95': 4.0, 'max': 6.0, 'mean': 2.804270029067993, 'saturated': 0.0}, 'components': {'n_components': 3, 'n_components_ge_min_size': 3, 'largest_component_fraction': 0.4348768886401791, 'fragment_fraction': 0.0, 'median_planarity': 0.0013783338501028254, 'worst_planarity': 0.001409046925134242}, 'junctions': {'n_samples': 4000, 'junction_fraction': 0.0065, 'junctions': 26, 'radius': 5}}","{'fraction': 0.9362193603515625, 'border_touch_fraction': 0.020027357683523157, 'thickness': {'median': 8.0, 'p95': 8.0, 'max': 8.0, 'mean': 7.947070121765137, 'saturated': 0.9839894248771336}, 'skipped': 'thickness saturated for 98% of voxels: a region, not a sheet'}",1,0.011779541015625,2.0,4.0,3,0.0,0.001409046925134242,0.0065
sample_00040,True,True,"[320, 320, 320]",,uint8,LZW,1215817,,"[320, 320, 320]",,uint8,LZW,27444112,,"[320, 320, 320]",uint8,"[0, 1, 2]",0.5777457275390625,0.04799014282226562,0.3742641296386719,3,0.4222542724609375,0.04440452405779873,"{'fraction': 0.04799014282226562, 'border_touch_fraction': 0.0, 'thickness': {'median': 2.0, 'p95': 4.0, 'max': 6.0, 'mean': 2.757430076599121, 'saturated': 0.0}, 'components': {'n_components': 7, 'n_components_ge_min_size': 7, 'largest_component_fraction': 0.21740100894030745, 'fragment_fraction': 0.0, 'median_planarity': 0.005143640006642494, 'worst_planarity': 0.027347248589417082}, 'junctions': {'n_samples': 4000, 'junction_fraction': 0.00475, 'junctions': 19, 'radius': 5}}","{'fraction': 0.3742641296386719, 'border_touch_fraction': 0.05009830896191395, 'thickness': {'median': 8.0, 'p95': 8.0, 'max': 8.0, 'mean': 7.406139850616455, 'saturated': 0.8318221620926546}, 'skipped': 'thickness saturated for 83% of voxels: a region, not a sheet'}",1,0.04799014282226562,2.0,4.0,7,0.0,0.027347248589417082,0.00475
sample_00042,True,True,"[320, 320, 320]",,uint8,LZW,913801,,"[320, 320, 320]",,uint8,LZW,32500930,,"[320, 320, 320]",uint8,"[0, 1, 2]",0.18562554931640626,0.03070989990234375,0.78366455078125,3,0.8143744506835937,0.023023806781095685,"{'fraction': 0.03070989990234375, 'border_touch_fraction': 0.0, 'thickness': {'median': 2.0, 'p95': 4.0, 'max': 6.0, 'mean': 2.6650800704956055, 'saturated': 0.0}, 'components': {'n_components': 7, 'n_components_ge_min_size': 7, 'largest_component_fraction': 0.3059409600696411, 'fragment_fraction': 0.0, 'median_planarity': 0.0008526045881471235, 'worst_planarity': 0.011910508849877165}, 'junctions': {'n_samples': 4000, 'junction_fraction': 0.00075, 'junctions': 3, 'radius': 5}}","{'fraction': 0.78366455078125, 'border_touch_fraction': 0.02392605354077554, 'thickness': {'median': 8.0, 'p95': 8.0, 'max': 8.0, 'mean': 7.796850204467773, 'saturated': 0.9387768739738745}, 'skipped': 'thickness saturated for 94% of voxels: a region, not a sheet'}",1,0.03070989990234375,2.0,4.0,7,0.0,0.011910508849877165,0.00075
sample_00047,True,True,"[320, 320, 320]",,uint8,LZW,1039001,,"[320, 320, 320]",,uint8,LZW,28585157,,"[320, 320, 320]",uint8,"[0, 1, 2]",0.3999232482910156,0.030486236572265624,0.5695905151367188,3,0.6000767517089843,0.03124600302644798,"{'fraction': 0.030486236572265624, 'border_touch_fraction': 0.0, 'thickness': {'median': 2.0, 'p95': 4.0, 'max': 6.0, 'mean': 2.664220094680786, 'saturated': 0.0}, 'components': {'n_components': 7, 'n_components_ge_min_size': 7, 'largest_component_fraction': 0.29822727941596017, 'fragment_fraction': 0.0, 'median_planarity': 0.0015775146153866103, 'worst_planarity': 0.007691274700070485}, 'junctions': {'n_samples': 4000, 'junction_fraction': 0.00225, 'junctions': 9, 'radius': 5}}","{'fraction': 0.5695905151367188, 'border_touch_fraction': 0.03291838522890333, 'thickness': {'median': 8.0, 'p95': 8.0, 'max': 8.0, 'mean': 7.646130084991455, 'saturated': 0.8979379503440303}, 'skipped': 'thickness saturated for 90% of voxels: a region, not a sheet'}",1,0.030486236572265624,2.0,4.0,7,0.0,0.007691274700070485,0.00225
sample_00063,True,True,"[320, 320, 320]",,uint8,NONE,32821210,,"[320, 320, 320]",,uint8,LZW,30689133,,"[320, 320, 320]",uint8,"[0, 1, 2]",0.6319053344726563,0.0837396240234375,0.2843550415039062,3,0.36809466552734377,0.05093798350252692,"{'fraction': 0.0837396240234375, 'border_touch_fraction': 0.0, 'thickness': {'median': 2.0, 'p95': 4.0, 'max': 6.0, 'mean': 2.672420024871826, 'saturated': 0.0}, 'components': {'n_components': 12, 'n_components_ge_min_size': 12, 'largest_component_fraction': 0.11085029774269492, 'fragment_fraction': 0.0, 'median_planarity': 0.0021443317053684557, 'worst_planarity': 0.01011720036309281}, 'junctions': {'n_samples': 4000, 'junction_fraction': 0.0025, 'junctions': 10, 'radius': 5}}","{'fraction': 0.2843550415039062, 'border_touch_fraction': 0.0659386937570524, 'thickness': {'median': 8.0, 'p95': 8.0, 'max': 8.0, 'mean': 7.115039825439453, 'saturated': 0.7554756268307807}, 'skipped': 'thickness saturated for 76% of voxels: a region, not a sheet'}",1,0.0837396240234375,2.0,4.0,12,0.0,0.01011720036309281,0.0025
sample_00064,True,True,"[320, 320, 320]",,uint8,LZW,1155545,,"[320, 320, 320]",,uint8,LZW,29306374,,"[320, 320, 320]",uint8,"[0, 1, 2]",0.8596326904296875,0.0851654052734375,0.055201904296875,3,0.1403673095703125,0.13357811058284758,"{'fraction': 0.0851654052734375, 'border_touch_fraction': 0.0, 'thickness': {'median': 2.0, 'p95': 4.0, 'max': 6.0, 'mean': 2.702500104904175, 'saturated': 0.0}, 'components': {'n_components': 13, 'n_components_ge_min_size': 13, 'largest_component_fraction': 0.11230838140968216, 'fragment_fraction': 0.0, 'median_planarity': 0.0036891965062838287, 'worst_planarity': 0.023370257598001033}, 'junctions': {'n_samples': 4000, 'junction_fraction': 0.0025, 'junctions': 10, 'radius': 5}}","{'fraction': 0.055201904296875, 'border_touch_fraction': 0.3396621953322984, 'thickness': {'median': 4.0, 'p95': 6.0, 'max': 14.0, 'mean': 4.07459020614624, 'saturated': 0.0}, 'components': {'n_components': 1, 'n_components_ge_min_size': 1, 'largest_component_fraction': 1.0, 'fragment_fraction': 0.0, 'median_planarity': 0.33223717243291884, 'worst_planarity': 0.33223717243291884}, 'junctions': {'n_samples': 4000, 'junction_fraction': 0.0, 'junctions': 0, 'radius': 5}}",1,0.0851654052734375,2.0,4.0,13,0.0,0.023370257598001033,0.0025
sample_00065,True,True,"[320, 320, 320]",,uint8,LZW,785177,,"[320, 320, 320]",,uint8,LZW,31706217,,"[320, 320, 320]",uint8,"[0, 1, 2]",0.30412152099609374,0.02846868896484375,0.6674097900390625,3,0.6958784790039062,0.02694435963422681,"{'fraction': 0.02846868896484375, 'border_touch_fraction': 0.0, 'thickness': {'median': 2.0, 'p95': 4.0, 'max': 6.0, 'mean': 2.744149923324585, 'saturated': 0.0}, 'components': {'n_components': 5, 'n_components_ge_min_size': 5, 'largest_component_fraction': 0.3179837961027462, 'fragment_fraction': 0.0, 'median_planarity': 0.006463614389233271, 'worst_planarity': 0.025301775743242886}, 'junctions': {'n_samples': 4000, 'junction_fraction': 0.0035, 'junctions': 14, 'radius': 5}}","{'fraction': 0.6674097900390625, 'border_touch_fraction': 0.028093684389769873, 'thickness': {'median': 8.0, 'p95': 8.0, 'max': 8.0, 'mean': 7.836790084838867, 'saturated': 0.9535595941852658}, 'skipped': 'thickness saturated for 95% of voxels: a region, not a sheet'}",1,0.02846868896484375,2.0,4.0,5,0.0,0.025301775743242886,0.0035
sample_00071,True,True,"[320, 320, 320]",,uint8,NONE,32821210,,"[320, 320, 320]",,uint8,LZW,34200134,,"[320, 320, 320]",uint8,"[0, 1, 2]",0.3434678955078125,0.0562933349609375,0.60023876953125,3,0.6565321044921875,0.028559151748569392,"{'fraction': 0.0562933349609375, 'border_touch_fraction': 0.0, 'thickness': {'median': 2.0, 'p95': 4.0, 'max': 6.0, 'mean': 2.704010009765625, 'saturated': 0.0}, 'components': {'n_components': 6, 'n_components_ge_min_size': 6, 'largest_component_fraction': 0.16947609805813663, 'fragment_fraction': 0.0, 'median_planarity': 0.0066823784388551875, 'worst_planarity': 0.01880539587374588}, 'junctions': {'n_samples': 4000, 'junction_fraction': 0.003, 'junctions': 12, 'radius': 5}}","{'fraction': 0.60023876953125, 'border_touch_fraction': 0.031237569033807346, 'thickness': {'median': 8.0, 'p95': 8.0, 'max': 8.0, 'mean': 7.772160053253174, 'saturated': 0.933201834556398}, 'skipped': 'thickness saturated for 93% of voxels: a region, not a sheet'}",1,0.0562933349609375,2.0,4.0,6,0.0,0.01880539587374588,0.003
sample_00072,True,True,"[320, 320, 320]",,uint8,LZW,948057,,"[320, 320, 320]",,uint8,LZW,27096918,,"[320, 320, 320]",uint8,"[0, 1, 2]",0.6362862243652344,0.033438995361328126,0.3302747802734375,3,0.36371377563476565,0.05155152555681143,"{'fraction': 0.033438995361328126, 'border_touch_fraction': 0.0, 'thickness': {'median': 2.0, 'p95': 4.0, 'max': 6.0, 'mean': 2.726490020751953, 'saturated': 0.0}, 'components': {'n_components': 5, 'n_components_ge_min_size': 5, 'largest_component_fraction': 0.3584134398195174, 'fragment_fraction': 0.0, 'median_planarity': 0.02250317923629095, 'worst_planarity': 0.048935496929964045}, 'junctions': {'n_samples': 4000, 'junction_fraction': 0.0015, 'junctions': 6, 'radius': 5}}","{'fraction': 0.3302747802734375, 'border_touch_fraction': 0.056770910526309955, 'thickness': {'median': 8.0, 'p95': 8.0, 'max': 8.0, 'mean': 7.510240077972412, 'saturated': 0.8652716521332889}, 'skipped': 'thickness saturated for 87% of voxels: a region, not a sheet'}",1,0.033438995361328126,2.0,4.0,5,0.0,0.048935496929964045,0.0015
sample_00076,True,True,"[320, 320, 320]",,uint8,NONE,32821210,,"[320, 320, 320]",,uint8,LZW,30008495,,"[320, 320, 320]",uint8,"[0, 1, 2]",0.5344482421875,0.0495966796875,0.415955078125,3,0.4655517578125,0.04027479154648907,"{'fraction': 0.0495966796875, 'border_touch_fraction': 0.0, 'thickness': {'median': 2.0, 'p95': 4.0, 'max': 10.0, 'mean': 2.7587599754333496, 'saturated': 0.0}, 'components': {'n_components': 9, 'n_components_ge_min_size': 9, 'largest_component_fraction': 0.19925066946265776, 'fragment_fraction': 0.0, 'median_planarity': 0.013231141845794797, 'worst_planarity': 0.018387634442104023}, 'junctions': {'n_samples': 4000, 'junction_fraction': 0.00425, 'junctions': 17, 'radius': 5}}","{'fraction': 0.415955078125, 'border_touch_fraction': 0.04507698303508961, 'thickness': {'median': 8.0, 'p95': 8.0, 'max': 8.0, 'mean': 7.629960060119629, 'saturated': 0.8986265313261554}, 'skipped': 'thickness saturated for 90% of voxels: a region, not a sheet'}",1,0.0495966796875,2.0,4.0,9,0.0,0.018387634442104023,0.00425
sample_00083,True,True,"[320, 320, 320]",,uint8,LZW,894345,,"[320, 320, 320]",,uint8,LZW,30276609,,"[320, 320, 320]",uint8,"[0, 1, 2]",0.4855695495605469,0.09243695068359375,0.42199349975585937,3,0.5144304504394531,0.03644807569999556,"{'fraction': 0.09243695068359375, 'border_touch_fraction': 0.0, 'thickness': {'median': 2.0, 'p95': 4.0, 'max': 6.0, 'mean': 2.6583900451660156, 'saturated': 0.0}, 'components': {'n_components': 15, 'n_components_ge_min_size': 15, 'largest_component_fraction': 0.09916559204535925, 'fragment_fraction': 0.0, 'median_planarity': 0.003255698366633947, 'worst_planarity': 0.008000585396335169}, 'junctions': {'n_samples': 4000, 'junction_fraction': 0.00175, 'junctions': 7, 'radius': 5}}","{'fraction': 0.42199349975585937, 'border_touch_fraction': 0.04443196402515121, 'thickness': {'median': 8.0, 'p95': 8.0, 'max': 8.0, 'mean': 7.361289978027344, 'saturated': 0.813908607702278}, 'skipped': 'thickness saturated for 81% of voxels: a region, not a sheet'}",1,0.09243695068359375,2.0,4.0,15,0.0,0.008000585396335169,0.00175
sample_00085,True,True,"[320, 320, 320]",,uint8,LZW,562489,,"[320, 320, 320]",,uint8,LZW,29179090,,"[320, 320, 320]",uint8,"[0, 1, 2]",0.24566275024414064,0.027346893310546874,0.7269903564453125,3,0.7543372497558594,0.024856256278035352,"{'fraction': 0.027346893310546874, 'border_touch_fraction': 0.0, 'thickness': {'median': 2.0, 'p95': 4.0, 'max': 6.0, 'mean': 2.669420003890991, 'saturated': 0.0}, 'components': {'n_components': 3, 'n_components_ge_min_size': 3, 'largest_component_fraction': 0.3363329885069016, 'fragment_fraction': 0.0, 'median_planarity': 0.001713812553150918, 'worst_planarity': 0.002182275803485798}, 'junctions': {'n_samples': 4000, 'junction_fraction': 0.0015, 'junctions': 6, 'radius': 5}}","{'fraction': 0.7269903564453125, 'border_touch_fraction': 0.02579126371315279, 'thickness': {'median': 8.0, 'p95': 8.0, 'max': 8.0, 'mean': 7.838799953460693, 'saturated': 0.9522815865321245}, 'skipped': 'thickness saturated for 95% of voxels: a region, not a sheet'}",1,0.027346893310546874,2.0,4.0,3,0.0,0.002182275803485798,0.0015
sample_00093,True,True,"[320, 320, 320]",,uint8,LZW,1283657,,"[320, 320, 320]",,uint8,LZW,26939982,,"[320, 320, 320]",uint8,"[0, 1, 2]",0.7723553466796875,0.06605352783203125,0.16159112548828125,3,0.2276446533203125,0.08236521142281077,"{'fraction': 0.06605352783203125, 'border_touch_fraction': 0.0, 'thickness': {'median': 2.0, 'p95': 4.0, 'max': 6.0, 'mean': 2.705519914627075, 'saturated': 0.0}, 'components': {'n_components': 8, 'n_components_ge_min_size': 8, 'largest_component_fraction': 0.17225086188495695, 'fragment_fraction': 0.0, 'median_planarity': 0.02234805856649739, 'worst_planarity': 0.040904222523271035}, 'junctions': {'n_samples': 4000, 'junction_fraction': 0.001, 'junctions': 4, 'radius': 5}}","{'fraction': 0.16159112548828125, 'border_touch_fraction': 0.11603359988577942, 'thickness': {'median': 8.0, 'p95': 8.0, 'max': 8.0, 'mean': 6.795680046081543, 'saturated': 0.6828097657080675}, 'skipped': 'thickness saturated for 68% of voxels: a region, not a sheet'}",1,0.06605352783203125,2.0,4.0,8,0.0,0.040904222523271035,0.001
sample_00095,True,True,"[320, 320, 320]",,uint8,LZW,746777,,"[320, 320, 320]",,uint8,LZW,33821211,,"[320, 320, 320]",uint8,"[0, 1, 2]",0.1950487060546875,0.02761968994140625,0.7773316040039062,3,0.8049512939453125,0.023293334815452642,"{'fraction': 0.02761968994140625, 'border_touch_fraction': 0.0, 'thickness': {'median': 2.0, 'p95': 4.0, 'max': 6.0, 'mean': 2.690419912338257, 'saturated': 0.0}, 'components': {'n_components': 3, 'n_components_ge_min_size': 3, 'largest_component_fraction': 0.3371014825831287, 'fragment_fraction': 0.0, 'median_planarity': 0.011236394499458117, 'worst_planarity': 0.012298447937916115}, 'junctions': {'n_samples': 4000, 'junction_fraction': 0.00175, 'junctions': 7, 'radius': 5}}","{'fraction': 0.7773316040039062, 'border_touch_fraction': 0.0241209799053864, 'thickness': {'median': 8.0, 'p95': 8.0, 'max': 8.0, 'mean': 7.865809917449951, 'saturated': 0.958043235757217}, 'skipped': 'thickness saturated for 96% of voxels: a region, not a sheet'}",1,0.02761968994140625,2.0,4.0,3,0.0,0.012298447937916115,0.00175
sample_00097,True,True,"[320, 320, 320]",,uint8,LZW,970521,,"[320, 320, 320]",,uint8,LZW,29377295,,"[320, 320, 320]",uint8,"[0, 1, 2]",0.3596502380371094,0.04236203002929687,0.5979877319335938,3,0.6403497619628906,0.029280872913148043,"{'fraction': 0.04236203002929687, 'border_touch_fraction': 0.0, 'thickness': {'median': 2.0, 'p95': 4.0, 'max': 6.0, 'mean': 2.7225000858306885, 'saturated': 0.0}, 'components': {'n_components': 4, 'n_components_ge_min_size': 4, 'largest_component_fraction': 0.27126060517866263, 'fragment_fraction': 0.0, 'median_planarity': 0.034141206281444236, 'worst_planarity': 0.038867941638091354}, 'junctions': {'n_samples': 4000, 'junction_fraction': 0.00275, 'junctions': 11, 'radius': 5}}","{'fraction': 0.5979877319335938, 'border_touch_fraction': 0.03135515830629478, 'thickness': {'median': 8.0, 'p95': 8.0, 'max': 8.0, 'mean': 7.766679763793945, 'saturated': 0.9311238323597277}, 'skipped': 'thickness saturated for 93% of voxels: a region, not a sheet'}",1,0.04236203002929687,2.0,4.0,4,0.0,0.038867941638091354,0.00275
sample_00099,True,True,"[320, 320, 320]",,uint8,LZW,1244233,,"[320, 320, 320]",,uint8,LZW,36938084,,"[320, 320, 320]",uint8,"[0, 1, 2]",0.19371429443359375,0.051890472412109374,0.7543952331542969,3,0.8062857055664062,0.02325478409272845,"{'fraction': 0.051890472412109374, 'border_touch_fraction': 0.0, 'thickness': {'median': 2.0, 'p95': 4.0, 'max': 6.0, 'mean': 2.6807899475097656, 'saturated': 0.0}, 'components': {'n_components': 9, 'n_components_ge_min_size': 9, 'largest_component_fraction': 0.18154764880345012, 'fragment_fraction': 0.0, 'median_planarity': 0.005151088676429729, 'worst_planarity': 0.013703738212724572}, 'junctions': {'n_samples': 4000, 'junction_fraction': 0.00225, 'junctions': 9, 'radius': 5}}","{'fraction': 0.7543952331542969, 'border_touch_fraction': 0.024854345807040712, 'thickness': {'median': 8.0, 'p95': 8.0, 'max': 8.0, 'mean': 7.690169811248779, 'saturated': 0.9021401395945303}, 'skipped': 'thickness saturated for 90% of voxels: a region, not a sheet'}",1,0.051890472412109374,2.0,4.0,9,0.0,0.013703738212724572,0.00225
sample_00103,True,True,"[320, 320, 320]",,uint8,LZW,1092121,,"[320, 320, 320]",,uint8,LZW,31626643,,"[320, 320, 320]",uint8,"[0, 1, 2]",0.39754681396484376,0.06130780029296875,0.5411453857421875,3,0.6024531860351563,0.03112275017316589,"{'fraction': 0.06130780029296875, 'border_touch_fraction': 0.0, 'thickness': {'median': 2.0, 'p95': 4.0, 'max': 6.0, 'mean': 2.713870048522949, 'saturated': 0.0}, 'components': {'n_components': 7, 'n_components_ge_min_size': 7, 'largest_component_fraction': 0.1572560372814637, 'fragment_fraction': 0.0, 'median_planarity': 0.00232932622962358, 'worst_planarity': 0.007334708316190171}, 'junctions': {'n_samples': 4000, 'junction_fraction': 0.003, 'junctions': 12, 'radius': 5}}","{'fraction': 0.5411453857421875, 'border_touch_fraction': 0.03464872933229237, 'thickness': {'median': 8.0, 'p95': 8.0, 'max': 8.0, 'mean': 7.613420009613037, 'saturated': 0.8823820572818387}, 'skipped': 'thickness saturated for 88% of voxels: a region, not a sheet'}",1,0.06130780029296875,2.0,4.0,7,0.0,0.007334708316190171,0.003
sample_00105,True,True,"[320, 320, 320]",,uint8,LZW,920025,,"[320, 320, 320]",,uint8,LZW,29254592,,"[320, 320, 320]",uint8,"[0, 1, 2]",0.39807632446289065,0.04264300537109375,0.5592806701660156,3,0.6019236755371093,0.031150128765526582,"{'fraction': 0.04264300537109375, 'border_touch_fraction': 0.0, 'thickness': {'median': 2.0, 'p95': 4.0, 'max': 6.0, 'mean': 2.7216498851776123, 'saturated': 0.0}, 'components': {'n_components': 9, 'n_components_ge_min_size': 9, 'largest_component_fraction': 0.225940117052141, 'fragment_fraction': 0.0, 'median_planarity': 0.003014368576678305, 'worst_planarity': 0.006512850824017216}, 'junctions': {'n_samples': 4000, 'junction_fraction': 0.0025, 'junctions': 10, 'radius': 5}}","{'fraction': 0.5592806701660156, 'border_touch_fraction': 0.03352520657371243, 'thickness': {'median': 8.0, 'p95': 8.0, 'max': 8.0, 'mean': 7.681640148162842, 'saturated': 0.907307605611085}, 'skipped': 'thickness saturated for 91% of voxels: a region, not a sheet'}",1,0.04264300537109375,2.0,4.0,9,0.0,0.006512850824017216,0.0025
sample_00113,True,True,"[320, 320, 320]",,uint8,LZW,908809,,"[320, 320, 320]",,uint8,LZW,33594541,,"[320, 320, 320]",uint8,"[0, 1, 2]",0.2675221557617187,0.039270263671875,0.6932075805664063,3,0.7324778442382812,0.02559804388281329,"{'fraction': 0.039270263671875, 'border_touch_fraction': 0.0, 'thickness': {'median': 2.0, 'p95': 4.0, 'max': 6.0, 'mean': 2.7697200775146484, 'saturated': 0.0}, 'components': {'n_components': 5, 'n_components_ge_min_size': 5, 'largest_component_fraction': 0.24777356062442882, 'fragment_fraction': 0.0, 'median_planarity': 0.006181744600581723, 'worst_planarity': 0.008846255993294578}, 'junctions': {'n_samples': 4000, 'junction_fraction': 0.001, 'junctions': 4, 'radius': 5}}","{'fraction': 0.6932075805664063, 'border_touch_fraction': 0.02704817507142629, 'thickness': {'median': 8.0, 'p95': 8.0, 'max': 8.0, 'mean': 7.843570232391357, 'saturated': 0.9535734187581383}, 'skipped': 'thickness saturated for 95% of voxels: a region, not a sheet'}",1,0.039270263671875,2.0,4.0,5,0.0,0.008846255993294578,0.001
sample_00120,True,True,"[320, 320, 320]",,uint8,LZW,559193,,"[320, 320, 320]",,uint8,LZW,30641157,,"[320, 320, 320]",uint8,"[0, 1, 2]",0.12091464233398437,0.0184395751953125,0.8606457824707031,3,0.8790853576660156,0.021328986811680634,"{'fraction': 0.0184395751953125, 'border_touch_fraction': 0.0, 'thickness': {'median': 2.0, 'p95': 4.0, 'max': 8.0, 'mean': 2.7709100246429443, 'saturated': 0.0}, 'components': {'n_components': 7, 'n_components_ge_min_size': 7, 'largest_component_fraction': 0.304522465029757, 'fragment_fraction': 0.0, 'median_planarity': 0.0028948592667670304, 'worst_planarity': 0.013000424795582163}, 'junctions': {'n_samples': 4000, 'junction_fraction': 0.006, 'junctions': 24, 'radius': 5}}","{'fraction': 0.8606457824707031, 'border_touch_fraction': 0.021785966284727898, 'thickness': {'median': 8.0, 'p95': 8.0, 'max': 8.0, 'mean': 7.916860103607178, 'saturated': 0.9768025201086703}, 'skipped': 'thickness saturated for 98% of voxels: a region, not a sheet'}",1,0.0184395751953125,2.0,4.0,7,0.0,0.013000424795582163,0.006
sample_00121,True,True,"[320, 320, 320]",,uint8,NONE,32821210,,"[320, 320, 320]",,uint8,LZW,28889890,,"[320, 320, 320]",uint8,"[0, 1, 2]",0.30953131103515624,0.0180030517578125,0.6724656372070312,3,0.6904686889648437,0.027155467437792367,"{'fraction': 0.0180030517578125, 'border_touch_fraction': 0.0, 'thickness': {'median': 2.0, 'p95': 4.0, 'max': 6.0, 'mean': 2.770819902420044, 'saturated': 0.0}, 'components': {'n_components': 2, 'n_components_ge_min_size': 2, 'largest_component_fraction': 0.5891199544348086, 'fragment_fraction': 0.0, 'median_planarity': 0.01776360261533306, 'worst_planarity': 0.021437026844586135}, 'junctions': {'n_samples': 4000, 'junction_fraction': 0.003, 'junctions': 12, 'radius': 5}}","{'fraction': 0.6724656372070312, 'border_touch_fraction': 0.02788246560504542, 'thickness': {'median': 8.0, 'p95': 8.0, 'max': 8.0, 'mean': 7.8207597732543945, 'saturated': 0.9466890343581501}, 'skipped': 'thickness saturated for 95% of voxels: a region, not a sheet'}",1,0.0180030517578125,2.0,4.0,2,0.0,0.021437026844586135,0.003
sample_00124,True,True,"[320, 320, 320]",,uint8,LZW,879817,,"[320, 320, 320]",,uint8,LZW,33392371,,"[320, 320, 320]",uint8,"[0, 1, 2]",0.29825820922851565,0.03912451171875,0.6626172790527344,3,0.7017417907714844,0.026719229560757,"{'fraction': 0.03912451171875, 'border_touch_fraction': 0.0, 'thickness': {'median': 2.0, 'p95': 4.0, 'max': 6.0, 'mean': 2.7651000022888184, 'saturated': 0.0}, 'components': {'n_components': 5, 'n_components_ge_min_size': 5, 'largest_component_fraction': 0.253787736967564, 'fragment_fraction': 0.0, 'median_planarity': 0.006608744932117185, 'worst_planarity': 0.009685834555883599}, 'junctions': {'n_samples': 4000, 'junction_fraction': 0.00075, 'junctions': 3, 'radius': 5}}","{'fraction': 0.6626172790527344, 'border_touch_fraction': 0.028296877538123755, 'thickness': {'median': 8.0, 'p95': 8.0, 'max': 8.0, 'mean': 7.832149982452393, 'saturated': 0.9501752964850939}, 'skipped': 'thickness saturated for 95% of voxels: a region, not a sheet'}",1,0.03912451171875,2.0,4.0,5,0.0,0.009685834555883599,0.00075
sample_00128,True,True,"[320, 320, 320]",,uint8,LZW,786953,,"[320, 320, 320]",,uint8,LZW,29319825,,"[320, 320, 320]",uint8,"[0, 1, 2]",0.21216128540039061,0.04048187255859375,0.7473568420410156,3,0.7878387145996094,0.02379928740812009,"{'fraction': 0.04048187255859375, 'border_touch_fraction': 0.0, 'thickness': {'median': 2.0, 'p95': 4.0, 'max': 6.0, 'mean': 2.720439910888672, 'saturated': 0.0}, 'components': {'n_components': 6, 'n_components_ge_min_size': 6, 'largest_component_fraction': 0.22612871369232046, 'fragment_fraction': 0.0, 'median_planarity': 0.012149628693073521, 'worst_planarity': 0.020680767657900036}, 'junctions': {'n_samples': 4000, 'junction_fraction': 0.00175, 'junctions': 7, 'radius': 5}}","{'fraction': 0.7473568420410156, 'border_touch_fraction': 0.025088416864953226, 'thickness': {'median': 8.0, 'p95': 8.0, 'max': 8.0, 'mean': 7.764989852905273, 'saturated': 0.9284030728573914}, 'skipped': 'thickness saturated for 93% of voxels: a region, not a sheet'}",1,0.04048187255859375,2.0,4.0,6,0.0,0.020680767657900036,0.00175
sample_00129,True,True,"[320, 320, 320]",,uint8,LZW,606233,,"[320, 320, 320]",,uint8,LZW,27775058,,"[320, 320, 320]",uint8,"[0, 1, 2]",0.17849270629882813,0.036409912109375,0.7850973815917969,3,0.8215072937011719,0.0228238996096125,"{'fraction': 0.036409912109375, 'border_touch_fraction': 0.0, 'thickness': {'median': 2.0, 'p95': 4.0, 'max': 6.0, 'mean': 2.659950017929077, 'saturated': 0.0}, 'components': {'n_components': 9, 'n_components_ge_min_size': 9, 'largest_component_fraction': 0.24963539745867838, 'fragment_fraction': 0.0, 'median_planarity': 0.003675096701040543, 'worst_planarity': 0.01710015752562886}, 'junctions': {'n_samples': 4000, 'junction_fraction': 0.00325, 'junctions': 13, 'radius': 5}}","{'fraction': 0.7850973815917969, 'border_touch_fraction': 0.023882387637039485, 'thickness': {'median': 8.0, 'p95': 8.0, 'max': 8.0, 'mean': 7.731110095977783, 'saturated': 0.9175816625865644}, 'skipped': 'thickness saturated for 92% of voxels: a region, not a sheet'}",1,0.036409912109375,2.0,4.0,9,0.0,0.01710015752562886,0.00325
sample_00136,True,True,"[320, 320, 320]",,uint8,NONE,32821210,,"[320, 320, 320]",,uint8,LZW,25495042,,"[320, 320, 320]",uint8,"[0, 1, 2]",0.351241943359375,0.03946746826171875,0.6092905883789063,3,0.648758056640625,0.028901375186137276,"{'fraction': 0.03946746826171875, 'border_touch_fraction': 0.0, 'thickness': {'median': 2.0, 'p95': 4.0, 'max': 8.0, 'mean': 2.68176007270813, 'saturated': 0.0}, 'components': {'n_components': 6, 'n_components_ge_min_size': 6, 'largest_component_fraction': 0.23516280436413123, 'fragment_fraction': 0.0, 'median_planarity': 0.003599371725975909, 'worst_planarity': 0.008710707629268424}, 'junctions': {'n_samples': 4000, 'junction_fraction': 0.00475, 'junctions': 19, 'radius': 5}}","{'fraction': 0.6092905883789063, 'border_touch_fraction': 0.03077349356386206, 'thickness': {'median': 8.0, 'p95': 8.0, 'max': 8.0, 'mean': 7.776969909667969, 'saturated': 0.9386836638128058}, 'skipped': 'thickness saturated for 94% of voxels: a region, not a sheet'}",1,0.03946746826171875,2.0,4.0,6,0.0,0.008710707629268424,0.00475
sample_00145,True,True,"[256, 256, 256]",,uint8,LZW,527656,,"[256, 256, 256]",,uint8,LZW,7689332,,"[256, 256, 256]",uint8,"[0, 1, 2]",0.33290207386016846,0.05125182867050171,0.6158460974693298,3,0.6670979261398315,0.03513352250339214,"{'fraction': 0.05125182867050171, 'border_touch_fraction': 0.0, 'thickness': {'median': 2.0, 'p95': 4.0, 'max': 6.0, 'mean': 2.7211499214172363, 'saturated': 0.0}, 'components': {'n_components': 5, 'n_components_ge_min_size': 5, 'largest_component_fraction': 0.23478623920322192, 'fragment_fraction': 0.0, 'median_planarity': 0.0027903232279721836, 'worst_planarity': 0.006686326476709705}, 'junctions': {'n_samples': 4000, 'junction_fraction': 0.003, 'junctions': 12, 'radius': 5}}","{'fraction': 0.6158460974693298, 'border_touch_fraction': 0.03805739793807369, 'thickness': {'median': 8.0, 'p95': 8.0, 'max': 8.0, 'mean': 7.742660045623779, 'saturated': 0.9254069541741566}, 'skipped': 'thickness saturated for 93% of voxels: a region, not a sheet'}",1,0.05125182867050171,2.0,4.0,5,0.0,0.006686326476709705,0.003
sample_00146,True,True,"[256, 256, 256]",,uint8,NONE,16819802,,"[256, 256, 256]",,uint8,LZW,5836534,,"[256, 256, 256]",uint8,"[0, 1, 2]",0.2584248185157776,0.04734992980957031,0.6942252516746521,3,0.7415751814842224,0.031605022100511936,"{'fraction': 0.04734992980957031, 'border_touch_fraction': 0.0, 'thickness': {'median': 2.0, 'p95': 4.0, 'max': 6.0, 'mean': 2.660640001296997, 'saturated': 0.0}, 'components': {'n_components': 5, 'n_components_ge_min_size': 5, 'largest_component_fraction': 0.23921701913393756, 'fragment_fraction': 0.0, 'median_planarity': 0.0034555158430423366, 'worst_planarity': 0.0040961804815724725}, 'junctions': {'n_samples': 4000, 'junction_fraction': 0.00575, 'junctions': 23, 'radius': 5}}","{'fraction': 0.6942252516746521, 'border_touch_fraction': 0.033760656132087744, 'thickness': {'median': 8.0, 'p95': 8.0, 'max': 8.0, 'mean': 7.786129951477051, 'saturated': 0.938890032228438}, 'skipped': 'thickness saturated for 94% of voxels: a region, not a sheet'}",1,0.04734992980957031,2.0,4.0,5,0.0,0.0040961804815724725,0.00575
sample_00148,True,True,"[320, 320, 320]",,uint8,LZW,1251897,,"[320, 320, 320]",,uint8,LZW,35866180,,"[320, 320, 320]",uint8,"[0, 1, 2]",0.4351312255859375,0.07129257202148437,0.4935762023925781,3,0.5648687744140625,0.03319355016472515,"{'fraction': 0.07129257202148437, 'border_touch_fraction': 0.0, 'thickness': {'median': 2.0, 'p95': 4.0, 'max': 6.0, 'mean': 2.7400999069213867, 'saturated': 0.0}, 'components': {'n_components': 11, 'n_components_ge_min_size': 11, 'largest_component_fraction': 0.1424839958649296, 'fragment_fraction': 0.0, 'median_planarity': 0.005474403127978124, 'worst_planarity': 0.009985650538987952}, 'junctions': {'n_samples': 4000, 'junction_fraction': 0.001, 'junctions': 4, 'radius': 5}}","{'fraction': 0.4935762023925781, 'border_touch_fraction': 0.03798805515563881, 'thickness': {'median': 8.0, 'p95': 8.0, 'max': 8.0, 'mean': 7.575980186462402, 'saturated': 0.8777680533687657}, 'skipped': 'thickness saturated for 88% of voxels: a region, not a sheet'}",1,0.07129257202148437,2.0,4.0,11,0.0,0.009985650538987952,0.001
sample_00152,True,True,"[320, 320, 320]",,uint8,LZW,812489,,"[320, 320, 320]",,uint8,LZW,35041151,,"[320, 320, 320]",uint8,"[0, 1, 2]",0.17144644165039064,0.03948077392578125,0.7890727844238281,3,0.8285535583496094,0.022629798413210615,"{'fraction': 0.03948077392578125, 'border_touch_fraction': 0.0, 'thickness': {'median': 2.0, 'p95': 4.0, 'max': 6.0, 'mean': 2.7258400917053223, 'saturated': 0.0}, 'components': {'n_components': 5, 'n_components_ge_min_size': 5, 'largest_component_fraction': 0.24537646111249387, 'fragment_fraction': 0.0, 'median_planarity': 0.011233681950604693, 'worst_planarity': 0.013212877759811408}, 'junctions': {'n_samples': 4000, 'junction_fraction': 0.00275, 'junctions': 11, 'radius': 5}}","{'fraction': 0.7890727844238281, 'border_touch_fraction': 0.023762066529377304, 'thickness': {'median': 8.0, 'p95': 8.0, 'max': 8.0, 'mean': 7.790919780731201, 'saturated': 0.9343235664046303}, 'skipped': 'thickness saturated for 93% of voxels: a region, not a sheet'}",1,0.03948077392578125,2.0,4.0,5,0.0,0.013212877759811408,0.00275
sample_00153,True,True,"[320, 320, 320]",,uint8,LZW,530953,,"[320, 320, 320]",,uint8,LZW,35360320,,"[320, 320, 320]",uint8,"[0, 1, 2]",0.10396914672851562,0.027794647216796874,0.8682362060546875,3,0.8960308532714844,0.020925618723442573,"{'fraction': 0.027794647216796874, 'border_touch_fraction': 0.0, 'thickness': {'median': 2.0, 'p95': 4.0, 'max': 6.0, 'mean': 2.6820600032806396, 'saturated': 0.0}, 'components': {'n_components': 3, 'n_components_ge_min_size': 3, 'largest_component_fraction': 0.33546594932886825, 'fragment_fraction': 0.0, 'median_planarity': 0.009314916546026347, 'worst_planarity': 0.010681247471533059}, 'junctions': {'n_samples': 4000, 'junction_fraction': 0.0015, 'junctions': 6, 'radius': 5}}","{'fraction': 0.8682362060546875, 'border_touch_fraction': 0.021595505772790815, 'thickness': {'median': 8.0, 'p95': 8.0, 'max': 8.0, 'mean': 7.893040180206299, 'saturated': 0.9653064895760209}, 'skipped': 'thickness saturated for 97% of voxels: a region, not a sheet'}",1,0.027794647216796874,2.0,4.0,3,0.0,0.010681247471533059,0.0015
sample_00156,True,True,"[320, 320, 320]",,uint8,NONE,32821210,,"[320, 320, 320]",,uint8,LZW,35687629,,"[320, 320, 320]",uint8,"[0, 1, 2]",0.37052911376953124,0.08470562744140625,0.5447652587890625,3,0.6294708862304688,0.029786921699084024,"{'fraction': 0.08470562744140625, 'border_touch_fraction': 0.0, 'thickness': {'median': 2.0, 'p95': 4.0, 'max': 6.0, 'mean': 2.727400064468384, 'saturated': 0.0}, 'components': {'n_components': 15, 'n_components_ge_min_size': 15, 'largest_component_fraction': 0.12207553301335838, 'fragment_fraction': 0.0, 'median_planarity': 0.019212698847803297, 'worst_planarity': 0.04298599382974995}, 'junctions': {'n_samples': 4000, 'junction_fraction': 0.00325, 'junctions': 13, 'radius': 5}}","{'fraction': 0.5447652587890625, 'border_touch_fraction': 0.034418494383578434, 'thickness': {'median': 8.0, 'p95': 8.0, 'max': 8.0, 'mean': 7.522449970245361, 'saturated': 0.8522098197129686}, 'skipped': 'thickness saturated for 85% of voxels: a region, not a sheet'}",1,0.08470562744140625,2.0,4.0,15,0.0,0.04298599382974995,0.00325
sample_00177,True,True,"[320, 320, 320]",,uint8,NONE,32821210,,"[320, 320, 320]",,uint8,LZW,31977682,,"[320, 320, 320]",uint8,"[0, 1, 2]",0.37507769775390626,0.09759103393554687,0.5273312683105469,3,0.6249223022460938,0.03000372995588221,"{'fraction': 0.09759103393554687, 'border_touch_fraction': 0.0, 'thickness': {'median': 2.0, 'p95': 4.0, 'max': 6.0, 'mean': 2.698970079421997, 'saturated': 0.0}, 'components': {'n_components': 14, 'n_components_ge_min_size': 14, 'largest_component_fraction': 0.09710797491950093, 'fragment_fraction': 0.0, 'median_planarity': 0.0015124956697529805, 'worst_planarity': 0.032003135527347085}, 'junctions': {'n_samples': 4000, 'junction_fraction': 0.003, 'junctions': 12, 'radius': 5}}","{'fraction': 0.5273312683105469, 'border_touch_fraction': 0.035556397139260995, 'thickness': {'median': 8.0, 'p95': 8.0, 'max': 8.0, 'mean': 7.528570175170898, 'saturated': 0.8572234724768659}, 'skipped': 'thickness saturated for 86% of voxels: a region, not a sheet'}",1,0.09759103393554687,2.0,4.0,14,0.0,0.032003135527347085,0.003
sample_00191,True,True,"[320, 320, 320]",,uint8,NONE,32821210,,"[320, 320, 320]",,uint8,LZW,31530206,,"[320, 320, 320]",uint8,"[0, 1, 2]",0.3915625,0.10405368041992187,0.5043838195800782,3,0.6084375,0.030816640986132512,"{'fraction': 0.10405368041992187, 'border_touch_fraction': 0.0, 'thickness': {'median': 2.0, 'p95': 4.0, 'max': 6.0, 'mean': 2.6752500534057617, 'saturated': 0.0}, 'components': {'n_components': 17, 'n_components_ge_min_size': 17, 'largest_component_fraction': 0.08904511954519419, 'fragment_fraction': 0.0, 'median_planarity': 0.0012304907714877455, 'worst_planarity': 0.0017260404306563204}, 'junctions': {'n_samples': 4000, 'junction_fraction': 0.00125, 'junctions': 5, 'radius': 5}}","{'fraction': 0.5043838195800782, 'border_touch_fraction': 0.03717407115797292, 'thickness': {'median': 8.0, 'p95': 8.0, 'max': 8.0, 'mean': 7.563089847564697, 'saturated': 0.8703222097710328}, 'skipped': 'thickness saturated for 87% of voxels: a region, not a sheet'}",1,0.10405368041992187,2.0,4.0,17,0.0,0.0017260404306563204,0.00125
sample_00192,True,True,"[320, 320, 320]",,uint8,NONE,32821210,,"[320, 320, 320]",,uint8,LZW,31409576,,"[320, 320, 320]",uint8,"[0, 1, 2]",0.5871691284179688,0.14722274780273437,0.2656081237792969,3,0.41283087158203124,0.04541811499742527,"{'fraction': 0.14722274780273437, 'border_touch_fraction': 0.0, 'thickness': {'median': 2.0, 'p95': 4.0, 'max': 6.0, 'mean': 2.656320095062256, 'saturated': 0.0}, 'components': {'n_components': 18, 'n_components_ge_min_size': 18, 'largest_component_fraction': 0.06164199415653803, 'fragment_fraction': 0.0, 'median_planarity': 0.0019648922220936752, 'worst_planarity': 0.004894919787327952}, 'junctions': {'n_samples': 4000, 'junction_fraction': 0.00125, 'junctions': 5, 'radius': 5}}","{'fraction': 0.2656081237792969, 'border_touch_fraction': 0.07059272033253032, 'thickness': {'median': 8.0, 'p95': 8.0, 'max': 8.0, 'mean': 7.041669845581055, 'saturated': 0.7229512628732041}, 'skipped': 'thickness saturated for 72% of voxels: a region, not a sheet'}",1,0.14722274780273437,2.0,4.0,18,0.0,0.004894919787327952,0.00125
sample_00194,True,True,"[320, 320, 320]",,uint8,LZW,917241,,"[320, 320, 320]",,uint8,LZW,31238141,,"[320, 320, 320]",uint8,"[0, 1, 2]",0.25621856689453126,0.07706777954101562,0.6667136535644531,3,0.7437814331054687,0.02520901862488578,"{'fraction': 0.07706777954101562, 'border_touch_fraction': 0.0, 'thickness': {'median': 2.0, 'p95': 4.0, 'max': 6.0, 'mean': 2.6633400917053223, 'saturated': 0.0}, 'components': {'n_components': 13, 'n_components_ge_min_size': 13, 'largest_component_fraction': 0.11879429324249997, 'fragment_fraction': 0.0, 'median_planarity': 0.0031160433893919217, 'worst_planarity': 0.01629442799103561}, 'junctions': {'n_samples': 4000, 'junction_fraction': 0.00075, 'junctions': 3, 'radius': 5}}","{'fraction': 0.6667136535644531, 'border_touch_fraction': 0.02812301787995014, 'thickness': {'median': 8.0, 'p95': 8.0, 'max': 8.0, 'mean': 7.709380149841309, 'saturated': 0.913358630317483}, 'skipped': 'thickness saturated for 91% of voxels: a region, not a sheet'}",1,0.07706777954101562,2.0,4.0,13,0.0,0.01629442799103561,0.00075
sample_00196,True,True,"[320, 320, 320]",,uint8,LZW,1179497,,"[320, 320, 320]",,uint8,LZW,33006710,,"[320, 320, 320]",uint8,"[0, 1, 2]",0.34344708251953127,0.0903642578125,0.5661886596679687,3,0.6565529174804687,0.028558246412114647,"{'fraction': 0.0903642578125, 'border_touch_fraction': 0.0, 'thickness': {'median': 2.0, 'p95': 4.0, 'max': 6.0, 'mean': 2.733870029449463, 'saturated': 0.0}, 'components': {'n_components': 15, 'n_components_ge_min_size': 15, 'largest_component_fraction': 0.10767949001977672, 'fragment_fraction': 0.0, 'median_planarity': 0.0013013286706124569, 'worst_planarity': 0.0027412620728249175}, 'junctions': {'n_samples': 4000, 'junction_fraction': 0.00325, 'junctions': 13, 'radius': 5}}","{'fraction': 0.5661886596679687, 'border_touch_fraction': 0.03311617016666424, 'thickness': {'median': 8.0, 'p95': 8.0, 'max': 8.0, 'mean': 7.752689838409424, 'saturated': 0.932478964171042}, 'skipped': 'thickness saturated for 93% of voxels: a region, not a sheet'}",1,0.0903642578125,2.0,4.0,15,0.0,0.0027412620728249175,0.00325
sample_00197,True,True,"[320, 320, 320]",,uint8,LZW,1338393,,"[320, 320, 320]",,uint8,LZW,33564016,,"[320, 320, 320]",uint8,"[0, 1, 2]",0.34347024536132814,0.09491738891601563,0.5616123657226563,3,0.6565297546386719,0.028559253967581806,"{'fraction': 0.09491738891601563, 'border_touch_fraction': 0.0, 'thickness': {'median': 2.0, 'p95': 4.0, 'max': 6.0, 'mean': 2.757780075073242, 'saturated': 0.0}, 'components': {'n_components': 12, 'n_components_ge_min_size': 12, 'largest_component_fraction': 0.10409989155223064, 'fragment_fraction': 0.0, 'median_planarity': 0.0010978409786658006, 'worst_planarity': 0.003430447550762609}, 'junctions': {'n_samples': 4000, 'junction_fraction': 0.0025, 'junctions': 10, 'radius': 5}}","{'fraction': 0.5616123657226563, 'border_touch_fraction': 0.03338601701882647, 'thickness': {'median': 8.0, 'p95': 8.0, 'max': 8.0, 'mean': 7.676869869232178, 'saturated': 0.9032057640436727}, 'skipped': 'thickness saturated for 90% of voxels: a region, not a sheet'}",1,0.09491738891601563,2.0,4.0,12,0.0,0.003430447550762609,0.0025
sample_00198,True,True,"[320, 320, 320]",,uint8,NONE,32821210,,"[320, 320, 320]",,uint8,LZW,33373557,,"[320, 320, 320]",uint8,"[0, 1, 2]",0.2925983276367187,0.07632769775390626,0.631073974609375,3,0.7074016723632812,0.0265054504852387,"{'fraction': 0.07632769775390626, 'border_touch_fraction': 0.0, 'thickness': {'median': 2.0, 'p95': 4.0, 'max': 6.0, 'mean': 2.6747798919677734, 'saturated': 0.0}, 'components': {'n_components': 20, 'n_components_ge_min_size': 20, 'largest_component_fraction': 0.11865830556561777, 'fragment_fraction': 0.0, 'median_planarity': 0.0020897985466476763, 'worst_planarity': 0.004718270535659051}, 'junctions': {'n_samples': 4000, 'junction_fraction': 0.0025, 'junctions': 10, 'radius': 5}}","{'fraction': 0.631073974609375, 'border_touch_fraction': 0.029711255343093428, 'thickness': {'median': 8.0, 'p95': 8.0, 'max': 8.0, 'mean': 7.671390056610107, 'saturated': 0.907058947440093}, 'skipped': 'thickness saturated for 91% of voxels: a region, not a sheet'}",1,0.07632769775390626,2.0,4.0,20,0.0,0.004718270535659051,0.0025
sample_00202,True,True,"[320, 320, 320]",,uint8,NONE,32821210,,"[320, 320, 320]",,uint8,LZW,32626146,,"[320, 320, 320]",uint8,"[0, 1, 2]",0.30264495849609374,0.06832870483398437,0.6290263366699219,3,0.6973550415039063,0.02688730830648906,"{'fraction': 0.06832870483398437, 'border_touch_fraction': 0.0, 'thickness': {'median': 2.0, 'p95': 4.0, 'max': 6.0, 'mean': 2.71478009223938, 'saturated': 0.0}, 'components': {'n_components': 13, 'n_components_ge_min_size': 13, 'largest_component_fraction': 0.14290161434036253, 'fragment_fraction': 0.0, 'median_planarity': 0.006250454240568178, 'worst_planarity': 0.00794485270317174}, 'junctions': {'n_samples': 4000, 'junction_fraction': 0.00325, 'junctions': 13, 'radius': 5}}","{'fraction': 0.6290263366699219, 'border_touch_fraction': 0.029807972905018378, 'thickness': {'median': 8.0, 'p95': 8.0, 'max': 8.0, 'mean': 7.793330192565918, 'saturated': 0.9436373634983809}, 'skipped': 'thickness saturated for 94% of voxels: a region, not a sheet'}",1,0.06832870483398437,2.0,4.0,13,0.0,0.00794485270317174,0.00325
sample_00211,True,True,"[320, 320, 320]",,uint8,NONE,32821210,,"[320, 320, 320]",,uint8,LZW,33237147,,"[320, 320, 320]",uint8,"[0, 1, 2]",0.28734307861328123,0.083001708984375,0.6296552124023438,3,0.7126569213867188,0.02630999494611718,"{'fraction': 0.083001708984375, 'border_touch_fraction': 0.0, 'thickness': {'median': 2.0, 'p95': 4.0, 'max': 6.0, 'mean': 2.7458200454711914, 'saturated': 0.0}, 'components': {'n_components': 11, 'n_components_ge_min_size': 11, 'largest_component_fraction': 0.11752959776454151, 'fragment_fraction': 0.0, 'median_planarity': 0.001212412672580966, 'worst_planarity': 0.0028408818192114413}, 'junctions': {'n_samples': 4000, 'junction_fraction': 0.002, 'junctions': 8, 'radius': 5}}","{'fraction': 0.6296552124023438, 'border_touch_fraction': 0.029778201832813427, 'thickness': {'median': 8.0, 'p95': 8.0, 'max': 8.0, 'mean': 7.629730224609375, 'saturated': 0.8845467029704822}, 'skipped': 'thickness saturated for 88% of voxels: a region, not a sheet'}",1,0.083001708984375,2.0,4.0,11,0.0,0.0028408818192114413,0.002
sample_00212,True,True,"[320, 320, 320]",,uint8,NONE,32821210,,"[320, 320, 320]",,uint8,LZW,33550001,,"[320, 320, 320]",uint8,"[0, 1, 2]",0.18439910888671876,0.051063720703125,0.7645371704101562,3,0.8156008911132813,0.022989185279587633,"{'fraction': 0.051063720703125, 'border_touch_fraction': 0.0, 'thickness': {'median': 2.0, 'p95': 4.0, 'max': 6.0, 'mean': 2.697360038757324, 'saturated': 0.0}, 'components': {'n_components': 15, 'n_components_ge_min_size': 15, 'largest_component_fraction': 0.16372210827273292, 'fragment_fraction': 0.0, 'median_planarity': 0.0024445573094864764, 'worst_planarity': 0.012779358587710319}, 'junctions': {'n_samples': 4000, 'junction_fraction': 0.0035, 'junctions': 14, 'radius': 5}}","{'fraction': 0.7645371704101562, 'border_touch_fraction': 0.024524641476804936, 'thickness': {'median': 8.0, 'p95': 8.0, 'max': 8.0, 'mean': 7.796969890594482, 'saturated': 0.9419328419197653}, 'skipped': 'thickness saturated for 94% of voxels: a region, not a sheet'}",1,0.051063720703125,2.0,4.0,15,0.0,0.012779358587710319,0.0035
sample_00218,True,True,"[320, 320, 320]",,uint8,NONE,32821210,,"[320, 320, 320]",,uint8,LZW,31057778,,"[320, 320, 320]",uint8,"[0, 1, 2]",0.6192726440429688,0.11307235717773438,0.2676549987792969,3,0.3807273559570313,0.049247840236928284,"{'fraction': 0.11307235717773438, 'border_touch_fraction': 0.0, 'thickness': {'median': 2.0, 'p95': 4.0, 'max': 6.0, 'mean': 2.658129930496216, 'saturated': 0.0}, 'components': {'n_components': 14, 'n_components_ge_min_size': 14, 'largest_component_fraction': 0.0816977967183559, 'fragment_fraction': 0.0, 'median_planarity': 0.004103594521227527, 'worst_planarity': 0.010703972793557998}, 'junctions': {'n_samples': 4000, 'junction_fraction': 0.00375, 'junctions': 15, 'radius': 5}}","{'fraction': 0.2676549987792969, 'border_touch_fraction': 0.07005286688279223, 'thickness': {'median': 8.0, 'p95': 8.0, 'max': 8.0, 'mean': 7.061039924621582, 'saturated': 0.7308143337925612}, 'skipped': 'thickness saturated for 73% of voxels: a region, not a sheet'}",1,0.11307235717773438,2.0,4.0,14,0.0,0.010703972793557998,0.00375
sample_00223,True,True,"[320, 320, 320]",,uint8,LZW,525417,,"[320, 320, 320]",,uint8,LZW,29104513,,"[320, 320, 320]",uint8,"[0, 1, 2]",0.0987613525390625,0.03075628662109375,0.8704823608398438,3,0.9012386474609375,0.020804700345268632,"{'fraction': 0.03075628662109375, 'border_touch_fraction': 0.0, 'thickness': {'median': 2.0, 'p95': 4.0, 'max': 6.0, 'mean': 2.6630001068115234, 'saturated': 0.0}, 'components': {'n_components': 4, 'n_components_ge_min_size': 4, 'largest_component_fraction': 0.2805029062671781, 'fragment_fraction': 0.0, 'median_planarity': 0.0008672457277313166, 'worst_planarity': 0.0010190532670332243}, 'junctions': {'n_samples': 4000, 'junction_fraction': 0.0015, 'junctions': 6, 'radius': 5}}","{'fraction': 0.8704823608398438, 'border_touch_fraction': 0.02153978166991224, 'thickness': {'median': 8.0, 'p95': 8.0, 'max': 8.0, 'mean': 7.899899959564209, 'saturated': 0.9691851757220578}, 'skipped': 'thickness saturated for 97% of voxels: a region, not a sheet'}",1,0.03075628662109375,2.0,4.0,4,0.0,0.0010190532670332243,0.0015
sample_00226,True,True,"[320, 320, 320]",,uint8,NONE,32821210,,"[320, 320, 320]",,uint8,LZW,31368687,,"[320, 320, 320]",uint8,"[0, 1, 2]",0.3221270446777344,0.1062249755859375,0.5716479797363281,3,0.6778729553222657,0.027660050239186953,"{'fraction': 0.1062249755859375, 'border_touch_fraction': 0.0, 'thickness': {'median': 2.0, 'p95': 4.0, 'max': 8.0, 'mean': 2.661760091781616, 'saturated': 0.0}, 'components': {'n_components': 17, 'n_components_ge_min_size': 17, 'largest_component_fraction': 0.08600026430857452, 'fragment_fraction': 0.0, 'median_planarity': 0.0010801012604601092, 'worst_planarity': 0.0025486071447166753}, 'junctions': {'n_samples': 4000, 'junction_fraction': 0.00125, 'junctions': 5, 'radius': 5}}","{'fraction': 0.5716479797363281, 'border_touch_fraction': 0.032799905999227726, 'thickness': {'median': 8.0, 'p95': 8.0, 'max': 8.0, 'mean': 7.5012102127075195, 'saturated': 0.8469383631362796}, 'skipped': 'thickness saturated for 85% of voxels: a region, not a sheet'}",1,0.1062249755859375,2.0,4.0,17,0.0,0.0025486071447166753,0.00125
sample_00227,True,True,"[320, 320, 320]",,uint8,LZW,592281,,"[320, 320, 320]",,uint8,LZW,31551874,,"[320, 320, 320]",uint8,"[0, 1, 2]",0.2118988037109375,0.072426025390625,0.7156751708984375,3,0.7881011962890625,0.0237913609169587,"{'fraction': 0.072426025390625, 'border_touch_fraction': 0.0, 'thickness': {'median': 2.0, 'p95': 4.0, 'max': 4.0, 'mean': 2.6640799045562744, 'saturated': 0.0}, 'components': {'n_components': 8, 'n_components_ge_min_size': 8, 'largest_component_fraction': 0.1254369524400233, 'fragment_fraction': 0.0, 'median_planarity': 0.0010760215376307506, 'worst_planarity': 0.0018927129015370232}, 'junctions': {'n_samples': 4000, 'junction_fraction': 0.00175, 'junctions': 7, 'radius': 5}}","{'fraction': 0.7156751708984375, 'border_touch_fraction': 0.026199036605478156, 'thickness': {'median': 8.0, 'p95': 8.0, 'max': 8.0, 'mean': 7.732500076293945, 'saturated': 0.915433825173624}, 'skipped': 'thickness saturated for 92% of voxels: a region, not a sheet'}",1,0.072426025390625,2.0,4.0,8,0.0,0.0018927129015370232,0.00175
sample_00229,True,True,"[320, 320, 320]",,uint8,NONE,32821210,,"[320, 320, 320]",,uint8,LZW,33576021,,"[320, 320, 320]",uint8,"[0, 1, 2]",0.6640991516113282,0.12003262329101562,0.21586822509765624,3,0.3359008483886719,0.05582004359305553,"{'fraction': 0.12003262329101562, 'border_touch_fraction': 0.0, 'thickness': {'median': 2.0, 'p95': 4.0, 'max': 6.0, 'mean': 2.707900047302246, 'saturated': 0.0}, 'components': {'n_components': 14, 'n_components_ge_min_size': 14, 'largest_component_fraction': 0.089641360825927, 'fragment_fraction': 0.0, 'median_planarity': 0.005305116561950791, 'worst_planarity': 0.058650178059679405}, 'junctions': {'n_samples': 4000, 'junction_fraction': 0.00175, 'junctions': 7, 'radius': 5}}","{'fraction': 0.21586822509765624, 'border_touch_fraction': 0.08685854526073822, 'thickness': {'median': 8.0, 'p95': 8.0, 'max': 8.0, 'mean': 7.100240230560303, 'saturated': 0.7554283056504707}, 'skipped': 'thickness saturated for 76% of voxels: a region, not a sheet'}",1,0.12003262329101562,2.0,4.0,14,0.0,0.058650178059679405,0.00175
sample_00231,True,True,"[320, 320, 320]",,uint8,NONE,32821210,,"[320, 320, 320]",,uint8,LZW,31722931,,"[320, 320, 320]",uint8,"[0, 1, 2]",0.39981683349609376,0.09113211059570313,0.5090510559082031,3,0.6001831665039062,0.031240462989356378,"{'fraction': 0.09113211059570313, 'border_touch_fraction': 0.0, 'thickness': {'median': 2.0, 'p95': 4.0, 'max': 6.0, 'mean': 2.6707398891448975, 'saturated': 0.0}, 'components': {'n_components': 14, 'n_components_ge_min_size': 14, 'largest_component_fraction': 0.10155256634062428, 'fragment_fraction': 0.0, 'median_planarity': 0.012261269955724623, 'worst_planarity': 0.03377899808005479}, 'junctions': {'n_samples': 4000, 'junction_fraction': 0.003, 'junctions': 12, 'radius': 5}}","{'fraction': 0.5090510559082031, 'border_touch_fraction': 0.03683324056080767, 'thickness': {'median': 8.0, 'p95': 8.0, 'max': 8.0, 'mean': 7.452789783477783, 'saturated': 0.8338536088512484}, 'skipped': 'thickness saturated for 83% of voxels: a region, not a sheet'}",1,0.09113211059570313,2.0,4.0,14,0.0,0.03377899808005479,0.003
sample_00247,True,True,"[320, 320, 320]",,uint8,NONE,32821210,,"[320, 320, 320]",,uint8,LZW,34350582,,"[320, 320, 320]",uint8,"[0, 1, 2]",0.47270562744140626,0.06033978271484375,0.46695458984375,3,0.5272943725585938,0.03555888508542061,"{'fraction': 0.06033978271484375, 'border_touch_fraction': 0.0, 'thickness': {'median': 2.0, 'p95': 4.0, 'max': 6.0, 'mean': 2.7059600353240967, 'saturated': 0.0}, 'components': {'n_components': 13, 'n_components_ge_min_size': 13, 'largest_component_fraction': 0.2038165823223991, 'fragment_fraction': 0.0, 'median_planarity': 0.013314265352090213, 'worst_planarity': 0.18331736625745965}, 'junctions': {'n_samples': 4000, 'junction_fraction': 0.0035, 'junctions': 14, 'radius': 5}}","{'fraction': 0.46695458984375, 'border_touch_fraction': 0.040153797409452664, 'thickness': {'median': 8.0, 'p95': 8.0, 'max': 8.0, 'mean': 7.465710163116455, 'saturated': 0.8512859933307052}, 'skipped': 'thickness saturated for 85% of voxels: a region, not a sheet'}",1,0.06033978271484375,2.0,4.0,13,0.0,0.18331736625745965,0.0035
sample_00250,True,True,"[320, 320, 320]",,uint8,NONE,32821210,,"[320, 320, 320]",,uint8,LZW,33676118,,"[320, 320, 320]",uint8,"[0, 1, 2]",0.463377685546875,0.05950628662109375,0.4771160278320313,3,0.536622314453125,0.03494077583990937,"{'fraction': 0.05950628662109375, 'border_touch_fraction': 0.0, 'thickness': {'median': 2.0, 'p95': 4.0, 'max': 6.0, 'mean': 2.704430103302002, 'saturated': 0.0}, 'components': {'n_components': 8, 'n_components_ge_min_size': 8, 'largest_component_fraction': 0.2004531509788697, 'fragment_fraction': 0.0, 'median_planarity': 0.038306792329449224, 'worst_planarity': 0.060261167614505236}, 'junctions': {'n_samples': 4000, 'junction_fraction': 0.002, 'junctions': 8, 'radius': 5}}","{'fraction': 0.4771160278320313, 'border_touch_fraction': 0.03929861691127454, 'thickness': {'median': 8.0, 'p95': 8.0, 'max': 8.0, 'mean': 7.7045698165893555, 'saturated': 0.9167440507433157}, 'skipped': 'thickness saturated for 92% of voxels: a region, not a sheet'}",1,0.05950628662109375,2.0,4.0,8,0.0,0.060261167614505236,0.002
sample_00253,True,True,"[320, 320, 320]",,uint8,NONE,32821210,,"[320, 320, 320]",,uint8,LZW,35288835,,"[320, 320, 320]",uint8,"[0, 1, 2]",0.2727574157714844,0.054642303466796875,0.6726002807617187,3,0.7272425842285156,0.02578231859165763,"{'fraction': 0.054642303466796875, 'border_touch_fraction': 0.0, 'thickness': {'median': 2.0, 'p95': 4.0, 'max': 6.0, 'mean': 2.6637299060821533, 'saturated': 0.0}, 'components': {'n_components': 6, 'n_components_ge_min_size': 6, 'largest_component_fraction': 0.17010542753246405, 'fragment_fraction': 0.0, 'median_planarity': 0.005406646275714624, 'worst_planarity': 0.01451441643242999}, 'junctions': {'n_samples': 4000, 'junction_fraction': 0.00225, 'junctions': 9, 'radius': 5}}","{'fraction': 0.6726002807617187, 'border_touch_fraction': 0.027876883992325508, 'thickness': {'median': 8.0, 'p95': 8.0, 'max': 8.0, 'mean': 7.693059921264648, 'saturated': 0.9043755727715076}, 'skipped': 'thickness saturated for 90% of voxels: a region, not a sheet'}",1,0.054642303466796875,2.0,4.0,6,0.0,0.01451441643242999,0.00225
sample_00254,True,True,"[320, 320, 320]",,uint8,LZW,578761,,"[320, 320, 320]",,uint8,LZW,34397605,,"[320, 320, 320]",uint8,"[0, 1, 2]",0.11096978759765624,0.0197432861328125,0.8692869262695313,3,0.8890302124023437,0.021090396859892554,"{'fraction': 0.0197432861328125, 'border_touch_fraction': 0.0, 'thickness': {'median': 2.0, 'p95': 4.0, 'max': 6.0, 'mean': 2.7531399726867676, 'saturated': 0.0}, 'components': {'n_components': 6, 'n_components_ge_min_size': 6, 'largest_component_fraction': 0.30382812838126094, 'fragment_fraction': 0.0, 'median_planarity': 0.003537580456787339, 'worst_planarity': 0.00905905925612095}, 'junctions': {'n_samples': 4000, 'junction_fraction': 0.00425, 'junctions': 17, 'radius': 5}}","{'fraction': 0.8692869262695313, 'border_touch_fraction': 0.021569402959347363, 'thickness': {'median': 8.0, 'p95': 8.0, 'max': 8.0, 'mean': 7.919879913330078, 'saturated': 0.977595906082382}, 'skipped': 'thickness saturated for 98% of voxels: a region, not a sheet'}",1,0.0197432861328125,2.0,4.0,6,0.0,0.00905905925612095,0.00425
sample_00255,True,True,"[320, 320, 320]",,uint8,NONE,32821210,,"[320, 320, 320]",,uint8,LZW,34377416,,"[320, 320, 320]",uint8,"[0, 1, 2]",0.5607068176269532,0.06281552124023437,0.3764776611328125,3,0.4392931823730469,0.042682201209481865,"{'fraction': 0.06281552124023437, 'border_touch_fraction': 0.0, 'thickness': {'median': 2.0, 'p95': 4.0, 'max': 6.0, 'mean': 2.7788500785827637, 'saturated': 0.0}, 'components': {'n_components': 8, 'n_components_ge_min_size': 8, 'largest_component_fraction': 0.17751206191011296, 'fragment_fraction': 0.0, 'median_planarity': 0.00586982446181639, 'worst_planarity': 0.009484572977849345}, 'junctions': {'n_samples': 4000, 'junction_fraction': 0.00125, 'junctions': 5, 'radius': 5}}","{'fraction': 0.3764776611328125, 'border_touch_fraction': 0.0498037518177883, 'thickness': {'median': 8.0, 'p95': 8.0, 'max': 8.0, 'mean': 7.469250202178955, 'saturated': 0.8478023608145637}, 'skipped': 'thickness saturated for 85% of voxels: a region, not a sheet'}",1,0.06281552124023437,2.0,4.0,8,0.0,0.009484572977849345,0.00125
sample_00263,True,True,"[320, 320, 320]",,uint8,LZW,644153,,"[320, 320, 320]",,uint8,LZW,31806353,,"[320, 320, 320]",uint8,"[0, 1, 2]",0.2595111999511719,0.06360159301757813,0.67688720703125,3,0.7404888000488281,0.025321112215017455,"{'fraction': 0.06360159301757813, 'border_touch_fraction': 0.0, 'thickness': {'median': 2.0, 'p95': 4.0, 'max': 6.0, 'mean': 2.662220001220703, 'saturated': 0.0}, 'components': {'n_components': 7, 'n_components_ge_min_size': 7, 'largest_component_fraction': 0.14318191523715068, 'fragment_fraction': 0.0, 'median_planarity': 0.016157192906008044, 'worst_planarity': 0.021278515450293915}, 'junctions': {'n_samples': 4000, 'junction_fraction': 0.0025, 'junctions': 10, 'radius': 5}}","{'fraction': 0.67688720703125, 'border_touch_fraction': 0.027700331466205957, 'thickness': {'median': 8.0, 'p95': 8.0, 'max': 8.0, 'mean': 7.819769859313965, 'saturated': 0.9456755201927481}, 'skipped': 'thickness saturated for 95% of voxels: a region, not a sheet'}",1,0.06360159301757813,2.0,4.0,7,0.0,0.021278515450293915,0.0025
sample_00272,True,True,"[320, 320, 320]",,uint8,LZW,1125225,,"[320, 320, 320]",,uint8,LZW,36808372,,"[320, 320, 320]",uint8,"[0, 1, 2]",0.42637216186523436,0.05606240844726563,0.5175654296875,3,0.5736278381347656,0.03268669815776088,"{'fraction': 0.05606240844726563, 'border_touch_fraction': 0.0, 'thickness': {'median': 2.0, 'p95': 4.0, 'max': 6.0, 'mean': 2.670520067214966, 'saturated': 0.0}, 'components': {'n_components': 8, 'n_components_ge_min_size': 8, 'largest_component_fraction': 0.16535233332952287, 'fragment_fraction': 0.0, 'median_planarity': 0.0080990615559015, 'worst_planarity': 0.026961453067928364}, 'junctions': {'n_samples': 4000, 'junction_fraction': 0.00325, 'junctions': 13, 'radius': 5}}","{'fraction': 0.5175654296875, 'border_touch_fraction': 0.03622730368858104, 'thickness': {'median': 8.0, 'p95': 8.0, 'max': 8.0, 'mean': 7.720789909362793, 'saturated': 0.9236660521861857}, 'skipped': 'thickness saturated for 92% of voxels: a region, not a sheet'}",1,0.05606240844726563,2.0,4.0,8,0.0,0.026961453067928364,0.00325
sample_00273,True,True,"[320, 320, 320]",,uint8,NONE,32821210,,"[320, 320, 320]",,uint8,LZW,32670556,,"[320, 320, 320]",uint8,"[0, 1, 2]",0.5476996765136719,0.07200225830078125,0.3802980651855469,3,0.45230032348632815,0.041454756997463794,"{'fraction': 0.07200225830078125, 'border_touch_fraction': 0.0, 'thickness': {'median': 2.0, 'p95': 4.0, 'max': 4.0, 'mean': 2.6851999759674072, 'saturated': 0.0}, 'components': {'n_components': 10, 'n_components_ge_min_size': 10, 'largest_component_fraction': 0.13156605364991503, 'fragment_fraction': 0.0, 'median_planarity': 0.008818976252529215, 'worst_planarity': 0.01844310248964207}, 'junctions': {'n_samples': 4000, 'junction_fraction': 0.003, 'junctions': 12, 'radius': 5}}","{'fraction': 0.3802980651855469, 'border_touch_fraction': 0.04930343253482476, 'thickness': {'median': 8.0, 'p95': 8.0, 'max': 8.0, 'mean': 7.567200183868408, 'saturated': 0.8826698675379507}, 'skipped': 'thickness saturated for 88% of voxels: a region, not a sheet'}",1,0.07200225830078125,2.0,4.0,10,0.0,0.01844310248964207,0.003
sample_00285,True,True,"[320, 320, 320]",,uint8,LZW,687209,,"[320, 320, 320]",,uint8,LZW,35314326,,"[320, 320, 320]",uint8,"[0, 1, 2]",0.12005233764648438,0.021786712646484376,0.8581609497070313,3,0.8799476623535156,0.021308085471641675,"{'fraction': 0.021786712646484376, 'border_touch_fraction': 0.0, 'thickness': {'median': 2.0, 'p95': 4.0, 'max': 6.0, 'mean': 2.7427399158477783, 'saturated': 0.0}, 'components': {'n_components': 3, 'n_components_ge_min_size': 3, 'largest_component_fraction': 0.38158331547386426, 'fragment_fraction': 0.0, 'median_planarity': 0.0171567322760924, 'worst_planarity': 0.01794568084770282}, 'junctions': {'n_samples': 4000, 'junction_fraction': 0.0035, 'junctions': 14, 'radius': 5}}","{'fraction': 0.8581609497070313, 'border_touch_fraction': 0.02184904825417783, 'thickness': {'median': 8.0, 'p95': 8.0, 'max': 8.0, 'mean': 7.904009819030762, 'saturated': 0.9706572331693872}, 'skipped': 'thickness saturated for 97% of voxels: a region, not a sheet'}",1,0.021786712646484376,2.0,4.0,3,0.0,0.01794568084770282,0.0035
sample_00289,True,True,"[320, 320, 320]",,uint8,NONE,32821210,,"[320, 320, 320]",,uint8,LZW,34284399,,"[320, 320, 320]",uint8,"[0, 1, 2]",0.30717877197265625,0.06248297119140625,0.6303382568359375,3,0.6928212280273438,0.02706325851675548,"{'fraction': 0.06248297119140625, 'border_touch_fraction': 0.0, 'thickness': {'median': 2.0, 'p95': 4.0, 'max': 6.0, 'mean': 2.696769952774048, 'saturated': 0.0}, 'components': {'n_components': 13, 'n_components_ge_min_size': 13, 'largest_component_fraction': 0.1506631201274566, 'fragment_fraction': 0.0, 'median_planarity': 0.003959711036165014, 'worst_planarity': 0.009549103325151426}, 'junctions': {'n_samples': 4000, 'junction_fraction': 0.0025, 'junctions': 10, 'radius': 5}}","{'fraction': 0.6303382568359375, 'border_touch_fraction': 0.029745933705686838, 'thickness': {'median': 8.0, 'p95': 8.0, 'max': 8.0, 'mean': 7.633999824523926, 'saturated': 0.8898208485298711}, 'skipped': 'thickness saturated for 89% of voxels: a region, not a sheet'}",1,0.06248297119140625,2.0,4.0,13,0.0,0.009549103325151426,0.0025
sample_00290,True,True,"[320, 320, 320]",,uint8,NONE,32821210,,"[320, 320, 320]",,uint8,LZW,36592499,,"[320, 320, 320]",uint8,"[0, 1, 2]",0.529772705078125,0.06568191528320312,0.4045453796386719,3,0.470227294921875,0.039874333545684926,"{'fraction': 0.06568191528320312, 'border_touch_fraction': 0.0, 'thickness': {'median': 2.0, 'p95': 4.0, 'max': 6.0, 'mean': 2.720789909362793, 'saturated': 0.0}, 'components': {'n_components': 13, 'n_components_ge_min_size': 13, 'largest_component_fraction': 0.1517670918776266, 'fragment_fraction': 0.0, 'median_planarity': 0.0069316107697286345, 'worst_planarity': 0.018511484591474094}, 'junctions': {'n_samples': 4000, 'junction_fraction': 0.0035, 'junctions': 14, 'radius': 5}}","{'fraction': 0.4045453796386719, 'border_touch_fraction': 0.046348323188728426, 'thickness': {'median': 8.0, 'p95': 8.0, 'max': 8.0, 'mean': 7.600289821624756, 'saturated': 0.8912560010856854}, 'skipped': 'thickness saturated for 89% of voxels: a region, not a sheet'}",1,0.06568191528320312,2.0,4.0,13,0.0,0.018511484591474094,0.0035
sample_00297,True,True,"[320, 320, 320]",,uint8,NONE,32821210,,"[320, 320, 320]",,uint8,LZW,36412466,,"[320, 320, 320]",uint8,"[0, 1, 2]",0.44129415893554685,0.0658409423828125,0.49286489868164063,3,0.5587058410644531,0.033559699258338294,"{'fraction': 0.0658409423828125, 'border_touch_fraction': 0.0, 'thickness': {'median': 2.0, 'p95': 4.0, 'max': 6.0, 'mean': 2.7049899101257324, 'saturated': 0.0}, 'components': {'n_components': 12, 'n_components_ge_min_size': 12, 'largest_component_fraction': 0.15024454501463747, 'fragment_fraction': 0.0, 'median_planarity': 0.013107257345796153, 'worst_planarity': 0.03698171158794642}, 'junctions': {'n_samples': 4000, 'junction_fraction': 0.00275, 'junctions': 11, 'radius': 5}}","{'fraction': 0.49286489868164063, 'border_touch_fraction': 0.03804287960078753, 'thickness': {'median': 8.0, 'p95': 8.0, 'max': 8.0, 'mean': 7.53439998626709, 'saturated': 0.8645352747090329}, 'skipped': 'thickness saturated for 86% of voxels: a region, not a sheet'}",1,0.0658409423828125,2.0,4.0,12,0.0,0.03698171158794642,0.00275
sample_00303,True,True,"[320, 320, 320]",,uint8,LZW,845097,,"[320, 320, 320]",,uint8,LZW,35187460,,"[320, 320, 320]",uint8,"[0, 1, 2]",0.2884259948730469,0.036440185546875,0.6751338195800781,3,0.7115740051269531,0.026350035084059573,"{'fraction': 0.036440185546875, 'border_touch_fraction': 0.0, 'thickness': {'median': 2.0, 'p95': 4.0, 'max': 6.0, 'mean': 2.736330032348633, 'saturated': 0.0}, 'components': {'n_components': 8, 'n_components_ge_min_size': 8, 'largest_component_fraction': 0.25064317729584146, 'fragment_fraction': 0.0, 'median_planarity': 0.010545131420291325, 'worst_planarity': 0.04290846649955569}, 'junctions': {'n_samples': 4000, 'junction_fraction': 0.00575, 'junctions': 23, 'radius': 5}}","{'fraction': 0.6751338195800781, 'border_touch_fraction': 0.02777227189072262, 'thickness': {'median': 8.0, 'p95': 8.0, 'max': 8.0, 'mean': 7.838970184326172, 'saturated': 0.9542428767444967}, 'skipped': 'thickness saturated for 95% of voxels: a region, not a sheet'}",1,0.036440185546875,2.0,4.0,8,0.0,0.04290846649955569,0.00575
sample_00306,True,True,"[320, 320, 320]",,uint8,NONE,32821210,,"[320, 320, 320]",,uint8,LZW,36048092,,"[320, 320, 320]",uint8,"[0, 1, 2]",0.462869384765625,0.087376220703125,0.44975439453125,3,0.537130615234375,0.03490771046781332,"{'fraction': 0.087376220703125, 'border_touch_fraction': 0.0, 'thickness': {'median': 2.0, 'p95': 4.0, 'max': 6.0, 'mean': 2.6665000915527344, 'saturated': 0.0}, 'components': {'n_components': 10, 'n_components_ge_min_size': 10, 'largest_component_fraction': 0.10532407730802223, 'fragment_fraction': 0.0, 'median_planarity': 0.003313357292665951, 'worst_planarity': 0.005358288193072504}, 'junctions': {'n_samples': 4000, 'junction_fraction': 0.0035, 'junctions': 14, 'radius': 5}}","{'fraction': 0.44975439453125, 'border_touch_fraction': 0.04168942033249484, 'thickness': {'median': 8.0, 'p95': 8.0, 'max': 8.0, 'mean': 7.642399787902832, 'saturated': 0.9005727002693528}, 'skipped': 'thickness saturated for 90% of voxels: a region, not a sheet'}",1,0.087376220703125,2.0,4.0,10,0.0,0.005358288193072504,0.0035
sample_00307,True,True,"[320, 320, 320]",,uint8,NONE,32821210,,"[320, 320, 320]",,uint8,LZW,33551412,,"[320, 320, 320]",uint8,"[0, 1, 2]",0.3041946716308594,0.046333587646484375,0.6494717407226562,3,0.6958053283691407,0.02694719231878704,"{'fraction': 0.046333587646484375, 'border_touch_fraction': 0.0, 'thickness': {'median': 2.0, 'p95': 4.0, 'max': 6.0, 'mean': 2.6839399337768555, 'saturated': 0.0}, 'components': {'n_components': 7, 'n_components_ge_min_size': 7, 'largest_component_fraction': 0.1963584605788604, 'fragment_fraction': 0.0, 'median_planarity': 0.005913311623536742, 'worst_planarity': 0.007426081949488282}, 'junctions': {'n_samples': 4000, 'junction_fraction': 0.00225, 'junctions': 9, 'radius': 5}}","{'fraction': 0.6494717407226562, 'border_touch_fraction': 0.028869616373357818, 'thickness': {'median': 8.0, 'p95': 8.0, 'max': 8.0, 'mean': 7.710149765014648, 'saturated': 0.9150832938239978}, 'skipped': 'thickness saturated for 92% of voxels: a region, not a sheet'}",1,0.046333587646484375,2.0,4.0,7,0.0,0.007426081949488282,0.00225
sample_00317,True,True,"[320, 320, 320]",,uint8,NONE,32821210,,"[320, 320, 320]",,uint8,LZW,35280008,,"[320, 320, 320]",uint8,"[0, 1, 2]",0.7378577575683594,0.07864859008789063,0.18349365234375,3,0.26214224243164064,0.07152605328341721,"{'fraction': 0.07864859008789063, 'border_touch_fraction': 0.0, 'thickness': {'median': 2.0, 'p95': 4.0, 'max': 6.0, 'mean': 2.773159980773926, 'saturated': 0.0}, 'components': {'n_components': 13, 'n_components_ge_min_size': 13, 'largest_component_fraction': 0.12714475679983797, 'fragment_fraction': 0.0, 'median_planarity': 0.0032436104500677067, 'worst_planarity': 0.01365946551386691}, 'junctions': {'n_samples': 4000, 'junction_fraction': 0.00175, 'junctions': 7, 'radius': 5}}","{'fraction': 0.18349365234375, 'border_touch_fraction': 0.10218337125294376, 'thickness': {'median': 8.0, 'p95': 8.0, 'max': 8.0, 'mean': 6.9761199951171875, 'saturated': 0.7321352066951397}, 'skipped': 'thickness saturated for 73% of voxels: a region, not a sheet'}",1,0.07864859008789063,2.0,4.0,13,0.0,0.01365946551386691,0.00175
sample_00319,True,True,"[320, 320, 320]",,uint8,NONE,32821210,,"[320, 320, 320]",,uint8,LZW,37153861,,"[320, 320, 320]",uint8,"[0, 1, 2]",0.2866549987792969,0.07562460327148438,0.6377203979492188,3,0.7133450012207031,0.02628461679539954,"{'fraction': 0.07562460327148438, 'border_touch_fraction': 0.0, 'thickness': {'median': 2.0, 'p95': 4.0, 'max': 4.0, 'mean': 2.655479907989502, 'saturated': 0.0}, 'components': {'n_components': 10, 'n_components_ge_min_size': 10, 'largest_component_fraction': 0.12015615397000969, 'fragment_fraction': 0.0, 'median_planarity': 0.0012518964009067633, 'worst_planarity': 0.004193781567180301}, 'junctions': {'n_samples': 4000, 'junction_fraction': 0.00175, 'junctions': 7, 'radius': 5}}","{'fraction': 0.6377203979492188, 'border_touch_fraction': 0.029401599917920535, 'thickness': {'median': 8.0, 'p95': 8.0, 'max': 8.0, 'mean': 7.617219924926758, 'saturated': 0.8833069449507681}, 'skipped': 'thickness saturated for 88% of voxels: a region, not a sheet'}",1,0.07562460327148438,2.0,4.0,10,0.0,0.004193781567180301,0.00175
sample_00326,True,True,"[320, 320, 320]",,uint8,NONE,32821210,,"[320, 320, 320]",,uint8,LZW,34702868,,"[320, 320, 320]",uint8,"[0, 1, 2]",0.8525305480957032,0.09226754760742187,0.055201904296875,3,0.1474694519042969,0.12714497652143017,"{'fraction': 0.09226754760742187, 'border_touch_fraction': 0.0, 'thickness': {'median': 2.0, 'p95': 4.0, 'max': 6.0, 'mean': 2.6695399284362793, 'saturated': 0.0}, 'components': {'n_components': 14, 'n_components_ge_min_size': 14, 'largest_component_fraction': 0.09999427800873381, 'fragment_fraction': 0.0, 'median_planarity': 0.004723310388377313, 'worst_planarity': 0.009105041178423444}, 'junctions': {'n_samples': 4000, 'junction_fraction': 0.003, 'junctions': 12, 'radius': 5}}","{'fraction': 0.055201904296875, 'border_touch_fraction': 0.3396621953322984, 'thickness': {'median': 4.0, 'p95': 6.0, 'max': 14.0, 'mean': 4.07459020614624, 'saturated': 0.0}, 'components': {'n_components': 1, 'n_components_ge_min_size': 1, 'largest_component_fraction': 1.0, 'fragment_fraction': 0.0, 'median_planarity': 0.33223717243291884, 'worst_planarity': 0.33223717243291884}, 'junctions': {'n_samples': 4000, 'junction_fraction': 0.0, 'junctions': 0, 'radius': 5}}",1,0.09226754760742187,2.0,4.0,14,0.0,0.009105041178423444,0.003
sample_00332,True,True,"[320, 320, 320]",,uint8,LZW,1241257,,"[320, 320, 320]",,uint8,LZW,35062331,,"[320, 320, 320]",uint8,"[0, 1, 2]",0.5923871459960938,0.06334799194335937,0.34426486206054685,3,0.40761285400390623,0.04599953072093334,"{'fraction': 0.06334799194335937, 'border_touch_fraction': 0.0, 'thickness': {'median': 2.0, 'p95': 4.0, 'max': 6.0, 'mean': 2.7001700401306152, 'saturated': 0.0}, 'components': {'n_components': 7, 'n_components_ge_min_size': 7, 'largest_component_fraction': 0.1532729514155354, 'fragment_fraction': 0.0, 'median_planarity': 0.029453300669487755, 'worst_planarity': 0.04780591810132305}, 'junctions': {'n_samples': 4000, 'junction_fraction': 0.00375, 'junctions': 15, 'radius': 5}}","{'fraction': 0.34426486206054685, 'border_touch_fraction': 0.054463879606459466, 'thickness': {'median': 8.0, 'p95': 8.0, 'max': 8.0, 'mean': 7.502500057220459, 'saturated': 0.8614147790538514}, 'skipped': 'thickness saturated for 86% of voxels: a region, not a sheet'}",1,0.06334799194335937,2.0,4.0,7,0.0,0.04780591810132305,0.00375
sample_00333,True,True,"[320, 320, 320]",,uint8,NONE,32821210,,"[320, 320, 320]",,uint8,LZW,34367879,,"[320, 320, 320]",uint8,"[0, 1, 2]",0.6584104919433593,0.057421478271484375,0.28416802978515626,3,0.3415895080566406,0.05489044469390134,"{'fraction': 0.057421478271484375, 'border_touch_fraction': 0.0, 'thickness': {'median': 2.0, 'p95': 4.0, 'max': 6.0, 'mean': 2.746929883956909, 'saturated': 0.0}, 'components': {'n_components': 11, 'n_components_ge_min_size': 11, 'largest_component_fraction': 0.1828860424737203, 'fragment_fraction': 0.0, 'median_planarity': 0.0121372731039129, 'worst_planarity': 0.04525473782997164}, 'junctions': {'n_samples': 4000, 'junction_fraction': 0.003, 'junctions': 12, 'radius': 5}}","{'fraction': 0.28416802978515626, 'border_touch_fraction': 0.06598208818274118, 'thickness': {'median': 8.0, 'p95': 8.0, 'max': 8.0, 'mean': 7.351230144500732, 'saturated': 0.8287741185259103}, 'skipped': 'thickness saturated for 83% of voxels: a region, not a sheet'}",1,0.057421478271484375,2.0,4.0,11,0.0,0.04525473782997164,0.003
sample_00336,True,True,"[320, 320, 320]",,uint8,LZW,1083241,,"[320, 320, 320]",,uint8,LZW,36107648,,"[320, 320, 320]",uint8,"[0, 1, 2]",0.23782955932617186,0.04629183959960938,0.7158786010742187,3,0.7621704406738281,0.024600796618960048,"{'fraction': 0.04629183959960938, 'border_touch_fraction': 0.0, 'thickness': {'median': 2.0, 'p95': 4.0, 'max': 6.0, 'mean': 2.7370800971984863, 'saturated': 0.0}, 'components': {'n_components': 6, 'n_components_ge_min_size': 6, 'largest_component_fraction': 0.21445245571369334, 'fragment_fraction': 0.0, 'median_planarity': 0.004045142025462885, 'worst_planarity': 0.005425254948239579}, 'junctions': {'n_samples': 4000, 'junction_fraction': 0.00225, 'junctions': 9, 'radius': 5}}","{'fraction': 0.7158786010742187, 'border_touch_fraction': 0.026191591663536948, 'thickness': {'median': 8.0, 'p95': 8.0, 'max': 8.0, 'mean': 7.768209934234619, 'saturated': 0.9290909121912395}, 'skipped': 'thickness saturated for 93% of voxels: a region, not a sheet'}",1,0.04629183959960938,2.0,4.0,6,0.0,0.005425254948239579,0.00225
sample_00342,True,True,"[320, 320, 320]",,uint8,NONE,32821210,,"[320, 320, 320]",,uint8,LZW,31284059,,"[320, 320, 320]",uint8,"[0, 1, 2]",0.26739682006835935,0.028611968994140625,0.7039912109375,3,0.7326031799316406,0.025593664501633157,"{'fraction': 0.028611968994140625, 'border_touch_fraction': 0.0, 'thickness': {'median': 2.0, 'p95': 4.0, 'max': 6.0, 'mean': 2.7027599811553955, 'saturated': 0.0}, 'components': {'n_components': 3, 'n_components_ge_min_size': 3, 'largest_component_fraction': 0.33784719222404613, 'fragment_fraction': 0.0, 'median_planarity': 0.020923805425344954, 'worst_planarity': 0.024573094412075145}, 'junctions': {'n_samples': 4000, 'junction_fraction': 0.00375, 'junctions': 15, 'radius': 5}}","{'fraction': 0.7039912109375, 'border_touch_fraction': 0.02663385523667371, 'thickness': {'median': 8.0, 'p95': 8.0, 'max': 8.0, 'mean': 7.823460102081299, 'saturated': 0.9469405399181842}, 'skipped': 'thickness saturated for 95% of voxels: a region, not a sheet'}",1,0.028611968994140625,2.0,4.0,3,0.0,0.024573094412075145,0.00375
sample_00345,True,True,"[320, 320, 320]",,uint8,NONE,32821210,,"[320, 320, 320]",,uint8,LZW,30279897,,"[320, 320, 320]",uint8,"[0, 1, 2]",0.8603878784179687,0.08441021728515626,0.055201904296875,3,0.13961212158203126,0.1343006594809402,"{'fraction': 0.08441021728515626, 'border_touch_fraction': 0.0, 'thickness': {'median': 2.0, 'p95': 4.0, 'max': 12.0, 'mean': 2.752120018005371, 'saturated': 0.0}, 'components': {'n_components': 16, 'n_components_ge_min_size': 16, 'largest_component_fraction': 0.12340986147998123, 'fragment_fraction': 0.0, 'median_planarity': 0.010227334291267483, 'worst_planarity': 0.03325603929716363}, 'junctions': {'n_samples': 4000, 'junction_fraction': 0.0035, 'junctions': 14, 'radius': 5}}","{'fraction': 0.055201904296875, 'border_touch_fraction': 0.3396621953322984, 'thickness': {'median': 4.0, 'p95': 6.0, 'max': 14.0, 'mean': 4.07459020614624, 'saturated': 0.0}, 'components': {'n_components': 1, 'n_components_ge_min_size': 1, 'largest_component_fraction': 1.0, 'fragment_fraction': 0.0, 'median_planarity': 0.33223717243291884, 'worst_planarity': 0.33223717243291884}, 'junctions': {'n_samples': 4000, 'junction_fraction': 0.0, 'junctions': 0, 'radius': 5}}",1,0.08441021728515626,2.0,4.0,16,0.0,0.03325603929716363,0.0035
sample_00351,True,True,"[320, 320, 320]",,uint8,LZW,754169,,"[320, 320, 320]",,uint8,LZW,27689443,,"[320, 320, 320]",uint8,"[0, 1, 2]",0.21066888427734376,0.02517169189453125,0.764159423828125,3,0.7893311157226562,0.02375428971000822,"{'fraction': 0.02517169189453125, 'border_touch_fraction': 0.0, 'thickness': {'median': 2.0, 'p95': 4.0, 'max': 6.0, 'mean': 2.7533299922943115, 'saturated': 0.0}, 'components': {'n_components': 8, 'n_components_ge_min_size': 8, 'largest_component_fraction': 0.3742231694927173, 'fragment_fraction': 0.0, 'median_planarity': 0.020658991217068396, 'worst_planarity': 0.03249358086645542}, 'junctions': {'n_samples': 4000, 'junction_fraction': 0.0035, 'junctions': 14, 'radius': 5}}","{'fraction': 0.764159423828125, 'border_touch_fraction': 0.024536764731723386, 'thickness': {'median': 8.0, 'p95': 8.0, 'max': 8.0, 'mean': 7.803009986877441, 'saturated': 0.9403402782814169}, 'skipped': 'thickness saturated for 94% of voxels: a region, not a sheet'}",1,0.02517169189453125,2.0,4.0,8,0.0,0.03249358086645542,0.0035
sample_00353,True,True,"[320, 320, 320]",,uint8,NONE,32821210,,"[320, 320, 320]",,uint8,LZW,30598724,,"[320, 320, 320]",uint8,"[0, 1, 2]",0.6886521301269531,0.048197998046875,0.2631498718261719,3,0.31134786987304686,0.060222027559222985,"{'fraction': 0.048197998046875, 'border_touch_fraction': 0.0, 'thickness': {'median': 2.0, 'p95': 4.0, 'max': 8.0, 'mean': 2.702820062637329, 'saturated': 0.0}, 'components': {'n_components': 10, 'n_components_ge_min_size': 10, 'largest_component_fraction': 0.21795141298456583, 'fragment_fraction': 0.0, 'median_planarity': 0.01633497438903169, 'worst_planarity': 0.05693402732361634}, 'junctions': {'n_samples': 4000, 'junction_fraction': 0.004, 'junctions': 16, 'radius': 5}}","{'fraction': 0.2631498718261719, 'border_touch_fraction': 0.07125217226929006, 'thickness': {'median': 8.0, 'p95': 8.0, 'max': 8.0, 'mean': 7.292379856109619, 'saturated': 0.8098835715847172}, 'skipped': 'thickness saturated for 81% of voxels: a region, not a sheet'}",1,0.048197998046875,2.0,4.0,10,0.0,0.05693402732361634,0.004
sample_00354,True,True,"[320, 320, 320]",,uint8,LZW,734921,,"[320, 320, 320]",,uint8,LZW,32014297,,"[320, 320, 320]",uint8,"[0, 1, 2]",0.154640380859375,0.02742437744140625,0.8179352416992187,3,0.845359619140625,0.02217990968040425,"{'fraction': 0.02742437744140625, 'border_touch_fraction': 0.0, 'thickness': {'median': 2.0, 'p95': 4.0, 'max': 6.0, 'mean': 2.6659600734710693, 'saturated': 0.0}, 'components': {'n_components': 3, 'n_components_ge_min_size': 3, 'largest_component_fraction': 0.33444241422056836, 'fragment_fraction': 0.0, 'median_planarity': 0.004425738879171568, 'worst_planarity': 0.006372958217697509}, 'junctions': {'n_samples': 4000, 'junction_fraction': 0.00375, 'junctions': 15, 'radius': 5}}","{'fraction': 0.8179352416992187, 'border_touch_fraction': 0.02292357517332036, 'thickness': {'median': 8.0, 'p95': 8.0, 'max': 8.0, 'mean': 7.870490074157715, 'saturated': 0.9607783747707549}, 'skipped': 'thickness saturated for 96% of voxels: a region, not a sheet'}",1,0.02742437744140625,2.0,4.0,3,0.0,0.006372958217697509,0.00375
sample_00356,True,True,"[320, 320, 320]",,uint8,NONE,32821210,,"[320, 320, 320]",,uint8,LZW,26772624,,"[320, 320, 320]",uint8,"[0, 1, 2]",0.4565635375976563,0.03905023193359375,0.50438623046875,3,0.5434364624023438,0.03450265357078317,"{'fraction': 0.03905023193359375, 'border_touch_fraction': 0.0, 'thickness': {'median': 2.0, 'p95': 4.0, 'max': 8.0, 'mean': 2.7230100631713867, 'saturated': 0.0}, 'components': {'n_components': 4, 'n_components_ge_min_size': 4, 'largest_component_fraction': 0.2679091402143486, 'fragment_fraction': 0.0, 'median_planarity': 0.03009278173079253, 'worst_planarity': 0.07823374569774812}, 'junctions': {'n_samples': 4000, 'junction_fraction': 0.003, 'junctions': 12, 'radius': 5}}","{'fraction': 0.50438623046875, 'border_touch_fraction': 0.03717389347162538, 'thickness': {'median': 8.0, 'p95': 8.0, 'max': 8.0, 'mean': 7.716259956359863, 'saturated': 0.9168865799340357}, 'skipped': 'thickness saturated for 92% of voxels: a region, not a sheet'}",1,0.03905023193359375,2.0,4.0,4,0.0,0.07823374569774812,0.003
sample_00375,True,True,"[320, 320, 320]",,uint8,NONE,32821210,,"[320, 320, 320]",,uint8,LZW,26554612,,"[320, 320, 320]",uint8,"[0, 1, 2]",0.15996435546875,0.01821917724609375,0.8218164672851562,3,0.84003564453125,0.022320481424883732,"{'fraction': 0.01821917724609375, 'border_touch_fraction': 0.0, 'thickness': {'median': 2.0, 'p95': 4.0, 'max': 8.0, 'mean': 2.750890016555786, 'saturated': 0.0}, 'components': {'n_components': 2, 'n_components_ge_min_size': 2, 'largest_component_fraction': 0.5235257267096143, 'fragment_fraction': 0.0, 'median_planarity': 0.016129358702965543, 'worst_planarity': 0.021039406744907372}, 'junctions': {'n_samples': 4000, 'junction_fraction': 0.005, 'junctions': 20, 'radius': 5}}","{'fraction': 0.8218164672851562, 'border_touch_fraction': 0.022815313085584682, 'thickness': {'median': 8.0, 'p95': 8.0, 'max': 8.0, 'mean': 7.8842902183532715, 'saturated': 0.9640112944712005}, 'skipped': 'thickness saturated for 96% of voxels: a region, not a sheet'}",1,0.01821917724609375,2.0,4.0,2,0.0,0.021039406744907372,0.005
sample_00378,True,True,"[320, 320, 320]",,uint8,NONE,32821210,,"[320, 320, 320]",,uint8,LZW,30107766,,"[320, 320, 320]",uint8,"[0, 1, 2]",0.39209429931640627,0.05513980102539062,0.5527658996582031,3,0.6079057006835937,0.030843599556502774,"{'fraction': 0.05513980102539062, 'border_touch_fraction': 0.0, 'thickness': {'median': 2.0, 'p95': 4.0, 'max': 8.0, 'mean': 2.76557993888855, 'saturated': 0.0}, 'components': {'n_components': 6, 'n_components_ge_min_size': 6, 'largest_component_fraction': 0.19496950721737238, 'fragment_fraction': 0.0, 'median_planarity': 0.007088575382130702, 'worst_planarity': 0.010369300848004356}, 'junctions': {'n_samples': 4000, 'junction_fraction': 0.00225, 'junctions': 9, 'radius': 5}}","{'fraction': 0.5527658996582031, 'border_touch_fraction': 0.03392032687181655, 'thickness': {'median': 8.0, 'p95': 8.0, 'max': 8.0, 'mean': 7.734930038452148, 'saturated': 0.9244759836742968}, 'skipped': 'thickness saturated for 92% of voxels: a region, not a sheet'}",1,0.05513980102539062,2.0,4.0,6,0.0,0.010369300848004356,0.00225
sample_00379,True,True,"[320, 320, 320]",,uint8,NONE,32821210,,"[320, 320, 320]",,uint8,LZW,30376525,,"[320, 320, 320]",uint8,"[0, 1, 2]",0.7121105651855468,0.06342205810546875,0.22446737670898437,3,0.2878894348144531,0.06512917020412547,"{'fraction': 0.06342205810546875, 'border_touch_fraction': 0.0, 'thickness': {'median': 2.0, 'p95': 4.0, 'max': 10.0, 'mean': 2.6912600994110107, 'saturated': 0.0}, 'components': {'n_components': 10, 'n_components_ge_min_size': 10, 'largest_component_fraction': 0.15283892804109683, 'fragment_fraction': 0.0, 'median_planarity': 0.011898231124300544, 'worst_planarity': 0.026925946811075095}, 'junctions': {'n_samples': 4000, 'junction_fraction': 0.00325, 'junctions': 13, 'radius': 5}}","{'fraction': 0.22446737670898437, 'border_touch_fraction': 0.08353106930237282, 'thickness': {'median': 8.0, 'p95': 8.0, 'max': 8.0, 'mean': 7.117579936981201, 'saturated': 0.7634575228061979}, 'skipped': 'thickness saturated for 76% of voxels: a region, not a sheet'}",1,0.06342205810546875,2.0,4.0,10,0.0,0.026925946811075095,0.00325
sample_00392,True,True,"[320, 320, 320]",,uint8,NONE,32821210,,"[320, 320, 320]",,uint8,LZW,28426417,,"[320, 320, 320]",uint8,"[0, 1, 2]",0.35124893188476564,0.029442901611328124,0.6193081665039063,3,0.6487510681152344,0.028901686519719968,"{'fraction': 0.029442901611328124, 'border_touch_fraction': 0.0, 'thickness': {'median': 2.0, 'p95': 4.0, 'max': 8.0, 'mean': 2.7507901191711426, 'saturated': 0.0}, 'components': {'n_components': 3, 'n_components_ge_min_size': 3, 'largest_component_fraction': 0.34563451960799557, 'fragment_fraction': 0.0, 'median_planarity': 0.04116039054965919, 'worst_planarity': 0.053526478969936765}, 'junctions': {'n_samples': 4000, 'junction_fraction': 0.00425, 'junctions': 17, 'radius': 5}}","{'fraction': 0.6193081665039063, 'border_touch_fraction': 0.0302757189620908, 'thickness': {'median': 8.0, 'p95': 8.0, 'max': 8.0, 'mean': 7.795949935913086, 'saturated': 0.9380533855931138}, 'skipped': 'thickness saturated for 94% of voxels: a region, not a sheet'}",1,0.029442901611328124,2.0,4.0,3,0.0,0.053526478969936765,0.00425
sample_00393,True,True,"[320, 320, 320]",,uint8,NONE,32821210,,"[320, 320, 320]",,uint8,LZW,26266268,,"[320, 320, 320]",uint8,"[0, 1, 2]",0.6215126037597656,0.04617532348632813,0.33231207275390623,3,0.37848739624023436,0.049539298233590205,"{'fraction': 0.04617532348632813, 'border_touch_fraction': 0.0, 'thickness': {'median': 2.0, 'p95': 4.0, 'max': 8.0, 'mean': 2.687160015106201, 'saturated': 0.0}, 'components': {'n_components': 5, 'n_components_ge_min_size': 5, 'largest_component_fraction': 0.20822326483917167, 'fragment_fraction': 0.0, 'median_planarity': 0.019492572696456524, 'worst_planarity': 0.02216000139961624}, 'junctions': {'n_samples': 4000, 'junction_fraction': 0.00275, 'junctions': 11, 'radius': 5}}","{'fraction': 0.33231207275390623, 'border_touch_fraction': 0.056422867350610265, 'thickness': {'median': 8.0, 'p95': 8.0, 'max': 8.0, 'mean': 7.480629920959473, 'saturated': 0.8523588780885872}, 'skipped': 'thickness saturated for 85% of voxels: a region, not a sheet'}",1,0.04617532348632813,2.0,4.0,5,0.0,0.02216000139961624,0.00275
sample_00407,True,True,"[320, 320, 320]",,uint8,LZW,779833,,"[320, 320, 320]",,uint8,LZW,30064488,,"[320, 320, 320]",uint8,"[0, 1, 2]",0.15613674926757812,0.024256744384765626,0.8196065063476563,3,0.8438632507324219,0.02221923988718094,"{'fraction': 0.024256744384765626, 'border_touch_fraction': 0.0, 'thickness': {'median': 2.0, 'p95': 4.0, 'max': 6.0, 'mean': 2.810029983520508, 'saturated': 0.0}, 'components': {'n_components': 4, 'n_components_ge_min_size': 4, 'largest_component_fraction': 0.3651730840604143, 'fragment_fraction': 0.0, 'median_planarity': 0.006926500624719797, 'worst_planarity': 0.00807264698858469}, 'junctions': {'n_samples': 4000, 'junction_fraction': 0.0045, 'junctions': 18, 'radius': 5}}","{'fraction': 0.8196065063476563, 'border_touch_fraction': 0.022876831570742467, 'thickness': {'median': 8.0, 'p95': 8.0, 'max': 8.0, 'mean': 7.858520030975342, 'saturated': 0.954522876943274}, 'skipped': 'thickness saturated for 95% of voxels: a region, not a sheet'}",1,0.024256744384765626,2.0,4.0,4,0.0,0.00807264698858469,0.0045
sample_00414,True,True,"[320, 320, 320]",,uint8,NONE,32821210,,"[320, 320, 320]",,uint8,LZW,28904498,,"[320, 320, 320]",uint8,"[0, 1, 2]",0.368578125,0.0300050048828125,0.6014168701171875,3,0.631421875,0.029694885056049097,"{'fraction': 0.0300050048828125, 'border_touch_fraction': 0.0, 'thickness': {'median': 2.0, 'p95': 4.0, 'max': 6.0, 'mean': 2.7744600772857666, 'saturated': 0.0}, 'components': {'n_components': 3, 'n_components_ge_min_size': 3, 'largest_component_fraction': 0.35183034243147915, 'fragment_fraction': 0.0, 'median_planarity': 0.018130204802447984, 'worst_planarity': 0.04486443027152071}, 'junctions': {'n_samples': 4000, 'junction_fraction': 0.002, 'junctions': 8, 'radius': 5}}","{'fraction': 0.6014168701171875, 'border_touch_fraction': 0.031176378534819815, 'thickness': {'median': 8.0, 'p95': 8.0, 'max': 8.0, 'mean': 7.774280071258545, 'saturated': 0.9336717472391348}, 'skipped': 'thickness saturated for 93% of voxels: a region, not a sheet'}",1,0.0300050048828125,2.0,4.0,3,0.0,0.04486443027152071,0.002
sample_00423,True,True,"[320, 320, 320]",,uint8,NONE,32821210,,"[320, 320, 320]",,uint8,LZW,28823774,,"[320, 320, 320]",uint8,"[0, 1, 2]",0.3188860778808594,0.02805731201171875,0.6530566101074219,3,0.6811139221191407,0.02752843451160619,"{'fraction': 0.02805731201171875, 'border_touch_fraction': 0.0, 'thickness': {'median': 2.0, 'p95': 4.0, 'max': 6.0, 'mean': 2.736140012741089, 'saturated': 0.0}, 'components': {'n_components': 5, 'n_components_ge_min_size': 5, 'largest_component_fraction': 0.35531694116265056, 'fragment_fraction': 0.0, 'median_planarity': 0.004950642720743056, 'worst_planarity': 0.009227864655767143}, 'junctions': {'n_samples': 4000, 'junction_fraction': 0.002, 'junctions': 8, 'radius': 5}}","{'fraction': 0.6530566101074219, 'border_touch_fraction': 0.028711140366400694, 'thickness': {'median': 8.0, 'p95': 8.0, 'max': 8.0, 'mean': 7.783329963684082, 'saturated': 0.936453750787582}, 'skipped': 'thickness saturated for 94% of voxels: a region, not a sheet'}",1,0.02805731201171875,2.0,4.0,5,0.0,0.009227864655767143,0.002
sample_00429,True,True,"[320, 320, 320]",,uint8,NONE,32821210,,"[320, 320, 320]",,uint8,LZW,36913342,,"[320, 320, 320]",uint8,"[0, 1, 2]",0.24910134887695312,0.0298568115234375,0.7210418395996093,3,0.7508986511230469,0.024970080811781228,"{'fraction': 0.0298568115234375, 'border_touch_fraction': 0.0, 'thickness': {'median': 2.0, 'p95': 4.0, 'max': 6.0, 'mean': 2.779510021209717, 'saturated': 0.0}, 'components': {'n_components': 3, 'n_components_ge_min_size': 3, 'largest_component_fraction': 0.35054091182278696, 'fragment_fraction': 0.0, 'median_planarity': 0.00706884958210013, 'worst_planarity': 0.009262258657145517}, 'junctions': {'n_samples': 4000, 'junction_fraction': 0.00125, 'junctions': 5, 'radius': 5}}","{'fraction': 0.7210418395996093, 'border_touch_fraction': 0.026004038836930424, 'thickness': {'median': 8.0, 'p95': 8.0, 'max': 8.0, 'mean': 7.846950054168701, 'saturated': 0.9534000767508529}, 'skipped': 'thickness saturated for 95% of voxels: a region, not a sheet'}",1,0.0298568115234375,2.0,4.0,3,0.0,0.009262258657145517,0.00125
sample_00444,True,True,"[320, 320, 320]",,uint8,LZW,633977,,"[320, 320, 320]",,uint8,LZW,36589500,,"[320, 320, 320]",uint8,"[0, 1, 2]",0.1579080810546875,0.027997314453125,0.8140946044921875,3,0.8420919189453125,0.022265977832305585,"{'fraction': 0.027997314453125, 'border_touch_fraction': 0.0, 'thickness': {'median': 2.0, 'p95': 4.0, 'max': 6.0, 'mean': 2.734869956970215, 'saturated': 0.0}, 'components': {'n_components': 8, 'n_components_ge_min_size': 8, 'largest_component_fraction': 0.2854953478029596, 'fragment_fraction': 0.0, 'median_planarity': 0.002345333324036446, 'worst_planarity': 0.01949826564484302}, 'junctions': {'n_samples': 4000, 'junction_fraction': 0.00275, 'junctions': 11, 'radius': 5}}","{'fraction': 0.8140946044921875, 'border_touch_fraction': 0.02303172124779748, 'thickness': {'median': 8.0, 'p95': 8.0, 'max': 8.0, 'mean': 7.881259918212891, 'saturated': 0.9660443678519756}, 'skipped': 'thickness saturated for 97% of voxels: a region, not a sheet'}",1,0.027997314453125,2.0,4.0,8,0.0,0.01949826564484302,0.00275
sample_00445,True,True,"[320, 320, 320]",,uint8,NONE,32821210,,"[320, 320, 320]",,uint8,LZW,36498272,,"[320, 320, 320]",uint8,"[0, 1, 2]",0.42831097412109376,0.0651856689453125,0.5065033569335937,3,0.5716890258789062,0.032797551030779415,"{'fraction': 0.0651856689453125, 'border_touch_fraction': 0.0, 'thickness': {'median': 2.0, 'p95': 4.0, 'max': 6.0, 'mean': 2.689769983291626, 'saturated': 0.0}, 'components': {'n_components': 7, 'n_components_ge_min_size': 7, 'largest_component_fraction': 0.14514064580403407, 'fragment_fraction': 0.0, 'median_planarity': 0.009724721214899083, 'worst_planarity': 0.03660978523554425}, 'junctions': {'n_samples': 4000, 'junction_fraction': 0.002, 'junctions': 8, 'radius': 5}}","{'fraction': 0.5065033569335937, 'border_touch_fraction': 0.03701851082194952, 'thickness': {'median': 8.0, 'p95': 8.0, 'max': 8.0, 'mean': 7.694459915161133, 'saturated': 0.9114168847067398}, 'skipped': 'thickness saturated for 91% of voxels: a region, not a sheet'}",1,0.0651856689453125,2.0,4.0,7,0.0,0.03660978523554425,0.002
sample_00450,True,True,"[320, 320, 320]",,uint8,NONE,32821210,,"[320, 320, 320]",,uint8,LZW,36188042,,"[320, 320, 320]",uint8,"[0, 1, 2]",0.33303863525390626,0.06204736328125,0.6049140014648438,3,0.6669613647460938,0.02811257291812991,"{'fraction': 0.06204736328125, 'border_touch_fraction': 0.0, 'thickness': {'median': 2.0, 'p95': 4.0, 'max': 6.0, 'mean': 2.6792900562286377, 'saturated': 0.0}, 'components': {'n_components': 12, 'n_components_ge_min_size': 12, 'largest_component_fraction': 0.15003629803341387, 'fragment_fraction': 0.0, 'median_planarity': 0.0054832332118687046, 'worst_planarity': 0.007902459373362892}, 'junctions': {'n_samples': 4000, 'junction_fraction': 0.00375, 'junctions': 15, 'radius': 5}}","{'fraction': 0.6049140014648438, 'border_touch_fraction': 0.03099614152523416, 'thickness': {'median': 8.0, 'p95': 8.0, 'max': 8.0, 'mean': 7.721680164337158, 'saturated': 0.9207164709682086}, 'skipped': 'thickness saturated for 92% of voxels: a region, not a sheet'}",1,0.06204736328125,2.0,4.0,12,0.0,0.007902459373362892,0.00375
sample_00451,True,True,"[320, 320, 320]",,uint8,NONE,32821210,,"[320, 320, 320]",,uint8,LZW,36509565,,"[320, 320, 320]",uint8,"[0, 1, 2]",0.4696287536621094,0.08037545776367187,0.44999578857421874,3,0.5303712463378907,0.035352595242417593,"{'fraction': 0.08037545776367187, 'border_touch_fraction': 0.0, 'thickness': {'median': 2.0, 'p95': 4.0, 'max': 6.0, 'mean': 2.706899881362915, 'saturated': 0.0}, 'components': {'n_components': 9, 'n_components_ge_min_size': 9, 'largest_component_fraction': 0.118029739424082, 'fragment_fraction': 0.0, 'median_planarity': 0.0015542430149024465, 'worst_planarity': 0.003411663442151627}, 'junctions': {'n_samples': 4000, 'junction_fraction': 0.002, 'junctions': 8, 'radius': 5}}","{'fraction': 0.44999578857421874, 'border_touch_fraction': 0.0416670566171477, 'thickness': {'median': 8.0, 'p95': 8.0, 'max': 8.0, 'mean': 7.505859851837158, 'saturated': 0.8514809505460053}, 'skipped': 'thickness saturated for 85% of voxels: a region, not a sheet'}",1,0.08037545776367187,2.0,4.0,9,0.0,0.003411663442151627,0.002
sample_00459,True,True,"[320, 320, 320]",,uint8,NONE,32821210,,"[320, 320, 320]",,uint8,LZW,37262350,,"[320, 320, 320]",uint8,"[0, 1, 2]",0.4340451049804688,0.05611871337890625,0.509836181640625,3,0.5659548950195312,0.033129848623984305,"{'fraction': 0.05611871337890625, 'border_touch_fraction': 0.0, 'thickness': {'median': 2.0, 'p95': 4.0, 'max': 6.0, 'mean': 2.6833999156951904, 'saturated': 0.0}, 'components': {'n_components': 13, 'n_components_ge_min_size': 13, 'largest_component_fraction': 0.16639204567083113, 'fragment_fraction': 0.0, 'median_planarity': 0.009746238992667163, 'worst_planarity': 0.01532355207656739}, 'junctions': {'n_samples': 4000, 'junction_fraction': 0.0035, 'junctions': 14, 'radius': 5}}","{'fraction': 0.509836181640625, 'border_touch_fraction': 0.03677651895882227, 'thickness': {'median': 8.0, 'p95': 8.0, 'max': 8.0, 'mean': 7.5259199142456055, 'saturated': 0.8607475426054536}, 'skipped': 'thickness saturated for 86% of voxels: a region, not a sheet'}",1,0.05611871337890625,2.0,4.0,13,0.0,0.01532355207656739,0.0035
sample_00468,True,True,"[320, 320, 320]",,uint8,NONE,32821210,,"[320, 320, 320]",,uint8,LZW,36384590,,"[320, 320, 320]",uint8,"[0, 1, 2]",0.582243408203125,0.04430267333984375,0.37345391845703124,3,0.417756591796875,0.04488259519580909,"{'fraction': 0.04430267333984375, 'border_touch_fraction': 0.0, 'thickness': {'median': 2.0, 'p95': 4.0, 'max': 6.0, 'mean': 2.770289897918701, 'saturated': 0.0}, 'components': {'n_components': 12, 'n_components_ge_min_size': 12, 'largest_component_fraction': 0.2600078528080677, 'fragment_fraction': 0.0, 'median_planarity': 0.013248048341927913, 'worst_planarity': 0.09174500263294529}, 'junctions': {'n_samples': 4000, 'junction_fraction': 0.00375, 'junctions': 15, 'radius': 5}}","{'fraction': 0.37345391845703124, 'border_touch_fraction': 0.05020699763298194, 'thickness': {'median': 8.0, 'p95': 8.0, 'max': 8.0, 'mean': 7.374690055847168, 'saturated': 0.8261385768702311}, 'skipped': 'thickness saturated for 83% of voxels: a region, not a sheet'}",1,0.04430267333984375,2.0,4.0,12,0.0,0.09174500263294529,0.00375
sample_00470,True,True,"[320, 320, 320]",,uint8,NONE,32821210,,"[320, 320, 320]",,uint8,LZW,36974841,,"[320, 320, 320]",uint8,"[0, 1, 2]",0.362177490234375,0.07467410278320312,0.5631484069824219,3,0.637822509765625,0.029396892886219862,"{'fraction': 0.07467410278320312, 'border_touch_fraction': 0.0, 'thickness': {'median': 2.0, 'p95': 4.0, 'max': 8.0, 'mean': 2.757319927215576, 'saturated': 0.0}, 'components': {'n_components': 8, 'n_components_ge_min_size': 8, 'largest_component_fraction': 0.1358065912221931, 'fragment_fraction': 0.0, 'median_planarity': 0.0019356082680681095, 'worst_planarity': 0.002826538379883108}, 'junctions': {'n_samples': 4000, 'junction_fraction': 0.0015, 'junctions': 6, 'radius': 5}}","{'fraction': 0.5631484069824219, 'border_touch_fraction': 0.03329495345724251, 'thickness': {'median': 8.0, 'p95': 8.0, 'max': 8.0, 'mean': 7.633890151977539, 'saturated': 0.888165372739009}, 'skipped': 'thickness saturated for 89% of voxels: a region, not a sheet'}",1,0.07467410278320312,2.0,4.0,8,0.0,0.002826538379883108,0.0015
sample_00473,True,True,"[320, 320, 320]",,uint8,LZW,1259977,,"[320, 320, 320]",,uint8,LZW,36072098,,"[320, 320, 320]",uint8,"[0, 1, 2]",0.6386408386230469,0.08867984008789062,0.2726793212890625,3,0.3613591613769531,0.051887435006638366,"{'fraction': 0.08867984008789062, 'border_touch_fraction': 0.0, 'thickness': {'median': 2.0, 'p95': 4.0, 'max': 6.0, 'mean': 2.70661997795105, 'saturated': 0.0}, 'components': {'n_components': 12, 'n_components_ge_min_size': 12, 'largest_component_fraction': 0.10832520894839774, 'fragment_fraction': 0.0, 'median_planarity': 0.002805716308373597, 'worst_planarity': 0.023507260367584715}, 'junctions': {'n_samples': 4000, 'junction_fraction': 0.001, 'junctions': 4, 'radius': 5}}","{'fraction': 0.2726793212890625, 'border_touch_fraction': 0.06876208988404903, 'thickness': {'median': 8.0, 'p95': 8.0, 'max': 8.0, 'mean': 7.169579982757568, 'saturated': 0.7635948381874922}, 'skipped': 'thickness saturated for 76% of voxels: a region, not a sheet'}",1,0.08867984008789062,2.0,4.0,12,0.0,0.023507260367584715,0.001
sample_00476,True,True,"[320, 320, 320]",,uint8,NONE,32821210,,"[320, 320, 320]",,uint8,LZW,35458861,,"[320, 320, 320]",uint8,"[0, 1, 2]",0.10768682861328124,0.018498199462890625,0.8738149719238282,3,0.8923131713867187,0.0210128020085831,"{'fraction': 0.018498199462890625, 'border_touch_fraction': 0.0, 'thickness': {'median': 2.0, 'p95': 4.0, 'max': 8.0, 'mean': 2.689120054244995, 'saturated': 0.0}, 'components': {'n_components': 2, 'n_components_ge_min_size': 2, 'largest_component_fraction': 0.541446080089219, 'fragment_fraction': 0.0, 'median_planarity': 0.026977190452477706, 'worst_planarity': 0.02915381751161685}, 'junctions': {'n_samples': 4000, 'junction_fraction': 0.00575, 'junctions': 23, 'radius': 5}}","{'fraction': 0.8738149719238282, 'border_touch_fraction': 0.021457631881402997, 'thickness': {'median': 8.0, 'p95': 8.0, 'max': 8.0, 'mean': 7.886449813842773, 'saturated': 0.9650451544500716}, 'skipped': 'thickness saturated for 97% of voxels: a region, not a sheet'}",1,0.018498199462890625,2.0,4.0,2,0.0,0.02915381751161685,0.00575
sample_00498,True,True,"[256, 256, 256]",,uint8,NONE,16819802,,"[256, 256, 256]",,uint8,LZW,17884020,,"[256, 256, 256]",uint8,"[0, 1, 2]",0.29506534337997437,0.03912729024887085,0.6658073663711548,3,0.7049346566200256,0.03324776244138228,"{'fraction': 0.03912729024887085, 'border_touch_fraction': 0.0, 'thickness': {'median': 2.0, 'p95': 4.0, 'max': 6.0, 'mean': 2.657409906387329, 'saturated': 0.0}, 'components': {'n_components': 5, 'n_components_ge_min_size': 5, 'largest_component_fraction': 0.30535595409835065, 'fragment_fraction': 0.0, 'median_planarity': 0.034973464332201616, 'worst_planarity': 0.04358654138109926}, 'junctions': {'n_samples': 4000, 'junction_fraction': 0.007, 'junctions': 28, 'radius': 5}}","{'fraction': 0.6658073663711548, 'border_touch_fraction': 0.035201623147760056, 'thickness': {'median': 8.0, 'p95': 8.0, 'max': 8.0, 'mean': 7.753570079803467, 'saturated': 0.9311009978699051}, 'skipped': 'thickness saturated for 93% of voxels: a region, not a sheet'}",1,0.03912729024887085,2.0,4.0,5,0.0,0.04358654138109926,0.007
sample_00503,True,True,"[256, 256, 256]",,uint8,NONE,16819802,,"[256, 256, 256]",,uint8,LZW,18223297,,"[256, 256, 256]",uint8,"[0, 1, 2]",0.5052691102027893,0.05222976207733154,0.44250112771987915,3,0.4947308897972107,0.04737424018461226,"{'fraction': 0.05222976207733154, 'border_touch_fraction': 0.0, 'thickness': {'median': 2.0, 'p95': 4.0, 'max': 8.0, 'mean': 2.677680015563965, 'saturated': 0.0}, 'components': {'n_components': 7, 'n_components_ge_min_size': 7, 'largest_component_fraction': 0.2209501637623107, 'fragment_fraction': 0.0, 'median_planarity': 0.005280356337307276, 'worst_planarity': 0.018737788421544912}, 'junctions': {'n_samples': 4000, 'junction_fraction': 0.00575, 'junctions': 23, 'radius': 5}}","{'fraction': 0.44250112771987915, 'border_touch_fraction': 0.05296596671011621, 'thickness': {'median': 8.0, 'p95': 8.0, 'max': 8.0, 'mean': 7.536019802093506, 'saturated': 0.8725164289513772}, 'skipped': 'thickness saturated for 87% of voxels: a region, not a sheet'}",1,0.05222976207733154,2.0,4.0,7,0.0,0.018737788421544912,0.00575
sample_00504,True,True,"[256, 256, 256]",,uint8,NONE,16819802,,"[256, 256, 256]",,uint8,LZW,18032517,,"[256, 256, 256]",uint8,"[0, 1, 2]",0.8278053402900696,0.07697665691375732,0.0952180027961731,3,0.17219465970993042,0.1361104928543168,"{'fraction': 0.07697665691375732, 'border_touch_fraction': 0.0, 'thickness': {'median': 2.0, 'p95': 4.0, 'max': 8.0, 'mean': 2.7166199684143066, 'saturated': 0.0}, 'components': {'n_components': 10, 'n_components_ge_min_size': 10, 'largest_component_fraction': 0.15880395275402764, 'fragment_fraction': 0.0, 'median_planarity': 0.010264556964707032, 'worst_planarity': 0.02851415415730636}, 'junctions': {'n_samples': 4000, 'junction_fraction': 0.00475, 'junctions': 19, 'radius': 5}}","{'fraction': 0.0952180027961731, 'border_touch_fraction': 0.24614567951158473, 'thickness': {'median': 6.0, 'p95': 48.0, 'max': 48.0, 'mean': 14.09179973602295, 'saturated': 0.145499855085437}, 'components': {'n_components': 1, 'n_components_ge_min_size': 1, 'largest_component_fraction': 1.0, 'fragment_fraction': 0.0, 'median_planarity': 0.2674323492780881, 'worst_planarity': 0.2674323492780881}, 'junctions': {'n_samples': 4000, 'junction_fraction': 0.00025, 'junctions': 1, 'radius': 5}}",1,0.07697665691375732,2.0,4.0,10,0.0,0.02851415415730636,0.00475
sample_00506,True,True,"[256, 256, 256]",,uint8,NONE,16819802,,"[256, 256, 256]",,uint8,LZW,19296218,,"[256, 256, 256]",uint8,"[0, 1, 2]",0.6312907338142395,0.10670030117034912,0.2620089650154114,3,0.3687092661857605,0.06356634386343815,"{'fraction': 0.10670030117034912, 'border_touch_fraction': 0.0, 'thickness': {'median': 2.0, 'p95': 4.0, 'max': 6.0, 'mean': 2.770970106124878, 'saturated': 0.0}, 'components': {'n_components': 14, 'n_components_ge_min_size': 14, 'largest_component_fraction': 0.11933240751809641, 'fragment_fraction': 0.0, 'median_planarity': 0.003605507608252628, 'worst_planarity': 0.008830428123432068}, 'junctions': {'n_samples': 4000, 'junction_fraction': 0.00375, 'junctions': 15, 'radius': 5}}","{'fraction': 0.2620089650154114, 'border_touch_fraction': 0.08945304600024433, 'thickness': {'median': 8.0, 'p95': 8.0, 'max': 8.0, 'mean': 6.862790107727051, 'saturated': 0.6833679839828235}, 'skipped': 'thickness saturated for 68% of voxels: a region, not a sheet'}",1,0.10670030117034912,2.0,4.0,14,0.0,0.008830428123432068,0.00375
sample_00513,True,True,"[256, 256, 256]",,uint8,NONE,16819802,,"[256, 256, 256]",,uint8,LZW,19233798,,"[256, 256, 256]",uint8,"[0, 1, 2]",0.28448134660720825,0.05154162645339966,0.6639770269393921,3,0.7155186533927917,0.03275595945523691,"{'fraction': 0.05154162645339966, 'border_touch_fraction': 0.0, 'thickness': {'median': 2.0, 'p95': 4.0, 'max': 6.0, 'mean': 2.737299919128418, 'saturated': 0.0}, 'components': {'n_components': 6, 'n_components_ge_min_size': 6, 'largest_component_fraction': 0.23751944259735755, 'fragment_fraction': 0.0, 'median_planarity': 0.002088691505581842, 'worst_planarity': 0.005562708859726797}, 'junctions': {'n_samples': 4000, 'junction_fraction': 0.00375, 'junctions': 15, 'radius': 5}}","{'fraction': 0.6639770269393921, 'border_touch_fraction': 0.03529866102150456, 'thickness': {'median': 8.0, 'p95': 8.0, 'max': 8.0, 'mean': 7.76632022857666, 'saturated': 0.9337589048739794}, 'skipped': 'thickness saturated for 93% of voxels: a region, not a sheet'}",1,0.05154162645339966,2.0,4.0,6,0.0,0.005562708859726797,0.00375
sample_00514,True,True,"[256, 256, 256]",,uint8,LZW,507608,,"[256, 256, 256]",,uint8,LZW,19406939,,"[256, 256, 256]",uint8,"[0, 1, 2]",0.22801876068115234,0.03578704595565796,0.7361941933631897,3,0.7719812393188477,0.030360193753775567,"{'fraction': 0.03578704595565796, 'border_touch_fraction': 0.0, 'thickness': {'median': 2.0, 'p95': 4.0, 'max': 6.0, 'mean': 2.743849992752075, 'saturated': 0.0}, 'components': {'n_components': 3, 'n_components_ge_min_size': 3, 'largest_component_fraction': 0.3437501561440823, 'fragment_fraction': 0.0, 'median_planarity': 0.0023432696040152174, 'worst_planarity': 0.003477961989293821}, 'junctions': {'n_samples': 4000, 'junction_fraction': 0.00225, 'junctions': 9, 'radius': 5}}","{'fraction': 0.7361941933631897, 'border_touch_fraction': 0.03183602942170651, 'thickness': {'median': 8.0, 'p95': 8.0, 'max': 8.0, 'mean': 7.8132500648498535, 'saturated': 0.9424100593873239}, 'skipped': 'thickness saturated for 94% of voxels: a region, not a sheet'}",1,0.03578704595565796,2.0,4.0,3,0.0,0.003477961989293821,0.00225
sample_00517,True,True,"[256, 256, 256]",,uint8,NONE,16819802,,"[256, 256, 256]",,uint8,LZW,18948276,,"[256, 256, 256]",uint8,"[0, 1, 2]",0.6863991618156433,0.06768149137496948,0.2459193468093872,3,0.3136008381843567,0.07473672626545018,"{'fraction': 0.06768149137496948, 'border_touch_fraction': 0.0, 'thickness': {'median': 2.0, 'p95': 4.0, 'max': 6.0, 'mean': 2.6863698959350586, 'saturated': 0.0}, 'components': {'n_components': 6, 'n_components_ge_min_size': 6, 'largest_component_fraction': 0.17643484364253148, 'fragment_fraction': 0.0, 'median_planarity': 0.011887886140557864, 'worst_planarity': 0.017958969548340958}, 'junctions': {'n_samples': 4000, 'junction_fraction': 0.00325, 'junctions': 13, 'radius': 5}}","{'fraction': 0.2459193468093872, 'border_touch_fraction': 0.09530563700694307, 'thickness': {'median': 8.0, 'p95': 8.0, 'max': 8.0, 'mean': 7.05171012878418, 'saturated': 0.7347770467216146}, 'skipped': 'thickness saturated for 73% of voxels: a region, not a sheet'}",1,0.06768149137496948,2.0,4.0,6,0.0,0.017958969548340958,0.00325
sample_00520,True,True,"[320, 320, 320]",,uint8,NONE,32821210,,"[320, 320, 320]",,uint8,LZW,37993779,,"[320, 320, 320]",uint8,"[0, 1, 2]",0.4413255615234375,0.06994375610351562,0.4887306823730469,3,0.5586744384765625,0.033561585618860565,"{'fraction': 0.06994375610351562, 'border_touch_fraction': 0.0, 'thickness': {'median': 2.0, 'p95': 4.0, 'max': 6.0, 'mean': 2.6651999950408936, 'saturated': 0.0}, 'components': {'n_components': 12, 'n_components_ge_min_size': 12, 'largest_component_fraction': 0.13061991337382636, 'fragment_fraction': 0.0, 'median_planarity': 0.004340693491243675, 'worst_planarity': 0.025089532660190428}, 'junctions': {'n_samples': 4000, 'junction_fraction': 0.004, 'junctions': 16, 'radius': 5}}","{'fraction': 0.4887306823730469, 'border_touch_fraction': 0.038364687702762586, 'thickness': {'median': 8.0, 'p95': 8.0, 'max': 8.0, 'mean': 7.5523200035095215, 'saturated': 0.8736243833566442}, 'skipped': 'thickness saturated for 87% of voxels: a region, not a sheet'}",1,0.06994375610351562,2.0,4.0,12,0.0,0.025089532660190428,0.004
sample_00521,True,True,"[320, 320, 320]",,uint8,NONE,32821210,,"[320, 320, 320]",,uint8,LZW,36345364,,"[320, 320, 320]",uint8,"[0, 1, 2]",0.3611033020019531,0.0562637939453125,0.5826329040527344,3,0.6388966979980468,0.0293474673742285,"{'fraction': 0.0562637939453125, 'border_touch_fraction': 0.0, 'thickness': {'median': 2.0, 'p95': 4.0, 'max': 6.0, 'mean': 2.707170009613037, 'saturated': 0.0}, 'components': {'n_components': 9, 'n_components_ge_min_size': 9, 'largest_component_fraction': 0.1683338287268964, 'fragment_fraction': 0.0, 'median_planarity': 0.004790788433401861, 'worst_planarity': 0.028425383439752327}, 'junctions': {'n_samples': 4000, 'junction_fraction': 0.00175, 'junctions': 7, 'radius': 5}}","{'fraction': 0.5826329040527344, 'border_touch_fraction': 0.03218149862387952, 'thickness': {'median': 8.0, 'p95': 8.0, 'max': 8.0, 'mean': 7.702939987182617, 'saturated': 0.9130707220383292}, 'skipped': 'thickness saturated for 91% of voxels: a region, not a sheet'}",1,0.0562637939453125,2.0,4.0,9,0.0,0.028425383439752327,0.00175
sample_00532,True,True,"[320, 320, 320]",,uint8,LZW,805001,,"[320, 320, 320]",,uint8,LZW,34545246,,"[320, 320, 320]",uint8,"[0, 1, 2]",0.33386782836914064,0.04067034912109375,0.6254618225097657,3,0.6661321716308594,0.028147567102329372,"{'fraction': 0.04067034912109375, 'border_touch_fraction': 0.0, 'thickness': {'median': 2.0, 'p95': 4.0, 'max': 6.0, 'mean': 2.688920021057129, 'saturated': 0.0}, 'components': {'n_components': 7, 'n_components_ge_min_size': 7, 'largest_component_fraction': 0.2338855514352218, 'fragment_fraction': 0.0, 'median_planarity': 0.006787079029847768, 'worst_planarity': 0.008431036878381027}, 'junctions': {'n_samples': 4000, 'junction_fraction': 0.004, 'junctions': 16, 'radius': 5}}","{'fraction': 0.6254618225097657, 'border_touch_fraction': 0.029977848887343155, 'thickness': {'median': 8.0, 'p95': 8.0, 'max': 8.0, 'mean': 7.706130027770996, 'saturated': 0.9127814393788027}, 'skipped': 'thickness saturated for 91% of voxels: a region, not a sheet'}",1,0.04067034912109375,2.0,4.0,7,0.0,0.008431036878381027,0.004
sample_00536,True,True,"[320, 320, 320]",,uint8,NONE,32821210,,"[320, 320, 320]",,uint8,LZW,33874372,,"[320, 320, 320]",uint8,"[0, 1, 2]",0.3402454528808594,0.04104046630859375,0.6187140808105469,3,0.6597545471191406,0.02841966013250389,"{'fraction': 0.04104046630859375, 'border_touch_fraction': 0.0, 'thickness': {'median': 2.0, 'p95': 4.0, 'max': 6.0, 'mean': 2.6730000972747803, 'saturated': 0.0}, 'components': {'n_components': 5, 'n_components_ge_min_size': 5, 'largest_component_fraction': 0.22559402266781875, 'fragment_fraction': 0.0, 'median_planarity': 0.007018457743537719, 'worst_planarity': 0.007976645993706497}, 'junctions': {'n_samples': 4000, 'junction_fraction': 0.003, 'junctions': 12, 'radius': 5}}","{'fraction': 0.6187140808105469, 'border_touch_fraction': 0.030304789532891424, 'thickness': {'median': 8.0, 'p95': 8.0, 'max': 8.0, 'mean': 7.78665018081665, 'saturated': 0.9382574440208536}, 'skipped': 'thickness saturated for 94% of voxels: a region, not a sheet'}",1,0.04104046630859375,2.0,4.0,5,0.0,0.007976645993706497,0.003
sample_00539,True,True,"[320, 320, 320]",,uint8,LZW,827769,,"[320, 320, 320]",,uint8,LZW,36480293,,"[320, 320, 320]",uint8,"[0, 1, 2]",0.28269329833984375,0.04227700805664063,0.6750296936035156,3,0.7173067016601562,0.026139446287905068,"{'fraction': 0.04227700805664063, 'border_touch_fraction': 0.0, 'thickness': {'median': 2.0, 'p95': 4.0, 'max': 6.0, 'mean': 2.742189884185791, 'saturated': 0.0}, 'components': {'n_components': 5, 'n_components_ge_min_size': 5, 'largest_component_fraction': 0.23288046989424202, 'fragment_fraction': 0.0, 'median_planarity': 0.017259429744550223, 'worst_planarity': 0.020088707980141784}, 'junctions': {'n_samples': 4000, 'junction_fraction': 0.0025, 'junctions': 10, 'radius': 5}}","{'fraction': 0.6750296936035156, 'border_touch_fraction': 0.027776555872537616, 'thickness': {'median': 8.0, 'p95': 8.0, 'max': 8.0, 'mean': 7.823110103607178, 'saturated': 0.9485473209389796}, 'skipped': 'thickness saturated for 95% of voxels: a region, not a sheet'}",1,0.04227700805664063,2.0,4.0,5,0.0,0.020088707980141784,0.0025
sample_00549,True,True,"[320, 320, 320]",,uint8,NONE,32821210,,"[320, 320, 320]",,uint8,LZW,37660943,,"[320, 320, 320]",uint8,"[0, 1, 2]",0.31944961547851564,0.058111053466796875,0.6224393310546875,3,0.6805503845214844,0.02755122974940892,"{'fraction': 0.058111053466796875, 'border_touch_fraction': 0.0, 'thickness': {'median': 2.0, 'p95': 4.0, 'max': 6.0, 'mean': 2.6859700679779053, 'saturated': 0.0}, 'components': {'n_components': 7, 'n_components_ge_min_size': 7, 'largest_component_fraction': 0.1626077955742699, 'fragment_fraction': 0.0, 'median_planarity': 0.004777762915827072, 'worst_planarity': 0.008845602275655364}, 'junctions': {'n_samples': 4000, 'junction_fraction': 0.00125, 'junctions': 5, 'radius': 5}}","{'fraction': 0.6224393310546875, 'border_touch_fraction': 0.030123417760618065, 'thickness': {'median': 8.0, 'p95': 8.0, 'max': 8.0, 'mean': 7.791039943695068, 'saturated': 0.9393722581757329}, 'skipped': 'thickness saturated for 94% of voxels: a region, not a sheet'}",1,0.058111053466796875,2.0,4.0,7,0.0,0.008845602275655364,0.00125
sample_00550,True,True,"[320, 320, 320]",,uint8,LZW,623417,,"[320, 320, 320]",,uint8,LZW,36553134,,"[320, 320, 320]",uint8,"[0, 1, 2]",0.10986175537109374,0.018247528076171873,0.8718907165527344,3,0.8901382446289062,0.02106414381489335,"{'fraction': 0.018247528076171873, 'border_touch_fraction': 0.0, 'thickness': {'median': 2.0, 'p95': 4.0, 'max': 6.0, 'mean': 2.6673600673675537, 'saturated': 0.0}, 'components': {'n_components': 2, 'n_components_ge_min_size': 2, 'largest_component_fraction': 0.5018204319867544, 'fragment_fraction': 0.0, 'median_planarity': 0.005291879525931011, 'worst_planarity': 0.007210963748539954}, 'junctions': {'n_samples': 4000, 'junction_fraction': 0.00125, 'junctions': 5, 'radius': 5}}","{'fraction': 0.8718907165527344, 'border_touch_fraction': 0.021504988691855107, 'thickness': {'median': 8.0, 'p95': 8.0, 'max': 8.0, 'mean': 7.893670082092285, 'saturated': 0.9665158505662298}, 'skipped': 'thickness saturated for 97% of voxels: a region, not a sheet'}",1,0.018247528076171873,2.0,4.0,2,0.0,0.007210963748539954,0.00125
sample_00553,True,True,"[320, 320, 320]",,uint8,LZW,1006841,,"[320, 320, 320]",,uint8,LZW,37255120,,"[320, 320, 320]",uint8,"[0, 1, 2]",0.389847412109375,0.04600592041015625,0.5641466674804687,3,0.610152587890625,0.030730017985863393,"{'fraction': 0.04600592041015625, 'border_touch_fraction': 0.0, 'thickness': {'median': 2.0, 'p95': 4.0, 'max': 6.0, 'mean': 2.676340103149414, 'saturated': 0.0}, 'components': {'n_components': 5, 'n_components_ge_min_size': 5, 'largest_component_fraction': 0.20150153695932796, 'fragment_fraction': 0.0, 'median_planarity': 0.0040315175257035945, 'worst_planarity': 0.007306312548518709}, 'junctions': {'n_samples': 4000, 'junction_fraction': 0.0025, 'junctions': 10, 'radius': 5}}","{'fraction': 0.5641466674804687, 'border_touch_fraction': 0.03323603786181922, 'thickness': {'median': 8.0, 'p95': 8.0, 'max': 8.0, 'mean': 7.751780033111572, 'saturated': 0.926809473439245}, 'skipped': 'thickness saturated for 93% of voxels: a region, not a sheet'}",1,0.04600592041015625,2.0,4.0,5,0.0,0.007306312548518709,0.0025
sample_00561,True,True,"[320, 320, 320]",,uint8,LZW,722361,,"[320, 320, 320]",,uint8,LZW,36323261,,"[320, 320, 320]",uint8,"[0, 1, 2]",0.2599117431640625,0.03989254760742188,0.7001957092285156,3,0.7400882568359375,0.02533481625578136,"{'fraction': 0.03989254760742188, 'border_touch_fraction': 0.0, 'thickness': {'median': 2.0, 'p95': 4.0, 'max': 8.0, 'mean': 2.68641996383667, 'saturated': 0.0}, 'components': {'n_components': 5, 'n_components_ge_min_size': 5, 'largest_component_fraction': 0.23495581009471397, 'fragment_fraction': 0.0, 'median_planarity': 0.0023557699805191058, 'worst_planarity': 0.0036434835346607513}, 'junctions': {'n_samples': 4000, 'junction_fraction': 0.00225, 'junctions': 9, 'radius': 5}}","{'fraction': 0.7001957092285156, 'border_touch_fraction': 0.02677822750536273, 'thickness': {'median': 8.0, 'p95': 8.0, 'max': 8.0, 'mean': 7.839009761810303, 'saturated': 0.9529569217032783}, 'skipped': 'thickness saturated for 95% of voxels: a region, not a sheet'}",1,0.03989254760742188,2.0,4.0,5,0.0,0.0036434835346607513,0.00225
sample_00563,True,True,"[320, 320, 320]",,uint8,NONE,32821210,,"[320, 320, 320]",,uint8,LZW,35112402,,"[320, 320, 320]",uint8,"[0, 1, 2]",0.6029318542480469,0.05795162963867188,0.33911651611328125,3,0.39706814575195315,0.047221113555941226,"{'fraction': 0.05795162963867188, 'border_touch_fraction': 0.0, 'thickness': {'median': 2.0, 'p95': 4.0, 'max': 6.0, 'mean': 2.6868999004364014, 'saturated': 0.0}, 'components': {'n_components': 7, 'n_components_ge_min_size': 7, 'largest_component_fraction': 0.16566129126537224, 'fragment_fraction': 0.0, 'median_planarity': 0.0033800048541176315, 'worst_planarity': 0.02420421607569271}, 'junctions': {'n_samples': 4000, 'junction_fraction': 0.0055, 'junctions': 22, 'radius': 5}}","{'fraction': 0.33911651611328125, 'border_touch_fraction': 0.05529073079335539, 'thickness': {'median': 8.0, 'p95': 8.0, 'max': 8.0, 'mean': 7.476150035858154, 'saturated': 0.8568823191149884}, 'skipped': 'thickness saturated for 86% of voxels: a region, not a sheet'}",1,0.05795162963867188,2.0,4.0,7,0.0,0.02420421607569271,0.0055
sample_00569,True,True,"[320, 320, 320]",,uint8,NONE,32821210,,"[320, 320, 320]",,uint8,LZW,37578681,,"[320, 320, 320]",uint8,"[0, 1, 2]",0.14213214111328126,0.023663604736328125,0.8342042541503907,3,0.8578678588867188,0.021856512988296876,"{'fraction': 0.023663604736328125, 'border_touch_fraction': 0.0, 'thickness': {'median': 2.0, 'p95': 4.0, 'max': 6.0, 'mean': 2.8056399822235107, 'saturated': 0.0}, 'components': {'n_components': 4, 'n_components_ge_min_size': 4, 'largest_component_fraction': 0.32273548540189756, 'fragment_fraction': 0.0, 'median_planarity': 0.002507338038025478, 'worst_planarity': 0.0033399817408775742}, 'junctions': {'n_samples': 4000, 'junction_fraction': 0.00325, 'junctions': 13, 'radius': 5}}","{'fraction': 0.8342042541503907, 'border_touch_fraction': 0.022476509687781747, 'thickness': {'median': 8.0, 'p95': 8.0, 'max': 8.0, 'mean': 7.904139995574951, 'saturated': 0.9718662069664376}, 'skipped': 'thickness saturated for 97% of voxels: a region, not a sheet'}",1,0.023663604736328125,2.0,4.0,4,0.0,0.0033399817408775742,0.00325
sample_00572,True,True,"[320, 320, 320]",,uint8,NONE,32821210,,"[320, 320, 320]",,uint8,LZW,36239485,,"[320, 320, 320]",uint8,"[0, 1, 2]",0.47386639404296876,0.048395904541015625,0.4777377014160156,3,0.5261336059570313,0.035637335816810174,"{'fraction': 0.048395904541015625, 'border_touch_fraction': 0.0, 'thickness': {'median': 2.0, 'p95': 4.0, 'max': 6.0, 'mean': 2.7631499767303467, 'saturated': 0.0}, 'components': {'n_components': 6, 'n_components_ge_min_size': 6, 'largest_component_fraction': 0.2271015243054614, 'fragment_fraction': 0.0, 'median_planarity': 0.006541404839171151, 'worst_planarity': 0.00957775876916642}, 'junctions': {'n_samples': 4000, 'junction_fraction': 0.00175, 'junctions': 7, 'radius': 5}}","{'fraction': 0.4777377014160156, 'border_touch_fraction': 0.039247478154696515, 'thickness': {'median': 8.0, 'p95': 8.0, 'max': 8.0, 'mean': 7.685800075531006, 'saturated': 0.912456660250411}, 'skipped': 'thickness saturated for 91% of voxels: a region, not a sheet'}",1,0.048395904541015625,2.0,4.0,6,0.0,0.00957775876916642,0.00175
sample_00573,True,True,"[320, 320, 320]",,uint8,LZW,928185,,"[320, 320, 320]",,uint8,LZW,37890550,,"[320, 320, 320]",uint8,"[0, 1, 2]",0.2009773864746094,0.034194122314453124,0.7648284912109375,3,0.7990226135253906,0.02346616939572284,"{'fraction': 0.034194122314453124, 'border_touch_fraction': 0.0, 'thickness': {'median': 2.0, 'p95': 4.0, 'max': 6.0, 'mean': 2.7075700759887695, 'saturated': 0.0}, 'components': {'n_components': 7, 'n_components_ge_min_size': 7, 'largest_component_fraction': 0.27934006441922293, 'fragment_fraction': 0.0, 'median_planarity': 0.00237778344005472, 'worst_planarity': 0.005028614536683402}, 'junctions': {'n_samples': 4000, 'junction_fraction': 0.00475, 'junctions': 19, 'radius': 5}}","{'fraction': 0.7648284912109375, 'border_touch_fraction': 0.02451530011691053, 'thickness': {'median': 8.0, 'p95': 8.0, 'max': 8.0, 'mean': 7.810719966888428, 'saturated': 0.9434697688523217}, 'skipped': 'thickness saturated for 94% of voxels: a region, not a sheet'}",1,0.034194122314453124,2.0,4.0,7,0.0,0.005028614536683402,0.00475
sample_00576,True,True,"[320, 320, 320]",,uint8,LZW,632985,,"[320, 320, 320]",,uint8,LZW,37347220,,"[320, 320, 320]",uint8,"[0, 1, 2]",0.16516107177734374,0.022295745849609375,0.8125431823730469,3,0.8348389282226563,0.022459422250371234,"{'fraction': 0.022295745849609375, 'border_touch_fraction': 0.0, 'thickness': {'median': 2.0, 'p95': 4.0, 'max': 6.0, 'mean': 2.780479907989502, 'saturated': 0.0}, 'components': {'n_components': 7, 'n_components_ge_min_size': 7, 'largest_component_fraction': 0.3207598821221839, 'fragment_fraction': 0.0, 'median_planarity': 0.005436565630068875, 'worst_planarity': 0.016707333274313674}, 'junctions': {'n_samples': 4000, 'junction_fraction': 0.00275, 'junctions': 11, 'radius': 5}}","{'fraction': 0.8125431823730469, 'border_touch_fraction': 0.023075696660502756, 'thickness': {'median': 8.0, 'p95': 8.0, 'max': 8.0, 'mean': 7.896790027618408, 'saturated': 0.9710044707284374}, 'skipped': 'thickness saturated for 97% of voxels: a region, not a sheet'}",1,0.022295745849609375,2.0,4.0,7,0.0,0.016707333274313674,0.00275
sample_00577,True,True,"[320, 320, 320]",,uint8,LZW,1414681,,"[320, 320, 320]",,uint8,LZW,37537442,,"[320, 320, 320]",uint8,"[0, 1, 2]",0.7052476196289063,0.07868038940429688,0.21607199096679688,3,0.29475238037109375,0.06361271782230805,"{'fraction': 0.07868038940429688, 'border_touch_fraction': 0.0, 'thickness': {'median': 2.0, 'p95': 4.0, 'max': 6.0, 'mean': 2.68284010887146, 'saturated': 0.0}, 'components': {'n_components': 9, 'n_components_ge_min_size': 9, 'largest_component_fraction': 0.12037472669875367, 'fragment_fraction': 0.0, 'median_planarity': 0.007595348876537108, 'worst_planarity': 0.015397470939535213}, 'junctions': {'n_samples': 4000, 'junction_fraction': 0.00325, 'junctions': 13, 'radius': 5}}","{'fraction': 0.21607199096679688, 'border_touch_fraction': 0.0867766336400411, 'thickness': {'median': 8.0, 'p95': 8.0, 'max': 8.0, 'mean': 7.099370002746582, 'saturated': 0.7525786882858748}, 'skipped': 'thickness saturated for 75% of voxels: a region, not a sheet'}",1,0.07868038940429688,2.0,4.0,9,0.0,0.015397470939535213,0.00325
sample_00580,True,True,"[320, 320, 320]",,uint8,LZW,844393,,"[320, 320, 320]",,uint8,LZW,36210703,,"[320, 320, 320]",uint8,"[0, 1, 2]",0.2706817626953125,0.030123016357421876,0.6991952209472656,3,0.7293182373046875,0.02570894164020035,"{'fraction': 0.030123016357421876, 'border_touch_fraction': 0.0, 'thickness': {'median': 2.0, 'p95': 4.0, 'max': 8.0, 'mean': 2.735830068588257, 'saturated': 0.0}, 'components': {'n_components': 3, 'n_components_ge_min_size': 3, 'largest_component_fraction': 0.3381134690412341, 'fragment_fraction': 0.0, 'median_planarity': 0.0034050564961742146, 'worst_planarity': 0.013379752817209701}, 'junctions': {'n_samples': 4000, 'junction_fraction': 0.00125, 'junctions': 5, 'radius': 5}}","{'fraction': 0.6991952209472656, 'border_touch_fraction': 0.026816544847943338, 'thickness': {'median': 8.0, 'p95': 8.0, 'max': 8.0, 'mean': 7.831980228424072, 'saturated': 0.9482263478750965}, 'skipped': 'thickness saturated for 95% of voxels: a region, not a sheet'}",1,0.030123016357421876,2.0,4.0,3,0.0,0.013379752817209701,0.00125
sample_00581,True,True,"[320, 320, 320]",,uint8,NONE,32821210,,"[320, 320, 320]",,uint8,LZW,36502325,,"[320, 320, 320]",uint8,"[0, 1, 2]",0.29506304931640626,0.04737716674804687,0.6575597839355469,3,0.7049369506835937,0.026598123395032265,"{'fraction': 0.04737716674804687, 'border_touch_fraction': 0.0, 'thickness': {'median': 2.0, 'p95': 4.0, 'max': 6.0, 'mean': 2.7648799419403076, 'saturated': 0.0}, 'components': {'n_components': 5, 'n_components_ge_min_size': 5, 'largest_component_fraction': 0.2134425796560931, 'fragment_fraction': 0.0, 'median_planarity': 0.0046339808214385155, 'worst_planarity': 0.010158567792747744}, 'junctions': {'n_samples': 4000, 'junction_fraction': 0.001, 'junctions': 4, 'radius': 5}}","{'fraction': 0.6575597839355469, 'border_touch_fraction': 0.02851451755120999, 'thickness': {'median': 8.0, 'p95': 8.0, 'max': 8.0, 'mean': 7.702849864959717, 'saturated': 0.9084583276151917}, 'skipped': 'thickness saturated for 91% of voxels: a region, not a sheet'}",1,0.04737716674804687,2.0,4.0,5,0.0,0.010158567792747744,0.001
sample_00589,True,True,"[320, 320, 320]",,uint8,NONE,32821210,,"[320, 320, 320]",,uint8,LZW,35852399,,"[320, 320, 320]",uint8,"[0, 1, 2]",0.5937891235351562,0.08066482543945312,0.32554605102539064,3,0.4062108764648438,0.046158291385934254,"{'fraction': 0.08066482543945312, 'border_touch_fraction': 0.0, 'thickness': {'median': 2.0, 'p95': 4.0, 'max': 8.0, 'mean': 2.669189929962158, 'saturated': 0.0}, 'components': {'n_components': 12, 'n_components_ge_min_size': 12, 'largest_component_fraction': 0.11348825771548014, 'fragment_fraction': 0.0, 'median_planarity': 0.002770740289008814, 'worst_planarity': 0.012857700749899503}, 'junctions': {'n_samples': 4000, 'junction_fraction': 0.0025, 'junctions': 10, 'radius': 5}}","{'fraction': 0.32554605102539064, 'border_touch_fraction': 0.05759553814565428, 'thickness': {'median': 8.0, 'p95': 8.0, 'max': 8.0, 'mean': 7.4654998779296875, 'saturated': 0.8549402375984685}, 'skipped': 'thickness saturated for 85% of voxels: a region, not a sheet'}",1,0.08066482543945312,2.0,4.0,12,0.0,0.012857700749899503,0.0025
sample_00597,True,True,"[320, 320, 320]",,uint8,LZW,1364281,,"[320, 320, 320]",,uint8,LZW,37558263,,"[320, 320, 320]",uint8,"[0, 1, 2]",0.69472265625,0.07455029296875,0.23072705078125,3,0.30527734375,0.06141955957057491,"{'fraction': 0.07455029296875, 'border_touch_fraction': 0.0, 'thickness': {'median': 2.0, 'p95': 4.0, 'max': 6.0, 'mean': 2.677609920501709, 'saturated': 0.0}, 'components': {'n_components': 9, 'n_components_ge_min_size': 9, 'largest_component_fraction': 0.1250573097806509, 'fragment_fraction': 0.0, 'median_planarity': 0.0037700891254546197, 'worst_planarity': 0.006603852262402482}, 'junctions': {'n_samples': 4000, 'junction_fraction': 0.003, 'junctions': 12, 'radius': 5}}","{'fraction': 0.23072705078125, 'border_touch_fraction': 0.08126485358570586, 'thickness': {'median': 8.0, 'p95': 8.0, 'max': 8.0, 'mean': 7.169000148773193, 'saturated': 0.7781908623597705}, 'skipped': 'thickness saturated for 78% of voxels: a region, not a sheet'}",1,0.07455029296875,2.0,4.0,9,0.0,0.006603852262402482,0.003
sample_00603,True,True,"[320, 320, 320]",,uint8,NONE,32821210,,"[320, 320, 320]",,uint8,LZW,34867321,,"[320, 320, 320]",uint8,"[0, 1, 2]",0.4293475036621094,0.04669024658203125,0.5239622497558594,3,0.5706524963378906,0.03285712429250092,"{'fraction': 0.04669024658203125, 'border_touch_fraction': 0.0, 'thickness': {'median': 2.0, 'p95': 4.0, 'max': 6.0, 'mean': 2.7123498916625977, 'saturated': 0.0}, 'components': {'n_components': 6, 'n_components_ge_min_size': 6, 'largest_component_fraction': 0.21302320474055947, 'fragment_fraction': 0.0, 'median_planarity': 0.010824514051550549, 'worst_planarity': 0.03047154634736261}, 'junctions': {'n_samples': 4000, 'junction_fraction': 0.001, 'junctions': 4, 'radius': 5}}","{'fraction': 0.5239622497558594, 'border_touch_fraction': 0.035785020788685784, 'thickness': {'median': 8.0, 'p95': 8.0, 'max': 8.0, 'mean': 7.613790035247803, 'saturated': 0.8843909105814222}, 'skipped': 'thickness saturated for 88% of voxels: a region, not a sheet'}",1,0.04669024658203125,2.0,4.0,6,0.0,0.03047154634736261,0.001
sample_00605,True,True,"[320, 320, 320]",,uint8,NONE,32821210,,"[320, 320, 320]",,uint8,LZW,34687984,,"[320, 320, 320]",uint8,"[0, 1, 2]",0.29647210693359377,0.03503988647460937,0.6684880065917969,3,0.7035278930664063,0.0266513953246061,"{'fraction': 0.03503988647460937, 'border_touch_fraction': 0.0, 'thickness': {'median': 2.0, 'p95': 4.0, 'max': 8.0, 'mean': 2.6625900268554688, 'saturated': 0.0}, 'components': {'n_components': 4, 'n_components_ge_min_size': 4, 'largest_component_fraction': 0.27367406180352155, 'fragment_fraction': 0.0, 'median_planarity': 0.02024730248915703, 'worst_planarity': 0.05118638389245356}, 'junctions': {'n_samples': 4000, 'junction_fraction': 0.004, 'junctions': 16, 'radius': 5}}","{'fraction': 0.6684880065917969, 'border_touch_fraction': 0.02804837157153282, 'thickness': {'median': 8.0, 'p95': 8.0, 'max': 8.0, 'mean': 7.799290180206299, 'saturated': 0.9431378157011077}, 'skipped': 'thickness saturated for 94% of voxels: a region, not a sheet'}",1,0.03503988647460937,2.0,4.0,4,0.0,0.05118638389245356,0.004
sample_00609,True,True,"[320, 320, 320]",,uint8,NONE,32821210,,"[320, 320, 320]",,uint8,LZW,36609450,,"[320, 320, 320]",uint8,"[0, 1, 2]",0.19028158569335937,0.0370703125,0.7726481018066407,3,0.8097184143066406,0.0231561980914755,"{'fraction': 0.0370703125, 'border_touch_fraction': 0.0, 'thickness': {'median': 2.0, 'p95': 4.0, 'max': 6.0, 'mean': 2.7039899826049805, 'saturated': 0.0}, 'components': {'n_components': 4, 'n_components_ge_min_size': 4, 'largest_component_fraction': 0.2581640213382508, 'fragment_fraction': 0.0, 'median_planarity': 0.0020172041278985003, 'worst_planarity': 0.0026333009024147257}, 'junctions': {'n_samples': 4000, 'junction_fraction': 0.00125, 'junctions': 5, 'radius': 5}}","{'fraction': 0.7726481018066407, 'border_touch_fraction': 0.024267192213580677, 'thickness': {'median': 8.0, 'p95': 8.0, 'max': 8.0, 'mean': 7.858069896697998, 'saturated': 0.9571737773871399}, 'skipped': 'thickness saturated for 96% of voxels: a region, not a sheet'}",1,0.0370703125,2.0,4.0,4,0.0,0.0026333009024147257,0.00125
sample_00613,True,True,"[320, 320, 320]",,uint8,LZW,1253513,,"[320, 320, 320]",,uint8,LZW,36901999,,"[320, 320, 320]",uint8,"[0, 1, 2]",0.6979652099609375,0.0617889404296875,0.240245849609375,3,0.3020347900390625,0.06207894129538866,"{'fraction': 0.0617889404296875, 'border_touch_fraction': 0.0, 'thickness': {'median': 2.0, 'p95': 4.0, 'max': 6.0, 'mean': 2.7891499996185303, 'saturated': 0.0}, 'components': {'n_components': 10, 'n_components_ge_min_size': 10, 'largest_component_fraction': 0.17197510742332198, 'fragment_fraction': 0.0, 'median_planarity': 0.0022132869861529536, 'worst_planarity': 0.008208094978735704}, 'junctions': {'n_samples': 4000, 'junction_fraction': 0.00075, 'junctions': 3, 'radius': 5}}","{'fraction': 0.240245849609375, 'border_touch_fraction': 0.07804505272614011, 'thickness': {'median': 8.0, 'p95': 8.0, 'max': 8.0, 'mean': 7.256269931793213, 'saturated': 0.8032563485280683}, 'skipped': 'thickness saturated for 80% of voxels: a region, not a sheet'}",1,0.0617889404296875,2.0,4.0,10,0.0,0.008208094978735704,0.00075
sample_00617,True,True,"[320, 320, 320]",,uint8,LZW,1302841,,"[320, 320, 320]",,uint8,LZW,36904585,,"[320, 320, 320]",uint8,"[0, 1, 2]",0.7223870849609375,0.066176513671875,0.2114364013671875,3,0.2776129150390625,0.06754008543644922,"{'fraction': 0.066176513671875, 'border_touch_fraction': 0.0, 'thickness': {'median': 2.0, 'p95': 4.0, 'max': 6.0, 'mean': 2.6703999042510986, 'saturated': 0.0}, 'components': {'n_components': 8, 'n_components_ge_min_size': 8, 'largest_component_fraction': 0.13947332499566514, 'fragment_fraction': 0.0, 'median_planarity': 0.002248620923551014, 'worst_planarity': 0.019772064178197504}, 'junctions': {'n_samples': 4000, 'junction_fraction': 0.00325, 'junctions': 13, 'radius': 5}}","{'fraction': 0.2114364013671875, 'border_touch_fraction': 0.08867914833377308, 'thickness': {'median': 8.0, 'p95': 8.0, 'max': 8.0, 'mean': 7.083099842071533, 'saturated': 0.7552416535659006}, 'skipped': 'thickness saturated for 76% of voxels: a region, not a sheet'}",1,0.066176513671875,2.0,4.0,8,0.0,0.019772064178197504,0.00325
sample_00619,True,True,"[320, 320, 320]",,uint8,NONE,32821210,,"[320, 320, 320]",,uint8,LZW,36740494,,"[320, 320, 320]",uint8,"[0, 1, 2]",0.5833106384277343,0.06049649047851562,0.35619287109375,3,0.4166893615722656,0.04499754908369127,"{'fraction': 0.06049649047851562, 'border_touch_fraction': 0.0, 'thickness': {'median': 2.0, 'p95': 4.0, 'max': 6.0, 'mean': 2.7765300273895264, 'saturated': 0.0}, 'components': {'n_components': 7, 'n_components_ge_min_size': 7, 'largest_component_fraction': 0.1760522491246496, 'fragment_fraction': 0.0, 'median_planarity': 0.005419429073202969, 'worst_planarity': 0.00729711992939704}, 'junctions': {'n_samples': 4000, 'junction_fraction': 0.0025, 'junctions': 10, 'radius': 5}}","{'fraction': 0.35619287109375, 'border_touch_fraction': 0.05264002039800791, 'thickness': {'median': 8.0, 'p95': 8.0, 'max': 8.0, 'mean': 7.547959804534912, 'saturated': 0.8746887350356348}, 'skipped': 'thickness saturated for 87% of voxels: a region, not a sheet'}",1,0.06049649047851562,2.0,4.0,7,0.0,0.00729711992939704,0.0025
sample_00627,True,True,"[320, 320, 320]",,uint8,LZW,551897,,"[320, 320, 320]",,uint8,LZW,35272594,,"[320, 320, 320]",uint8,"[0, 1, 2]",0.22547216796875,0.0485986328125,0.72592919921875,3,0.77452783203125,0.024208297267803658,"{'fraction': 0.0485986328125, 'border_touch_fraction': 0.0, 'thickness': {'median': 2.0, 'p95': 4.0, 'max': 6.0, 'mean': 2.66090989112854, 'saturated': 0.0}, 'components': {'n_components': 6, 'n_components_ge_min_size': 6, 'largest_component_fraction': 0.18739889982919722, 'fragment_fraction': 0.0, 'median_planarity': 0.0028528048682562993, 'worst_planarity': 0.006984096703223785}, 'junctions': {'n_samples': 4000, 'junction_fraction': 0.0025, 'junctions': 10, 'radius': 5}}","{'fraction': 0.72592919921875, 'border_touch_fraction': 0.02582896516654638, 'thickness': {'median': 8.0, 'p95': 8.0, 'max': 8.0, 'mean': 7.75432014465332, 'saturated': 0.9244347223352614}, 'skipped': 'thickness saturated for 92% of voxels: a region, not a sheet'}",1,0.0485986328125,2.0,4.0,6,0.0,0.006984096703223785,0.0025
sample_00633,True,True,"[320, 320, 320]",,uint8,NONE,32821210,,"[320, 320, 320]",,uint8,LZW,36166175,,"[320, 320, 320]",uint8,"[0, 1, 2]",0.4279585266113281,0.05342434692382812,0.5186171264648437,3,0.5720414733886718,0.03277734372811876,"{'fraction': 0.05342434692382812, 'border_touch_fraction': 0.0, 'thickness': {'median': 2.0, 'p95': 4.0, 'max': 6.0, 'mean': 2.694659948348999, 'saturated': 0.0}, 'components': {'n_components': 8, 'n_components_ge_min_size': 8, 'largest_component_fraction': 0.18198238441593753, 'fragment_fraction': 0.0, 'median_planarity': 0.005302367301967183, 'worst_planarity': 0.008808898082735443}, 'junctions': {'n_samples': 4000, 'junction_fraction': 0.00275, 'junctions': 11, 'radius': 5}}","{'fraction': 0.5186171264648437, 'border_touch_fraction': 0.036153838820961175, 'thickness': {'median': 8.0, 'p95': 8.0, 'max': 8.0, 'mean': 7.596909999847412, 'saturated': 0.8833479678706295}, 'skipped': 'thickness saturated for 88% of voxels: a region, not a sheet'}",1,0.05342434692382812,2.0,4.0,8,0.0,0.008808898082735443,0.00275
sample_00634,True,True,"[320, 320, 320]",,uint8,NONE,32821210,,"[320, 320, 320]",,uint8,LZW,37168202,,"[320, 320, 320]",uint8,"[0, 1, 2]",0.5605700073242188,0.0832200927734375,0.35620989990234375,3,0.43942999267578126,0.04266891271082186,"{'fraction': 0.0832200927734375, 'border_touch_fraction': 0.0, 'thickness': {'median': 2.0, 'p95': 4.0, 'max': 6.0, 'mean': 2.7652900218963623, 'saturated': 0.0}, 'components': {'n_components': 10, 'n_components_ge_min_size': 10, 'largest_component_fraction': 0.12345303701269841, 'fragment_fraction': 0.0, 'median_planarity': 0.0036616029264797158, 'worst_planarity': 0.007849988040397373}, 'junctions': {'n_samples': 4000, 'junction_fraction': 0.00175, 'junctions': 7, 'radius': 5}}","{'fraction': 0.35620989990234375, 'border_touch_fraction': 0.05263750391311522, 'thickness': {'median': 8.0, 'p95': 8.0, 'max': 8.0, 'mean': 7.5445098876953125, 'saturated': 0.8743551177549967}, 'skipped': 'thickness saturated for 87% of voxels: a region, not a sheet'}",1,0.0832200927734375,2.0,4.0,10,0.0,0.007849988040397373,0.00175
sample_00637,True,True,"[320, 320, 320]",,uint8,LZW,1245833,,"[320, 320, 320]",,uint8,LZW,36113118,,"[320, 320, 320]",uint8,"[0, 1, 2]",0.6392443542480468,0.06133416748046875,0.29942147827148435,3,0.3607556457519531,0.05197423857613596,"{'fraction': 0.06133416748046875, 'border_touch_fraction': 0.0, 'thickness': {'median': 2.0, 'p95': 4.0, 'max': 6.0, 'mean': 2.685420036315918, 'saturated': 0.0}, 'components': {'n_components': 8, 'n_components_ge_min_size': 8, 'largest_component_fraction': 0.15454786998494377, 'fragment_fraction': 0.0, 'median_planarity': 0.005277810674487297, 'worst_planarity': 0.01394138833978196}, 'junctions': {'n_samples': 4000, 'junction_fraction': 0.00325, 'junctions': 13, 'radius': 5}}","{'fraction': 0.29942147827148435, 'border_touch_fraction': 0.0626207582309758, 'thickness': {'median': 8.0, 'p95': 8.0, 'max': 8.0, 'mean': 7.380690097808838, 'saturated': 0.8341262340310187}, 'skipped': 'thickness saturated for 83% of voxels: a region, not a sheet'}",1,0.06133416748046875,2.0,4.0,8,0.0,0.01394138833978196,0.00325
sample_00642,True,True,"[320, 320, 320]",,uint8,NONE,32821210,,"[320, 320, 320]",,uint8,LZW,36622012,,"[320, 320, 320]",uint8,"[0, 1, 2]",0.3945394287109375,0.04700692749023438,0.5584536437988281,3,0.6054605712890625,0.030968160255390547,"{'fraction': 0.04700692749023438, 'border_touch_fraction': 0.0, 'thickness': {'median': 2.0, 'p95': 4.0, 'max': 6.0, 'mean': 2.728369951248169, 'saturated': 0.0}, 'components': {'n_components': 8, 'n_components_ge_min_size': 8, 'largest_component_fraction': 0.2126242353064909, 'fragment_fraction': 0.0, 'median_planarity': 0.005882652042874529, 'worst_planarity': 0.009499081398475372}, 'junctions': {'n_samples': 4000, 'junction_fraction': 0.00325, 'junctions': 13, 'radius': 5}}","{'fraction': 0.5584536437988281, 'border_touch_fraction': 0.033574854794490905, 'thickness': {'median': 8.0, 'p95': 8.0, 'max': 8.0, 'mean': 7.728829860687256, 'saturated': 0.9223657441614644}, 'skipped': 'thickness saturated for 92% of voxels: a region, not a sheet'}",1,0.04700692749023438,2.0,4.0,8,0.0,0.009499081398475372,0.00325
sample_00643,True,True,"[320, 320, 320]",,uint8,LZW,799817,,"[320, 320, 320]",,uint8,LZW,37019835,,"[320, 320, 320]",uint8,"[0, 1, 2]",0.18357666015625,0.026996246337890627,0.7894270935058594,3,0.81642333984375,0.0229660264288726,"{'fraction': 0.026996246337890627, 'border_touch_fraction': 0.0, 'thickness': {'median': 2.0, 'p95': 4.0, 'max': 6.0, 'mean': 2.7710700035095215, 'saturated': 0.0}, 'components': {'n_components': 4, 'n_components_ge_min_size': 4, 'largest_component_fraction': 0.3737815293241225, 'fragment_fraction': 0.0, 'median_planarity': 0.006632300976671589, 'worst_planarity': 0.009963773014498967}, 'junctions': {'n_samples': 4000, 'junction_fraction': 0.00275, 'junctions': 11, 'radius': 5}}","{'fraction': 0.7894270935058594, 'border_touch_fraction': 0.023751401686419104, 'thickness': {'median': 8.0, 'p95': 8.0, 'max': 8.0, 'mean': 7.817080020904541, 'saturated': 0.943474370037947}, 'skipped': 'thickness saturated for 94% of voxels: a region, not a sheet'}",1,0.026996246337890627,2.0,4.0,4,0.0,0.009963773014498967,0.00275
sample_00644,True,True,"[320, 320, 320]",,uint8,NONE,32821210,,"[320, 320, 320]",,uint8,LZW,37013208,,"[320, 320, 320]",uint8,"[0, 1, 2]",0.31871624755859373,0.03440377807617188,0.6468799743652344,3,0.6812837524414063,0.027521572227150085,"{'fraction': 0.03440377807617188, 'border_touch_fraction': 0.0, 'thickness': {'median': 2.0, 'p95': 4.0, 'max': 6.0, 'mean': 2.675230026245117, 'saturated': 0.0}, 'components': {'n_components': 5, 'n_components_ge_min_size': 5, 'largest_component_fraction': 0.27278122097711166, 'fragment_fraction': 0.0, 'median_planarity': 0.005564838998386951, 'worst_planarity': 0.01635292775367276}, 'junctions': {'n_samples': 4000, 'junction_fraction': 0.00325, 'junctions': 13, 'radius': 5}}","{'fraction': 0.6468799743652344, 'border_touch_fraction': 0.028985284354178475, 'thickness': {'median': 8.0, 'p95': 8.0, 'max': 8.0, 'mean': 7.815179824829102, 'saturated': 0.9480585497082766}, 'skipped': 'thickness saturated for 95% of voxels: a region, not a sheet'}",1,0.03440377807617188,2.0,4.0,5,0.0,0.01635292775367276,0.00325
sample_00650,True,True,"[320, 320, 320]",,uint8,LZW,1247017,,"[320, 320, 320]",,uint8,LZW,37190322,,"[320, 320, 320]",uint8,"[0, 1, 2]",0.5959089660644531,0.06278326416015625,0.3413077697753906,3,0.40409103393554685,0.046400435608256164,"{'fraction': 0.06278326416015625, 'border_touch_fraction': 0.0, 'thickness': {'median': 2.0, 'p95': 4.0, 'max': 6.0, 'mean': 2.68038010597229, 'saturated': 0.0}, 'components': {'n_components': 8, 'n_components_ge_min_size': 8, 'largest_component_fraction': 0.15084174167663938, 'fragment_fraction': 0.0, 'median_planarity': 0.009548921917034301, 'worst_planarity': 0.02140201593169446}, 'junctions': {'n_samples': 4000, 'junction_fraction': 0.00225, 'junctions': 9, 'radius': 5}}","{'fraction': 0.3413077697753906, 'border_touch_fraction': 0.054935754941468476, 'thickness': {'median': 8.0, 'p95': 8.0, 'max': 8.0, 'mean': 7.501049995422363, 'saturated': 0.8657921473880525}, 'skipped': 'thickness saturated for 87% of voxels: a region, not a sheet'}",1,0.06278326416015625,2.0,4.0,8,0.0,0.02140201593169446,0.00225
sample_00652,True,True,"[320, 320, 320]",,uint8,NONE,32821210,,"[320, 320, 320]",,uint8,LZW,35524072,,"[320, 320, 320]",uint8,"[0, 1, 2]",0.5415937805175781,0.06101495361328125,0.39739126586914064,3,0.4584062194824219,0.04090258640288581,"{'fraction': 0.06101495361328125, 'border_touch_fraction': 0.0, 'thickness': {'median': 2.0, 'p95': 4.0, 'max': 6.0, 'mean': 2.667720079421997, 'saturated': 0.0}, 'components': {'n_components': 7, 'n_components_ge_min_size': 7, 'largest_component_fraction': 0.15136360135204752, 'fragment_fraction': 0.0, 'median_planarity': 0.006497872953227091, 'worst_planarity': 0.009971079553765217}, 'junctions': {'n_samples': 4000, 'junction_fraction': 0.00375, 'junctions': 15, 'radius': 5}}","{'fraction': 0.39739126586914064, 'border_touch_fraction': 0.04718271791653896, 'thickness': {'median': 8.0, 'p95': 8.0, 'max': 8.0, 'mean': 7.591479778289795, 'saturated': 0.8853746399188371}, 'skipped': 'thickness saturated for 89% of voxels: a region, not a sheet'}",1,0.06101495361328125,2.0,4.0,7,0.0,0.009971079553765217,0.00375
sample_00657,True,True,"[320, 320, 320]",,uint8,NONE,32821210,,"[320, 320, 320]",,uint8,LZW,36294761,,"[320, 320, 320]",uint8,"[0, 1, 2]",0.34223867797851565,0.052761138916015624,0.6050001831054688,3,0.6577613220214844,0.028505780702300965,"{'fraction': 0.052761138916015624, 'border_touch_fraction': 0.0, 'thickness': {'median': 2.0, 'p95': 4.0, 'max': 6.0, 'mean': 2.673449993133545, 'saturated': 0.0}, 'components': {'n_components': 7, 'n_components_ge_min_size': 7, 'largest_component_fraction': 0.17555268535586974, 'fragment_fraction': 0.0, 'median_planarity': 0.005827434559780585, 'worst_planarity': 0.010974650016795434}, 'junctions': {'n_samples': 4000, 'junction_fraction': 0.00225, 'junctions': 9, 'radius': 5}}","{'fraction': 0.6050001831054688, 'border_touch_fraction': 0.030991726157430503, 'thickness': {'median': 8.0, 'p95': 8.0, 'max': 8.0, 'mean': 7.784110069274902, 'saturated': 0.9385157747583488}, 'skipped': 'thickness saturated for 94% of voxels: a region, not a sheet'}",1,0.052761138916015624,2.0,4.0,7,0.0,0.010974650016795434,0.00225
sample_00662,True,True,"[320, 320, 320]",,uint8,LZW,714281,,"[320, 320, 320]",,uint8,LZW,36462973,,"[320, 320, 320]",uint8,"[0, 1, 2]",0.24853237915039061,0.02131488037109375,0.7301527404785156,3,0.7514676208496094,0.024951174847428887,"{'fraction': 0.02131488037109375, 'border_touch_fraction': 0.0, 'thickness': {'median': 2.0, 'p95': 4.0, 'max': 6.0, 'mean': 2.7561299800872803, 'saturated': 0.0}, 'components': {'n_components': 6, 'n_components_ge_min_size': 6, 'largest_component_fraction': 0.3855201404260315, 'fragment_fraction': 0.0, 'median_planarity': 0.008310002393157585, 'worst_planarity': 0.01796886282554482}, 'junctions': {'n_samples': 4000, 'junction_fraction': 0.00225, 'junctions': 9, 'radius': 5}}","{'fraction': 0.7301527404785156, 'border_touch_fraction': 0.025679558482122427, 'thickness': {'median': 8.0, 'p95': 8.0, 'max': 8.0, 'mean': 7.8613200187683105, 'saturated': 0.961540430780445}, 'skipped': 'thickness saturated for 96% of voxels: a region, not a sheet'}",1,0.02131488037109375,2.0,4.0,6,0.0,0.01796886282554482,0.00225
sample_00666,True,True,"[320, 320, 320]",,uint8,NONE,32821210,,"[320, 320, 320]",,uint8,LZW,37310431,,"[320, 320, 320]",uint8,"[0, 1, 2]",0.32773095703125,0.039158782958984374,0.6331102600097657,3,0.67226904296875,0.027890619382382572,"{'fraction': 0.039158782958984374, 'border_touch_fraction': 0.0, 'thickness': {'median': 2.0, 'p95': 4.0, 'max': 6.0, 'mean': 2.8055500984191895, 'saturated': 0.0}, 'components': {'n_components': 4, 'n_components_ge_min_size': 4, 'largest_component_fraction': 0.2714917527500575, 'fragment_fraction': 0.0, 'median_planarity': 0.010868749748738686, 'worst_planarity': 0.013528883810366953}, 'junctions': {'n_samples': 4000, 'junction_fraction': 0.00175, 'junctions': 7, 'radius': 5}}","{'fraction': 0.6331102600097657, 'border_touch_fraction': 0.0296156944285041, 'thickness': {'median': 8.0, 'p95': 8.0, 'max': 8.0, 'mean': 7.81682014465332, 'saturated': 0.944500892399347}, 'skipped': 'thickness saturated for 94% of voxels: a region, not a sheet'}",1,0.039158782958984374,2.0,4.0,4,0.0,0.013528883810366953,0.00175
sample_00667,True,True,"[320, 320, 320]",,uint8,NONE,32821210,,"[320, 320, 320]",,uint8,LZW,37362677,,"[320, 320, 320]",uint8,"[0, 1, 2]",0.38557437133789063,0.05350588989257812,0.5609197387695313,3,0.6144256286621094,0.030516305188680815,"{'fraction': 0.05350588989257812, 'border_touch_fraction': 0.0, 'thickness': {'median': 2.0, 'p95': 4.0, 'max': 6.0, 'mean': 2.6904799938201904, 'saturated': 0.0}, 'components': {'n_components': 7, 'n_components_ge_min_size': 7, 'largest_component_fraction': 0.17965745365403493, 'fragment_fraction': 0.0, 'median_planarity': 0.010628835818400439, 'worst_planarity': 0.02338529895650911}, 'junctions': {'n_samples': 4000, 'junction_fraction': 0.00375, 'junctions': 15, 'radius': 5}}","{'fraction': 0.5609197387695313, 'border_touch_fraction': 0.03342724226665864, 'thickness': {'median': 8.0, 'p95': 8.0, 'max': 8.0, 'mean': 7.641510009765625, 'saturated': 0.8937862434493432}, 'skipped': 'thickness saturated for 89% of voxels: a region, not a sheet'}",1,0.05350588989257812,2.0,4.0,7,0.0,0.02338529895650911,0.00375
sample_00672,True,True,"[320, 320, 320]",,uint8,NONE,32821210,,"[320, 320, 320]",,uint8,LZW,36329805,,"[320, 320, 320]",uint8,"[0, 1, 2]",0.8673887329101563,0.07740936279296876,0.055201904296875,3,0.13261126708984375,0.14139070089193045,"{'fraction': 0.07740936279296876, 'border_touch_fraction': 0.0, 'thickness': {'median': 2.0, 'p95': 4.0, 'max': 8.0, 'mean': 2.705820083618164, 'saturated': 0.0}, 'components': {'n_components': 15, 'n_components_ge_min_size': 15, 'largest_component_fraction': 0.12834243362046874, 'fragment_fraction': 0.0, 'median_planarity': 0.007867849658093807, 'worst_planarity': 0.02839866564031844}, 'junctions': {'n_samples': 4000, 'junction_fraction': 0.0045, 'junctions': 18, 'radius': 5}}","{'fraction': 0.055201904296875, 'border_touch_fraction': 0.3396621953322984, 'thickness': {'median': 4.0, 'p95': 6.0, 'max': 14.0, 'mean': 4.07459020614624, 'saturated': 0.0}, 'components': {'n_components': 1, 'n_components_ge_min_size': 1, 'largest_component_fraction': 1.0, 'fragment_fraction': 0.0, 'median_planarity': 0.33223717243291884, 'worst_planarity': 0.33223717243291884}, 'junctions': {'n_samples': 4000, 'junction_fraction': 0.0, 'junctions': 0, 'radius': 5}}",1,0.07740936279296876,2.0,4.0,15,0.0,0.02839866564031844,0.0045
sample_00673,True,True,"[320, 320, 320]",,uint8,LZW,735993,,"[320, 320, 320]",,uint8,LZW,37392205,,"[320, 320, 320]",uint8,"[0, 1, 2]",0.17802291870117187,0.027431365966796874,0.7945457153320312,3,0.8219770812988281,0.022810854981957184,"{'fraction': 0.027431365966796874, 'border_touch_fraction': 0.0, 'thickness': {'median': 2.0, 'p95': 4.0, 'max': 6.0, 'mean': 2.6708099842071533, 'saturated': 0.0}, 'components': {'n_components': 3, 'n_components_ge_min_size': 3, 'largest_component_fraction': 0.33550642973240874, 'fragment_fraction': 0.0, 'median_planarity': 0.01847378773491269, 'worst_planarity': 0.019009673645127168}, 'junctions': {'n_samples': 4000, 'junction_fraction': 0.00275, 'junctions': 11, 'radius': 5}}","{'fraction': 0.7945457153320312, 'border_touch_fraction': 0.02359839042384691, 'thickness': {'median': 8.0, 'p95': 8.0, 'max': 8.0, 'mean': 7.8727498054504395, 'saturated': 0.9603349619449069}, 'skipped': 'thickness saturated for 96% of voxels: a region, not a sheet'}",1,0.027431365966796874,2.0,4.0,3,0.0,0.019009673645127168,0.00275
sample_00690,True,True,"[320, 320, 320]",,uint8,NONE,32821210,,"[320, 320, 320]",,uint8,LZW,35040162,,"[320, 320, 320]",uint8,"[0, 1, 2]",0.221231689453125,0.027619049072265624,0.7511492614746094,3,0.778768310546875,0.024076480444913295,"{'fraction': 0.027619049072265624, 'border_touch_fraction': 0.0, 'thickness': {'median': 2.0, 'p95': 4.0, 'max': 6.0, 'mean': 2.6748900413513184, 'saturated': 0.0}, 'components': {'n_components': 3, 'n_components_ge_min_size': 3, 'largest_component_fraction': 0.3342287085051065, 'fragment_fraction': 0.0, 'median_planarity': 0.012467969603528882, 'worst_planarity': 0.01386640329868585}, 'junctions': {'n_samples': 4000, 'junction_fraction': 0.004, 'junctions': 16, 'radius': 5}}","{'fraction': 0.7511492614746094, 'border_touch_fraction': 0.024961749896673224, 'thickness': {'median': 8.0, 'p95': 8.0, 'max': 8.0, 'mean': 7.842209815979004, 'saturated': 0.9527288892724157}, 'skipped': 'thickness saturated for 95% of voxels: a region, not a sheet'}",1,0.027619049072265624,2.0,4.0,3,0.0,0.01386640329868585,0.004
sample_00695,True,True,"[320, 320, 320]",,uint8,NONE,32821210,,"[320, 320, 320]",,uint8,LZW,36889141,,"[320, 320, 320]",uint8,"[0, 1, 2]",0.16453680419921876,0.03781524658203125,0.79764794921875,3,0.8354631958007812,0.022442640315266497,"{'fraction': 0.03781524658203125, 'border_touch_fraction': 0.0, 'thickness': {'median': 2.0, 'p95': 4.0, 'max': 6.0, 'mean': 2.7101199626922607, 'saturated': 0.0}, 'components': {'n_components': 5, 'n_components_ge_min_size': 5, 'largest_component_fraction': 0.25415654531808607, 'fragment_fraction': 0.0, 'median_planarity': 0.0027592985516570836, 'worst_planarity': 0.0059306338652715855}, 'junctions': {'n_samples': 4000, 'junction_fraction': 0.002, 'junctions': 8, 'radius': 5}}","{'fraction': 0.79764794921875, 'border_touch_fraction': 0.023506610928247906, 'thickness': {'median': 8.0, 'p95': 8.0, 'max': 8.0, 'mean': 7.813650131225586, 'saturated': 0.9418245813037966}, 'skipped': 'thickness saturated for 94% of voxels: a region, not a sheet'}",1,0.03781524658203125,2.0,4.0,5,0.0,0.0059306338652715855,0.002
sample_00703,True,True,"[320, 320, 320]",,uint8,NONE,32821210,,"[320, 320, 320]",,uint8,LZW,36067965,,"[320, 320, 320]",uint8,"[0, 1, 2]",0.7012007446289062,0.0971043701171875,0.20169488525390625,3,0.29879925537109375,0.06275116039601047,"{'fraction': 0.0971043701171875, 'border_touch_fraction': 0.0, 'thickness': {'median': 2.0, 'p95': 4.0, 'max': 8.0, 'mean': 2.708669900894165, 'saturated': 0.0}, 'components': {'n_components': 12, 'n_components_ge_min_size': 12, 'largest_component_fraction': 0.09852585674794684, 'fragment_fraction': 0.0, 'median_planarity': 0.004840044578235765, 'worst_planarity': 0.007478466455395732}, 'junctions': {'n_samples': 4000, 'junction_fraction': 0.0025, 'junctions': 10, 'radius': 5}}","{'fraction': 0.20169488525390625, 'border_touch_fraction': 0.09296219870125272, 'thickness': {'median': 8.0, 'p95': 8.0, 'max': 8.0, 'mean': 7.047910213470459, 'saturated': 0.7452570970677266}, 'skipped': 'thickness saturated for 75% of voxels: a region, not a sheet'}",1,0.0971043701171875,2.0,4.0,12,0.0,0.007478466455395732,0.0025
sample_00714,True,True,"[320, 320, 320]",,uint8,NONE,32821210,,"[320, 320, 320]",,uint8,LZW,36606963,,"[320, 320, 320]",uint8,"[0, 1, 2]",0.440753662109375,0.05036151123046875,0.5088848266601562,3,0.559246337890625,0.0335272646946989,"{'fraction': 0.05036151123046875, 'border_touch_fraction': 0.0, 'thickness': {'median': 2.0, 'p95': 4.0, 'max': 8.0, 'mean': 2.702270030975342, 'saturated': 0.0}, 'components': {'n_components': 6, 'n_components_ge_min_size': 6, 'largest_component_fraction': 0.19020679341140653, 'fragment_fraction': 0.0, 'median_planarity': 0.008863705784295088, 'worst_planarity': 0.01917739215022757}, 'junctions': {'n_samples': 4000, 'junction_fraction': 0.002, 'junctions': 8, 'radius': 5}}","{'fraction': 0.5088848266601562, 'border_touch_fraction': 0.03684527228500298, 'thickness': {'median': 8.0, 'p95': 8.0, 'max': 8.0, 'mean': 7.7164998054504395, 'saturated': 0.9192594388124404}, 'skipped': 'thickness saturated for 92% of voxels: a region, not a sheet'}",1,0.05036151123046875,2.0,4.0,6,0.0,0.01917739215022757,0.002
sample_00715,True,True,"[320, 320, 320]",,uint8,LZW,792249,,"[320, 320, 320]",,uint8,LZW,36245327,,"[320, 320, 320]",uint8,"[0, 1, 2]",0.2283134765625,0.02526715087890625,0.7464193725585937,3,0.7716865234375,0.0242974309263269,"{'fraction': 0.02526715087890625, 'border_touch_fraction': 0.0, 'thickness': {'median': 2.0, 'p95': 4.0, 'max': 8.0, 'mean': 2.709019899368286, 'saturated': 0.0}, 'components': {'n_components': 3, 'n_components_ge_min_size': 3, 'largest_component_fraction': 0.40079038207436646, 'fragment_fraction': 0.0, 'median_planarity': 0.006065765199780891, 'worst_planarity': 0.010822016530993158}, 'junctions': {'n_samples': 4000, 'junction_fraction': 0.00475, 'junctions': 19, 'radius': 5}}","{'fraction': 0.7464193725585937, 'border_touch_fraction': 0.025119926798963313, 'thickness': {'median': 8.0, 'p95': 8.0, 'max': 8.0, 'mean': 7.860990047454834, 'saturated': 0.9578659428333592}, 'skipped': 'thickness saturated for 96% of voxels: a region, not a sheet'}",1,0.02526715087890625,2.0,4.0,3,0.0,0.010822016530993158,0.00475
sample_00719,True,True,"[320, 320, 320]",,uint8,LZW,1048489,,"[320, 320, 320]",,uint8,LZW,36601527,,"[320, 320, 320]",uint8,"[0, 1, 2]",0.36755575561523435,0.04767657470703125,0.5847676696777344,3,0.6324442443847657,0.02964688218206457,"{'fraction': 0.04767657470703125, 'border_touch_fraction': 0.0, 'thickness': {'median': 2.0, 'p95': 4.0, 'max': 6.0, 'mean': 2.6727099418640137, 'saturated': 0.0}, 'components': {'n_components': 7, 'n_components_ge_min_size': 7, 'largest_component_fraction': 0.20228629439544865, 'fragment_fraction': 0.0, 'median_planarity': 0.004615068637614728, 'worst_planarity': 0.022726437486000884}, 'junctions': {'n_samples': 4000, 'junction_fraction': 0.003, 'junctions': 12, 'radius': 5}}","{'fraction': 0.5847676696777344, 'border_touch_fraction': 0.032064016142228126, 'thickness': {'median': 8.0, 'p95': 8.0, 'max': 8.0, 'mean': 7.738540172576904, 'saturated': 0.92282388583415}, 'skipped': 'thickness saturated for 92% of voxels: a region, not a sheet'}",1,0.04767657470703125,2.0,4.0,7,0.0,0.022726437486000884,0.003
sample_00720,True,True,"[320, 320, 320]",,uint8,NONE,32821210,,"[320, 320, 320]",,uint8,LZW,36527041,,"[320, 320, 320]",uint8,"[0, 1, 2]",0.368375244140625,0.049082855224609374,0.5825419006347656,3,0.631624755859375,0.029685346918502515,"{'fraction': 0.049082855224609374, 'border_touch_fraction': 0.0, 'thickness': {'median': 2.0, 'p95': 4.0, 'max': 6.0, 'mean': 2.740530014038086, 'saturated': 0.0}, 'components': {'n_components': 11, 'n_components_ge_min_size': 11, 'largest_component_fraction': 0.2205257944958395, 'fragment_fraction': 0.0, 'median_planarity': 0.006194069014049495, 'worst_planarity': 0.017803727720031293}, 'junctions': {'n_samples': 4000, 'junction_fraction': 0.003, 'junctions': 12, 'radius': 5}}","{'fraction': 0.5825419006347656, 'border_touch_fraction': 0.03218652594700759, 'thickness': {'median': 8.0, 'p95': 8.0, 'max': 8.0, 'mean': 7.6420698165893555, 'saturated': 0.8998466268033609}, 'skipped': 'thickness saturated for 90% of voxels: a region, not a sheet'}",1,0.049082855224609374,2.0,4.0,11,0.0,0.017803727720031293,0.003
sample_00734,True,True,"[320, 320, 320]",,uint8,LZW,697017,,"[320, 320, 320]",,uint8,LZW,36166268,,"[320, 320, 320]",uint8,"[0, 1, 2]",0.3166337585449219,0.043944183349609374,0.6394220581054687,3,0.6833662414550781,0.027437703039114133,"{'fraction': 0.043944183349609374, 'border_touch_fraction': 0.0, 'thickness': {'median': 2.0, 'p95': 4.0, 'max': 6.0, 'mean': 2.6767499446868896, 'saturated': 0.0}, 'components': {'n_components': 5, 'n_components_ge_min_size': 5, 'largest_component_fraction': 0.21188599984860723, 'fragment_fraction': 0.0, 'median_planarity': 0.003993262950710432, 'worst_planarity': 0.0062228984659200275}, 'junctions': {'n_samples': 4000, 'junction_fraction': 0.00225, 'junctions': 9, 'radius': 5}}","{'fraction': 0.6394220581054687, 'border_touch_fraction': 0.029323354992716412, 'thickness': {'median': 8.0, 'p95': 8.0, 'max': 8.0, 'mean': 7.803500175476074, 'saturated': 0.9457996632586857}, 'skipped': 'thickness saturated for 95% of voxels: a region, not a sheet'}",1,0.043944183349609374,2.0,4.0,5,0.0,0.0062228984659200275,0.00225
sample_00735,True,True,"[320, 320, 320]",,uint8,LZW,912265,,"[320, 320, 320]",,uint8,LZW,37104746,,"[320, 320, 320]",uint8,"[0, 1, 2]",0.2605198669433594,0.04833935546875,0.6911407775878906,3,0.7394801330566406,0.025355650763052805,"{'fraction': 0.04833935546875, 'border_touch_fraction': 0.0, 'thickness': {'median': 2.0, 'p95': 4.0, 'max': 6.0, 'mean': 2.7367498874664307, 'saturated': 0.0}, 'components': {'n_components': 5, 'n_components_ge_min_size': 5, 'largest_component_fraction': 0.20452479317972908, 'fragment_fraction': 0.0, 'median_planarity': 0.0031794878783528565, 'worst_planarity': 0.003935238985614917}, 'junctions': {'n_samples': 4000, 'junction_fraction': 0.0015, 'junctions': 6, 'radius': 5}}","{'fraction': 0.6911407775878906, 'border_touch_fraction': 0.027129060544565552, 'thickness': {'median': 8.0, 'p95': 8.0, 'max': 8.0, 'mean': 7.823629856109619, 'saturated': 0.9471698636407049}, 'skipped': 'thickness saturated for 95% of voxels: a region, not a sheet'}",1,0.04833935546875,2.0,4.0,5,0.0,0.003935238985614917,0.0015
sample_00736,True,True,"[320, 320, 320]",,uint8,LZW,615305,,"[320, 320, 320]",,uint8,LZW,37349303,,"[320, 320, 320]",uint8,"[0, 1, 2]",0.1605140380859375,0.0236474609375,0.8158385009765625,3,0.8394859619140626,0.022335096536038827,"{'fraction': 0.0236474609375, 'border_touch_fraction': 0.0, 'thickness': {'median': 2.0, 'p95': 4.0, 'max': 6.0, 'mean': 2.7630200386047363, 'saturated': 0.0}, 'components': {'n_components': 3, 'n_components_ge_min_size': 3, 'largest_component_fraction': 0.3923394590130085, 'fragment_fraction': 0.0, 'median_planarity': 0.006134673562987798, 'worst_planarity': 0.006253952140267225}, 'junctions': {'n_samples': 4000, 'junction_fraction': 0.00125, 'junctions': 5, 'radius': 5}}","{'fraction': 0.8158385009765625, 'border_touch_fraction': 0.022982489766732218, 'thickness': {'median': 8.0, 'p95': 8.0, 'max': 8.0, 'mean': 7.886340141296387, 'saturated': 0.9656336965195144}, 'skipped': 'thickness saturated for 97% of voxels: a region, not a sheet'}",1,0.0236474609375,2.0,4.0,3,0.0,0.006253952140267225,0.00125
sample_00737,True,True,"[320, 320, 320]",,uint8,LZW,673993,,"[320, 320, 320]",,uint8,LZW,36129591,,"[320, 320, 320]",uint8,"[0, 1, 2]",0.3265660400390625,0.0383843994140625,0.635049560546875,3,0.6734339599609375,0.027842373736375863,"{'fraction': 0.0383843994140625, 'border_touch_fraction': 0.0, 'thickness': {'median': 2.0, 'p95': 4.0, 'max': 6.0, 'mean': 2.6819798946380615, 'saturated': 0.0}, 'components': {'n_components': 5, 'n_components_ge_min_size': 5, 'largest_component_fraction': 0.2484854267041931, 'fragment_fraction': 0.0, 'median_planarity': 0.004461181026744269, 'worst_planarity': 0.009679498649013941}, 'junctions': {'n_samples': 4000, 'junction_fraction': 0.00375, 'junctions': 15, 'radius': 5}}","{'fraction': 0.635049560546875, 'border_touch_fraction': 0.02952525466493257, 'thickness': {'median': 8.0, 'p95': 8.0, 'max': 8.0, 'mean': 7.810619831085205, 'saturated': 0.9452176776311212}, 'skipped': 'thickness saturated for 95% of voxels: a region, not a sheet'}",1,0.0383843994140625,2.0,4.0,5,0.0,0.009679498649013941,0.00375
sample_00740,True,True,"[320, 320, 320]",,uint8,NONE,32821210,,"[320, 320, 320]",,uint8,LZW,36002522,,"[320, 320, 320]",uint8,"[0, 1, 2]",0.4700917663574219,0.06475637817382812,0.46515185546875,3,0.5299082336425781,0.03538348493117929,"{'fraction': 0.06475637817382812, 'border_touch_fraction': 0.0, 'thickness': {'median': 2.0, 'p95': 4.0, 'max': 6.0, 'mean': 2.6875500679016113, 'saturated': 0.0}, 'components': {'n_components': 9, 'n_components_ge_min_size': 9, 'largest_component_fraction': 0.1442088054452135, 'fragment_fraction': 0.0, 'median_planarity': 0.0029175869584237408, 'worst_planarity': 0.003480083298646435}, 'junctions': {'n_samples': 4000, 'junction_fraction': 0.00275, 'junctions': 11, 'radius': 5}}","{'fraction': 0.46515185546875, 'border_touch_fraction': 0.040309416762628975, 'thickness': {'median': 8.0, 'p95': 8.0, 'max': 8.0, 'mean': 7.661439895629883, 'saturated': 0.9091731215969248}, 'skipped': 'thickness saturated for 91% of voxels: a region, not a sheet'}",1,0.06475637817382812,2.0,4.0,9,0.0,0.003480083298646435,0.00275
sample_00742,True,True,"[320, 320, 320]",,uint8,LZW,645929,,"[320, 320, 320]",,uint8,LZW,35692437,,"[320, 320, 320]",uint8,"[0, 1, 2]",0.3242251586914062,0.04562277221679688,0.6301520690917969,3,0.6757748413085938,0.02774592786510349,"{'fraction': 0.04562277221679688, 'border_touch_fraction': 0.0, 'thickness': {'median': 2.0, 'p95': 4.0, 'max': 6.0, 'mean': 2.6710500717163086, 'saturated': 0.0}, 'components': {'n_components': 5, 'n_components_ge_min_size': 5, 'largest_component_fraction': 0.20069138649883242, 'fragment_fraction': 0.0, 'median_planarity': 0.0017333757875282667, 'worst_planarity': 0.0020580912450035216}, 'junctions': {'n_samples': 4000, 'junction_fraction': 0.0055, 'junctions': 22, 'radius': 5}}","{'fraction': 0.6301520690917969, 'border_touch_fraction': 0.02975472258152438, 'thickness': {'median': 8.0, 'p95': 8.0, 'max': 8.0, 'mean': 7.798449993133545, 'saturated': 0.939277604345778}, 'skipped': 'thickness saturated for 94% of voxels: a region, not a sheet'}",1,0.04562277221679688,2.0,4.0,5,0.0,0.0020580912450035216,0.0055
sample_00743,True,True,"[320, 320, 320]",,uint8,NONE,32821210,,"[320, 320, 320]",,uint8,LZW,36286865,,"[320, 320, 320]",uint8,"[0, 1, 2]",0.3356524963378906,0.05214859008789063,0.6121989135742187,3,0.6643475036621094,0.02822318123669258,"{'fraction': 0.05214859008789063, 'border_touch_fraction': 0.0, 'thickness': {'median': 2.0, 'p95': 4.0, 'max': 6.0, 'mean': 2.693819999694824, 'saturated': 0.0}, 'components': {'n_components': 6, 'n_components_ge_min_size': 6, 'largest_component_fraction': 0.18184696322868907, 'fragment_fraction': 0.0, 'median_planarity': 0.0021122733049323272, 'worst_planarity': 0.003630729000403178}, 'junctions': {'n_samples': 4000, 'junction_fraction': 0.00125, 'junctions': 5, 'radius': 5}}","{'fraction': 0.6121989135742187, 'border_touch_fraction': 0.030627300350030563, 'thickness': {'median': 8.0, 'p95': 8.0, 'max': 8.0, 'mean': 7.793920040130615, 'saturated': 0.9396034522311321}, 'skipped': 'thickness saturated for 94% of voxels: a region, not a sheet'}",1,0.05214859008789063,2.0,4.0,6,0.0,0.003630729000403178,0.00125
sample_00747,True,True,"[320, 320, 320]",,uint8,NONE,32821210,,"[320, 320, 320]",,uint8,LZW,36299674,,"[320, 320, 320]",uint8,"[0, 1, 2]",0.3874546203613281,0.07193905639648437,0.5406063232421875,3,0.6125453796386718,0.03060997702906558,"{'fraction': 0.07193905639648437, 'border_touch_fraction': 0.0, 'thickness': {'median': 2.0, 'p95': 4.0, 'max': 6.0, 'mean': 2.698280096054077, 'saturated': 0.0}, 'components': {'n_components': 15, 'n_components_ge_min_size': 15, 'largest_component_fraction': 0.13369835561801877, 'fragment_fraction': 0.0, 'median_planarity': 0.0028919699206132513, 'worst_planarity': 0.005488494545139927}, 'junctions': {'n_samples': 4000, 'junction_fraction': 0.0035, 'junctions': 14, 'radius': 5}}","{'fraction': 0.5406063232421875, 'border_touch_fraction': 0.03468327911436608, 'thickness': {'median': 8.0, 'p95': 8.0, 'max': 8.0, 'mean': 7.494359970092773, 'saturated': 0.8528891555366684}, 'skipped': 'thickness saturated for 85% of voxels: a region, not a sheet'}",1,0.07193905639648437,2.0,4.0,15,0.0,0.005488494545139927,0.0035
sample_00750,True,True,"[320, 320, 320]",,uint8,NONE,32821210,,"[320, 320, 320]",,uint8,LZW,37689688,,"[320, 320, 320]",uint8,"[0, 1, 2]",0.3892843017578125,0.06530282592773437,0.5454128723144531,3,0.6107156982421875,0.03070168337569806,"{'fraction': 0.06530282592773437, 'border_touch_fraction': 0.0, 'thickness': {'median': 2.0, 'p95': 4.0, 'max': 6.0, 'mean': 2.695189952850342, 'saturated': 0.0}, 'components': {'n_components': 7, 'n_components_ge_min_size': 7, 'largest_component_fraction': 0.1461485725821941, 'fragment_fraction': 0.0, 'median_planarity': 0.004841923515247935, 'worst_planarity': 0.016456691444014567}, 'junctions': {'n_samples': 4000, 'junction_fraction': 0.003, 'junctions': 12, 'radius': 5}}","{'fraction': 0.5454128723144531, 'border_touch_fraction': 0.03437762647668104, 'thickness': {'median': 8.0, 'p95': 8.0, 'max': 8.0, 'mean': 7.723519802093506, 'saturated': 0.9204246353070422}, 'skipped': 'thickness saturated for 92% of voxels: a region, not a sheet'}",1,0.06530282592773437,2.0,4.0,7,0.0,0.016456691444014567,0.003
sample_00756,True,True,"[320, 320, 320]",,uint8,LZW,1310985,,"[320, 320, 320]",,uint8,LZW,37254953,,"[320, 320, 320]",uint8,"[0, 1, 2]",0.629424560546875,0.07139828491210938,0.2991771545410156,3,0.370575439453125,0.050596985131206286,"{'fraction': 0.07139828491210938, 'border_touch_fraction': 0.0, 'thickness': {'median': 2.0, 'p95': 4.0, 'max': 6.0, 'mean': 2.7107999324798584, 'saturated': 0.0}, 'components': {'n_components': 8, 'n_components_ge_min_size': 8, 'largest_component_fraction': 0.13501873627691136, 'fragment_fraction': 0.0, 'median_planarity': 0.0062020293477224025, 'worst_planarity': 0.014519896963570724}, 'junctions': {'n_samples': 4000, 'junction_fraction': 0.0035, 'junctions': 14, 'radius': 5}}","{'fraction': 0.2991771545410156, 'border_touch_fraction': 0.06267189762121182, 'thickness': {'median': 8.0, 'p95': 8.0, 'max': 8.0, 'mean': 7.410900115966797, 'saturated': 0.8343290215462189}, 'skipped': 'thickness saturated for 83% of voxels: a region, not a sheet'}",1,0.07139828491210938,2.0,4.0,8,0.0,0.014519896963570724,0.0035
sample_00768,True,True,"[320, 320, 320]",,uint8,NONE,32821210,,"[320, 320, 320]",,uint8,LZW,35594199,,"[320, 320, 320]",uint8,"[0, 1, 2]",0.6207588195800782,0.07932107543945313,0.2999201049804687,3,0.3792411804199219,0.049440833348421476,"{'fraction': 0.07932107543945313, 'border_touch_fraction': 0.0, 'thickness': {'median': 2.0, 'p95': 4.0, 'max': 8.0, 'mean': 2.7043800354003906, 'saturated': 0.0}, 'components': {'n_components': 13, 'n_components_ge_min_size': 13, 'largest_component_fraction': 0.1190838848827309, 'fragment_fraction': 0.0, 'median_planarity': 0.006875403698473147, 'worst_planarity': 0.017108446534711306}, 'junctions': {'n_samples': 4000, 'junction_fraction': 0.0025, 'junctions': 10, 'radius': 5}}","{'fraction': 0.2999201049804687, 'border_touch_fraction': 0.06251664922970412, 'thickness': {'median': 8.0, 'p95': 8.0, 'max': 8.0, 'mean': 7.150569915771484, 'saturated': 0.7634435725171763}, 'skipped': 'thickness saturated for 76% of voxels: a region, not a sheet'}",1,0.07932107543945313,2.0,4.0,13,0.0,0.017108446534711306,0.0025
sample_00782,True,True,"[320, 320, 320]",,uint8,NONE,32821210,,"[320, 320, 320]",,uint8,LZW,35839296,,"[320, 320, 320]",uint8,"[0, 1, 2]",0.5180191955566407,0.080611083984375,0.4013697204589844,3,0.4819808044433594,0.03890196420094865,"{'fraction': 0.080611083984375, 'border_touch_fraction': 0.0, 'thickness': {'median': 2.0, 'p95': 4.0, 'max': 6.0, 'mean': 2.6594600677490234, 'saturated': 0.0}, 'components': {'n_components': 14, 'n_components_ge_min_size': 14, 'largest_component_fraction': 0.11368279105829192, 'fragment_fraction': 0.0, 'median_planarity': 0.0020698194785709863, 'worst_planarity': 0.004117448202957308}, 'junctions': {'n_samples': 4000, 'junction_fraction': 0.00325, 'junctions': 13, 'radius': 5}}","{'fraction': 0.4013697204589844, 'border_touch_fraction': 0.04671503365664587, 'thickness': {'median': 8.0, 'p95': 8.0, 'max': 8.0, 'mean': 7.4090800285339355, 'saturated': 0.8349189250098255}, 'skipped': 'thickness saturated for 83% of voxels: a region, not a sheet'}",1,0.080611083984375,2.0,4.0,14,0.0,0.004117448202957308,0.00325
sample_00788,True,True,"[320, 320, 320]",,uint8,NONE,32821210,,"[320, 320, 320]",,uint8,LZW,37767435,,"[320, 320, 320]",uint8,"[0, 1, 2]",0.3749028015136719,0.038099151611328125,0.586998046875,3,0.6250971984863282,0.029995335198114943,"{'fraction': 0.038099151611328125, 'border_touch_fraction': 0.0, 'thickness': {'median': 2.0, 'p95': 4.0, 'max': 8.0, 'mean': 2.732719898223877, 'saturated': 0.0}, 'components': {'n_components': 4, 'n_components_ge_min_size': 4, 'largest_component_fraction': 0.26492731287942567, 'fragment_fraction': 0.0, 'median_planarity': 0.004135327544463332, 'worst_planarity': 0.00882553242228159}, 'junctions': {'n_samples': 4000, 'junction_fraction': 0.00075, 'junctions': 3, 'radius': 5}}","{'fraction': 0.586998046875, 'border_touch_fraction': 0.03194218464579112, 'thickness': {'median': 8.0, 'p95': 8.0, 'max': 8.0, 'mean': 7.775889873504639, 'saturated': 0.934259927032072}, 'skipped': 'thickness saturated for 93% of voxels: a region, not a sheet'}",1,0.038099151611328125,2.0,4.0,4,0.0,0.00882553242228159,0.00075
sample_00789,True,True,"[320, 320, 320]",,uint8,NONE,32821210,,"[320, 320, 320]",,uint8,LZW,36495599,,"[320, 320, 320]",uint8,"[0, 1, 2]",0.36267507934570314,0.03778115844726562,0.5995437622070312,3,0.6373249206542969,0.02941984440330795,"{'fraction': 0.03778115844726562, 'border_touch_fraction': 0.0, 'thickness': {'median': 2.0, 'p95': 4.0, 'max': 6.0, 'mean': 2.7053399085998535, 'saturated': 0.0}, 'components': {'n_components': 7, 'n_components_ge_min_size': 7, 'largest_component_fraction': 0.25487616042804073, 'fragment_fraction': 0.0, 'median_planarity': 0.010508127691898243, 'worst_planarity': 0.01140597341696934}, 'junctions': {'n_samples': 4000, 'junction_fraction': 0.003, 'junctions': 12, 'radius': 5}}","{'fraction': 0.5995437622070312, 'border_touch_fraction': 0.03127378046763057, 'thickness': {'median': 8.0, 'p95': 8.0, 'max': 8.0, 'mean': 7.705150127410889, 'saturated': 0.9123219916674514}, 'skipped': 'thickness saturated for 91% of voxels: a region, not a sheet'}",1,0.03778115844726562,2.0,4.0,7,0.0,0.01140597341696934,0.003
sample_00794,True,True,"[320, 320, 320]",,uint8,NONE,32821210,,"[320, 320, 320]",,uint8,LZW,35527953,,"[320, 320, 320]",uint8,"[0, 1, 2]",0.2177734375,0.023252288818359376,0.7589742736816406,3,0.7822265625,0.02397003745318352,"{'fraction': 0.023252288818359376, 'border_touch_fraction': 0.0, 'thickness': {'median': 2.0, 'p95': 4.0, 'max': 6.0, 'mean': 2.7281200885772705, 'saturated': 0.0}, 'components': {'n_components': 5, 'n_components_ge_min_size': 5, 'largest_component_fraction': 0.4067743667077465, 'fragment_fraction': 0.0, 'median_planarity': 0.02014621801748206, 'worst_planarity': 0.023862094553183725}, 'junctions': {'n_samples': 4000, 'junction_fraction': 0.0025, 'junctions': 10, 'radius': 5}}","{'fraction': 0.7589742736816406, 'border_touch_fraction': 0.02470439466814507, 'thickness': {'median': 8.0, 'p95': 8.0, 'max': 8.0, 'mean': 7.845719814300537, 'saturated': 0.9569421379570761}, 'skipped': 'thickness saturated for 96% of voxels: a region, not a sheet'}",1,0.023252288818359376,2.0,4.0,5,0.0,0.023862094553183725,0.0025
sample_00796,True,True,"[320, 320, 320]",,uint8,NONE,32821210,,"[320, 320, 320]",,uint8,LZW,37042588,,"[320, 320, 320]",uint8,"[0, 1, 2]",0.4333079833984375,0.03982501220703125,0.5268670043945313,3,0.5666920166015625,0.03308675515219584,"{'fraction': 0.03982501220703125, 'border_touch_fraction': 0.0, 'thickness': {'median': 2.0, 'p95': 4.0, 'max': 8.0, 'mean': 2.6732099056243896, 'saturated': 0.0}, 'components': {'n_components': 6, 'n_components_ge_min_size': 6, 'largest_component_fraction': 0.2410907090191006, 'fragment_fraction': 0.0, 'median_planarity': 0.008426808640125098, 'worst_planarity': 0.013771895423976941}, 'junctions': {'n_samples': 4000, 'junction_fraction': 0.00575, 'junctions': 23, 'radius': 5}}","{'fraction': 0.5268670043945313, 'border_touch_fraction': 0.03558772867461544, 'thickness': {'median': 8.0, 'p95': 8.0, 'max': 8.0, 'mean': 7.716700077056885, 'saturated': 0.9222802003060869}, 'skipped': 'thickness saturated for 92% of voxels: a region, not a sheet'}",1,0.03982501220703125,2.0,4.0,6,0.0,0.013771895423976941,0.00575
sample_00797,True,True,"[320, 320, 320]",,uint8,NONE,32821210,,"[320, 320, 320]",,uint8,LZW,35612761,,"[320, 320, 320]",uint8,"[0, 1, 2]",0.47290371704101564,0.05374246215820312,0.47335382080078126,3,0.5270962829589844,0.03557224857428755,"{'fraction': 0.05374246215820312, 'border_touch_fraction': 0.0, 'thickness': {'median': 2.0, 'p95': 4.0, 'max': 8.0, 'mean': 2.690700054168701, 'saturated': 0.0}, 'components': {'n_components': 8, 'n_components_ge_min_size': 8, 'largest_component_fraction': 0.17563838951342764, 'fragment_fraction': 0.0, 'median_planarity': 0.007013459017397789, 'worst_planarity': 0.01913283976126152}, 'junctions': {'n_samples': 4000, 'junction_fraction': 0.00525, 'junctions': 21, 'radius': 5}}","{'fraction': 0.47335382080078126, 'border_touch_fraction': 0.03961096155996013, 'thickness': {'median': 8.0, 'p95': 8.0, 'max': 8.0, 'mean': 7.530449867248535, 'saturated': 0.8649916078143453}, 'skipped': 'thickness saturated for 86% of voxels: a region, not a sheet'}",1,0.05374246215820312,2.0,4.0,8,0.0,0.01913283976126152,0.00525
sample_00798,True,True,"[320, 320, 320]",,uint8,NONE,32821210,,"[320, 320, 320]",,uint8,LZW,34682056,,"[320, 320, 320]",uint8,"[0, 1, 2]",0.4786957702636719,0.05089968872070313,0.470404541015625,3,0.5213042297363282,0.035967481041701145,"{'fraction': 0.05089968872070313, 'border_touch_fraction': 0.0, 'thickness': {'median': 2.0, 'p95': 4.0, 'max': 6.0, 'mean': 2.6598100662231445, 'saturated': 0.0}, 'components': {'n_components': 10, 'n_components_ge_min_size': 10, 'largest_component_fraction': 0.18017292600611196, 'fragment_fraction': 0.0, 'median_planarity': 0.004063596228222712, 'worst_planarity': 0.019585673579206316}, 'junctions': {'n_samples': 4000, 'junction_fraction': 0.002, 'junctions': 8, 'radius': 5}}","{'fraction': 0.470404541015625, 'border_touch_fraction': 0.03985930909492899, 'thickness': {'median': 8.0, 'p95': 8.0, 'max': 8.0, 'mean': 7.567259788513184, 'saturated': 0.8796143118793717}, 'skipped': 'thickness saturated for 88% of voxels: a region, not a sheet'}",1,0.05089968872070313,2.0,4.0,10,0.0,0.019585673579206316,0.002
sample_00802,True,True,"[320, 320, 320]",,uint8,LZW,928345,,"[320, 320, 320]",,uint8,LZW,36925770,,"[320, 320, 320]",uint8,"[0, 1, 2]",0.28141650390625,0.0465391845703125,0.6720443115234375,3,0.71858349609375,0.026093001163992473,"{'fraction': 0.0465391845703125, 'border_touch_fraction': 0.0, 'thickness': {'median': 2.0, 'p95': 4.0, 'max': 8.0, 'mean': 2.7721099853515625, 'saturated': 0.0}, 'components': {'n_components': 5, 'n_components_ge_min_size': 5, 'largest_component_fraction': 0.21900254164601088, 'fragment_fraction': 0.0, 'median_planarity': 0.0031655670894250353, 'worst_planarity': 0.003722792078034975}, 'junctions': {'n_samples': 4000, 'junction_fraction': 0.0015, 'junctions': 6, 'radius': 5}}","{'fraction': 0.6720443115234375, 'border_touch_fraction': 0.02789994599834671, 'thickness': {'median': 8.0, 'p95': 8.0, 'max': 8.0, 'mean': 7.825399875640869, 'saturated': 0.9488507347439881}, 'skipped': 'thickness saturated for 95% of voxels: a region, not a sheet'}",1,0.0465391845703125,2.0,4.0,5,0.0,0.003722792078034975,0.0015
sample_00804,True,True,"[320, 320, 320]",,uint8,NONE,32821210,,"[320, 320, 320]",,uint8,LZW,36179840,,"[320, 320, 320]",uint8,"[0, 1, 2]",0.10416671752929688,0.021783721923828124,0.874049560546875,3,0.8958332824707032,0.020930233746493103,"{'fraction': 0.021783721923828124, 'border_touch_fraction': 0.0, 'thickness': {'median': 2.0, 'p95': 4.0, 'max': 6.0, 'mean': 2.6801600456237793, 'saturated': 0.0}, 'components': {'n_components': 5, 'n_components_ge_min_size': 5, 'largest_component_fraction': 0.4274028486611965, 'fragment_fraction': 0.0, 'median_planarity': 0.0031867499836735797, 'worst_planarity': 0.0056540493210680155}, 'junctions': {'n_samples': 4000, 'junction_fraction': 0.005, 'junctions': 20, 'radius': 5}}","{'fraction': 0.874049560546875, 'border_touch_fraction': 0.02145187280715353, 'thickness': {'median': 8.0, 'p95': 8.0, 'max': 8.0, 'mean': 7.868649959564209, 'saturated': 0.9594135035628824}, 'skipped': 'thickness saturated for 96% of voxels: a region, not a sheet'}",1,0.021783721923828124,2.0,4.0,5,0.0,0.0056540493210680155,0.005
sample_00807,True,True,"[320, 320, 320]",,uint8,LZW,652857,,"[320, 320, 320]",,uint8,LZW,29087720,,"[320, 320, 320]",uint8,"[0, 1, 2]",0.412472900390625,0.06335443115234375,0.5241726684570313,3,0.587527099609375,0.03191342154679534,"{'fraction': 0.06335443115234375, 'border_touch_fraction': 0.0, 'thickness': {'median': 2.0, 'p95': 4.0, 'max': 6.0, 'mean': 2.662130117416382, 'saturated': 0.0}, 'components': {'n_components': 7, 'n_components_ge_min_size': 7, 'largest_component_fraction': 0.14317017646452454, 'fragment_fraction': 0.0, 'median_planarity': 0.006106594758590491, 'worst_planarity': 0.009886782171108206}, 'junctions': {'n_samples': 4000, 'junction_fraction': 0.00125, 'junctions': 5, 'radius': 5}}","{'fraction': 0.5241726684570313, 'border_touch_fraction': 0.035770655603225184, 'thickness': {'median': 8.0, 'p95': 8.0, 'max': 8.0, 'mean': 7.575530052185059, 'saturated': 0.870776818239774}, 'skipped': 'thickness saturated for 87% of voxels: a region, not a sheet'}",1,0.06335443115234375,2.0,4.0,7,0.0,0.009886782171108206,0.00125
sample_00811,True,True,"[320, 320, 320]",,uint8,LZW,1108153,,"[320, 320, 320]",,uint8,LZW,33101222,,"[320, 320, 320]",uint8,"[0, 1, 2]",0.5404312438964843,0.08043417358398437,0.37913458251953125,3,0.4595687561035156,0.040799118197183654,"{'fraction': 0.08043417358398437, 'border_touch_fraction': 0.0, 'thickness': {'median': 2.0, 'p95': 4.0, 'max': 6.0, 'mean': 2.684530019760132, 'saturated': 0.0}, 'components': {'n_components': 11, 'n_components_ge_min_size': 11, 'largest_component_fraction': 0.12370454992986595, 'fragment_fraction': 0.0, 'median_planarity': 0.005204029267296485, 'worst_planarity': 0.021221244195553948}, 'junctions': {'n_samples': 4000, 'junction_fraction': 0.00175, 'junctions': 7, 'radius': 5}}","{'fraction': 0.37913458251953125, 'border_touch_fraction': 0.049454734188048084, 'thickness': {'median': 8.0, 'p95': 8.0, 'max': 8.0, 'mean': 7.4552202224731445, 'saturated': 0.8455897469002651}, 'skipped': 'thickness saturated for 85% of voxels: a region, not a sheet'}",1,0.08043417358398437,2.0,4.0,11,0.0,0.021221244195553948,0.00175
sample_00815,True,True,"[320, 320, 320]",,uint8,LZW,1292041,,"[320, 320, 320]",,uint8,LZW,29151302,,"[320, 320, 320]",uint8,"[0, 1, 2]",0.8356271362304688,0.067905029296875,0.09646783447265625,3,0.16437286376953125,0.11406992352636475,"{'fraction': 0.067905029296875, 'border_touch_fraction': 0.0, 'thickness': {'median': 2.0, 'p95': 4.0, 'max': 6.0, 'mean': 2.747689962387085, 'saturated': 0.0}, 'components': {'n_components': 12, 'n_components_ge_min_size': 12, 'largest_component_fraction': 0.14689642588777554, 'fragment_fraction': 0.0, 'median_planarity': 0.0035476757594677744, 'worst_planarity': 0.008313417905456384}, 'junctions': {'n_samples': 4000, 'junction_fraction': 0.00225, 'junctions': 9, 'radius': 5}}","{'fraction': 0.09646783447265625, 'border_touch_fraction': 0.19436530427470802, 'thickness': {'median': 6.0, 'p95': 48.0, 'max': 48.0, 'mean': 20.3741397857666, 'saturated': 0.274271778626017}, 'components': {'n_components': 1, 'n_components_ge_min_size': 1, 'largest_component_fraction': 1.0, 'fragment_fraction': 0.0, 'median_planarity': 0.24582940727953112, 'worst_planarity': 0.24582940727953112}, 'junctions': {'n_samples': 4000, 'junction_fraction': 0.0, 'junctions': 0, 'radius': 5}}",1,0.067905029296875,2.0,4.0,12,0.0,0.008313417905456384,0.00225
sample_00818,True,True,"[320, 320, 320]",,uint8,LZW,849945,,"[320, 320, 320]",,uint8,LZW,31586715,,"[320, 320, 320]",uint8,"[0, 1, 2]",0.29776953125,0.027624359130859377,0.6746061096191406,3,0.70223046875,0.026700635808890198,"{'fraction': 0.027624359130859377, 'border_touch_fraction': 0.0, 'thickness': {'median': 2.0, 'p95': 4.0, 'max': 4.0, 'mean': 2.772670030593872, 'saturated': 0.0}, 'components': {'n_components': 8, 'n_components_ge_min_size': 8, 'largest_component_fraction': 0.27403598119742156, 'fragment_fraction': 0.0, 'median_planarity': 0.01110378154839296, 'worst_planarity': 0.027046476156191056}, 'junctions': {'n_samples': 4000, 'junction_fraction': 0.00675, 'junctions': 27, 'radius': 5}}","{'fraction': 0.6746061096191406, 'border_touch_fraction': 0.02779399672289598, 'thickness': {'median': 8.0, 'p95': 8.0, 'max': 8.0, 'mean': 7.785289764404297, 'saturated': 0.9391169878002721}, 'skipped': 'thickness saturated for 94% of voxels: a region, not a sheet'}",1,0.027624359130859377,2.0,4.0,8,0.0,0.027046476156191056,0.00675
sample_00822,True,True,"[320, 320, 320]",,uint8,LZW,727977,,"[320, 320, 320]",,uint8,LZW,24292702,,"[320, 320, 320]",uint8,"[0, 1, 2]",0.4257557983398437,0.054791015625,0.5194531860351562,3,0.5742442016601562,0.032651613975018326,"{'fraction': 0.054791015625, 'border_touch_fraction': 0.0, 'thickness': {'median': 2.0, 'p95': 4.0, 'max': 10.0, 'mean': 2.6991798877716064, 'saturated': 0.0}, 'components': {'n_components': 6, 'n_components_ge_min_size': 6, 'largest_component_fraction': 0.17401715057213132, 'fragment_fraction': 0.0, 'median_planarity': 0.00359103847390037, 'worst_planarity': 0.0062992997439004494}, 'junctions': {'n_samples': 4000, 'junction_fraction': 0.00275, 'junctions': 11, 'radius': 5}}","{'fraction': 0.5194531860351562, 'border_touch_fraction': 0.03609564924052851, 'thickness': {'median': 8.0, 'p95': 8.0, 'max': 8.0, 'mean': 7.718719959259033, 'saturated': 0.9178744080554397}, 'skipped': 'thickness saturated for 92% of voxels: a region, not a sheet'}",1,0.054791015625,2.0,4.0,6,0.0,0.0062992997439004494,0.00275
sample_00823,True,True,"[320, 320, 320]",,uint8,LZW,845769,,"[320, 320, 320]",,uint8,LZW,23407587,,"[320, 320, 320]",uint8,"[0, 1, 2]",0.4470644836425781,0.04838290405273438,0.5045526123046875,3,0.5529355163574219,0.033909921582754424,"{'fraction': 0.04838290405273438, 'border_touch_fraction': 0.0, 'thickness': {'median': 2.0, 'p95': 4.0, 'max': 10.0, 'mean': 2.725980043411255, 'saturated': 0.0}, 'components': {'n_components': 7, 'n_components_ge_min_size': 7, 'largest_component_fraction': 0.20518401852894927, 'fragment_fraction': 0.0, 'median_planarity': 0.007623099337837989, 'worst_planarity': 0.017892175785460745}, 'junctions': {'n_samples': 4000, 'junction_fraction': 0.00325, 'junctions': 13, 'radius': 5}}","{'fraction': 0.5045526123046875, 'border_touch_fraction': 0.0371616349667759, 'thickness': {'median': 8.0, 'p95': 8.0, 'max': 8.0, 'mean': 7.716350078582764, 'saturated': 0.9203170835858558}, 'skipped': 'thickness saturated for 92% of voxels: a region, not a sheet'}",1,0.04838290405273438,2.0,4.0,7,0.0,0.017892175785460745,0.00325
sample_00824,True,True,"[320, 320, 320]",,uint8,LZW,1057689,,"[320, 320, 320]",,uint8,LZW,35281912,,"[320, 320, 320]",uint8,"[0, 1, 2]",0.2645322265625,0.063451416015625,0.672016357421875,3,0.7354677734375,0.02549397903916911,"{'fraction': 0.063451416015625, 'border_touch_fraction': 0.0, 'thickness': {'median': 2.0, 'p95': 4.0, 'max': 6.0, 'mean': 2.661979913711548, 'saturated': 0.0}, 'components': {'n_components': 7, 'n_components_ge_min_size': 7, 'largest_component_fraction': 0.1432793568221257, 'fragment_fraction': 0.0, 'median_planarity': 0.001168546160124563, 'worst_planarity': 0.0012317943273486415}, 'junctions': {'n_samples': 4000, 'junction_fraction': 0.0045, 'junctions': 18, 'radius': 5}}","{'fraction': 0.672016357421875, 'border_touch_fraction': 0.027901106562245807, 'thickness': {'median': 8.0, 'p95': 8.0, 'max': 8.0, 'mean': 7.815400123596191, 'saturated': 0.9442737610800634}, 'skipped': 'thickness saturated for 94% of voxels: a region, not a sheet'}",1,0.063451416015625,2.0,4.0,7,0.0,0.0012317943273486415,0.0045
sample_00826,True,True,"[320, 320, 320]",,uint8,LZW,690985,,"[320, 320, 320]",,uint8,LZW,34186112,,"[320, 320, 320]",uint8,"[0, 1, 2]",0.12959982299804687,0.02440777587890625,0.8459924011230469,3,0.8704001770019532,0.021541815472261704,"{'fraction': 0.02440777587890625, 'border_touch_fraction': 0.0, 'thickness': {'median': 2.0, 'p95': 4.0, 'max': 6.0, 'mean': 2.683350086212158, 'saturated': 0.0}, 'components': {'n_components': 3, 'n_components_ge_min_size': 3, 'largest_component_fraction': 0.36969644683506003, 'fragment_fraction': 0.0, 'median_planarity': 0.001522841518877353, 'worst_planarity': 0.0026374049540019264}, 'junctions': {'n_samples': 4000, 'junction_fraction': 0.0015, 'junctions': 6, 'radius': 5}}","{'fraction': 0.8459924011230469, 'border_touch_fraction': 0.02216331964106244, 'thickness': {'median': 8.0, 'p95': 8.0, 'max': 8.0, 'mean': 7.893939971923828, 'saturated': 0.966892531239044}, 'skipped': 'thickness saturated for 97% of voxels: a region, not a sheet'}",1,0.02440777587890625,2.0,4.0,3,0.0,0.0026374049540019264,0.0015
sample_00835,True,True,"[320, 320, 320]",,uint8,LZW,1010713,,"[320, 320, 320]",,uint8,LZW,34144129,,"[320, 320, 320]",uint8,"[0, 1, 2]",0.2546259460449219,0.05547100830078125,0.6899030456542968,3,0.7453740539550782,0.025155155187532214,"{'fraction': 0.05547100830078125, 'border_touch_fraction': 0.0, 'thickness': {'median': 2.0, 'p95': 4.0, 'max': 6.0, 'mean': 2.6853299140930176, 'saturated': 0.0}, 'components': {'n_components': 6, 'n_components_ge_min_size': 6, 'largest_component_fraction': 0.16712512804826388, 'fragment_fraction': 0.0, 'median_planarity': 0.0024652105703019287, 'worst_planarity': 0.003197651191056487}, 'junctions': {'n_samples': 4000, 'junction_fraction': 0.00225, 'junctions': 9, 'radius': 5}}","{'fraction': 0.6899030456542968, 'border_touch_fraction': 0.027177731882916525, 'thickness': {'median': 8.0, 'p95': 8.0, 'max': 8.0, 'mean': 7.820499897003174, 'saturated': 0.9465503721610848}, 'skipped': 'thickness saturated for 95% of voxels: a region, not a sheet'}",1,0.05547100830078125,2.0,4.0,6,0.0,0.003197651191056487,0.00225
sample_00836,True,True,"[320, 320, 320]",,uint8,LZW,899497,,"[320, 320, 320]",,uint8,LZW,33359523,,"[320, 320, 320]",uint8,"[0, 1, 2]",0.21714508056640625,0.04087469482421875,0.741980224609375,3,0.7828549194335938,0.023950797950616293,"{'fraction': 0.04087469482421875, 'border_touch_fraction': 0.0, 'thickness': {'median': 2.0, 'p95': 4.0, 'max': 6.0, 'mean': 2.6951100826263428, 'saturated': 0.0}, 'components': {'n_components': 6, 'n_components_ge_min_size': 6, 'largest_component_fraction': 0.2211228760726962, 'fragment_fraction': 0.0, 'median_planarity': 0.001146296572678177, 'worst_planarity': 0.0027629001657202296}, 'junctions': {'n_samples': 4000, 'junction_fraction': 0.003, 'junctions': 12, 'radius': 5}}","{'fraction': 0.741980224609375, 'border_touch_fraction': 0.025270215267355917, 'thickness': {'median': 8.0, 'p95': 8.0, 'max': 8.0, 'mean': 7.861219882965088, 'saturated': 0.9587501575275463}, 'skipped': 'thickness saturated for 96% of voxels: a region, not a sheet'}",1,0.04087469482421875,2.0,4.0,6,0.0,0.0027629001657202296,0.003
sample_00840,True,True,"[320, 320, 320]",,uint8,LZW,748585,,"[320, 320, 320]",,uint8,LZW,33193243,,"[320, 320, 320]",uint8,"[0, 1, 2]",0.166031494140625,0.037445404052734374,0.7965231018066407,3,0.833968505859375,0.02248286340343127,"{'fraction': 0.037445404052734374, 'border_touch_fraction': 0.0, 'thickness': {'median': 2.0, 'p95': 4.0, 'max': 6.0, 'mean': 2.7056798934936523, 'saturated': 0.0}, 'components': {'n_components': 4, 'n_components_ge_min_size': 4, 'largest_component_fraction': 0.25337914656021826, 'fragment_fraction': 0.0, 'median_planarity': 0.0009565945207220706, 'worst_planarity': 0.0011427864090471228}, 'junctions': {'n_samples': 4000, 'junction_fraction': 0.001, 'junctions': 4, 'radius': 5}}","{'fraction': 0.7965231018066407, 'border_touch_fraction': 0.0235398068900601, 'thickness': {'median': 8.0, 'p95': 8.0, 'max': 8.0, 'mean': 7.867410182952881, 'saturated': 0.959206633413369}, 'skipped': 'thickness saturated for 96% of voxels: a region, not a sheet'}",1,0.037445404052734374,2.0,4.0,4,0.0,0.0011427864090471228,0.001
sample_00846,True,True,"[320, 320, 320]",,uint8,LZW,662153,,"[320, 320, 320]",,uint8,LZW,33532643,,"[320, 320, 320]",uint8,"[0, 1, 2]",0.16982614135742188,0.02752392578125,0.8026499328613281,3,0.8301738586425781,0.02258563047342665,"{'fraction': 0.02752392578125, 'border_touch_fraction': 0.0, 'thickness': {'median': 2.0, 'p95': 4.0, 'max': 10.0, 'mean': 2.7250900268554688, 'saturated': 0.0}, 'components': {'n_components': 5, 'n_components_ge_min_size': 5, 'largest_component_fraction': 0.2835978108534833, 'fragment_fraction': 0.0, 'median_planarity': 0.0011979730043902527, 'worst_planarity': 0.00308399146533484}, 'junctions': {'n_samples': 4000, 'junction_fraction': 0.00575, 'junctions': 23, 'radius': 5}}","{'fraction': 0.8026499328613281, 'border_touch_fraction': 0.02336012155779921, 'thickness': {'median': 8.0, 'p95': 8.0, 'max': 8.0, 'mean': 7.894839763641357, 'saturated': 0.9689599343118248}, 'skipped': 'thickness saturated for 97% of voxels: a region, not a sheet'}",1,0.02752392578125,2.0,4.0,5,0.0,0.00308399146533484,0.00575
sample_00847,True,True,"[320, 320, 320]",,uint8,LZW,965993,,"[320, 320, 320]",,uint8,LZW,33322177,,"[320, 320, 320]",uint8,"[0, 1, 2]",0.2905806274414062,0.05484246826171875,0.654576904296875,3,0.7094193725585938,0.02643006481818533,"{'fraction': 0.05484246826171875, 'border_touch_fraction': 0.0, 'thickness': {'median': 2.0, 'p95': 4.0, 'max': 8.0, 'mean': 2.7131500244140625, 'saturated': 0.0}, 'components': {'n_components': 6, 'n_components_ge_min_size': 6, 'largest_component_fraction': 0.173867800952435, 'fragment_fraction': 0.0, 'median_planarity': 0.0008924715980250567, 'worst_planarity': 0.0023498657622361375}, 'junctions': {'n_samples': 4000, 'junction_fraction': 0.00275, 'junctions': 11, 'radius': 5}}","{'fraction': 0.654576904296875, 'border_touch_fraction': 0.028644457017836022, 'thickness': {'median': 8.0, 'p95': 8.0, 'max': 8.0, 'mean': 7.808000087738037, 'saturated': 0.9435165248306042}, 'skipped': 'thickness saturated for 94% of voxels: a region, not a sheet'}",1,0.05484246826171875,2.0,4.0,6,0.0,0.0023498657622361375,0.00275
sample_00852,True,True,"[320, 320, 320]",,uint8,LZW,991945,,"[320, 320, 320]",,uint8,LZW,34180784,,"[320, 320, 320]",uint8,"[0, 1, 2]",0.26366864013671876,0.04745758056640625,0.688873779296875,3,0.7363313598632812,0.02546407911172141,"{'fraction': 0.04745758056640625, 'border_touch_fraction': 0.0, 'thickness': {'median': 2.0, 'p95': 4.0, 'max': 8.0, 'mean': 2.699690103530884, 'saturated': 0.0}, 'components': {'n_components': 5, 'n_components_ge_min_size': 5, 'largest_component_fraction': 0.2049823482885235, 'fragment_fraction': 0.0, 'median_planarity': 0.015206073792337273, 'worst_planarity': 0.018601528042641334}, 'junctions': {'n_samples': 4000, 'junction_fraction': 0.003, 'junctions': 12, 'radius': 5}}","{'fraction': 0.688873779296875, 'border_touch_fraction': 0.02721833892289803, 'thickness': {'median': 8.0, 'p95': 8.0, 'max': 8.0, 'mean': 7.818329811096191, 'saturated': 0.9457523974642998}, 'skipped': 'thickness saturated for 95% of voxels: a region, not a sheet'}",1,0.04745758056640625,2.0,4.0,5,0.0,0.018601528042641334,0.003
sample_00857,True,True,"[320, 320, 320]",,uint8,LZW,1216841,,"[320, 320, 320]",,uint8,NONE,32821210,,"[320, 320, 320]",uint8,"[0, 1, 2]",0.6496526794433594,0.15444937133789063,0.19589794921875,3,0.35034732055664064,0.05351831996377061,"{'fraction': 0.15444937133789063, 'border_touch_fraction': 0.0, 'thickness': {'median': 2.0, 'p95': 4.0, 'max': 8.0, 'mean': 2.660989999771118, 'saturated': 0.0}, 'components': {'n_components': 22, 'n_components_ge_min_size': 22, 'largest_component_fraction': 0.059224299085733505, 'fragment_fraction': 0.0, 'median_planarity': 0.004696538290021346, 'worst_planarity': 0.010205002069575137}, 'junctions': {'n_samples': 4000, 'junction_fraction': 0.002, 'junctions': 8, 'radius': 5}}","{'fraction': 0.19589794921875, 'border_touch_fraction': 0.09571309998280156, 'thickness': {'median': 8.0, 'p95': 8.0, 'max': 8.0, 'mean': 6.610010147094727, 'saturated': 0.6044124923043178}, 'skipped': 'thickness saturated for 60% of voxels: a region, not a sheet'}",1,0.15444937133789063,2.0,4.0,22,0.0,0.010205002069575137,0.002
sample_00865,True,True,"[320, 320, 320]",,uint8,LZW,1236649,,"[320, 320, 320]",,uint8,NONE,32821210,,"[320, 320, 320]",uint8,"[0, 1, 2]",0.3367651062011719,0.06590679931640625,0.5973280944824219,3,0.6632348937988282,0.028270527041490724,"{'fraction': 0.06590679931640625, 'border_touch_fraction': 0.0, 'thickness': {'median': 2.0, 'p95': 4.0, 'max': 6.0, 'mean': 2.6627800464630127, 'saturated': 0.0}, 'components': {'n_components': 8, 'n_components_ge_min_size': 8, 'largest_component_fraction': 0.1408891506616399, 'fragment_fraction': 0.0, 'median_planarity': 0.005956155560913928, 'worst_planarity': 0.012897569214818242}, 'junctions': {'n_samples': 4000, 'junction_fraction': 0.004, 'junctions': 16, 'radius': 5}}","{'fraction': 0.5973280944824219, 'border_touch_fraction': 0.03138978422946382, 'thickness': {'median': 8.0, 'p95': 8.0, 'max': 8.0, 'mean': 7.6735100746154785, 'saturated': 0.8995345534647369}, 'skipped': 'thickness saturated for 90% of voxels: a region, not a sheet'}",1,0.06590679931640625,2.0,4.0,8,0.0,0.012897569214818242,0.004
sample_00866,True,True,"[320, 320, 320]",,uint8,LZW,772297,,"[320, 320, 320]",,uint8,NONE,32821210,,"[320, 320, 320]",uint8,"[0, 1, 2]",0.19941647338867188,0.027349334716796875,0.7732341918945312,3,0.8005835266113281,0.02342041695432344,"{'fraction': 0.027349334716796875, 'border_touch_fraction': 0.0, 'thickness': {'median': 2.0, 'p95': 4.0, 'max': 8.0, 'mean': 2.6802399158477783, 'saturated': 0.0}, 'components': {'n_components': 6, 'n_components_ge_min_size': 6, 'largest_component_fraction': 0.3280791981102074, 'fragment_fraction': 0.0, 'median_planarity': 0.001970688019847604, 'worst_planarity': 0.015254472045921222}, 'junctions': {'n_samples': 4000, 'junction_fraction': 0.00175, 'junctions': 7, 'radius': 5}}","{'fraction': 0.7732341918945312, 'border_touch_fraction': 0.02424879835442855, 'thickness': {'median': 8.0, 'p95': 8.0, 'max': 8.0, 'mean': 7.8598198890686035, 'saturated': 0.9605148338787602}, 'skipped': 'thickness saturated for 96% of voxels: a region, not a sheet'}",1,0.027349334716796875,2.0,4.0,6,0.0,0.015254472045921222,0.00175
sample_00873,True,True,"[320, 320, 320]",,uint8,LZW,927513,,"[320, 320, 320]",,uint8,NONE,32821210,,"[320, 320, 320]",uint8,"[0, 1, 2]",0.1593719482421875,0.0418907470703125,0.7987373046875,3,0.8406280517578125,0.022304751739835982,"{'fraction': 0.0418907470703125, 'border_touch_fraction': 0.0, 'thickness': {'median': 2.0, 'p95': 4.0, 'max': 8.0, 'mean': 2.6643500328063965, 'saturated': 0.0}, 'components': {'n_components': 10, 'n_components_ge_min_size': 10, 'largest_component_fraction': 0.23814869641488595, 'fragment_fraction': 0.0, 'median_planarity': 0.007392657640844046, 'worst_planarity': 0.026268610933999858}, 'junctions': {'n_samples': 4000, 'junction_fraction': 0.00475, 'junctions': 19, 'radius': 5}}","{'fraction': 0.7987373046875, 'border_touch_fraction': 0.02347455150768975, 'thickness': {'median': 8.0, 'p95': 8.0, 'max': 8.0, 'mean': 7.796679973602295, 'saturated': 0.9394243859631963}, 'skipped': 'thickness saturated for 94% of voxels: a region, not a sheet'}",1,0.0418907470703125,2.0,4.0,10,0.0,0.026268610933999858,0.00475
sample_00878,True,True,"[320, 320, 320]",,uint8,LZW,1435065,,"[320, 320, 320]",,uint8,LZW,36381807,,"[320, 320, 320]",uint8,"[0, 1, 2]",0.7840140686035156,0.08531765747070312,0.13066827392578126,3,0.21598593139648437,0.08681120978005143,"{'fraction': 0.08531765747070312, 'border_touch_fraction': 0.0, 'thickness': {'median': 2.0, 'p95': 4.0, 'max': 8.0, 'mean': 2.736030101776123, 'saturated': 0.0}, 'components': {'n_components': 13, 'n_components_ge_min_size': 13, 'largest_component_fraction': 0.12926509350646656, 'fragment_fraction': 0.0, 'median_planarity': 0.005694326741012281, 'worst_planarity': 0.011831524025500417}, 'junctions': {'n_samples': 4000, 'junction_fraction': 0.00225, 'junctions': 9, 'radius': 5}}","{'fraction': 0.13066827392578126, 'border_touch_fraction': 0.14349313292873128, 'thickness': {'median': 8.0, 'p95': 8.0, 'max': 8.0, 'mean': 6.478499889373779, 'saturated': 0.6063133708788347}, 'skipped': 'thickness saturated for 61% of voxels: a region, not a sheet'}",1,0.08531765747070312,2.0,4.0,13,0.0,0.011831524025500417,0.00225
sample_00883,True,True,"[256, 256, 256]",,uint8,LZW,414744,,"[256, 256, 256]",,uint8,LZW,19227944,,"[256, 256, 256]",uint8,"[0, 1, 2]",0.1270829439163208,0.02925056219100952,0.8436664938926697,3,0.8729170560836792,0.02684963002687995,"{'fraction': 0.02925056219100952, 'border_touch_fraction': 0.0, 'thickness': {'median': 2.0, 'p95': 4.0, 'max': 6.0, 'mean': 2.7501800060272217, 'saturated': 0.0}, 'components': {'n_components': 3, 'n_components_ge_min_size': 3, 'largest_component_fraction': 0.37040365323601154, 'fragment_fraction': 0.0, 'median_planarity': 0.0034020775468516537, 'worst_planarity': 0.0035774379280409728}, 'junctions': {'n_samples': 4000, 'junction_fraction': 0.00275, 'junctions': 11, 'radius': 5}}","{'fraction': 0.8436664938926697, 'border_touch_fraction': 0.02778052722214863, 'thickness': {'median': 8.0, 'p95': 8.0, 'max': 8.0, 'mean': 7.874579906463623, 'saturated': 0.9609470570053429}, 'skipped': 'thickness saturated for 96% of voxels: a region, not a sheet'}",1,0.02925056219100952,2.0,4.0,3,0.0,0.0035774379280409728,0.00275
sample_00884,True,True,"[256, 256, 256]",,uint8,LZW,666984,,"[256, 256, 256]",,uint8,LZW,18948275,,"[256, 256, 256]",uint8,"[0, 1, 2]",0.39167189598083496,0.05002593994140625,0.5583021640777588,3,0.608328104019165,0.038527728449747264,"{'fraction': 0.05002593994140625, 'border_touch_fraction': 0.0, 'thickness': {'median': 2.0, 'p95': 4.0, 'max': 8.0, 'mean': 2.732100009918213, 'saturated': 0.0}, 'components': {'n_components': 5, 'n_components_ge_min_size': 5, 'largest_component_fraction': 0.268726408799756, 'fragment_fraction': 0.0, 'median_planarity': 0.028062592174222644, 'worst_planarity': 0.03792856526418713}, 'junctions': {'n_samples': 4000, 'junction_fraction': 0.00225, 'junctions': 9, 'radius': 5}}","{'fraction': 0.5583021640777588, 'border_touch_fraction': 0.04197995549366291, 'thickness': {'median': 8.0, 'p95': 8.0, 'max': 8.0, 'mean': 7.562320232391357, 'saturated': 0.8688058064072556}, 'skipped': 'thickness saturated for 87% of voxels: a region, not a sheet'}",1,0.05002593994140625,2.0,4.0,5,0.0,0.03792856526418713,0.00225
sample_00888,True,True,"[320, 320, 320]",,uint8,LZW,897945,,"[320, 320, 320]",,uint8,LZW,34786122,,"[320, 320, 320]",uint8,"[0, 1, 2]",0.65315673828125,0.048669677734375,0.298173583984375,3,0.34684326171875,0.05405900033082982,"{'fraction': 0.048669677734375, 'border_touch_fraction': 0.0, 'thickness': {'median': 2.0, 'p95': 4.0, 'max': 8.0, 'mean': 2.702970027923584, 'saturated': 0.0}, 'components': {'n_components': 7, 'n_components_ge_min_size': 7, 'largest_component_fraction': 0.20410482014135872, 'fragment_fraction': 0.0, 'median_planarity': 0.0059463971836782765, 'worst_planarity': 0.019151074183269362}, 'junctions': {'n_samples': 4000, 'junction_fraction': 0.00225, 'junctions': 9, 'radius': 5}}","{'fraction': 0.298173583984375, 'border_touch_fraction': 0.06288283405072713, 'thickness': {'median': 8.0, 'p95': 8.0, 'max': 8.0, 'mean': 7.419579982757568, 'saturated': 0.8396525600600662}, 'skipped': 'thickness saturated for 84% of voxels: a region, not a sheet'}",1,0.048669677734375,2.0,4.0,7,0.0,0.019151074183269362,0.00225
sample_00889,True,True,"[320, 320, 320]",,uint8,LZW,646873,,"[320, 320, 320]",,uint8,LZW,35670532,,"[320, 320, 320]",uint8,"[0, 1, 2]",0.1713890380859375,0.0282850341796875,0.800325927734375,3,0.8286109619140625,0.02262823069186552,"{'fraction': 0.0282850341796875, 'border_touch_fraction': 0.0, 'thickness': {'median': 2.0, 'p95': 4.0, 'max': 10.0, 'mean': 2.6949400901794434, 'saturated': 0.0}, 'components': {'n_components': 3, 'n_components_ge_min_size': 3, 'largest_component_fraction': 0.3350768845674137, 'fragment_fraction': 0.0, 'median_planarity': 0.003116909282825048, 'worst_planarity': 0.004611385409521627}, 'junctions': {'n_samples': 4000, 'junction_fraction': 0.0035, 'junctions': 14, 'radius': 5}}","{'fraction': 0.800325927734375, 'border_touch_fraction': 0.023427955224540782, 'thickness': {'median': 8.0, 'p95': 8.0, 'max': 8.0, 'mean': 7.866360187530518, 'saturated': 0.9592991518043034}, 'skipped': 'thickness saturated for 96% of voxels: a region, not a sheet'}",1,0.0282850341796875,2.0,4.0,3,0.0,0.004611385409521627,0.0035
sample_00890,True,True,"[320, 320, 320]",,uint8,LZW,839769,,"[320, 320, 320]",,uint8,LZW,35201630,,"[320, 320, 320]",uint8,"[0, 1, 2]",0.4482100830078125,0.051915924072265626,0.49987399291992185,3,0.5517899169921875,0.033980323711253084,"{'fraction': 0.051915924072265626, 'border_touch_fraction': 0.0, 'thickness': {'median': 2.0, 'p95': 4.0, 'max': 8.0, 'mean': 2.680989980697632, 'saturated': 0.0}, 'components': {'n_components': 8, 'n_components_ge_min_size': 8, 'largest_component_fraction': 0.18290881452355745, 'fragment_fraction': 0.0, 'median_planarity': 0.0052939865780651935, 'worst_planarity': 0.011417865267783312}, 'junctions': {'n_samples': 4000, 'junction_fraction': 0.003, 'junctions': 12, 'radius': 5}}","{'fraction': 0.49987399291992185, 'border_touch_fraction': 0.03750945291327386, 'thickness': {'median': 8.0, 'p95': 8.0, 'max': 8.0, 'mean': 7.699790000915527, 'saturated': 0.9176683992199939}, 'skipped': 'thickness saturated for 92% of voxels: a region, not a sheet'}",1,0.051915924072265626,2.0,4.0,8,0.0,0.011417865267783312,0.003
sample_00904,True,True,"[320, 320, 320]",,uint8,LZW,673145,,"[320, 320, 320]",,uint8,LZW,36980587,,"[320, 320, 320]",uint8,"[0, 1, 2]",0.21126446533203125,0.02888543701171875,0.75985009765625,3,0.7887355346679688,0.02377222678054327,"{'fraction': 0.02888543701171875, 'border_touch_fraction': 0.0, 'thickness': {'median': 2.0, 'p95': 4.0, 'max': 6.0, 'mean': 2.698659896850586, 'saturated': 0.0}, 'components': {'n_components': 5, 'n_components_ge_min_size': 5, 'largest_component_fraction': 0.29645395016259596, 'fragment_fraction': 0.0, 'median_planarity': 0.0031549297938794434, 'worst_planarity': 0.00456290914037935}, 'junctions': {'n_samples': 4000, 'junction_fraction': 0.0025, 'junctions': 10, 'radius': 5}}","{'fraction': 0.75985009765625, 'border_touch_fraction': 0.02467591970815584, 'thickness': {'median': 8.0, 'p95': 8.0, 'max': 8.0, 'mean': 7.858180046081543, 'saturated': 0.9609413204701533}, 'skipped': 'thickness saturated for 96% of voxels: a region, not a sheet'}",1,0.02888543701171875,2.0,4.0,5,0.0,0.00456290914037935,0.0025
sample_00907,True,True,"[320, 320, 320]",,uint8,LZW,449961,,"[320, 320, 320]",,uint8,LZW,35275532,,"[320, 320, 320]",uint8,"[0, 1, 2]",0.083614501953125,0.018491180419921874,0.8978943176269532,3,0.916385498046875,0.020460821390083695,"{'fraction': 0.018491180419921874, 'border_touch_fraction': 0.0, 'thickness': {'median': 2.0, 'p95': 4.0, 'max': 6.0, 'mean': 2.6807100772857666, 'saturated': 0.0}, 'components': {'n_components': 2, 'n_components_ge_min_size': 2, 'largest_component_fraction': 0.5048727635211967, 'fragment_fraction': 0.0, 'median_planarity': 0.007096576440798543, 'worst_planarity': 0.008405800839033613}, 'junctions': {'n_samples': 4000, 'junction_fraction': 0.00325, 'junctions': 13, 'radius': 5}}","{'fraction': 0.8978943176269532, 'border_touch_fraction': 0.02088219028889103, 'thickness': {'median': 8.0, 'p95': 8.0, 'max': 8.0, 'mean': 7.9025797843933105, 'saturated': 0.9680570464459813}, 'skipped': 'thickness saturated for 97% of voxels: a region, not a sheet'}",1,0.018491180419921874,2.0,4.0,2,0.0,0.008405800839033613,0.00325
sample_00915,True,True,"[320, 320, 320]",,uint8,LZW,806761,,"[320, 320, 320]",,uint8,LZW,34534232,,"[320, 320, 320]",uint8,"[0, 1, 2]",0.49838058471679686,0.04439276123046875,0.4572266540527344,3,0.5016194152832031,0.037378935959674064,"{'fraction': 0.04439276123046875, 'border_touch_fraction': 0.0, 'thickness': {'median': 2.0, 'p95': 4.0, 'max': 8.0, 'mean': 2.7004899978637695, 'saturated': 0.0}, 'components': {'n_components': 6, 'n_components_ge_min_size': 6, 'largest_component_fraction': 0.2187174752622946, 'fragment_fraction': 0.0, 'median_planarity': 0.013929169627138317, 'worst_planarity': 0.0247691024063425}, 'junctions': {'n_samples': 4000, 'junction_fraction': 0.00475, 'junctions': 19, 'radius': 5}}","{'fraction': 0.4572266540527344, 'border_touch_fraction': 0.0410081079784064, 'thickness': {'median': 8.0, 'p95': 8.0, 'max': 8.0, 'mean': 7.672460079193115, 'saturated': 0.9087225193448608}, 'skipped': 'thickness saturated for 91% of voxels: a region, not a sheet'}",1,0.04439276123046875,2.0,4.0,6,0.0,0.0247691024063425,0.00475
