name,n_cells,global_offset,global_offset_reliable,changed,voxels_before,max_abs_shift,mean_abs_shift_on_label,voxels_after,voxels_moved,surface_class,reason
s1_z10240_y2560_x2560,25,3.2277421951293945,True,True,4209572,4.0,1.247907042503357,4171801,2428709,1,
s1_z10560_y2880_x3200,17,3.867982864379883,True,True,4479503,4.0,0.746711015701294,4445185,1374756,1,
s1_z11200_y2880_x2880,23,3.931743621826172,True,True,4385909,4.0,0.8711047172546387,4337512,1657077,1,
s1_z1152_y1920_x3456,27,1.1127452850341797,True,True,1416150,3.418975830078125,0.7277753353118896,1384087,439881,1,
s1_z1152_y2688_x4416,26,3.547186851501465,True,True,1080587,2.716290235519409,0.642973780632019,1057327,320600,1,
s1_z12480_y4160_x2240,22,3.0101776123046875,True,True,4700274,3.736945152282715,0.8616951107978821,4653605,1895427,1,
s1_z1344_y2496_x4992,27,4.943277359008789,True,True,655096,4.0,1.0228620767593384,641078,321938,1,
s1_z1536_y2496_x2880,27,6.441659927368164,True,True,704859,4.0,1.2774807214736938,694688,387725,1,
s1_z1728_y2304_x4608,24,4.825037002563477,True,True,516035,4.0,0.6499836444854736,505666,141921,1,
s1_z1920_y1920_x4416,24,2.3955249786376953,True,True,1015471,2.2476754188537598,0.5346270799636841,998934,229561,1,
s1_z1920_y2688_x4224,26,2.293076515197754,True,True,840493,3.2483084201812744,0.3988930583000183,821961,133088,1,
s1_z192_y2880_x3456,23,2.339466094970703,True,True,1063989,4.0,1.2627907991409302,1059475,590710,1,
s1_z2112_y2496_x4224,26,4.708822250366211,True,True,984129,2.2477009296417236,0.5859004855155945,976804,252613,1,
s1_z2304_y2496_x4608,26,3.238750457763672,True,True,909177,2.8890087604522705,0.6486430764198303,895514,246519,1,
s1_z2688_y2688_x3648,26,4.8282470703125,True,True,866504,4.0,1.9469125270843506,856199,756077,1,
s1_z3264_y2496_x2688,26,2.334172248840332,True,True,989493,4.0,0.5057780742645264,968165,197806,1,
s1_z3456_y2688_x3072,25,3.414271354675293,True,True,896439,4.0,0.7241742610931396,890446,273773,1,
s1_z384_y1920_x3456,26,1.0252494812011719,True,True,1169173,2.28206729888916,0.5978582501411438,1153936,296245,1,
s1_z4032_y2496_x2496,26,4.890958786010742,True,True,784844,4.0,0.9826556444168091,778704,336820,1,
s1_z4416_y1920_x3456,25,3.2824277877807617,False,False,1319378,,,1319378,,1,global offset unreliable
s1_z4608_y2112_x2496,22,6.15709114074707,True,True,705425,4.0,1.3556957244873047,700661,422196,1,
s1_z4800_y2304_x4992,24,4.888505935668945,True,True,560377,4.0,2.2184464931488037,563551,525264,1,
s1_z4992_y2496_x2688,27,2.720431327819824,True,True,1109043,4.0,0.8893330693244934,1090787,455766,1,
s1_z5184_y2688_x4416,25,4.293281555175781,True,True,497945,4.0,1.2464710474014282,491812,277111,1,
s1_z5376_y2688_x4416,26,6.328639984130859,True,True,432065,4.0,1.1478513479232788,434557,221656,1,
s1_z5568_y2304_x2688,26,2.559680938720703,True,True,1162915,4.0,0.8689431548118591,1142216,473949,1,
s1_z5568_y2688_x4992,26,8.454469680786133,True,True,508380,4.0,1.9432097673416138,509749,437137,1,
s1_z5568_y3648_x3648,26,2.1993446350097656,True,True,1284945,2.9128217697143555,0.6406479477882385,1258838,365177,1,
s1_z5760_y2496_x3072,26,4.484380722045898,True,True,842666,4.0,0.8972961902618408,830997,316447,1,
s1_z5760_y3072_x4608,24,3.89138126373291,True,True,660178,3.7051596641540527,0.9804054498672485,644743,285255,1,
s1_z576_y1920_x3456,27,2.841294288635254,True,True,1339790,4.0,0.9084444046020508,1305801,597613,1,
s1_z5952_y2112_x3456,25,3.6331424713134766,True,True,1131012,4.0,0.896030843257904,1103665,438089,1,
s1_z5952_y2880_x3072,25,3.8101978302001953,True,True,767574,4.0,1.3561655282974243,747972,475594,1,
s1_z6144_y2496_x3456,26,4.416625022888184,True,True,1192395,3.031801700592041,1.0187395811080933,1166114,576241,1,
s1_z6144_y3648_x4608,24,5.604253768920898,True,True,914931,4.0,1.423876404762268,909659,552468,1,
s1_z6336_y3840_x4416,25,3.0628042221069336,True,True,1046581,3.719846725463867,0.9668291211128235,1031559,464636,1,
s1_z6720_y3456_x3072,26,2.1151742935180664,True,True,1288376,2.4332973957061768,0.5996469855308533,1268126,348052,1,
s1_z6912_y3328_x4352,42,3.20822811126709,True,True,2011901,4.0,1.5514137744903564,1976118,1367659,1,
s1_z7168_y3328_x4608,40,3.9153146743774414,True,True,1708667,3.1529932022094727,0.8065887689590454,1695753,606620,1,
s1_z7680_y2816_x3840,39,1.986903190612793,True,True,2548794,4.0,0.7114054560661316,2516008,770960,1,
s1_z768_y2688_x4608,25,3.426727294921875,True,True,741308,4.0,1.4021341800689697,746512,468464,1,
s1_z8192_y3584_x4096,43,3.816187858581543,True,True,2276303,4.0,0.9801452159881592,2230917,968828,1,
s1_z8448_y4096_x3840,42,2.1788549423217773,True,True,2507940,4.0,0.7515584230422974,2488109,818261,1,
s1_z8704_y4096_x3840,42,2.251840591430664,True,True,1712135,4.0,1.3010934591293335,1684988,912911,1,
s1_z9216_y2560_x3072,43,2.9841651916503906,True,True,2154684,4.0,1.2824472188949585,2107579,1243833,1,
s1_z9472_y4096_x3072,40,3.29156494140625,True,True,2268071,4.0,0.8971223831176758,2241355,867968,1,
s1_z960_y2112_x4800,26,2.484262466430664,True,True,855875,4.0,0.9073755741119385,840549,346458,1,
s1_z9920_y2880_x2560,13,4.092790603637695,True,True,4421252,2.7734081745147705,0.5649886131286621,4382440,1038394,1,
s4_z1280_y1024_x1024,41,2.8874893188476562,True,True,1377499,4.0,0.763390302658081,1362649,444884,1,
s4_z1536_y2048_x2048,43,1.9027204513549805,True,True,1596751,4.0,0.6434494853019714,1575162,399481,1,
s4_z1792_y512_x1536,40,2.3702430725097656,True,True,1504444,4.0,1.0138251781463623,1493809,631259,1,
s4_z2048_y2304_x1536,40,1.7148876190185547,True,True,1590807,2.0345401763916016,0.4671318829059601,1565323,274532,1,
s4_z2304_y2048_x1536,32,3.3247289657592773,True,True,1415509,4.0,1.1226145029067993,1391808,705169,1,
s4_z2560_y2048_x1024,40,2.2416019439697266,True,True,1451114,4.0,1.1360604763031006,1444116,681750,1,
s4_z2816_y2048_x1280,42,2.801776885986328,True,True,1380228,4.0,1.4418818950653076,1348748,843768,1,
s4_z3072_y2304_x1280,41,3.1711177825927734,True,True,1143883,3.107100486755371,0.6795394420623779,1131478,327761,1,
s4_z3328_y768_x1792,41,2.0220603942871094,True,True,1897992,3.995734453201294,1.0426521301269531,1868546,878810,1,
s4_z3840_y2048_x1792,38,2.3289432525634766,True,True,1789652,4.0,1.1030834913253784,1743518,878120,1,
s4_z4352_y1280_x1024,40,1.1916122436523438,True,True,1604962,1.7144724130630493,0.4139193892478943,1589093,242133,1,
s4_z4608_y1024_x2304,40,1.857008934020996,True,True,1498225,2.382323741912842,0.6131973266601562,1481630,392011,1,
s4_z4864_y1792_x2560,44,1.545273780822754,True,True,1256873,3.024811267852783,0.5509894490242004,1245844,285937,1,
s4_z5120_y2304_x1024,41,1.6531801223754883,True,True,1222113,2.280616283416748,0.6695640087127686,1201388,344353,1,
s4_z5376_y2304_x1280,41,2.120006561279297,True,True,1451942,3.277106761932373,0.8041443824768066,1433928,493250,1,
s4_z5632_y2560_x1536,42,1.9215726852416992,True,True,1492316,3.5765721797943115,0.9244459867477417,1468689,609175,1,
s4_z6144_y2048_x2560,37,2.2486629486083984,True,True,1210818,3.195280075073242,0.8240562081336975,1207267,423969,1,
s4_z6656_y1792_x2560,35,2.6509647369384766,True,True,1085787,3.0224037170410156,0.5491294860839844,1072937,230922,1,
s4_z7168_y1536_x1280,40,1.1598587036132812,True,True,1556229,4.0,0.7350530624389648,1538277,512104,1,
s4_z7680_y1792_x512,45,1.500661849975586,True,True,2174969,2.3181493282318115,0.5751689076423645,2139150,505701,1,
s4_z7936_y2048_x2048,39,0.9683151245117188,True,True,1248226,4.0,0.6624516248703003,1225299,309639,1,
s4_z8448_y2304_x2304,36,1.9449725151062012,True,True,1666890,2.6019349098205566,0.5551323294639587,1633723,400269,1,
s4_z8960_y2304_x768,44,1.3906440734863281,True,True,2304517,2.299896717071533,0.5007378458976746,2276555,485316,1,
s4_z9728_y1536_x2048,42,2.3015356063842773,True,True,1445943,4.0,0.7843018174171448,1427868,490417,1,
s5_z6190_y3230_x3230,23,2.3796558380126953,True,True,557299,3.075843334197998,0.684427797794342,549092,148743,1,
s5_z9370_y2280_x3420,20,2.302165985107422,True,True,595507,4.0,0.9825150966644287,597559,241248,1,
s1_z10240_y2560_x3200,22,4.062713623046875,True,True,4709947,4.0,0.7808507084846497,4677168,1640689,1
s1_z10560_y2880_x3520,20,3.2199344635009766,True,True,5203458,4.0,0.7567053437232971,5151571,1625215,1
s1_z11200_y3200_x2240,22,3.359109878540039,True,True,4916250,4.0,0.8499254584312439,4873478,1832252,1
s1_z1152_y1920_x4416,24,4.065251350402832,True,True,890769,3.8810861110687256,0.9453042149543762,883615,381136,1
s1_z1152_y2688_x4608,25,4.930665969848633,True,True,855185,4.0,0.9882922768592834,834474,364727,1
s1_z12480_y4480_x2240,23,2.8380088806152344,True,True,5195912,2.318566083908081,0.42839735746383667,5146154,854414,1
s1_z1344_y2688_x2880,27,2.737057685852051,True,True,689451,4.0,0.5178989171981812,678068,141539,1
s1_z1536_y2496_x4608,24,6.530500411987305,True,True,778695,2.4879603385925293,0.4827635586261749,760735,153240,1
s1_z1728_y2304_x4800,20,4.252450942993164,True,True,581608,1.774046778678894,0.47283247113227844,565458,115042,1
s1_z1920_y1920_x4608,26,2.292874336242676,True,True,1048168,2.162858724594116,0.48506391048431396,1032697,185935,1
s1_z1920_y2688_x4416,26,2.5967607498168945,True,True,776882,4.0,1.138538122177124,777264,420516,1
s1_z192_y2880_x3648,26,3.145960807800293,True,True,1269064,2.646811008453369,0.6080936193466187,1248971,318119,1
s1_z2112_y2496_x4416,25,4.520488739013672,True,True,903626,2.342905044555664,0.4963749647140503,888543,177981,1
s1_z2304_y2496_x4800,26,3.9538021087646484,True,True,817655,4.0,1.4868441820144653,822190,516109,1
s1_z2880_y1728_x3648,27,2.303232192993164,True,True,1250640,2.2177062034606934,0.7705034017562866,1214098,524520,1
s1_z3264_y2496_x2880,25,3.325772285461426,True,True,1117244,2.172761917114258,0.692409336566925,1084241,346423,1
s1_z3456_y2688_x3264,23,2.895061492919922,True,True,901007,3.565197229385376,1.2370541095733643,899663,532426,1
s1_z384_y1920_x3648,27,1.327219009399414,True,True,1304147,2.887047290802002,0.6921077370643616,1268893,408594,1
s1_z4032_y2496_x2688,27,3.740105628967285,True,True,804376,4.0,2.136589765548706,823097,793355,1
s1_z4416_y2112_x4800,22,3.506850242614746,True,True,847080,4.0,0.7064681649208069,835325,262731,1
s1_z4608_y2112_x4608,25,1.922745704650879,True,True,1239618,2.809966564178467,0.613341748714447,1223638,330966,1
s1_z4800_y2496_x2688,25,2.5287113189697266,True,True,875506,3.9125030040740967,0.7572663426399231,860303,275233,1
s1_z4992_y2496_x4416,20,0.3213977813720703,True,True,545314,4.0,2.063164234161377,559894,507866,1
s1_z5184_y2688_x4608,24,4.449865341186523,True,True,596144,4.0,1.453723669052124,589975,379863,1
s1_z5376_y2688_x4608,25,5.145685195922852,True,True,591793,4.0,2.108400583267212,586282,547973,1
s1_z5568_y2304_x3072,25,1.9468870162963867,True,True,1202621,3.620121717453003,0.7446651458740234,1177812,424681,1
s1_z5568_y2880_x2688,25,3.8894481658935547,True,True,839283,4.0,1.3860026597976685,844035,500980,1
s1_z5568_y3648_x3840,26,1.300776481628418,True,True,1214455,3.3090646266937256,0.8820951581001282,1194252,504107,1
s1_z5760_y2496_x4224,23,2.0246410369873047,True,True,810545,4.0,0.9534654021263123,782930,360349,1
s1_z5760_y3072_x4800,24,3.6550979614257812,True,True,708486,4.0,1.2191029787063599,710188,380584,1
s1_z576_y1920_x3648,23,0.9117045402526855,True,True,1226277,4.0,1.0629017353057861,1197974,619491,1
s1_z5952_y2112_x3648,24,3.876392364501953,True,True,1116757,3.1918585300445557,0.9648162126541138,1088209,480738,1
s1_z5952_y2880_x4224,25,4.2934160232543945,True,True,787873,2.6170175075531006,0.7071346044540405,773366,228449,1
s1_z6144_y2496_x3648,24,4.345797538757324,True,True,1019987,3.062861680984497,0.7664821743965149,1004998,322915,1
s1_z6144_y3840_x3264,26,3.168185234069824,True,True,1079083,3.059277296066284,0.9320518970489502,1060357,444614,1
s1_z6528_y2496_x4608,22,2.5056190490722656,True,True,547300,4.0,1.2892842292785645,548874,299614,1
s1_z6720_y3456_x4416,26,3.7551345825195312,True,True,811356,3.741837978363037,0.9456576108932495,793083,328569,1
s1_z6912_y3328_x4608,41,3.891082763671875,True,True,1619839,4.0,1.4473490715026855,1603972,1023355,1
s1_z7168_y3584_x4096,38,5.251282691955566,True,True,1939022,4.0,1.174493432044983,1903821,942917,1
s1_z7680_y3072_x3840,40,4.558727264404297,True,True,1791871,4.0,1.312329649925232,1774306,999017,1
s1_z768_y2880_x3264,25,1.8548336029052734,True,True,763723,4.0,0.950488269329071,756648,316007,1
s1_z8192_y3584_x4352,46,2.0484800338745117,True,True,2504868,3.612802028656006,0.9467153549194336,2470979,1018743,1
s1_z8448_y4096_x4096,37,3.839578628540039,True,True,1534490,4.0,1.6298719644546509,1512642,1073176,1
s1_z8704_y4096_x4096,37,4.0566864013671875,True,True,1879215,4.0,1.6519118547439575,1848826,1306829,1
s1_z9216_y2560_x3328,47,1.4843387603759766,True,True,2680573,2.892632484436035,0.589860200881958,2644366,650357,1
s1_z9472_y4096_x3584,41,2.763418197631836,True,True,2428999,4.0,1.2396501302719116,2385487,1372810,1
s1_z960_y2112_x4992,22,3.7680892944335938,True,True,633175,4.0,1.6080076694488525,635577,431944,1
s1_z9920_y2880_x3520,25,4.1591949462890625,True,True,4414037,4.0,1.0958856344223022,4356439,2064722,1
s4_z1280_y1280_x1024,40,2.552882194519043,True,True,1259756,2.85235333442688,0.5837411284446716,1244645,319193,1
s4_z1536_y512_x1536,39,2.6571922302246094,True,True,1485877,2.6698224544525146,0.7141159772872925,1469491,430498,1
s4_z1792_y512_x1792,43,1.8589134216308594,True,True,1671014,2.6245503425598145,0.6660642623901367,1658090,455040,1
s4_z2048_y512_x1536,43,1.7740793228149414,True,True,1920233,3.06523060798645,0.6794102787971497,1889030,539669,1
s4_z2304_y2048_x1792,38,3.0201263427734375,True,True,1156862,4.0,0.9585723876953125,1144366,453436,1
s4_z2560_y2048_x1280,37,2.8078460693359375,True,True,1324767,4.0,1.4611258506774902,1299807,811338,1
s4_z2816_y2048_x1536,36,1.4892663955688477,True,True,1796960,2.929121732711792,0.7142812609672546,1769616,534322,1
s4_z3072_y2304_x1536,45,1.9840936660766602,True,True,1358321,4.0,0.8171262741088867,1339653,470908,1
s4_z3328_y768_x2048,34,1.0936813354492188,True,True,1828173,4.0,0.8678637146949768,1799924,660385,1
s4_z3840_y2048_x2048,45,1.6177291870117188,True,True,1699410,4.0,0.4789896309375763,1670765,313629,1
s4_z4352_y1280_x2304,47,0.6625299453735352,True,True,1935511,2.1947412490844727,0.42486971616744995,1908740,286031,1
s4_z4608_y1280_x1024,44,1.1619033813476562,True,True,1648927,2.2169928550720215,0.5196319818496704,1636037,324662,1
s4_z4864_y1792_x768,41,1.8131103515625,True,True,1418438,2.351256847381592,0.5012490749359131,1399554,275994,1
s4_z5120_y2304_x1280,38,1.6823854446411133,True,True,1313315,4.0,0.9141249656677246,1305874,504875,1
s4_z5376_y2304_x1536,42,1.5280742645263672,True,True,1684221,4.0,0.6413328647613525,1651221,528586,1
s4_z5632_y2560_x1792,43,1.0113859176635742,True,True,1654082,3.166965961456299,0.6331039071083069,1640323,451911,1
s4_z6144_y2304_x2304,40,1.0809049606323242,True,True,1979913,1.2906690835952759,0.2220035344362259,1959241,101154,1
s4_z6656_y1792_x512,36,1.9245891571044922,True,True,1328200,2.6053173542022705,0.5093137621879578,1309378,269572,1
s4_z7168_y1536_x1536,39,1.3723030090332031,True,True,1205903,2.7715375423431396,0.5169432163238525,1186220,249569,1
s4_z7680_y2048_x2048,40,1.0321731567382812,True,True,1089245,4.0,0.49523499608039856,1076400,204461,1
s4_z7936_y2048_x2560,48,2.1400508880615234,True,True,1216429,3.5408267974853516,0.7664127349853516,1202587,393582,1
s4_z8448_y2560_x1024,45,2.288477897644043,True,True,2061182,4.0,0.8223927617073059,2046132,787328,1
s4_z8960_y2560_x1536,43,1.2865095138549805,True,True,1233298,2.852557420730591,0.4523354172706604,1217385,207335,1
s4_z9728_y1792_x768,40,2.3155393600463867,True,True,1679509,2.487497091293335,0.41426265239715576,1664170,249985,1
s5_z6190_y3420_x5890,21,3.681894302368164,True,True,651078,4.0,1.1856513023376465,642488,332898,1
s5_z9370_y2850_x2850,21,1.9501008987426758,True,True,553015,4.0,0.7231009602546692,546255,176572,1
s1_z10240_y2880_x2560,11,4.740364074707031,True,True,3994012,3.480375289916992,0.48733803629875183,3969450,761062,1
s1_z10560_y3200_x3520,17,4.352754592895508,True,True,4810160,4.0,0.5346977114677429,4778166,988758,1
s1_z11200_y3200_x2560,14,4.260980606079102,True,True,4325321,3.8174831867218018,0.694088339805603,4299339,1175846,1
s1_z1152_y1920_x4608,26,4.459444046020508,True,True,767912,4.0,1.2003931999206543,757532,384664,1
s1_z1152_y2688_x4800,26,3.1325416564941406,True,True,532544,3.221714496612549,0.7799744009971619,528698,164294,1
s1_z12480_y4480_x3520,20,3.29965877532959,True,True,4502240,4.0,1.0969661474227905,4457350,2160362,1
s1_z1344_y2688_x3072,25,4.504875183105469,True,True,792404,4.0,1.1031427383422852,776262,387690,1
s1_z1536_y2496_x4800,23,5.560066223144531,True,True,619355,2.6350255012512207,0.6794114708900452,607109,182962,1
s1_z1728_y2304_x4992,25,4.245758056640625,True,True,685808,4.0,0.6279908418655396,676872,199824,1
s1_z1920_y2112_x3072,26,3.2064361572265625,True,True,1418772,2.860104560852051,0.72740238904953,1383969,445959,1
s1_z1920_y2688_x4608,26,4.377220153808594,True,True,869523,4.0,1.1638509035110474,861005,462262,1
s1_z192_y2880_x4224,26,5.082333564758301,True,True,1002972,2.1139307022094727,0.49157366156578064,989921,189279,1
s1_z2112_y2496_x4608,25,3.940554618835449,True,True,838594,4.0,0.7918256521224976,819643,281523,1
s1_z2304_y2688_x3648,27,3.846160888671875,True,True,872885,4.0,1.2348052263259888,865920,485113,1
s1_z2880_y1728_x3840,26,2.4024391174316406,True,True,1280864,4.0,0.9263797998428345,1266268,616610,1
s1_z3264_y2496_x3648,25,2.438998222351074,True,True,1190339,4.0,0.7221273183822632,1162812,395323,1
s1_z3456_y2688_x3456,26,3.322969436645508,True,True,855420,4.0,1.0677275657653809,837286,407866,1
s1_z384_y2112_x2880,23,3.539896011352539,True,True,886908,4.0,1.843896746635437,880632,714800,1
s1_z4032_y2496_x3648,27,1.73455810546875,True,True,1185026,1.7639049291610718,0.34001627564430237,1165721,161563,1
s1_z4416_y2112_x4992,23,4.707635879516602,True,True,789375,4.0,1.370837688446045,780912,489311,1
s1_z4608_y2112_x4800,26,3.424419403076172,True,True,1123930,2.2345194816589355,0.43645262718200684,1102386,188402,1
s1_z4800_y2496_x4608,22,2.595292091369629,True,True,588315,4.0,1.046933889389038,585380,261385,1
s1_z4992_y2496_x4608,22,6.090854644775391,True,True,462476,4.0,2.047355890274048,455219,412935,1
s1_z5184_y2688_x4800,26,4.494270324707031,True,True,570927,3.2391834259033203,0.7792615294456482,566414,186465,1
s1_z5376_y2688_x4800,25,3.890035629272461,True,True,536864,3.2429940700531006,0.6362013816833496,531076,142294,1
s1_z5568_y2304_x3264,27,3.149141311645508,True,True,1286055,2.001987934112549,0.6912422776222229,1261531,409398,1
s1_z5568_y2880_x2880,25,3.1628494262695312,True,True,822780,3.5636842250823975,0.6575301885604858,804695,228063,1
s1_z5568_y3648_x4032,26,2.5615081787109375,True,True,1249903,4.0,0.8408401608467102,1220618,473711,1
s1_z5760_y2496_x4416,24,2.1400632858276367,True,True,719630,1.3623603582382202,0.3739813268184662,707543,98169,1
s1_z5760_y3072_x4992,24,1.5560693740844727,True,True,735116,4.0,1.0609971284866333,717475,326427,1
s1_z576_y2112_x2880,22,5.898843765258789,True,True,846791,4.0,2.166135549545288,824162,817823,1
s1_z5952_y2112_x3840,26,3.3630447387695312,True,True,1039812,4.0,1.2009238004684448,1007061,569317,1
s1_z5952_y2880_x4416,24,4.8827362060546875,True,True,555419,3.87573504447937,0.9932777285575867,549854,238441,1
s1_z6144_y2496_x3840,24,2.5183448791503906,True,True,868087,4.0,1.0205984115600586,864088,381141,1
s1_z6144_y3840_x3456,27,2.4716873168945312,True,True,1200491,2.9972898960113525,0.6755275726318359,1191335,346438,1
s1_z6528_y3264_x2688,25,2.6623945236206055,True,True,1086948,3.419083833694458,0.8048573732376099,1076251,361217,1
s1_z6720_y3456_x4608,23,3.3912277221679688,True,True,585677,4.0,1.1581804752349854,574131,287934,1
s1_z6912_y3328_x4864,44,3.035764694213867,True,True,1770748,4.0,0.9796245694160461,1746105,734313,1
s1_z7168_y3584_x4352,33,3.0244312286376953,True,True,1623210,4.0,0.9987319111824036,1595678,687336,1
s1_z7680_y3072_x4352,45,1.9712028503417969,True,True,1905806,4.0,0.9226409196853638,1885755,733263,1
s1_z768_y2880_x3456,26,5.303715705871582,True,True,969777,4.0,0.8843812346458435,950297,345950,1
s1_z8192_y3840_x3072,39,4.793434143066406,True,True,2416903,4.0,0.9310508370399475,2366960,911843,1
s1_z8448_y4352_x3328,41,5.242347717285156,True,True,1842543,4.0,1.2030340433120728,1820209,972224,1
s1_z8704_y4352_x3328,43,3.679936408996582,True,True,1688251,2.5458340644836426,0.7932974100112915,1664725,584938,1
s1_z9216_y2816_x2816,37,4.456207275390625,True,True,1852326,4.0,1.0919665098190308,1830803,837687,1
s1_z9472_y4096_x3840,37,1.355086326599121,True,True,2153445,4.0,0.9788417816162109,2121052,923771,1
s1_z960_y2304_x2880,23,4.080528259277344,True,True,808686,3.7402517795562744,1.2491730451583862,793551,441029,1
s1_z9920_y3200_x2560,24,2.0806665420532227,True,True,4761877,3.0584428310394287,0.7422836422920227,4721378,1618771,1
s4_z1280_y1280_x2560,36,1.929086685180664,True,True,1197125,4.0,1.714038372039795,1177055,876952,1
s4_z1536_y512_x1792,42,2.3962936401367188,True,True,1773399,4.0,1.0412031412124634,1743459,799822,1
s4_z1792_y512_x2048,38,2.2614736557006836,True,True,1769841,4.0,0.8064882755279541,1744405,637406,1
s4_z2048_y512_x1792,43,2.5308399200439453,True,True,1916915,4.0,0.8775063157081604,1889789,721678,1
s4_z2304_y2304_x1280,43,2.8025341033935547,True,True,1264131,4.0,0.9200488328933716,1245311,503708,1
s4_z2560_y2048_x1536,37,2.6192073822021484,True,True,1515849,4.0,1.7007778882980347,1491290,1120147,1
s4_z2816_y512_x2048,42,2.063932418823242,True,True,1783325,4.0,1.0314130783081055,1745634,836109,1
s4_z3072_y2304_x1792,39,2.1252336502075195,True,True,1393985,4.0,0.8143081068992615,1373453,481424,1
s4_z3328_y768_x2304,40,2.2481250762939453,True,True,1444345,3.4735705852508545,0.8455491662025452,1420629,540674,1
s4_z3840_y2048_x2304,37,1.9086341857910156,True,True,1334385,2.7223846912384033,0.8410217761993408,1319187,495282,1
s4_z4352_y1280_x2560,32,1.7696151733398438,True,True,1089520,3.6591055393218994,0.8929820656776428,1076110,437312,1
s4_z4608_y1280_x2304,37,1.0520954132080078,True,True,1649264,1.7668914794921875,0.3861958980560303,1628543,216091,1
s4_z4864_y2048_x2560,34,1.4898929595947266,True,True,895768,2.56282377243042,0.38285961747169495,884678,116126,1
s4_z5120_y2304_x1536,39,1.1000480651855469,True,True,1687555,1.4869180917739868,0.3947094678878784,1666979,241206,1
s4_z5376_y2304_x2560,38,2.2549095153808594,True,True,1479236,2.809612989425659,0.5971731543540955,1454751,365703,1
s4_z5888_y1024_x1024,43,1.7161197662353516,True,True,936787,3.3636510372161865,0.5453864932060242,921903,209088,1
s4_z6144_y2304_x2560,43,1.7996807098388672,True,True,1609899,3.4948220252990723,0.7254688143730164,1582573,481486,1
s4_z6656_y2048_x2560,40,2.0452919006347656,True,True,1286829,3.4355156421661377,0.7302089333534241,1269356,407159,1
s4_z7168_y1792_x2560,37,1.8926200866699219,True,True,1164678,4.0,0.7926572561264038,1152939,377549,1
s4_z7680_y2048_x2560,36,2.3631038665771484,True,True,1022571,4.0,0.9103276133537292,1015073,392182,1
s4_z7936_y2304_x2048,41,1.0351343154907227,True,True,1189719,3.9681832790374756,0.4872066378593445,1179317,216508,1
s4_z8448_y2560_x1280,44,1.3291501998901367,True,True,2149152,3.5797886848449707,0.4348190724849701,2119183,383863,1
s4_z8960_y2560_x1792,40,1.6544208526611328,True,True,1577845,1.7910515069961548,0.45678916573524475,1557458,263287,1
s4_z9728_y2048_x1024,38,2.1083030700683594,True,True,1259857,4.0,0.6331814527511597,1247704,312207,1
s5_z8500_y1900_x3800,25,2.645711898803711,True,True,805704,3.967319965362549,0.5711061954498291,791536,191066,1
s1_z10240_y2880_x3200,14,4.969554901123047,True,True,4310252,4.0,0.6919225454330444,4277089,1204893,1
s1_z10560_y3200_x3840,21,3.366384506225586,True,True,3904400,4.0,0.6462310552597046,3868694,987988,1
s1_z11200_y3200_x3520,20,2.1098194122314453,True,True,5604159,4.0,0.6872316002845764,5566196,1640497,1
s1_z1152_y2112_x2688,24,6.719259262084961,True,True,778677,4.0,1.0184787511825562,765674,334931,1
s1_z1152_y2880_x3072,25,5.579048156738281,True,True,764661,4.0,2.203333616256714,744264,701509,1
s1_z12480_y4800_x2560,18,2.9880714416503906,True,True,4111250,4.0,0.938309371471405,4085449,1592977,1
s1_z1344_y2688_x3648,26,4.525506973266602,True,True,1062025,3.359109401702881,1.0350948572158813,1029676,520431,1
s1_z1536_y2496_x4992,26,7.3394927978515625,True,True,539472,4.0,1.7360764741897583,530007,446039,1
s1_z1728_y2496_x2688,24,3.5354747772216797,True,True,603190,4.0,0.8480549454689026,598251,214247,1
s1_z1920_y2112_x4608,25,3.9842700958251953,True,True,851447,4.0,0.6917355060577393,838395,241054,1
s1_z192_y1728_x3840,26,3.479585647583008,True,True,1077076,2.129777669906616,0.7507880926132202,1057921,414387,1
s1_z192_y2880_x4416,26,4.723790168762207,True,True,931882,4.0,1.053670048713684,907531,417925,1
s1_z2112_y2496_x4800,26,2.7245616912841797,True,True,598647,3.8235998153686523,0.6443681716918945,591692,148535,1
s1_z2304_y2688_x3840,25,1.8309574127197266,True,True,638257,4.0,0.8971242904663086,626260,278269,1
s1_z2880_y1728_x4032,27,1.840855598449707,True,True,1321990,4.0,1.1703966856002808,1297864,779498,1
s1_z3264_y2688_x3072,26,2.541144371032715,True,True,780300,4.0,0.8044819235801697,769218,260886,1
s1_z3456_y2688_x3648,26,3.1352062225341797,True,True,912035,4.0,0.8639336824417114,895041,347834,1
s1_z384_y2112_x3072,25,3.955965995788574,True,True,1059891,4.0,1.5132653713226318,1040343,746768,1
s1_z4032_y2496_x3840,25,1.3879852294921875,True,True,1169995,2.5577540397644043,0.3008202910423279,1152830,119927,1
s1_z4416_y2304_x2496,25,5.309209823608398,True,True,699715,4.0,1.1876270771026611,695104,361311,1
s1_z4608_y2304_x4992,20,4.626398086547852,True,True,601833,4.0,1.965926170349121,609847,537876,1
s1_z4800_y2496_x4800,25,3.462738037109375,True,True,540189,3.0778448581695557,0.8440559506416321,529205,198998,1
s1_z4992_y2496_x4800,24,2.2206974029541016,True,True,787375,2.923489570617676,0.9088480472564697,774437,308994,1
s1_z5184_y2688_x4992,18,6.970561981201172,True,True,504893,4.0,1.202272653579712,501303,280808,1
s1_z5376_y2688_x4992,18,7.918373107910156,True,True,524217,4.0,2.1438822746276855,528416,516891,1
s1_z5568_y2304_x4032,25,1.9283103942871094,True,True,1225474,4.0,1.3971070051193237,1190907,796485,1
s1_z5568_y2880_x3072,24,2.286418914794922,True,True,820433,3.206641674041748,0.6640210151672363,808534,225791,1
s1_z5568_y3648_x4224,24,1.702244758605957,True,True,1154504,3.8932647705078125,0.5897011756896973,1139182,291640,1
s1_z5760_y2496_x4608,26,3.2252731323242188,True,True,722809,4.0,1.2626402378082275,726857,387792,1
s1_z5760_y3264_x3072,27,2.8390207290649414,True,True,764487,3.4256062507629395,0.7836691737174988,748597,259776,1
s1_z576_y2112_x3072,24,6.453813552856445,True,True,919320,4.0,1.464875340461731,898879,614717,1
s1_z5952_y2304_x3072,27,3.69305419921875,True,True,1039008,4.0,1.3803421258926392,1021445,671737,1
s1_z5952_y2880_x4608,23,3.5144710540771484,True,True,613572,4.0,0.9048751592636108,608027,236693,1
s1_z6144_y2496_x4224,27,2.750370979309082,True,True,1007545,4.0,1.0272574424743652,995872,453331,1
s1_z6144_y3840_x3648,26,2.7961721420288086,True,True,1192151,4.0,1.015803575515747,1165876,573937,1
s1_z6528_y3264_x2880,27,4.571990966796875,True,True,962990,3.7309882640838623,0.7777706384658813,950317,334719,1
s1_z6720_y3648_x2880,26,4.046560287475586,True,True,977620,4.0,1.1042685508728027,964643,444209,1
s1_z6912_y3584_x3072,40,3.179417610168457,True,True,2647714,2.806220293045044,0.5970017910003662,2591320,664018,1
s1_z7168_y3584_x4608,42,4.569705963134766,True,True,1906798,4.0,1.198366403579712,1880217,928445,1
s1_z7680_y3328_x2816,43,2.4685564041137695,True,True,2308170,4.0,0.6476975679397583,2270599,645289,1
s1_z768_y2880_x3648,25,3.4977855682373047,True,True,1026641,3.9076285362243652,0.7010685801506042,1005178,293943,1
s1_z8192_y3840_x3328,44,6.369073867797852,True,True,1701116,4.0,1.7440259456634521,1666342,1292264,1
s1_z8448_y4352_x3840,37,2.4708595275878906,True,True,1338698,4.0,1.1286736726760864,1314189,640983,1
s1_z8704_y4352_x3584,39,3.249319076538086,True,True,1492522,4.0,1.0920358896255493,1487548,693120,1
s1_z9216_y2816_x3840,43,3.5014638900756836,True,True,2418673,4.0,1.5002201795578003,2383785,1505942,1
s1_z9600_y2560_x2560,18,4.017352104187012,True,True,3393700,4.0,0.9564818739891052,3381547,1341869,1
s1_z960_y2304_x3072,23,6.482292175292969,True,True,684918,4.0,1.3575220108032227,672528,409372,1
s1_z9920_y3200_x3840,34,2.1622304916381836,True,True,4490680,4.0,0.5496639013290405,4449244,937468,1
s4_z1280_y1792_x2304,37,2.7305994033813477,True,True,1318768,4.0,0.7774229645729065,1305974,404320,1
s4_z1536_y512_x2048,43,3.050522804260254,True,True,1613789,4.0,1.0832122564315796,1578514,802949,1
s4_z1792_y512_x2304,40,2.055561065673828,True,True,1505652,2.5824148654937744,0.8073459267616272,1492418,512756,1
s4_z2048_y512_x2048,46,1.8963899612426758,True,True,2122705,3.090153694152832,0.6195093989372253,2105234,554505,1
s4_z2304_y2304_x1536,42,1.7346630096435547,True,True,1674637,4.0,1.2562309503555298,1643812,936609,1
s4_z2560_y2048_x1792,37,2.818532943725586,True,True,1218274,3.6339492797851562,1.072391152381897,1202123,570125,1
s4_z2816_y512_x2304,43,2.469021797180176,True,True,2070443,4.0,1.026452660560608,2031418,941987,1
s4_z3072_y512_x1792,47,1.5264883041381836,True,True,1904175,2.2247185707092285,0.5329034328460693,1881511,424244,1
s4_z3328_y768_x2560,39,2.6956310272216797,True,True,1159590,2.9028379917144775,0.5703892111778259,1139002,267156,1
s4_z3840_y2048_x768,37,2.136983871459961,True,True,1159111,2.5291926860809326,0.4029079079627991,1143179,160530,1
s4_z4352_y1536_x1024,38,1.2701549530029297,True,True,1388534,3.272679567337036,0.5591073632240295,1366838,311540,1
s4_z4608_y1536_x1024,52,1.3570928573608398,True,True,987721,1.9833178520202637,0.643796443939209,976655,277010,1
s4_z4864_y2304_x1280,41,1.3359861373901367,True,True,1806135,3.622551441192627,0.7511870861053467,1781513,664562,1
s4_z5120_y2560_x1536,43,1.6749458312988281,True,True,1400208,3.8434534072875977,0.6199049353599548,1377895,355035,1
s4_z5376_y2304_x768,39,1.952840805053711,True,True,1402710,3.706331729888916,0.5730361938476562,1385604,308012,1
s4_z5888_y1024_x1536,43,1.807779312133789,True,True,1635334,2.8861634731292725,0.41758793592453003,1609837,259823,1
s4_z6144_y2560_x1536,42,1.2544231414794922,True,True,2005300,2.467453956604004,0.3885723948478699,1979258,271198,1
s4_z6656_y2048_x512,40,2.1712045669555664,True,True,1777514,3.469203472137451,0.6466895341873169,1747410,460732,1
s4_z7168_y1792_x768,43,1.7775382995605469,True,True,1557441,4.0,0.8750811219215393,1539662,581869,1
s4_z7680_y2048_x512,41,1.0119552612304688,True,True,2263776,2.0132346153259277,0.39228394627571106,2238612,351890,1
s4_z7936_y2304_x2304,46,1.477996826171875,True,True,1431596,4.0,0.8199965357780457,1412523,488955,1
s4_z8448_y2560_x1536,48,1.0663537979125977,True,True,2242351,2.2493813037872314,0.6013222932815552,2205711,598390,1
s4_z9216_y1024_x2048,38,2.010692596435547,True,True,1534990,3.0490152835845947,0.5788784027099609,1521386,349644,1
s4_z9728_y2048_x1280,41,2.0316390991210938,True,True,1619872,4.0,0.8938663005828857,1618892,644222,1
s5_z8500_y2090_x3230,26,3.3025588989257812,True,True,783164,4.0,1.09991455078125,773781,341519,1
s1_z10240_y2880_x3520,22,3.0572853088378906,True,True,5147111,2.3613767623901367,0.5212713479995728,5115987,1041972,1
s1_z10560_y3520_x3520,13,4.909883499145508,True,True,3627881,4.0,0.8697094917297363,3601451,1397354,1
s1_z11200_y3520_x3520,25,2.827211380004883,True,True,4410280,4.0,0.9796290993690491,4370310,1868612,1
s1_z1152_y2112_x2880,26,2.506422996520996,True,True,1031032,4.0,1.0681169033050537,1020339,482423,1
s1_z1152_y2880_x3264,27,4.058881759643555,True,True,831350,4.0,1.078314185142517,826718,388400,1
s1_z12480_y4800_x3200,14,3.079547882080078,True,True,4642135,3.4988763332366943,0.6318949460983276,4608012,1173119,1
s1_z1344_y2688_x3840,27,4.560197830200195,True,True,1150676,4.0,1.297250509262085,1117467,737667,1
s1_z1536_y2688_x2880,22,2.3524837493896484,True,True,705161,4.0,1.5832768678665161,695719,487008,1
s1_z1728_y2496_x2880,26,5.299856185913086,True,True,762366,4.0,1.3514293432235718,752960,453536,1
s1_z1920_y2112_x4800,27,2.050948143005371,True,True,873211,2.1962578296661377,0.4313594400882721,856517,137020,1
s1_z192_y1728_x4032,26,1.7079496383666992,True,True,1101994,3.8931984901428223,0.8469327092170715,1082369,444797,1
s1_z192_y2880_x4608,27,3.103229522705078,True,True,815049,4.0,0.7767828702926636,795379,259104,1
s1_z2112_y2496_x4992,25,5.575466156005859,True,True,612440,4.0,1.4027892351150513,618155,357191,1
s1_z2304_y2688_x4032,24,3.3517704010009766,True,True,623086,4.0,0.8311293721199036,620819,234061,1
s1_z2880_y1728_x4224,26,0.8252592086791992,True,True,1294435,1.7113958597183228,0.3858674168586731,1264394,227753,1
s1_z3264_y2688_x3264,26,2.8856096267700195,True,True,779782,2.622131109237671,0.6748548150062561,769160,233726,1
s1_z3648_y1728_x3840,24,1.0829524993896484,True,True,1197021,4.0,0.8003290295600891,1184184,479945,1
s1_z384_y2112_x3264,25,1.4552783966064453,True,True,1150247,4.0,1.0937319993972778,1123434,594967,1
s1_z4032_y2496_x4032,26,2.141860008239746,True,True,1273137,3.430382251739502,0.5645805597305298,1247777,345230,1
s1_z4416_y2304_x4608,24,5.8509674072265625,True,True,538201,4.0,1.6758276224136353,532983,397750,1
s1_z4608_y2496_x2880,24,4.573259353637695,True,True,683944,3.5960826873779297,0.7757266163825989,664656,232560,1
s1_z4800_y2496_x4992,25,4.354103088378906,True,True,641941,4.0,1.3450698852539062,634614,394199,1
s1_z4992_y2496_x4992,23,3.7599353790283203,True,True,625287,4.0,1.9891153573989868,628359,537450,1
s1_z5184_y2688_x5184,23,3.980335235595703,True,True,606112,4.0,1.3302494287490845,591033,366387,1
s1_z5376_y2688_x5184,22,3.162809371948242,True,True,450146,4.0,1.2216808795928955,447587,251401,1
s1_z5568_y2304_x4224,26,1.856557846069336,True,True,1200017,3.2182066440582275,0.47993165254592896,1188122,214005,1
s1_z5568_y2880_x4224,25,2.828716278076172,True,True,703107,4.0,0.8793082237243652,693678,266947,1
s1_z5568_y3648_x4416,25,3.038543701171875,True,True,926006,3.284776449203491,0.766261100769043,907761,320437,1
s1_z5760_y2496_x4800,25,7.374187469482422,True,True,545003,4.0,1.2055916786193848,537143,279730,1
s1_z5760_y3264_x4224,25,2.679780960083008,True,True,733576,4.0,2.3560235500335693,738600,739952,1
s1_z576_y2112_x4800,23,5.289243698120117,True,True,937126,4.0,1.741821527481079,916599,739437,1
s1_z5952_y2304_x3264,26,2.3839521408081055,True,True,1110139,3.613476514816284,0.9929258823394775,1103283,530950,1
s1_z5952_y2880_x4800,22,4.3356733322143555,True,True,753510,4.0,0.9825791716575623,752548,320314,1
s1_z6144_y2496_x4416,27,2.6528501510620117,True,True,1088081,4.0,0.6224697232246399,1066229,278438,1
s1_z6144_y3840_x3840,27,1.9709234237670898,True,True,1278539,1.7696032524108887,0.4632991850376129,1259278,231709,1
s1_z6528_y3456_x2688,26,3.8429765701293945,True,True,1051590,3.9377942085266113,0.9334022998809814,1026013,430195,1
s1_z6720_y3648_x3072,26,2.931239128112793,True,True,1132987,4.0,1.1669929027557373,1110947,575596,1
s1_z6912_y3584_x4352,36,2.3101024627685547,True,True,1990996,3.617460012435913,1.0440922975540161,1959960,912846,1
s1_z7168_y3840_x3072,39,3.676013946533203,True,True,2243587,4.0,1.3241873979568481,2233753,1319446,1
s1_z7680_y3584_x2816,39,3.556161880493164,True,True,2386465,4.0,0.9736843109130859,2359788,991137,1
s1_z768_y2880_x3840,25,3.043649673461914,True,True,945039,3.7121167182922363,0.4378425180912018,927457,161270,1
s1_z8192_y3840_x3584,47,5.733682632446289,True,True,1779349,4.0,1.5713547468185425,1745263,1268724,1
s1_z8704_y2560_x2560,42,3.4247703552246094,True,True,2464070,4.0,1.2475183010101318,2426693,1397339,1
s1_z8704_y4352_x3840,38,4.635440826416016,True,True,1583126,4.0,1.348206639289856,1559148,886862,1
s1_z9216_y3328_x2560,46,2.5755834579467773,True,True,2433622,4.0,0.8939743041992188,2400648,1005692,1
s1_z9600_y2560_x2880,22,3.3217878341674805,True,True,4441863,3.3036603927612305,0.7354847192764282,4397847,1370390,1
s1_z960_y2304_x4608,24,4.088748931884766,True,True,720780,2.6964197158813477,0.7826294302940369,709385,257601,1
s1_z9920_y3520_x2560,22,2.655454635620117,True,True,4704605,4.0,0.8829507231712341,4654132,1911331,1
s4_z1280_y2048_x1280,39,1.4893798828125,True,True,1270687,3.5328333377838135,0.5748670101165771,1259388,285141,1
s4_z1536_y512_x2304,37,2.221024513244629,True,True,1322774,4.0,0.923775315284729,1308767,541283,1
s4_z1792_y768_x1280,40,2.400299072265625,True,True,1431147,4.0,1.2946017980575562,1410978,760433,1
s4_z2048_y512_x2304,43,1.4121513366699219,True,True,2031369,4.0,0.9290850162506104,2005467,860736,1
s4_z2304_y512_x1792,36,2.4763622283935547,True,True,1657348,4.0,0.8231194019317627,1633715,595505,1
s4_z2560_y2304_x1280,44,2.048696517944336,True,True,1602474,4.0,1.2788902521133423,1580480,911650,1
s4_z2816_y768_x1280,39,1.569894790649414,True,True,1995410,4.0,1.0858551263809204,1972029,947883,1
s4_z3072_y768_x1280,40,1.8773078918457031,True,True,1505013,2.174253463745117,0.48555344343185425,1489262,273143,1
s4_z3584_y1536_x1024,42,1.0105056762695312,True,True,1667384,4.0,0.7586355805397034,1659377,582027,1
s4_z3840_y2304_x1792,43,1.292470932006836,True,True,1518635,2.3364861011505127,0.5439038872718811,1504978,350917,1
s4_z4352_y1536_x2304,45,1.8870124816894531,True,True,1435629,4.0,0.7560517191886902,1412623,473710,1
s4_z4608_y1536_x2304,47,1.6637077331542969,True,True,1584963,4.0,0.7630985975265503,1557647,508808,1
s4_z4864_y2304_x1536,42,1.2067594528198242,True,True,2193623,3.4002954959869385,0.4604741334915161,2167362,408049,1
s4_z5120_y2560_x1792,46,2.359983444213867,True,True,1431436,2.336627721786499,0.3487703502178192,1402305,182341,1
s4_z5376_y2560_x1280,42,1.3400611877441406,True,True,1266810,1.4780112504959106,0.40046584606170654,1256164,186622,1
s4_z5888_y1280_x2048,36,2.2633886337280273,True,True,1621664,1.8951736688613892,0.552649974822998,1609161,420611,1
s4_z6144_y2560_x2048,40,1.7372913360595703,True,True,2159724,2.37153697013855,0.6189208626747131,2142237,547027,1
s4_z6656_y2048_x768,46,1.0029234886169434,True,True,1778957,1.9841538667678833,0.34496989846229553,1751435,203700,1
s4_z7168_y2560_x1024,42,1.902327537536621,True,True,2461672,1.7855066061019897,0.4128723442554474,2432304,376694,1
s4_z7680_y2304_x2304,31,1.6462125778198242,True,True,804168,2.431727409362793,0.6952065825462341,793484,241288,1
s4_z7936_y2304_x768,46,1.5115270614624023,True,True,2399647,1.687294840812683,0.3877919018268585,2365829,328408,1
s4_z8448_y2560_x1792,47,2.180079460144043,True,True,1895793,3.2524092197418213,0.7992267608642578,1867500,696359,1
s4_z9216_y1024_x512,42,2.435418128967285,True,True,1596563,4.0,0.6752505302429199,1573630,440971,1
s4_z9728_y2304_x1536,42,2.66872501373291,True,True,1716357,1.5892584323883057,0.4086129665374756,1704540,253397,1
s5_z8500_y2090_x3420,22,3.4639482498168945,True,True,738997,4.0,1.064558506011963,729513,330046,1
s1_z10240_y3200_x2560,18,4.869148254394531,True,True,4223717,4.0,0.6198435425758362,4183279,1063052,1,
s1_z10560_y3520_x3840,16,3.6372146606445312,True,True,4393035,3.013033628463745,0.5416995882987976,4355819,950518,1,
s1_z11200_y3520_x3840,18,4.598573684692383,True,True,3768450,4.0,0.8313272595405579,3747033,1311287,1,
s1_z1152_y2112_x3072,25,2.3367509841918945,True,True,1190740,4.0,1.393526315689087,1159116,744494,1,
s1_z11840_y3200_x2240,15,3.000743865966797,True,True,3664660,4.0,0.9792466163635254,3645318,1510738,1,
s1_z12480_y5120_x2880,21,3.604485511779785,True,True,3309633,3.0178542137145996,0.5088169574737549,3276644,702991,1,
s1_z1344_y2688_x4032,27,3.4644041061401367,True,True,1230017,4.0,1.0806688070297241,1187783,681768,1,
s1_z1536_y2688_x3072,26,2.5045204162597656,True,True,861454,1.8677185773849487,0.4580986797809601,844038,158556,1,
s1_z1728_y2496_x3072,27,5.079763412475586,True,True,917591,3.299726724624634,1.0318864583969116,906021,434618,1,
s1_z1920_y2304_x2496,25,5.605937957763672,True,True,659162,4.0,1.1591613292694092,649874,320014,1,
s1_z192_y1920_x3264,26,4.2155656814575195,True,True,1239596,4.0,1.0655208826065063,1200150,593250,1,
s1_z192_y3072_x3840,26,5.361294746398926,True,True,948793,3.6817424297332764,0.8452668190002441,927065,383980,1,
s1_z2112_y2688_x3648,27,3.2207164764404297,True,True,863988,2.921952486038208,0.9398664236068726,858314,363160,1,
s1_z2496_y1728_x3648,27,1.5669450759887695,True,True,1312155,4.0,0.8400466442108154,1284697,516492,1,
s1_z2880_y1920_x3264,23,1.1584463119506836,True,True,1478546,3.4559078216552734,0.7258458733558655,1449584,449728,1,
s1_z3456_y1728_x3648,25,1.2162866592407227,False,False,1283132,,,1283132,,1,global offset unreliable
s1_z3648_y2112_x4416,25,1.8389902114868164,True,True,1358866,3.1436853408813477,0.8237740397453308,1324779,493427,1,
s1_z384_y2112_x4800,24,3.4108028411865234,True,True,1070007,4.0,0.8068830370903015,1050095,367286,1,
s1_z4032_y2496_x4416,24,3.456212043762207,True,True,863684,4.0,1.2281074523925781,846512,458646,1,
s1_z4416_y2304_x4800,22,1.5763416290283203,True,True,605085,3.426844835281372,1.118133783340454,597919,303820,1,
s1_z4608_y2496_x4608,25,2.4437694549560547,True,True,889873,4.0,1.2426469326019287,878440,512465,1,
s1_z4800_y2496_x5184,18,1.542388916015625,True,True,366294,2.7371532917022705,0.6985675096511841,355967,117711,1,
s1_z4992_y2688_x3072,25,1.3620500564575195,True,True,1286218,4.0,0.9173252582550049,1269116,512790,1,
s1_z5184_y2880_x4800,27,4.020174980163574,True,True,1092975,3.564697742462158,1.0002001523971558,1068712,469385,1,
s1_z5376_y2880_x4416,25,4.722496032714844,True,True,544450,4.0,0.9601453542709351,533576,250856,1,
s1_z5568_y2304_x4416,27,3.690876007080078,True,True,1058200,3.9335973262786865,0.7823367118835449,1038956,349586,1,
s1_z5568_y2880_x4416,20,5.473106384277344,True,True,426137,4.0,0.5969762802124023,420734,109945,1,
s1_z5760_y2112_x3456,26,3.020846366882324,True,True,1140711,4.0,0.8634346127510071,1130914,420861,1,
s1_z5760_y2688_x2880,25,4.724693298339844,True,True,692933,4.0,1.1178977489471436,681455,342640,1,
s1_z5760_y3264_x4416,26,4.448534965515137,True,True,698535,4.0,1.0096845626831055,686862,291275,1,
s1_z576_y2304_x2880,27,3.331141471862793,True,True,643914,4.0,1.1505802869796753,641171,327701,1,
s1_z5952_y2304_x3456,27,1.8184337615966797,True,True,1103721,2.3926727771759033,0.6374278664588928,1081325,310642,1,
s1_z5952_y2880_x4992,25,1.0552663803100586,True,True,836356,4.0,0.8148592114448547,820183,287927,1,
s1_z6144_y2688_x3264,24,4.327614784240723,True,True,739791,4.0,1.1201404333114624,736437,355502,1,
s1_z6144_y3840_x4224,25,3.110567092895508,True,True,1060558,4.0,1.0724033117294312,1028882,551574,1,
s1_z6528_y3456_x2880,27,3.9909133911132812,True,True,1217271,2.614227056503296,0.8010819554328918,1185435,417156,1,
s1_z6720_y3648_x3264,25,5.106050491333008,True,True,1055408,2.8935091495513916,0.9577760696411133,1043255,446257,1,
s1_z6912_y3584_x4608,42,2.9670181274414062,True,True,2114962,2.4855096340179443,0.6660352349281311,2091044,555268,1,
s1_z7168_y3840_x3328,41,3.633408546447754,True,True,2719102,4.0,1.2654104232788086,2651640,1476146,1,
s1_z7680_y3840_x3328,37,3.0613842010498047,True,True,2125302,3.636852264404297,1.1386305093765259,2081452,1039420,1,
s1_z768_y2880_x4416,25,4.905500411987305,True,True,726313,4.0,0.9635069370269775,716955,301170,1,
s1_z8192_y3840_x3840,45,3.5385942459106445,True,True,2455952,4.0,1.5820335149765015,2418075,1610465,1,
s1_z8704_y2816_x2560,45,2.4380264282226562,True,True,2462916,3.285409450531006,0.5821004509925842,2436777,596049,1,
s1_z8960_y2304_x2816,38,5.487958908081055,True,True,2143348,4.0,1.8223588466644287,2077044,1722290,1,
s1_z9216_y4096_x2816,40,2.5807456970214844,True,True,1999204,4.0,1.3558090925216675,1992562,1172030,1,
s1_z9600_y2560_x3200,20,3.7029590606689453,True,True,4650124,4.0,0.7381815910339355,4621222,1394538,1,
s1_z960_y2304_x4800,27,1.5785331726074219,True,True,883624,4.0,0.9689902067184448,873667,375941,1,
s1_z9920_y3520_x3840,36,2.3822021484375,True,True,4982882,4.0,1.062112808227539,4944929,2262595,1,
s4_z1280_y2048_x2048,36,3.5951271057128906,True,True,1395571,4.0,1.3073055744171143,1373917,761278,1,
s4_z1536_y768_x1280,40,2.0112438201904297,True,True,1500013,4.0,0.741171658039093,1485198,427973,1,
s4_z1792_y768_x1536,37,1.977010726928711,True,True,1659294,4.0,0.8359982967376709,1637556,562310,1,
s4_z2048_y512_x2560,40,2.5398216247558594,True,True,1596544,3.9433085918426514,1.1268951892852783,1563057,762911,1,
s4_z2304_y512_x2048,47,2.8200807571411133,True,True,1753628,4.0,1.2135659456253052,1732014,964824,1,
s4_z2560_y2304_x1536,39,2.047286033630371,True,True,1444228,4.0,0.7219395041465759,1427663,436853,1,
s4_z2816_y768_x1536,35,1.8398027420043945,True,True,1664085,3.916862964630127,0.938140332698822,1641848,687927,1,
s4_z3072_y768_x1792,47,1.5811996459960938,True,True,1980377,4.0,1.2652326822280884,1939869,1114816,1,
s4_z3584_y1536_x2560,43,1.8607149124145508,True,True,1303509,4.0,0.5831519961357117,1292150,313289,1,
s4_z3840_y2304_x2048,34,1.259218692779541,True,True,1380227,3.282912254333496,0.5565890669822693,1361977,340286,1,
s4_z4352_y1792_x1024,43,1.3589954376220703,True,True,1108944,3.6280782222747803,0.6885527968406677,1098029,311671,1,
s4_z4608_y1536_x2560,40,1.5499200820922852,True,True,1480874,3.599414587020874,0.6541040539741516,1464682,398450,1,
s4_z4864_y2304_x1792,37,0.892033576965332,True,True,1737628,3.517320156097412,0.5649259090423584,1717505,436475,1,
s4_z512_y1024_x1024,47,1.3137149810791016,True,True,1412759,4.0,0.9695521593093872,1386926,610499,1,
s4_z5376_y2560_x1536,42,1.5621356964111328,True,True,1674299,2.930924654006958,0.6053950190544128,1652684,429773,1,
s4_z5888_y1536_x1024,33,1.4676332473754883,True,True,1560914,3.2533509731292725,0.5145964622497559,1535704,311576,1,
s4_z6400_y1280_x1792,40,1.2492952346801758,True,True,1492604,2.1476497650146484,0.4526404142379761,1472807,269941,1,
s4_z6656_y2304_x2304,42,0.8679275512695312,True,True,1555115,3.583749532699585,0.44782450795173645,1535915,257618,1,
s4_z7424_y1280_x768,34,1.4402751922607422,True,True,1243227,3.1169729232788086,0.6291981935501099,1229810,329295,1,
s4_z7680_y2304_x2560,43,1.7228202819824219,True,True,1492447,2.7499759197235107,0.5270888805389404,1469192,307505,1,
s4_z7936_y2560_x1024,43,1.7881107330322266,True,True,2084782,2.598790407180786,0.6353704333305359,2062896,549792,1,
s4_z8704_y1280_x2304,40,2.1051950454711914,True,True,1569323,2.3701329231262207,0.6012062430381775,1543478,403137,1,
s4_z9216_y1280_x2048,42,1.2048377990722656,True,True,1167660,3.91219162940979,0.5970137715339661,1151256,276042,1,
s4_z9728_y2304_x1792,37,3.3203563690185547,True,True,1399013,3.3971922397613525,0.6450549960136414,1381110,365357,1,
s5_z8500_y2470_x5700,25,1.6252202987670898,True,True,679473,4.0,0.4668451249599457,669763,117446,1,
s1_z10240_y3200_x3520,26,4.809674263000488,True,True,4436068,4.0,0.6434013247489929,4404287,1134559,1
s1_z10560_y3840_x3520,23,4.743162155151367,True,True,3671384,4.0,0.6916134357452393,3636946,1089472,1
s1_z11200_y3840_x3520,16,5.021121978759766,True,True,3378962,4.0,1.1523983478546143,3372351,1695433,1
s1_z1152_y2112_x4608,24,4.644264221191406,True,True,730573,4.0,0.9265578985214233,717858,301525,1
s1_z11840_y3200_x2560,25,3.5849790573120117,True,True,4058246,4.0,1.0568171739578247,4047309,1793207,1
s1_z12480_y5120_x3200,39,2.387807846069336,True,True,3690755,4.0,0.6070323586463928,3652457,891694,1
s1_z1344_y2688_x4608,26,4.084869384765625,True,True,1102177,1.8980532884597778,0.4527404308319092,1083516,205023,1
s1_z1536_y2688_x3840,26,2.839362144470215,True,True,986776,3.4100310802459717,0.8917109966278076,965314,431022,1
s1_z1728_y2496_x4608,26,4.442441940307617,True,True,800825,3.0492215156555176,0.7900720238685608,773974,278949,1
s1_z1920_y2304_x2688,24,3.495330810546875,True,True,869933,2.042313814163208,0.7010141015052795,852086,243821,1
s1_z192_y1920_x3456,26,4.225275993347168,True,True,1269631,3.00604248046875,0.8579776287078857,1228915,477302,1
s1_z192_y3072_x4032,23,2.8010568618774414,True,True,957494,3.5634703636169434,1.285930871963501,921224,585126,1
s1_z2112_y2688_x3840,24,2.387422561645508,True,True,726501,1.898643136024475,0.46198439598083496,714906,134441,1
s1_z2496_y1728_x3840,27,3.1725893020629883,True,True,1192278,3.875274181365967,0.6869375109672546,1174143,399373,1
s1_z2880_y2112_x3072,25,1.6681146621704102,True,True,1452617,2.7003591060638428,0.591912031173706,1420813,398418,1
s1_z3456_y1728_x3840,22,1.7633247375488281,True,True,1083410,4.0,1.1310374736785889,1063580,582176,1
s1_z3648_y2112_x4608,26,1.5087003707885742,True,True,1232834,4.0,0.9236882328987122,1219886,462120,1
s1_z384_y2304_x2688,26,5.340646743774414,True,True,615602,4.0,2.2307546138763428,612117,604581,1
s1_z4032_y2688_x2688,25,4.634147644042969,True,True,797091,4.0,1.2537457942962646,785179,438726,1
s1_z4416_y2304_x4992,25,3.1770734786987305,True,True,755250,4.0,1.7759145498275757,759450,585012,1
s1_z4608_y2496_x4992,26,3.230635643005371,True,True,571374,4.0,0.962076723575592,569037,243565,1
s1_z4800_y2688_x2688,26,5.171965599060059,True,True,934216,4.0,1.0115963220596313,920262,409946,1
s1_z4992_y2688_x3264,26,2.665656089782715,True,True,1336873,2.1568312644958496,0.7170443534851074,1303892,433619,1
s1_z5184_y3072_x4608,26,2.6498403549194336,True,True,1084632,4.0,1.005428671836853,1053277,464271,1
s1_z5376_y2880_x4800,27,2.0959548950195312,True,True,938154,2.4880568981170654,0.6152838468551636,922552,227996,1
s1_z5568_y2304_x4608,25,3.5163326263427734,True,True,908578,3.1606903076171875,0.6902810335159302,893729,269545,1
s1_z5568_y2880_x4608,27,4.389830589294434,True,True,687081,4.0,1.2692792415618896,671647,382196,1
s1_z5760_y2112_x3648,26,1.4746475219726562,True,True,1128006,4.0,2.203223943710327,1127364,1114556,1
s1_z5760_y2688_x3072,22,5.092704772949219,True,True,660987,4.0,1.2171415090560913,648449,360730,1
s1_z5760_y3264_x4608,25,1.5880966186523438,True,True,613101,2.9518511295318604,0.7032048106193542,607799,177052,1
s1_z576_y2304_x3072,26,4.341148376464844,True,True,776763,4.0,1.0827604532241821,761790,365961,1
s1_z5952_y2304_x3648,26,2.3242053985595703,True,True,1071940,4.0,0.7546482086181641,1045314,350388,1
s1_z5952_y3072_x3072,22,2.3115339279174805,True,True,894370,4.0,1.175270915031433,873739,469303,1
s1_z6144_y2688_x4608,25,4.590730667114258,True,True,870754,2.6125335693359375,0.7795929312705994,865487,279171,1
s1_z6144_y3840_x4416,27,3.9386940002441406,True,True,913272,4.0,0.7818347215652466,893181,325823,1
s1_z6528_y3648_x4416,26,1.904703140258789,True,True,1157652,3.849614143371582,0.9983295798301697,1126224,523438,1
s1_z6720_y3648_x4224,26,4.02708625793457,True,True,1121744,2.7690420150756836,0.6507059335708618,1104867,304577,1
s1_z6912_y3584_x4864,38,3.74411678314209,True,True,1329722,3.9133102893829346,0.8649687767028809,1320534,472552,1
s1_z7168_y3840_x3840,45,5.134479522705078,True,True,2566117,4.0,1.053322434425354,2509414,1179915,1
s1_z7680_y3840_x4096,43,2.9765615463256836,True,True,2682162,3.319103479385376,0.7199366092681885,2635488,795886,1
s1_z7936_y2560_x3072,44,2.8561668395996094,True,True,2918280,3.6620962619781494,0.823589563369751,2861304,1098662,1
s1_z8192_y4096_x3072,43,3.448666572570801,True,True,2297718,3.6647543907165527,1.060896635055542,2263020,1013296,1
s1_z8704_y2816_x2816,37,4.831821441650391,True,True,1912585,4.0,1.045201063156128,1872203,887776,1
s1_z8960_y2560_x2560,42,2.884248733520508,True,True,2348741,3.965380907058716,0.757194995880127,2320339,756610,1
s1_z9472_y2560_x2304,44,4.6017866134643555,True,True,1310698,4.0,1.485785961151123,1282755,856059,1
s1_z9600_y2560_x3520,26,2.48541259765625,True,True,4631898,4.0,0.7542098164558411,4587074,1499900,1
s1_z960_y2304_x4992,19,3.357670783996582,True,True,425522,4.0,1.2208290100097656,425429,222785,1
s1_z9920_y3520_x4160,22,2.622955322265625,True,True,2442136,4.0,1.3945918083190918,2420131,1417933,1
s4_z1280_y512_x1536,38,2.2512760162353516,True,True,1394063,4.0,1.2434043884277344,1390767,717124,1
s4_z1536_y768_x1536,32,2.271151542663574,True,True,1507019,4.0,1.2364847660064697,1493280,759163,1
s4_z2048_y1024_x1024,36,2.2587509155273438,True,True,1549995,2.7483203411102295,0.7546798586845398,1525255,479340,1
s4_z2048_y768_x1280,39,1.6947498321533203,True,True,1764787,4.0,0.8304101824760437,1745218,583791,1
s4_z2304_y512_x2304,44,1.9506053924560547,True,True,1843820,4.0,1.0591012239456177,1828370,876344,1
s4_z2560_y512_x1792,43,1.5694456100463867,True,True,2082544,4.0,0.9170128107070923,2048776,818400,1
s4_z2816_y768_x1792,40,2.245081901550293,True,True,1746026,4.0,1.3172965049743652,1724323,988797,1
s4_z3072_y768_x2048,40,2.202413558959961,True,True,1829569,4.0,0.7987447381019592,1799856,637067,1
s4_z3584_y1792_x2560,44,1.587235450744629,True,True,1579815,4.0,0.8113917112350464,1548916,593709,1
s4_z3840_y768_x2304,43,2.2964792251586914,True,True,1413375,1.8207366466522217,0.4354444444179535,1390601,240746,1
s4_z4352_y1792_x2304,40,1.8509750366210938,True,True,1273967,4.0,1.019883155822754,1249118,549865,1
s4_z4608_y1792_x1024,42,0.7639579772949219,True,True,1099097,3.644554615020752,0.4427357614040375,1079000,170879,1
s4_z4864_y2304_x2304,42,1.2387151718139648,True,True,1774662,4.0,0.8842131495475769,1751888,668820,1
s4_z512_y1792_x1536,43,1.6438779830932617,True,True,1573406,4.0,0.9580162167549133,1557243,639255,1
s4_z5376_y2560_x1792,45,1.570235252380371,True,True,1811661,1.8627434968948364,0.444235622882843,1789995,338234,1
s4_z5888_y1536_x512,37,1.5965652465820312,True,True,1319519,3.1450717449188232,0.6886619925498962,1297213,397872,1
s4_z6400_y1536_x1536,41,1.4074649810791016,True,True,1174695,1.8832272291183472,0.47198858857154846,1169019,233180,1
s4_z6656_y2304_x2560,37,2.2120113372802734,True,True,1563833,2.304234266281128,0.4600960314273834,1543463,262682,1
s4_z7424_y1536_x1024,43,1.245854377746582,True,True,1453543,2.1658828258514404,0.5881727933883667,1440247,351446,1
s4_z7680_y2560_x1024,42,1.173351764678955,True,True,2355823,3.1430439949035645,0.45361047983169556,2322203,384188,1
s4_z8192_y1024_x1536,29,2.1096410751342773,True,True,855104,3.6562652587890625,0.8381264805793762,839001,318953,1
s4_z8704_y1536_x512,44,1.4992504119873047,True,True,1451533,3.9649431705474854,0.7121914029121399,1430862,430631,1
s4_z9216_y1536_x2304,41,2.5433473587036133,True,True,1121561,3.3476524353027344,0.8363394737243652,1107542,405207,1
s4_z9728_y512_x1024,40,1.4030942916870117,True,True,1409798,4.0,0.7836279273033142,1403415,456591,1
s5_z8500_y2660_x3040,22,2.6214866638183594,True,True,539766,4.0,1.237128734588623,533048,316996,1
s1_z10240_y3200_x3840,23,3.613175392150879,True,True,3709608,3.9019784927368164,0.7838940024375916,3697497,1220399,1,
s1_z10560_y3840_x3840,20,3.511629104614258,True,True,4489329,2.9658515453338623,0.46071094274520874,4445531,858026,1,
s1_z11200_y3840_x3840,24,4.362611770629883,True,True,4497689,4.0,1.1337554454803467,4463586,2245831,1,
s1_z1152_y2112_x4800,25,0.016617774963378906,True,True,842447,3.447444438934326,1.1408166885375977,821636,438117,1,
s1_z11840_y3200_x2880,23,3.199941635131836,True,True,5345876,3.4414076805114746,0.7200984358787537,5293900,1693174,1,
s1_z1344_y1728_x4224,24,4.769721984863281,True,True,836601,4.0,1.266898274421692,808571,498596,1,
s1_z1344_y2688_x4800,27,6.233280181884766,True,True,760607,4.0,2.783613681793213,764711,911284,1,
s1_z1536_y2688_x4032,27,2.8142738342285156,True,True,1027105,2.2197089195251465,0.6349090933799744,1007953,315574,1,
s1_z1728_y2496_x4800,24,3.7137832641601562,True,True,591082,4.0,1.556120753288269,603496,397384,1,
s1_z1920_y2304_x2880,26,5.054015159606934,True,True,901178,4.0,0.9836758375167847,890105,383275,1,
s1_z192_y1920_x3648,23,3.8353710174560547,True,True,998877,2.751253366470337,1.0189160108566284,996442,446753,1,
s1_z2112_y1728_x3840,25,2.840195655822754,True,True,1084827,4.0,1.1117057800292969,1061578,601667,1,
s1_z2112_y2688_x4032,26,3.084874153137207,True,True,720226,2.694312334060669,0.8664197325706482,701266,296348,1,
s1_z2496_y1728_x4224,25,1.6274299621582031,True,True,1116736,2.3433127403259277,0.6409574747085571,1105323,324901,1,
s1_z2880_y2496_x2880,26,1.9921541213989258,True,True,1244751,4.0,0.6071298718452454,1222494,345639,1,
s1_z3456_y1728_x4032,21,1.695444107055664,True,True,1030977,4.0,1.0568513870239258,1021123,521540,1,
s1_z3648_y2304_x2688,24,0.15163707733154297,True,True,1230067,4.0,1.0423564910888672,1229112,565197,1,
s1_z384_y2304_x2880,23,4.327175140380859,True,True,541098,4.0,1.4321222305297852,537608,350336,1,
s1_z4224_y1728_x3840,25,0.9632320404052734,False,False,1109585,,,1109585,,1,global offset unreliable
s1_z4416_y2496_x2496,26,4.553003311157227,True,True,742728,4.0,1.0968401432037354,739602,337666,1,
s1_z4608_y2688_x2688,25,3.341083526611328,True,True,817464,4.0,1.135131597518921,806999,393929,1,
s1_z4800_y2688_x2880,27,3.506924629211426,True,True,1083029,4.0,0.9707099199295044,1060863,448010,1,
s1_z4992_y2688_x4608,25,2.344606399536133,True,True,645027,2.9573864936828613,0.5237560868263245,630077,129680,1,
s1_z5184_y3264_x4416,26,0.7899875640869141,True,True,1056973,4.0,1.3407310247421265,1052969,625884,1,
s1_z5376_y3072_x4416,23,1.512660026550293,True,True,1071078,4.0,1.093524694442749,1043000,493756,1,
s1_z5568_y2496_x2304,26,3.7528791427612305,True,True,737071,2.9105913639068604,0.6676493287086487,721451,210034,1,
s1_z5568_y2880_x4800,24,2.8314437866210938,True,True,566543,4.0,0.8105878829956055,562317,205318,1,
s1_z5760_y2112_x3840,26,3.6341495513916016,True,True,1072360,4.0,1.2524968385696411,1050807,592243,1,
s1_z5760_y2688_x4224,25,1.9108543395996094,True,True,738868,3.456740379333496,0.6903757452964783,731139,204757,1,
s1_z5760_y3264_x4800,26,1.8264579772949219,True,True,827663,4.0,0.854792058467865,812208,292869,1,
s1_z576_y2496_x2880,24,2.6155710220336914,True,True,898345,3.5800445079803467,0.7328381538391113,887565,284966,1,
s1_z5952_y2304_x3840,26,2.3164167404174805,True,True,1070252,3.123840808868408,0.6437864303588867,1058954,287200,1,
s1_z5952_y3072_x4416,24,6.0165863037109375,True,True,596365,4.0,1.9768153429031372,594872,548575,1,
s1_z6144_y2880_x4224,26,4.453029632568359,True,True,793289,3.9590330123901367,0.8779300451278687,788258,293891,1,
s1_z6336_y2304_x3264,25,3.648648262023926,True,True,780282,3.1373846530914307,1.1915048360824585,783378,426584,1,
s1_z6528_y3648_x4608,22,3.4265213012695312,True,True,962664,4.0,1.5685930252075195,968663,651643,1,
s1_z6720_y3648_x4416,25,3.0800390243530273,True,True,783219,3.6429152488708496,0.902580738067627,770132,285041,1,
s1_z6912_y3840_x3072,43,3.021127700805664,True,True,2343657,4.0,0.7996249794960022,2311005,796420,1,
s1_z7168_y4096_x3328,42,3.985261917114258,True,True,2323300,4.0,1.1812361478805542,2287463,1154891,1,
s1_z7680_y4096_x3328,44,2.3708267211914062,True,True,1957951,4.0,0.47232356667518616,1932927,355992,1,
s1_z7936_y3072_x4352,36,4.494104385375977,True,True,2061996,3.3744120597839355,1.0076303482055664,2041232,860660,1,
s1_z8448_y2560_x2560,49,1.689035415649414,True,True,2837215,2.661393642425537,0.5087263584136963,2811110,624323,1,
s1_z8704_y2816_x3584,46,2.8053531646728516,True,True,3382036,4.0,1.4100219011306763,3315381,2133225,1,
s1_z8960_y2560_x2816,45,4.538320541381836,True,True,1842056,3.860544204711914,1.291962742805481,1803732,1043184,1,
s1_z9472_y2560_x2560,42,4.31178092956543,True,True,1798904,4.0,1.1701316833496094,1779721,871037,1,
s1_z9600_y2880_x2560,21,2.4679412841796875,True,True,3553336,4.0,0.8293295502662659,3530945,1194729,1,
s1_z960_y2496_x2880,26,3.508334159851074,True,True,976978,4.0,0.8272696137428284,961436,338420,1,
s1_z9920_y3840_x3840,24,3.713075637817383,True,True,4522700,4.0,1.0722938776016235,4484735,2165241,1,
s4_z1280_y512_x1792,40,2.4138479232788086,True,True,1440261,4.0,1.0539801120758057,1417677,646440,1,
s4_z1536_y768_x2560,33,2.7684898376464844,True,True,1026714,4.0,0.9278022646903992,1015667,395387,1,
s4_z2048_y1024_x2304,40,3.4253597259521484,True,True,1227373,4.0,1.311192512512207,1209388,711803,1,
s4_z2048_y768_x1536,46,2.0400772094726562,True,True,1909609,4.0,0.628759503364563,1882787,431180,1,
s4_z2304_y512_x2560,36,1.923283576965332,True,True,1541966,3.9838545322418213,0.7007016539573669,1516076,441598,1,
s4_z2560_y512_x2048,41,1.7183828353881836,True,True,2217284,4.0,0.7575715184211731,2179745,725779,1,
s4_z2816_y768_x2304,38,2.973832130432129,True,True,1293982,4.0,1.043067455291748,1273958,581906,1,
s4_z3072_y768_x2304,44,2.253476142883301,True,True,1824970,4.0,1.1613727807998657,1788714,910622,1,
s4_z3584_y2048_x1792,40,1.3775310516357422,True,True,1481599,4.0,0.7898748517036438,1452370,489273,1,
s4_z4096_y1024_x2048,36,0.9705781936645508,True,True,1725846,2.0753602981567383,0.5593946576118469,1698012,386560,1,
s4_z4352_y1792_x2560,39,1.4973974227905273,True,True,1342254,3.237527847290039,0.7142610549926758,1329052,381682,1,
s4_z4608_y1792_x2304,42,1.154282569885254,True,True,1389472,3.5284159183502197,0.6009995341300964,1363943,340923,1,
s4_z4864_y2560_x1536,39,1.7162160873413086,True,True,1196392,2.472137928009033,0.5755603313446045,1180174,279612,1,
s4_z512_y1792_x1792,41,1.7574024200439453,True,True,1635793,4.0,0.5917237997055054,1607888,419765,1,
s4_z5376_y2560_x2048,45,1.4741535186767578,True,True,1741916,2.2989823818206787,0.5285820364952087,1721029,411465,1,
s4_z5888_y1792_x2560,33,1.2908778190612793,True,True,1145361,2.1827890872955322,0.4561994969844818,1132398,200885,1,
s4_z6400_y1536_x2048,40,1.723123550415039,True,True,1718664,2.6666252613067627,0.4392618238925934,1704044,289208,1,
s4_z6656_y2560_x1024,44,1.620656967163086,True,True,2286842,2.2962265014648438,0.500235915184021,2266563,454039,1,
s4_z7424_y1536_x2048,44,1.9432096481323242,True,True,1506937,3.0622241497039795,0.6359691619873047,1486201,400766,1,
s4_z7680_y2560_x2304,45,1.2921934127807617,True,True,2036750,2.742457866668701,0.45099127292633057,2006490,347260,1,
s4_z8192_y1536_x768,46,1.058253288269043,True,True,1910499,3.0702528953552246,0.46314293146133423,1891164,360403,1,
s4_z8704_y1792_x2048,39,2.03810977935791,True,True,839168,4.0,0.6540389060974121,826663,221131,1,
s4_z9216_y1792_x2304,40,1.9223804473876953,True,True,1312241,3.6559665203094482,0.8510726094245911,1290183,477920,1,
s4_z9984_y2048_x1024,35,2.4878273010253906,True,True,1298156,2.629127264022827,0.5643636584281921,1281847,306453,1,
s5_z8500_y2850_x3040,27,2.1159420013427734,True,True,560611,4.0,1.0003641843795776,547314,262625,1,
s1_z10240_y3520_x2560,22,3.998645782470703,True,True,4263340,4.0,0.6820638179779053,4210999,1281901,1
s1_z10560_y4160_x3520,18,5.463104248046875,True,True,3915866,4.0,0.8593958020210266,3900444,1376588,1
s1_z11200_y4480_x2880,20,3.525149345397949,True,True,3495403,4.0,0.846763014793396,3467273,1232448,1
s1_z1152_y2112_x4992,23,3.4313583374023438,True,True,516169,4.0,1.787497639656067,512241,396254,1
s1_z11840_y3520_x2240,29,2.3424739837646484,True,True,4700096,3.1100709438323975,0.7305219769477844,4652075,1518089,1
s1_z1344_y1728_x4416,25,3.112222671508789,True,True,929138,4.0,1.1403833627700806,902701,453183,1
s1_z1344_y2688_x4992,23,8.677995681762695,True,True,591499,4.0,2.065495252609253,579563,527718,1
s1_z1536_y2688_x4224,26,2.327119827270508,True,True,1203259,4.0,0.8123618364334106,1177093,493266,1
s1_z1728_y2496_x4992,21,6.034515380859375,True,True,523168,3.643770933151245,1.1440091133117676,524826,288344,1
s1_z1920_y2304_x4608,26,5.572086334228516,True,True,460486,4.0,1.1715712547302246,458522,233996,1
s1_z192_y1920_x4416,26,1.5278010368347168,True,True,1132213,3.5860698223114014,0.8855709433555603,1105137,427086,1
s1_z2112_y1728_x4032,26,4.508251190185547,True,True,1017976,4.0,1.4566787481307983,1007084,703394,1
s1_z2112_y2688_x4224,23,2.4936981201171875,True,True,727096,1.9114792346954346,0.3135906755924225,716292,80574,1
s1_z2496_y1920_x3264,26,0.6687955856323242,True,True,1273140,4.0,0.7824082374572754,1248516,429004,1
s1_z2880_y2496_x3648,27,1.3972654342651367,True,True,1168226,4.0,1.105409860610962,1155654,595674,1
s1_z3456_y1728_x4224,27,2.202516555786133,True,True,1186364,4.0,0.8034247756004333,1165967,455759,1
s1_z3648_y2304_x4224,27,1.9991636276245117,True,True,1265737,4.0,0.7686323523521423,1248034,413541,1
s1_z384_y2304_x3072,26,3.5363330841064453,True,True,525233,4.0,0.9705238938331604,515254,224337,1
s1_z4224_y2112_x3072,27,1.4984064102172852,True,True,1509813,4.0,0.8513575792312622,1476667,611002,1
s1_z4416_y2496_x2688,24,2.4109535217285156,True,True,683271,2.280017375946045,0.3373381793498993,671208,82035,1
s1_z4608_y2688_x2880,23,2.772510528564453,True,True,856542,3.9140663146972656,0.6490004062652588,842693,241587,1
s1_z4800_y2688_x3072,27,2.0223655700683594,True,True,1257492,4.0,0.6308032274246216,1240294,322130,1
s1_z4992_y2688_x4800,27,4.165231704711914,True,True,602909,4.0,1.308082103729248,601932,335579,1
s1_z5184_y3456_x4032,25,2.717744827270508,True,True,1079255,3.568734884262085,0.758137047290802,1058232,363309,1
s1_z5376_y3072_x4608,27,1.6380701065063477,True,True,1005297,4.0,0.9349497556686401,988676,391797,1
s1_z5568_y2496_x2496,25,4.008119583129883,True,True,598144,3.677867889404297,1.1021815538406372,590050,293154,1
s1_z5568_y3072_x4224,26,5.487951278686523,True,True,716981,3.500035524368286,0.5321310758590698,706886,155987,1
s1_z5760_y2112_x4032,24,5.182649612426758,True,True,1055404,4.0,1.876022458076477,1026104,906162,1
s1_z5760_y2688_x4416,25,2.385995864868164,True,True,714628,2.8859875202178955,0.9447281360626221,700187,288629,1
s1_z5760_y3456_x3072,25,3.419637680053711,True,True,1065398,3.4171531200408936,0.866769552230835,1040291,420229,1
s1_z576_y2496_x3072,25,3.887454032897949,True,True,987447,3.0345354080200195,1.0449042320251465,966512,453693,1
s1_z5952_y2304_x4032,26,2.3479557037353516,True,True,1103007,2.441039562225342,0.7627407312393188,1092162,364111,1
s1_z5952_y3072_x4608,26,1.4201593399047852,True,True,807722,3.52644944190979,0.7898102402687073,789719,277045,1
s1_z6144_y2880_x4608,26,1.4013051986694336,True,True,758458,4.0,1.5893398523330688,741599,532637,1
s1_z6336_y2688_x3456,27,2.086653709411621,True,True,1037551,3.6409847736358643,0.7192447185516357,1027239,338586,1
s1_z6528_y3840_x3072,26,4.169698715209961,True,True,1011514,4.0,1.6904886960983276,992534,683450,1
s1_z6720_y3648_x4608,25,4.052053451538086,True,True,918280,3.218860626220703,0.7231701016426086,915502,263302,1
s1_z6912_y3840_x3328,40,4.290251731872559,True,True,2504058,2.723572254180908,0.6818474531173706,2458254,665144,1
s1_z7424_y2816_x2816,39,2.5437583923339844,True,True,2710538,4.0,1.761518955230713,2651824,2290738,1
s1_z7680_y4096_x3584,42,3.7259464263916016,True,True,2255169,4.0,1.4255472421646118,2196506,1485897,1
s1_z7936_y3328_x2816,47,2.2479782104492188,True,True,2962033,4.0,0.9963464140892029,2922373,1409220,1
s1_z8448_y2560_x2816,43,4.454931259155273,True,True,2161039,4.0,1.4705870151519775,2104234,1437447,1
s1_z8704_y3072_x2560,40,2.4103612899780273,True,True,2245399,2.5676443576812744,0.8165295720100403,2225025,797974,1
s1_z8960_y2560_x3072,44,2.648409843444824,True,True,2754039,2.9967782497406006,0.8678836822509766,2693318,1096767,1
s1_z9472_y2560_x2816,42,2.819429397583008,True,True,1783908,3.6230087280273438,0.6767571568489075,1761669,494009,1
s1_z9600_y3200_x2560,21,3.870037078857422,True,True,3944337,4.0,1.232363224029541,3891810,2104897,1
s1_z960_y2496_x3072,26,4.4304704666137695,True,True,1062706,3.6622066497802734,0.6277781128883362,1037313,285329,1
s1_z9920_y4160_x3200,20,3.7657318115234375,True,True,3615605,4.0,0.806407630443573,3588716,1292063,1
s4_z1280_y768_x1280,38,3.3411827087402344,True,True,1593700,4.0,1.1728758811950684,1591831,771635,1
s4_z1792_y1024_x2560,39,2.0484724044799805,True,True,796472,4.0,1.1774157285690308,790975,418591,1
s4_z2048_y1024_x2560,48,2.098752975463867,True,True,1007845,2.0004053115844727,0.5094065070152283,996007,206968,1
s4_z2048_y768_x2304,40,8.53786849975586,True,True,1443615,4.0,2.5442562103271484,1438854,1574057,1
s4_z2304_y768_x1280,42,1.9658465385437012,True,True,1611060,3.4617607593536377,0.8895119428634644,1580172,605878,1
s4_z2560_y512_x2304,38,2.5177345275878906,True,True,1879713,4.0,1.3244737386703491,1856398,1088955,1
s4_z2816_y768_x2560,42,0.8364782333374023,True,True,1437919,4.0,2.2184998989105225,1439548,1395555,1
s4_z3072_y768_x2560,39,1.395864486694336,True,True,1691178,3.400059938430786,0.6894954442977905,1668250,498594,1
s4_z3584_y2048_x2048,43,1.4381427764892578,True,True,1330411,3.564141035079956,0.7512761950492859,1302229,425604,1
s4_z4096_y1280_x2304,38,1.0830621719360352,True,True,1371455,3.9973392486572266,0.6726176142692566,1358450,351755,1
s4_z4352_y2048_x1024,40,1.5792388916015625,True,True,1373205,3.2644195556640625,0.5241782665252686,1357236,283379,1
s4_z4608_y1792_x2816,45,1.2820444107055664,True,True,1246495,1.4756219387054443,0.35157206654548645,1231459,154464,1
s4_z4864_y2560_x1792,38,1.2931232452392578,True,True,1433129,2.4942803382873535,0.5985847115516663,1414786,361693,1
s4_z5376_y1024_x1536,40,1.7396183013916016,True,True,1765722,2.3961827754974365,0.45534488558769226,1738295,340539,1
s4_z5632_y1024_x1024,28,1.6060638427734375,True,True,618623,3.6926088333129883,0.9054533243179321,607654,257773,1
s4_z5888_y2048_x1024,41,1.200643539428711,True,True,1886296,3.733527660369873,0.577900230884552,1859095,448967,1
s4_z6400_y1536_x2304,39,1.8498544692993164,True,True,1669299,3.3094193935394287,0.7076780200004578,1647566,501135,1
s4_z6656_y2560_x2304,41,1.7786340713500977,True,True,2108096,2.695296287536621,0.4281267821788788,2079746,318836,1
s4_z7424_y1536_x512,46,1.356062889099121,True,True,1603217,2.33427095413208,0.5386936664581299,1572966,343721,1
s4_z768_y1024_x1024,39,1.5345115661621094,True,True,1286249,4.0,0.558403730392456,1266292,291413,1
s4_z8192_y1792_x2048,32,1.005385398864746,True,True,919751,1.9948692321777344,0.42604953050613403,906320,141659,1
s4_z8704_y1792_x2304,45,2.332400321960449,True,True,1250488,2.4259138107299805,0.6475938558578491,1238812,344688,1
s4_z9216_y2304_x1024,45,1.6706066131591797,True,True,2051449,2.0131776332855225,0.45128363370895386,2028007,364020,1
s4_z9984_y2048_x1536,39,2.11676025390625,True,True,1661770,2.35603404045105,0.6689184308052063,1654267,473405,1
s5_z8800_y4560_x5320,20,3.7087535858154297,True,True,451097,4.0,0.8393787145614624,440328,175199,1
s1_z10240_y3520_x3840,26,3.404176712036133,True,True,4341444,4.0,0.7950559854507446,4300953,1515983,1,
s1_z10560_y4480_x2880,18,4.229816436767578,True,True,3721194,2.810925006866455,0.5789780616760254,3679914,849816,1,
s1_z11200_y4480_x3200,32,3.4776859283447266,True,True,3966357,4.0,1.0973361730575562,3943100,1843299,1,
s1_z1152_y2304_x2688,24,6.290973663330078,True,True,706924,3.5373876094818115,0.9647393822669983,699033,291443,1,
s1_z11840_y3520_x3520,28,3.07059383392334,True,True,4726822,4.0,0.7108557224273682,4669029,1389861,1,
s1_z1344_y1920_x3456,27,2.2507972717285156,True,True,1474028,2.800755500793457,0.8233920931816101,1439753,528877,1,
s1_z1536_y1728_x4032,26,4.838113784790039,True,True,919273,4.0,0.8499528765678406,898008,374157,1,
s1_z1536_y2688_x4416,26,3.286168098449707,True,True,1189888,3.500316858291626,1.0211832523345947,1172448,604432,1,
s1_z1728_y2688_x2880,27,3.989961624145508,True,True,749412,3.515800952911377,0.9602876901626587,743271,319881,1,
s1_z1920_y2304_x4800,19,4.612288475036621,True,True,596268,2.0622260570526123,0.5754958391189575,583062,155070,1,
s1_z192_y2112_x3072,24,2.4467954635620117,True,True,1023381,4.0,1.2868003845214844,1003358,575303,1,
s1_z2112_y1728_x4224,26,2.025662422180176,True,True,1087424,4.0,0.5076003074645996,1065039,199483,1,
s1_z2112_y2688_x4416,26,3.109541893005371,True,True,753981,4.0,0.9460991024971008,745982,311813,1,
s1_z2496_y2112_x4608,24,5.098816871643066,True,True,754662,4.0,0.9870927333831787,742184,319626,1,
s1_z3072_y1728_x3840,26,0.9857330322265625,False,False,1253103,,,1253103,,1,global offset unreliable
s1_z3456_y1920_x3264,27,1.6628398895263672,True,True,1483230,4.0,0.8789688944816589,1455710,576872,1,
s1_z3648_y2496_x2496,23,1.1913642883300781,True,True,828519,4.0,2.1191351413726807,839167,741078,1,
s1_z384_y2304_x4800,23,7.166929244995117,True,True,616935,4.0,1.158753752708435,604702,306649,1,
s1_z4224_y2112_x4608,23,3.085512161254883,True,True,873549,4.0,1.926355004310608,852496,770079,1,
s1_z4416_y2496_x4608,26,2.6459293365478516,True,True,615255,4.0,1.1311628818511963,614724,298921,1,
s1_z4608_y2688_x3072,25,3.963822364807129,True,True,820025,3.0500540733337402,0.7594217658042908,807517,251912,1,
s1_z4800_y2688_x4416,22,0.834160327911377,True,True,666816,4.0,0.6088581681251526,650949,163597,1,
s1_z4992_y2688_x4992,23,7.373065948486328,True,True,577703,4.0,1.5947319269180298,579979,398912,1,
s1_z5184_y3456_x4416,26,3.2817955017089844,True,True,1068844,3.974116086959839,0.8277856707572937,1053360,378622,1,
s1_z5376_y3264_x4032,27,3.2635345458984375,True,True,876435,4.0,1.5550506114959717,858795,582432,1,
s1_z5568_y2496_x2688,25,2.5217418670654297,True,True,657752,3.3721044063568115,0.5717957615852356,648762,145054,1,
s1_z5568_y3072_x4416,25,3.4568910598754883,True,True,514637,4.0,1.2195980548858643,517833,274424,1,
s1_z5760_y2304_x2304,25,5.899602890014648,True,True,533524,4.0,1.8317612409591675,529636,431166,1,
s1_z5760_y2688_x4608,25,3.034463882446289,True,True,619110,2.480996608734131,0.7967193722724915,606662,211090,1,
s1_z5760_y3456_x3264,27,4.048466682434082,True,True,1159738,4.0,1.7607330083847046,1141193,950015,1,
s1_z576_y2496_x4800,23,1.9874982833862305,True,True,849315,4.0,0.7649343609809875,829841,285218,1,
s1_z5952_y2304_x4416,23,3.7749948501586914,True,True,853679,4.0,1.0257782936096191,840861,373426,1,
s1_z5952_y3072_x4992,27,1.0858936309814453,True,True,871742,3.4911043643951416,0.7360175848007202,858316,270516,1,
s1_z6144_y2880_x4800,23,4.281705856323242,True,True,566852,4.0,1.3831981420516968,564720,344864,1,
s1_z6336_y2688_x3648,27,1.7207212448120117,True,True,1015775,4.0,1.3960692882537842,985391,646188,1,
s1_z6528_y3840_x3264,26,3.537199020385742,True,True,965845,3.241670608520508,0.648349940776825,942131,270326,1,
s1_z6720_y3648_x4800,24,3.005340576171875,True,True,775986,4.0,0.6481077075004578,762556,193714,1,
s1_z6912_y3840_x3584,39,4.636031150817871,True,True,2814583,3.048185110092163,0.5696250796318054,2780065,677744,1,
s1_z7424_y2816_x3584,45,1.2270784378051758,True,True,2601183,2.3516883850097656,0.3223367929458618,2565953,258998,1,
s1_z7680_y4096_x3840,40,2.636660575866699,True,True,2403160,2.0636203289031982,0.5833094120025635,2374220,567906,1,
s1_z7936_y3328_x4352,40,3.345722198486328,True,True,1254884,4.0,0.8739998936653137,1240301,460959,1,
s1_z8448_y2816_x2816,41,2.791309356689453,True,True,2396300,4.0,2.3955280780792236,2344739,2697467,1,
s1_z8704_y3072_x3840,40,5.028741836547852,True,True,1938372,4.0,1.2880648374557495,1908914,1019748,1,
s1_z8960_y2816_x2560,48,1.4998884201049805,True,True,2745355,3.16413950920105,0.6240293979644775,2710363,733304,1,
s1_z9472_y2560_x3072,41,3.6749324798583984,True,True,1941843,3.317070960998535,0.9038339853286743,1901845,801002,1,
s1_z9600_y3200_x3840,27,3.743610382080078,True,True,4169380,3.9007880687713623,0.8688603639602661,4126873,1552617,1,
s1_z960_y2496_x4608,26,3.6204137802124023,True,True,778764,3.378309726715088,0.8344495296478271,771075,278663,1,
s1_z9920_y4160_x3520,30,3.1557817459106445,True,True,4236202,3.806788921356201,0.9591251015663147,4187881,1683795,1,
s4_z1536_y1024_x1024,40,2.4144153594970703,True,True,1391719,3.0830769538879395,0.6910813450813293,1369060,374325,1,
s4_z1792_y1024_x2816,30,2.865001678466797,True,True,1059443,3.800909996032715,0.9555172920227051,1037763,458686,1,
s4_z2048_y1280_x1024,41,2.1241559982299805,True,True,1450754,4.0,1.090174913406372,1425687,680785,1,
s4_z2048_y768_x2560,46,1.677907943725586,True,True,1064366,4.0,0.6844038963317871,1063233,290949,1,
s4_z2304_y768_x1536,41,2.2817726135253906,True,True,1779585,4.0,1.1308693885803223,1778041,815968,1,
s4_z2560_y512_x2560,42,2.496847152709961,True,True,1628883,4.0,0.8428418636322021,1599091,575680,1,
s4_z3072_y1024_x1024,41,2.1033220291137695,True,True,1495833,3.460268497467041,0.5930078625679016,1475466,353983,1,
s4_z3328_y1024_x1024,36,1.5454597473144531,True,True,1397945,1.4734625816345215,0.3991716504096985,1372605,192440,1,
s4_z3584_y2048_x2304,38,1.41912841796875,True,True,1809062,2.311795711517334,0.5208202004432678,1782885,399019,1,
s4_z4096_y1536_x2304,45,1.8784904479980469,True,True,1278121,2.739326000213623,0.523878276348114,1256738,272305,1,
s4_z4352_y2048_x1280,42,1.0289158821105957,True,True,1684832,4.0,0.4259987771511078,1659899,262363,1,
s4_z4608_y2048_x2304,38,0.8152523040771484,True,True,1576978,3.262683391571045,0.49080750346183777,1558692,300766,1,
s4_z5120_y1024_x1280,45,2.016183853149414,True,True,1780954,2.7243525981903076,0.60643070936203,1755522,448098,1,
s4_z5376_y1024_x2048,44,1.9289579391479492,True,True,1662733,4.0,0.5551103949546814,1653208,375741,1,
s4_z5632_y1024_x1280,39,2.4602737426757812,True,True,1327942,4.0,0.7152020931243896,1308574,385596,1,
s4_z5888_y2048_x2560,42,1.8903770446777344,True,True,1291374,4.0,1.0498648881912231,1279069,581957,1,
s4_z6400_y1536_x512,40,1.9350156784057617,True,True,1334029,2.656177282333374,0.585437536239624,1310851,326330,1,
s4_z6656_y2816_x1536,48,2.0018301010131836,True,True,2133905,4.0,0.41160595417022705,2109368,330965,1,
s4_z7424_y1792_x1792,37,0.5733633041381836,True,True,1219685,3.115788698196411,0.8098174929618835,1206705,417844,1,
s4_z768_y1280_x1024,39,1.4163684844970703,True,True,1304156,4.0,0.8560465574264526,1285079,490727,1,
s4_z8192_y1792_x2560,39,1.9299907684326172,True,True,947723,4.0,0.9196937084197998,931335,364678,1,
s4_z8704_y1792_x2560,37,2.5180320739746094,True,True,859662,2.380241632461548,0.5620709657669067,850104,201152,1,
s4_z9216_y2304_x1280,42,1.8752412796020508,True,True,1822958,4.0,0.7338592410087585,1804975,610395,1,
s4_z9984_y256_x1024,46,2.2674083709716797,True,True,1861417,3.135538101196289,0.7900224924087524,1839776,652601,1,
s5_z8990_y2850_x3420,22,3.087010383605957,True,True,515146,4.0,1.2379798889160156,513512,304172,1,
s1_z10240_y3840_x2560,30,2.4897708892822266,True,True,4873602,3.647503137588501,0.941358745098114,4838281,1961963,1,
s1_z10560_y4480_x3200,22,4.960874557495117,True,True,3250723,4.0,0.6873133182525635,3216933,893106,1,
s1_z11200_y4800_x2560,22,4.084416389465332,True,True,3892066,4.0,0.6550799608230591,3868699,997877,1,
s1_z1152_y2304_x2880,26,6.089620590209961,True,True,565257,2.812516450881958,0.7318891286849976,558730,180717,1,
s1_z11840_y3840_x3840,24,3.8577919006347656,True,True,3266859,4.0,1.230939507484436,3238460,1813759,1,
s1_z1344_y1920_x4416,25,3.5084571838378906,True,True,809104,3.311518669128418,0.9295142889022827,802599,313831,1,
s1_z1536_y1728_x4224,27,0.29665088653564453,True,True,985430,4.0,2.134345054626465,977885,932643,1,
s1_z1728_y1728_x3648,27,2.3403539657592773,True,True,1325287,3.22045636177063,0.8982732892036438,1284105,567716,1,
s1_z1728_y2688_x3072,27,2.899221420288086,True,True,774250,2.8672802448272705,0.9133045077323914,761749,324053,1,
s1_z1920_y2304_x4992,24,4.699445724487305,True,True,742000,2.50640869140625,0.7528701424598694,733106,241862,1,
s1_z192_y2112_x3264,25,4.323986053466797,True,True,937889,3.2601704597473145,0.8352866172790527,924852,349241,1,
s1_z2112_y1920_x4416,24,3.231588363647461,True,True,841214,2.5865607261657715,0.7266823649406433,830793,257507,1,
s1_z2112_y2688_x4608,25,4.641958236694336,True,True,802042,2.8209869861602783,1.0060067176818848,798479,357343,1,
s1_z2496_y2112_x4800,25,1.9514055252075195,True,True,1054879,2.8249969482421875,0.6941304206848145,1043830,296075,1,
s1_z3072_y1728_x4032,26,1.0240449905395508,False,False,1293119,,,1293119,,1,global offset unreliable
s1_z3456_y2112_x4416,26,2.6259994506835938,True,True,1227798,4.0,1.1362900733947754,1213988,615746,1,
s1_z3648_y2496_x2880,24,3.2524967193603516,True,True,1055259,4.0,2.670915365219116,1063161,1391240,1,
s1_z384_y2304_x4992,20,3.64742374420166,True,True,810984,3.0918996334075928,0.866428017616272,796395,312161,1,
s1_z4224_y2112_x4800,23,1.8307361602783203,True,True,799380,2.653762102127075,0.9708299040794373,787740,344004,1,
s1_z4416_y2496_x4800,26,3.545477867126465,True,True,805788,2.893588066101074,0.6477770805358887,797914,221210,1,
s1_z4608_y2688_x4800,23,1.422011375427246,True,True,533368,3.124401092529297,0.8829681277275085,527816,206486,1,
s1_z4800_y2688_x4800,25,3.902070999145508,True,True,579237,3.6943459510803223,0.9561670422554016,570833,240772,1,
s1_z4992_y2880_x3456,26,1.8861961364746094,True,True,1261963,2.169159173965454,0.49686312675476074,1244655,239240,1,
s1_z5376_y2112_x3264,26,1.3006391525268555,True,True,1339082,3.9399492740631104,0.5505591034889221,1324449,344813,1,
s1_z5376_y3264_x4224,26,6.003721237182617,True,True,813245,3.7066245079040527,0.8533473014831543,800635,296796,1,
s1_z5568_y2496_x2880,26,7.688886642456055,True,True,700795,2.431044578552246,0.8676552772521973,689426,269123,1,
s1_z5568_y3072_x4608,26,2.403909683227539,True,True,755017,2.5490689277648926,0.500461757183075,740601,153074,1,
s1_z5760_y2304_x2496,24,5.021747589111328,True,True,667944,4.0,1.0005983114242554,652449,292879,1,
s1_z5760_y2688_x4800,24,4.677842140197754,True,True,598852,3.3638737201690674,0.8102113008499146,594997,202405,1,
s1_z5760_y3456_x3456,26,4.569053649902344,True,True,1213850,4.0,1.2297334671020508,1192105,721475,1,
s1_z576_y2688_x3072,26,2.1460914611816406,True,True,811859,4.0,1.0680179595947266,799239,380148,1,
s1_z5952_y2496_x2880,27,1.4262094497680664,True,True,1214545,1.89726984500885,0.41833069920539856,1198026,200173,1,
s1_z5952_y3264_x3072,24,1.6015777587890625,True,True,871727,4.0,1.119591474533081,860999,429636,1,
s1_z6144_y2880_x4992,24,2.6725893020629883,True,True,735072,4.0,1.0121941566467285,726599,334871,1,
s1_z6336_y2880_x4224,25,4.509286880493164,True,True,729364,3.431140184402466,0.6256786584854126,712937,190589,1,
s1_z6528_y3840_x3648,25,2.869683265686035,True,True,1139808,4.0,2.038245439529419,1157781,1163003,1,
s1_z6720_y3840_x3072,27,3.730806350708008,True,True,1094386,3.5445473194122314,0.8272853493690491,1087963,368707,1,
s1_z6912_y3840_x3840,42,3.935760498046875,True,True,2918555,2.5723607540130615,0.6114391088485718,2874394,804723,1,
s1_z7424_y2816_x3840,44,1.1741361618041992,True,True,2376735,4.0,0.508198618888855,2346072,461827,1,
s1_z768_y1728_x4032,26,2.697063446044922,True,True,944301,4.0,1.2853951454162598,928357,567284,1,
s1_z7936_y3584_x2816,41,2.492828369140625,True,True,2561123,4.0,0.7253339886665344,2532104,873385,1,
s1_z8448_y2816_x3584,42,2.526280403137207,True,True,3090943,4.0,0.8778156042098999,3025760,1130413,1,
s1_z8704_y3072_x4096,31,4.047048568725586,True,True,2002241,3.6371469497680664,1.129604697227478,1961609,980820,1,
s1_z8960_y2816_x2816,39,4.969524383544922,True,True,1791457,4.0,1.176637053489685,1759098,886823,1,
s1_z9472_y2560_x3328,42,2.948335647583008,True,True,2270217,4.0,0.7266480326652527,2240474,676303,1,
s1_z9600_y3520_x2560,19,2.8701725006103516,True,True,4377487,4.0,1.3303102254867554,4340141,2508336,1,
s1_z960_y2496_x4800,26,1.724496841430664,True,True,642152,4.0,0.8589888215065002,631232,238936,1,
s1_z9920_y4480_x3520,29,2.390005111694336,True,True,3425905,4.0,0.8665136694908142,3403751,1224330,1,
s4_z1536_y1024_x2560,38,2.0902137756347656,True,True,818548,4.0,1.0818668603897095,806423,387547,1,
s4_z1792_y1280_x1024,44,2.585559844970703,True,True,1466581,3.8520801067352295,0.8817828893661499,1443282,555729,1,
s4_z2048_y1280_x2304,36,2.5557193756103516,True,True,1105179,3.633230209350586,1.0204206705093384,1084540,484811,1,
s4_z2304_y1024_x1280,39,3.610311508178711,True,True,1551590,4.0,1.6060847043991089,1535085,1018885,1,
s4_z2304_y768_x2304,37,4.577428817749023,True,True,1418216,4.0,1.1184444427490234,1403545,675527,1,
s4_z2560_y768_x1280,34,1.2114944458007812,True,True,1595581,4.0,0.8923861384391785,1576346,583407,1,
s4_z3072_y1024_x2304,36,1.8816452026367188,True,True,1220190,4.0,0.9113823175430298,1204238,475256,1,
s4_z3328_y1024_x2304,41,2.20172119140625,True,True,1196683,4.0,0.7097870707511902,1175381,363338,1,
s4_z3584_y2304_x1024,35,2.3116445541381836,True,True,1201917,4.0,0.8339328765869141,1186774,411805,1,
s4_z4096_y1536_x2560,44,1.8196372985839844,True,True,1314676,3.3229732513427734,0.7232945561408997,1301165,409481,1,
s4_z4352_y2048_x2304,40,1.279439926147461,True,True,1209974,4.0,0.46709758043289185,1200010,198462,1,
s4_z4608_y2048_x2560,42,1.7764148712158203,True,True,1134270,4.0,0.8237302303314209,1115642,398142,1,
s4_z5120_y1024_x1536,38,1.8007745742797852,True,True,1837496,2.2892956733703613,0.6208114624023438,1809932,509100,1,
s4_z5376_y1280_x1024,43,1.6537895202636719,True,True,1365952,2.3724045753479004,0.5374569892883301,1353985,291443,1,
s4_z5632_y1024_x1536,36,1.530538558959961,True,True,1517827,2.367164373397827,0.416148841381073,1492864,229391,1,
s4_z5888_y2304_x1280,42,1.498260498046875,True,True,1979940,1.9308911561965942,0.40681031346321106,1955547,281259,1,
s4_z6400_y1792_x2304,38,1.1998891830444336,True,True,1050857,4.0,0.6697964072227478,1036231,278210,1,
s4_z6912_y1280_x1792,40,1.8172264099121094,True,True,1089519,2.6538007259368896,0.5478399395942688,1074136,247303,1,
s4_z7424_y1792_x2048,39,1.2063627243041992,True,True,863720,2.010427951812744,0.4062230885028839,856655,124253,1,
s4_z768_y1536_x1024,37,2.5242576599121094,True,True,1362364,4.0,1.0143357515335083,1347931,580495,1,
s4_z8192_y2048_x2048,36,1.3681087493896484,True,True,1130803,4.0,0.9574505090713501,1112491,434906,1,
s4_z8704_y1792_x512,38,1.538243293762207,True,True,1754341,1.976566195487976,0.505822479724884,1728522,364113,1,
s4_z9216_y2304_x1536,41,1.647831916809082,True,True,1817474,3.8471994400024414,0.8798666596412659,1792528,709584,1,
s4_z9984_y256_x1280,39,2.0035905838012695,True,True,1998287,3.5478742122650146,0.6076772212982178,1966033,518526,1,
s5_z8990_y3040_x2850,25,0.9797582626342773,True,True,582995,4.0,0.8396258354187012,576365,219050,1,
s1_z10240_y3840_x3840,27,2.837400436401367,True,True,4508380,4.0,0.6363506317138672,4475474,1200516,1,
s1_z10560_y4480_x3520,22,2.90396785736084,True,True,4337618,2.978720188140869,0.34104853868484497,4312979,522993,1,
s1_z11200_y4800_x2880,25,2.364736557006836,True,True,3098821,4.0,0.7997221350669861,3078394,1103431,1,
s1_z1152_y2304_x4608,22,4.210338592529297,True,True,572043,3.016040325164795,0.7740455865859985,557205,196854,1,
s1_z11840_y4480_x3200,19,3.3033599853515625,True,True,4554323,4.0,1.2109757661819458,4504771,2421918,1,
s1_z1344_y2112_x3072,26,2.1923794746398926,True,True,1345972,3.172119140625,1.0672869682312012,1305815,683883,1,
s1_z1536_y1728_x4416,25,2.1132097244262695,True,True,1027165,4.0,0.733954131603241,1012743,330144,1,
s1_z1728_y1728_x3840,25,1.906052589416504,True,True,971970,2.3468852043151855,0.6915705800056458,960151,310447,1,
s1_z1728_y2688_x3264,26,2.490086555480957,True,True,724467,2.6882822513580322,0.4083723723888397,710011,118442,1,
s1_z1920_y2496_x2496,26,7.521459579467773,True,True,687621,3.9133028984069824,1.041822075843811,684567,310590,1,
s1_z192_y2112_x4800,27,2.5327911376953125,True,True,1129899,2.5176782608032227,0.601015567779541,1104725,288552,1,
s1_z2112_y1920_x4608,26,2.2584915161132812,True,True,1084612,2.4124178886413574,0.593609631061554,1065405,241403,1,
s1_z2304_y1728_x3648,27,1.876063346862793,False,False,1321757,,,1321757,,1,global offset unreliable
s1_z2496_y2304_x2688,19,0.03134965896606445,True,True,948409,4.0,0.8351958394050598,926997,351728,1,
s1_z3072_y1728_x4224,26,0.18029451370239258,False,False,1368216,,,1368216,,1,global offset unreliable
s1_z3456_y2112_x4608,27,1.712632179260254,True,True,1055366,4.0,0.9811464548110962,1041117,469283,1,
s1_z3648_y2496_x3072,26,3.5510025024414062,True,True,1232087,2.568124532699585,0.9941432476043701,1198444,589263,1,
s1_z384_y2496_x2880,27,3.2921810150146484,True,True,685295,4.0,1.3060195446014404,682875,379502,1,
s1_z4224_y2304_x2496,24,3.490865707397461,True,True,952304,4.0,1.0218557119369507,944185,414799,1,
s1_z4416_y2688_x2688,24,1.8510417938232422,True,True,848166,2.5939924716949463,0.910926878452301,837393,327101,1,
s1_z4608_y2880_x2880,25,4.935413360595703,True,True,908452,4.0,1.2151451110839844,892896,468066,1,
s1_z4800_y2688_x4992,27,7.579608917236328,True,True,606576,4.0,1.1076524257659912,597836,292078,1,
s1_z4992_y2880_x3648,26,2.460759162902832,True,True,1225350,2.366063356399536,0.5976709127426147,1196977,314631,1,
s1_z5376_y2112_x3456,22,1.5636720657348633,True,True,1322479,4.0,0.7548326849937439,1287844,454337,1,
s1_z5376_y3264_x4416,25,3.6305065155029297,True,True,970346,2.0586163997650146,0.8336600661277771,941943,345639,1,
s1_z5568_y2496_x3072,23,6.067926406860352,True,True,879222,4.0,1.5401437282562256,870892,591584,1,
s1_z5568_y3072_x4800,24,3.6052513122558594,True,True,733812,2.792825698852539,0.8064458966255188,730122,237044,1,
s1_z5760_y2304_x2688,25,4.118913650512695,True,True,852579,3.2164478302001953,1.2815126180648804,853153,500202,1,
s1_z5760_y2688_x4992,24,5.43263053894043,True,True,463401,3.3919155597686768,0.8465778231620789,455878,163869,1,
s1_z5760_y3456_x3840,26,3.703676223754883,True,True,1244912,4.0,0.9061270952224731,1213470,525060,1,
s1_z576_y2688_x3264,25,3.910358428955078,True,True,861702,4.0,1.5525668859481812,859978,576470,1,
s1_z5952_y2496_x3072,25,2.245436668395996,True,True,1236591,2.57755446434021,0.6508539915084839,1207379,362878,1,
s1_z5952_y3264_x4608,24,1.7798471450805664,True,True,656553,4.0,1.369051456451416,644871,405668,1,
s1_z6144_y3072_x4416,26,1.6568303108215332,True,True,816819,2.855546474456787,0.8478357791900635,800868,330971,1,
s1_z6336_y2880_x4608,22,1.3053436279296875,True,True,694702,4.0,0.7608168721199036,685444,239440,1,
s1_z6528_y3840_x3840,26,3.9919843673706055,True,True,1159867,3.2097034454345703,0.5160418748855591,1142257,266610,1,
s1_z6720_y3840_x3264,26,4.389874458312988,True,True,1114995,3.4394893646240234,0.7433342933654785,1102735,347868,1,
s1_z6912_y3840_x4096,44,3.098836898803711,True,True,2668977,3.925614833831787,1.0829975605010986,2619878,1304631,1,
s1_z7424_y2816_x4352,42,3.912527084350586,True,True,1806605,4.0,1.082621455192566,1784051,805856,1,
s1_z768_y1920_x3456,26,2.964632987976074,False,False,1367910,,,1367910,,1,global offset unreliable
s1_z7936_y3584_x4096,39,4.724945068359375,True,True,1837653,4.0,1.7601250410079956,1798079,1406926,1,
s1_z8448_y2816_x3840,45,2.8537330627441406,True,True,3092187,4.0,1.4875510931015015,3074095,1940006,1,
s1_z8704_y3072_x4352,34,7.575323104858398,True,True,1962499,4.0,2.345496892929077,1913646,1973049,1,
s1_z8960_y2816_x3584,47,3.4847192764282227,True,True,3102499,4.0,1.4473645687103271,3025580,1927029,1,
s1_z9472_y2560_x3584,40,4.268780708312988,True,True,2393332,4.0,1.1417860984802246,2361147,1226067,1,
s1_z9600_y3520_x3840,26,1.6879663467407227,True,True,4664464,4.0,1.1049597263336182,4660068,2356122,1,
s1_z960_y2496_x4992,16,2.0815906524658203,True,True,321757,3.347538709640503,1.2050278186798096,317964,174401,1,
s4_z10240_y1024_x2048,41,1.482832908630371,True,True,1910201,3.0188043117523193,0.5096427202224731,1891299,374476,1,
s4_z1536_y1280_x1024,41,3.0177669525146484,True,True,1343068,4.0,0.8249437212944031,1313285,498557,1,
s4_z1792_y1280_x2560,43,1.7660465240478516,True,True,1051811,4.0,0.8199400305747986,1054023,359120,1,
s4_z2048_y1280_x2560,43,1.5267314910888672,True,True,1490988,1.8935723304748535,0.4501003623008728,1473805,237265,1,
s4_z2304_y1024_x2304,41,7.532773971557617,True,True,1280921,4.0,3.0323522090911865,1295552,1707665,1,
s4_z2304_y768_x2560,37,2.9337024688720703,True,True,1143806,4.0,1.0745302438735962,1137566,551860,1,
s4_z2560_y768_x1536,43,2.028395652770996,True,True,1775887,4.0,0.8254373669624329,1760010,595871,1,
s4_z3072_y1280_x1024,43,1.4766273498535156,True,True,1839641,2.0029542446136475,0.37774422764778137,1820973,227514,1,
s4_z3328_y1280_x2304,37,1.3744831085205078,True,True,1435993,2.8789968490600586,0.5977592468261719,1413614,370731,1,
s4_z3584_y2304_x1280,37,2.304685592651367,True,True,1032178,4.0,0.8093487620353699,1015378,353288,1,
s4_z4096_y1792_x2304,34,1.3598661422729492,True,True,1124346,4.0,1.059600591659546,1106476,524722,1,
s4_z4352_y2048_x2560,36,1.7258243560791016,True,True,1199112,2.389273166656494,0.5272850394248962,1182936,246338,1,
s4_z4608_y2304_x1280,41,1.488504409790039,True,True,1754340,2.3458950519561768,0.49388226866722107,1738703,329255,1,
s4_z5120_y1024_x1792,41,1.6489734649658203,True,True,1861838,4.0,0.6092860102653503,1844795,500655,1,
s4_z5376_y1280_x1536,38,1.847966194152832,True,True,1784264,4.0,0.9700714349746704,1747188,802178,1,
s4_z5632_y1280_x1024,40,1.1236610412597656,True,True,1501903,1.6623916625976562,0.40622463822364807,1477255,217944,1,
s4_z5888_y2304_x2560,42,2.016996383666992,True,True,1757933,3.2434816360473633,0.5518637895584106,1733346,363207,1,
s4_z6400_y1792_x2560,41,2.0384140014648438,True,True,971069,4.0,1.0518227815628052,961102,431095,1,
s4_z6912_y1280_x2304,37,1.794992446899414,True,True,967053,3.6011810302734375,0.9405620098114014,950827,380272,1,
s4_z7424_y1792_x2304,38,2.095438003540039,True,True,1518347,4.0,1.0295203924179077,1496410,666401,1,
s4_z768_y1792_x1280,37,1.6445484161376953,True,True,1391508,4.0,1.0958231687545776,1373848,642518,1,
s4_z8192_y2048_x512,45,2.0466976165771484,True,True,1696136,2.637800931930542,0.5882782340049744,1678644,406062,1,
s4_z8704_y2048_x2304,36,2.1948232650756836,True,True,1113979,2.497499942779541,0.5859658718109131,1101339,272216,1,
s4_z9472_y1024_x2048,38,2.6353912353515625,True,True,1347905,3.65989089012146,0.9516042470932007,1344105,532858,1,
s5_z5500_y3990_x5890,20,2.5943241119384766,True,True,429632,3.984400987625122,0.5539700388908386,423730,104388,1,
s5_z8990_y3040_x6080,25,4.294317245483398,True,True,592514,4.0,0.9189346432685852,582578,237370,1,
s1_z10240_y4160_x2560,21,2.9781675338745117,True,True,4985164,1.906829833984375,0.41429027915000916,4949188,798530,1,
s1_z10880_y2560_x2560,19,5.933313369750977,True,True,3623194,4.0,1.0124231576919556,3597499,1519043,1,
s1_z11200_y4800_x3200,22,3.3639450073242188,True,True,3365802,3.2906806468963623,0.8433166742324829,3350113,1165199,1,
s1_z1152_y2304_x4800,26,4.899505615234375,True,True,962911,4.0,1.7168208360671997,939857,776434,1,
s1_z11840_y4800_x2880,24,3.7024154663085938,True,True,4351802,4.0,1.449785828590393,4313271,2796473,1,
s1_z1344_y2112_x4608,26,4.656682968139648,True,True,787557,2.8883919715881348,0.6311730742454529,767571,196018,1,
s1_z1536_y1920_x3456,27,2.435680389404297,True,True,1423712,1.3311314582824707,0.42975619435310364,1394869,242049,1,
s1_z1728_y1728_x4032,26,3.5245370864868164,True,True,909770,1.9896385669708252,0.5685821175575256,894703,224763,1,
s1_z1728_y2688_x3456,26,3.0679492950439453,True,True,785077,2.080204486846924,0.610863208770752,769227,228350,1,
s1_z1920_y2496_x2688,26,4.798589706420898,True,True,656180,4.0,1.669191598892212,644811,479133,1,
s1_z192_y2304_x2880,22,1.8475236892700195,True,True,800528,3.8200454711914062,1.2301503419876099,788323,436291,1,
s1_z2112_y2112_x3072,27,1.998495101928711,True,True,1440463,3.1325364112854004,0.5468837022781372,1413137,361446,1,
s1_z2304_y1728_x4224,27,1.5338783264160156,True,True,1306081,4.0,0.6143666505813599,1283105,351226,1,
s1_z2496_y2304_x4992,23,6.166126251220703,True,True,669463,3.8888375759124756,1.100005865097046,665663,323266,1,
s1_z3072_y2112_x3072,21,1.3661832809448242,False,False,1443570,,,1443570,,1,global offset unreliable
s1_z3456_y2304_x2688,23,1.1627779006958008,True,True,1236046,3.561654567718506,0.6830146908760071,1212322,353326,1,
s1_z3648_y2496_x3264,26,3.8370046615600586,True,True,1223731,4.0,1.493758201599121,1182366,862275,1,
s1_z384_y2496_x3072,26,6.516202926635742,True,True,644951,4.0,1.4559942483901978,644067,411288,1,
s1_z4224_y2304_x2688,25,2.5841360092163086,True,True,1210801,4.0,1.4188268184661865,1185414,818009,1,
s1_z4416_y2688_x2880,25,1.9160079956054688,True,True,754800,2.737809896469116,0.5376328825950623,742033,167225,1,
s1_z4608_y2880_x3072,27,2.621453285217285,True,True,914874,4.0,0.8226406574249268,904777,309019,1,
s1_z4800_y2880_x4416,26,4.089626312255859,True,True,970384,3.4381191730499268,1.1011834144592285,959466,467182,1,
s1_z4992_y2880_x4416,27,1.9546213150024414,True,True,1156064,3.4393348693847656,0.736544132232666,1136062,364242,1,
s1_z5376_y2112_x3648,26,3.8747692108154297,True,True,1209928,4.0,1.305146336555481,1174835,738009,1,
s1_z5376_y3264_x4608,26,3.629688262939453,True,True,1073615,4.0,1.0794098377227783,1059529,508514,1,
s1_z5568_y2496_x4224,25,3.559077262878418,True,True,848276,3.777285575866699,0.8808427453041077,837276,319258,1,
s1_z5568_y3264_x3264,25,2.812715530395508,True,True,974721,4.0,1.115872859954834,950380,497863,1,
s1_z5760_y2304_x2880,25,2.31280517578125,True,True,958110,4.0,1.1185312271118164,956566,496718,1,
s1_z5760_y2880_x2880,27,1.5131587982177734,True,True,990458,4.0,0.8486791253089905,968927,381213,1,
s1_z5760_y3456_x4032,27,3.95925235748291,True,True,1211580,4.0,1.1000993251800537,1181189,621629,1,
s1_z576_y2688_x4416,26,0.9121456146240234,True,True,949997,1.5843206644058228,0.5194140076637268,934103,206732,1,
s1_z5952_y2496_x3264,24,2.3623085021972656,True,True,1065274,2.9983229637145996,0.7008639574050903,1045753,340221,1,
s1_z5952_y3264_x4800,24,5.435651779174805,True,True,443195,4.0,1.2948129177093506,438719,259552,1,
s1_z6144_y3072_x4800,26,1.134352684020996,True,True,600440,4.0,1.778013825416565,592499,472603,1,
s1_z6336_y3072_x4800,26,3.468475341796875,True,True,638746,4.0,1.1995632648468018,625323,348027,1,
s1_z6528_y3840_x4032,27,2.894603729248047,True,True,1175257,4.0,1.9449135065078735,1141051,1077614,1,
s1_z6720_y3840_x3456,26,4.804013252258301,True,True,1158808,4.0,0.5775160789489746,1138086,271438,1,
s1_z6912_y4096_x3328,40,3.305471420288086,True,True,2206986,2.048671245574951,0.5189656019210815,2182692,468206,1,
s1_z7424_y3072_x3840,40,4.333644866943359,True,True,1941334,3.7180862426757812,0.8817620873451233,1895750,752386,1,
s1_z768_y2112_x2688,24,7.882059097290039,True,True,711137,4.0,2.471353530883789,709594,768931,1,
s1_z7936_y3584_x4352,40,3.4538116455078125,True,True,1841552,4.0,1.0919545888900757,1830261,831697,1,
s1_z8448_y3072_x3840,39,4.048641204833984,True,True,2317260,4.0,1.0530667304992676,2267226,983950,1,
s1_z8704_y3328_x2560,43,2.6554994583129883,True,True,2097870,4.0,1.1362758874893188,2066289,1038727,1,
s1_z8960_y2816_x3840,41,2.5168399810791016,True,True,2744276,3.552579879760742,0.9872961044311523,2699522,1215344,1,
s1_z9472_y2560_x3840,34,4.647418975830078,True,True,1733147,4.0,1.4999713897705078,1711753,1171560,1,
s1_z9600_y3840_x3840,23,2.354198455810547,True,True,4568343,3.9011573791503906,0.6272280812263489,4534458,1178617,1,
s1_z960_y2688_x3072,26,3.1359329223632812,True,True,1154565,3.1590404510498047,0.9062061309814453,1121181,445090,1,
s4_z1024_y1024_x1024,41,2.219118118286133,True,True,1444093,4.0,1.0697190761566162,1420962,688477,1,
s4_z1536_y1280_x2560,48,1.4470019340515137,True,True,1150328,2.5120363235473633,0.7443706393241882,1142091,355815,1,
s4_z1792_y1536_x1024,45,2.3869705200195312,True,True,1516588,4.0,0.9112160205841064,1503691,628671,1,
s4_z2048_y1536_x1024,46,2.1829614639282227,True,True,1706772,4.0,1.0829542875289917,1674990,807108,1,
s4_z2304_y1024_x2560,39,2.7753067016601562,True,True,1314351,4.0,1.006152868270874,1293606,574861,1,
s4_z2560_y1024_x1024,39,1.7987632751464844,True,True,1234711,4.0,0.6485437750816345,1219840,316291,1,
s4_z2560_y768_x2304,45,9.347543716430664,True,True,1406281,4.0,3.302001476287842,1398328,2025829,1,
s4_z3072_y1280_x2304,40,1.0050115585327148,True,True,1502856,4.0,0.6942877173423767,1488232,406574,1,
s4_z3328_y1280_x2560,42,2.0907440185546875,True,True,812146,4.0,1.2323133945465088,811306,451636,1,
s4_z3584_y2304_x1536,42,0.5546112060546875,True,True,1060113,4.0,1.8109242916107178,1061116,862183,1,
s4_z4096_y1792_x2560,47,1.7898664474487305,True,True,1415882,3.518040657043457,0.5416052341461182,1399165,294295,1,
s4_z4352_y2048_x768,40,2.202763557434082,True,True,1191732,3.173048734664917,0.6409417390823364,1183477,314443,1,
s4_z4608_y2304_x1536,47,1.389052391052246,True,True,1926756,1.5160349607467651,0.46127381920814514,1909579,351575,1,
s4_z5120_y1280_x1024,39,1.053004264831543,True,True,1511189,2.040283441543579,0.4201582670211792,1488269,239594,1,
s4_z5376_y1280_x2304,36,2.180561065673828,True,True,1845809,2.77177095413208,0.33271291851997375,1825003,171288,1,
s4_z5632_y1280_x1536,46,1.6367521286010742,True,True,2319189,3.7981624603271484,0.4655560553073883,2294548,383769,1,
s4_z5888_y2560_x1280,36,1.4766206741333008,True,True,1331490,3.5723977088928223,0.5349308848381042,1309510,272472,1,
s4_z6400_y1792_x512,45,1.9752788543701172,True,True,1779348,1.8389256000518799,0.6218642592430115,1754722,505888,1,
s4_z6912_y1536_x1280,41,2.4565534591674805,True,True,1192197,3.218057632446289,0.9983272552490234,1183209,516918,1,
s4_z7424_y2048_x2048,37,0.4404153823852539,True,True,1098579,4.0,0.9140893816947937,1098313,425232,1,
s4_z768_y1792_x1536,44,2.232853889465332,True,True,1358398,4.0,0.9527099132537842,1345086,538218,1,
s4_z8192_y2304_x2304,36,2.4369773864746094,True,True,1515333,4.0,0.654334545135498,1488525,389158,1,
s4_z8704_y2048_x2560,40,2.7462921142578125,True,True,839709,4.0,0.9711819291114807,831307,341394,1,
s4_z9472_y1024_x2304,37,2.2497005462646484,True,True,1505139,2.324719190597534,0.6338016986846924,1480447,383358,1,
s5_z5500_y4180_x3420,24,2.581928253173828,True,True,592842,2.356678009033203,0.49718180298805237,576906,119624,1,
s5_z8990_y3230_x3420,25,2.782327651977539,True,True,550521,3.7009971141815186,0.8828563094139099,539077,222700,1,
s1_z10240_y4160_x2880,16,4.180519104003906,True,True,3703231,3.054659128189087,0.38998129963874817,3674382,552647,1
s1_z10880_y2880_x2560,20,4.0431671142578125,True,True,4293598,3.1319143772125244,0.5435262322425842,4248239,913621,1
s1_z11200_y5120_x3200,24,6.312341690063477,True,True,2869874,4.0,0.8940187692642212,2834061,1022635,1
s1_z1152_y2304_x4992,27,6.12492561340332,True,True,604963,4.0,1.0400886535644531,602211,280434,1
s1_z12160_y3200_x2560,26,1.8522882461547852,True,True,4717442,2.9441494941711426,0.6347633004188538,4677688,1255256,1
s1_z1344_y2112_x4800,25,1.4684772491455078,True,True,793300,4.0,1.078765630722046,782184,361274,1
s1_z1536_y1920_x4416,25,3.997870445251465,True,True,819318,2.719003438949585,0.59771329164505,808584,207078,1
s1_z1728_y1728_x4224,26,2.548196792602539,True,True,951514,3.2398548126220703,0.5399195551872253,927792,208210,1
s1_z1728_y2688_x3648,23,3.8897056579589844,True,True,897836,4.0,1.2069675922393799,880861,524565,1
s1_z1920_y2496_x2880,26,5.977940559387207,True,True,882030,4.0,1.5431170463562012,854791,609791,1
s1_z192_y2304_x3072,24,2.0682640075683594,True,True,714364,4.0,2.1078426837921143,724989,653963,1
s1_z2112_y2112_x4608,25,5.769961357116699,True,True,771689,3.9585115909576416,0.730342447757721,752079,221758,1
s1_z2304_y1920_x4608,27,2.5108633041381836,True,True,1216187,3.555300712585449,0.8026058673858643,1201849,408894,1
s1_z2496_y2496_x3264,26,2.6605453491210938,True,True,1182898,2.45440936088562,0.5728261470794678,1154715,293221,1
s1_z3072_y2112_x4416,27,1.6343183517456055,True,True,1294370,3.289921522140503,0.7864679098129272,1253762,469662,1
s1_z3456_y2304_x4224,27,2.432332992553711,True,True,1207862,3.260559320449829,0.7764930129051208,1188602,404380,1
s1_z3840_y1728_x3840,23,2.256671905517578,True,True,1185021,4.0,0.9989772439002991,1174826,582665,1
s1_z384_y2496_x4800,26,4.204732894897461,True,True,866479,4.0,1.5381991863250732,842485,590384,1
s1_z4224_y2304_x4608,25,2.137979507446289,True,True,1005345,3.8707385063171387,0.7605202794075012,984092,342915,1
s1_z4416_y2688_x3072,25,2.117656707763672,True,True,1002927,2.8410422801971436,0.6113907098770142,982767,262046,1
s1_z4608_y3072_x3456,27,2.7810630798339844,True,True,1074709,4.0,0.6507647037506104,1055192,293597,1
s1_z4800_y2880_x4608,27,5.5014190673828125,True,True,1081908,4.0,1.6401335000991821,1065791,770875,1
s1_z4992_y2880_x4608,26,3.2780656814575195,True,True,972688,4.0,1.106163740158081,968500,453992,1
s1_z5376_y2112_x3840,26,3.8829774856567383,True,True,1296640,4.0,1.786771535873413,1263115,1104407,1
s1_z5376_y3456_x3840,25,2.7099170684814453,True,True,1054616,4.0,1.0506670475006104,1033924,481900,1
s1_z5568_y2496_x4416,25,2.135575294494629,True,True,974312,4.0,0.9679672122001648,949706,385934,1
s1_z5568_y3264_x3456,24,3.647611618041992,True,True,805902,3.58416485786438,1.0659772157669067,786364,390336,1
s1_z5760_y2304_x3072,27,2.0636024475097656,True,True,1083645,2.9538919925689697,0.5945488214492798,1057538,273575,1
s1_z5760_y2880_x3072,27,3.636749267578125,True,True,696082,3.105226516723633,1.0550577640533447,681341,335707,1
s1_z5760_y3456_x4224,26,4.1961469650268555,True,True,1085583,4.0,1.250284194946289,1055404,613007,1
s1_z576_y2688_x4608,24,1.952951431274414,True,True,762368,3.593529224395752,1.1274821758270264,745507,380165,1
s1_z5952_y2496_x3456,27,2.305997848510742,True,True,1233605,4.0,0.6135936379432678,1209802,299693,1
s1_z5952_y3264_x4992,26,2.842799186706543,True,True,793600,4.0,1.023460865020752,782514,355190,1
s1_z6144_y3264_x4416,26,3.5683956146240234,True,True,704023,4.0,1.017698884010315,688067,323698,1
s1_z6336_y3264_x4608,25,3.1445388793945312,True,True,573024,4.0,0.7587054967880249,562631,193451,1
s1_z6720_y2496_x3840,25,3.870269775390625,True,True,808634,4.0,1.1819814443588257,799057,429221,1
s1_z6720_y3840_x3648,26,2.344572067260742,True,True,1105429,3.490957498550415,0.82126384973526,1080102,458607,1
s1_z7168_y2560_x2816,37,2.627288818359375,True,True,1973967,4.0,0.9616373777389526,1948303,865986,1
s1_z7424_y3072_x4096,38,4.800878524780273,True,True,1609150,4.0,1.0222429037094116,1588870,694058,1
s1_z768_y2112_x2880,23,2.6146202087402344,True,True,922152,4.0,1.4015238285064697,907178,606900,1
s1_z7936_y4096_x3072,38,4.62373161315918,True,True,1899300,4.0,1.424731731414795,1876875,1148375,1
s1_z8448_y3072_x4096,42,2.3688173294067383,True,True,2607154,4.0,0.6778507828712463,2573453,736467,1
s1_z8704_y3328_x3840,42,5.062273025512695,True,True,1579775,4.0,1.1086448431015015,1560114,762697,1
s1_z8960_y3072_x3840,40,5.054752349853516,True,True,1753408,4.0,1.6980366706848145,1733656,1259456,1
s1_z9472_y2816_x2304,45,2.2919740676879883,True,True,2148837,4.0,1.601805567741394,2138700,1504495,1
s1_z9600_y4160_x3200,21,3.7396669387817383,True,True,3812394,4.0,0.7742793560028076,3788760,1228740,1
s1_z960_y2688_x3264,27,5.782613754272461,True,True,852789,2.7660152912139893,0.6919963359832764,830513,246784,1
s4_z1024_y1280_x1024,40,1.9720497131347656,True,True,1351803,4.0,1.361075520515442,1349601,832362,1
s4_z1536_y1280_x2816,38,2.0487537384033203,True,True,1535790,4.0,1.1212170124053955,1498672,719956,1
s4_z1792_y1536_x2560,43,2.4084320068359375,True,True,1319400,4.0,0.7553843259811401,1301503,405891,1
s4_z2048_y1536_x2304,40,1.9501142501831055,True,True,1321282,4.0,0.682979166507721,1308361,347437,1
s4_z2304_y1280_x1024,40,3.1380748748779297,True,True,1415163,4.0,1.7435768842697144,1420945,1086272,1
s4_z2560_y1024_x1280,48,2.300747871398926,True,True,1842531,3.1876814365386963,0.9039297103881836,1828132,689575,1
s4_z2560_y768_x2560,41,2.1807861328125,True,True,1333256,4.0,1.3666644096374512,1315747,781483,1
s4_z3072_y1536_x1024,39,2.3234052658081055,True,True,2030110,4.0,0.79768967628479,1991080,721948,1
s4_z3328_y1536_x1024,36,2.313627243041992,True,True,1636798,4.0,0.8022798895835876,1600354,590656,1
s4_z3584_y2304_x1792,37,2.562138557434082,True,True,1043933,4.0,0.7721447944641113,1035660,348389,1
s4_z4096_y2048_x1280,37,1.9022865295410156,True,True,1235381,4.0,0.727963387966156,1217306,350253,1
s4_z4352_y2304_x1024,31,2.2667083740234375,True,True,772659,4.0,1.2960247993469238,776763,443752,1
s4_z4608_y2304_x1792,46,1.159994125366211,True,True,1645264,2.3157904148101807,0.34981727600097656,1629334,184992,1
s4_z5120_y1280_x2304,39,1.3852195739746094,True,True,2037832,3.4079363346099854,0.62226402759552,2009328,555752,1
s4_z5376_y1280_x768,39,2.1311397552490234,True,True,1287200,3.2097713947296143,0.7417007684707642,1274117,401287,1
s4_z5632_y1280_x2048,42,1.7633705139160156,True,True,2387035,1.796905755996704,0.3652859032154083,2361648,291061,1
s4_z5888_y2560_x1536,40,1.964735984802246,True,True,1577529,2.4262266159057617,0.6689621806144714,1561313,463752,1
s4_z6400_y2048_x2560,40,1.7372074127197266,True,True,1346384,3.6430647373199463,0.7437615990638733,1325552,425674,1
s4_z6912_y1536_x768,42,3.0621395111083984,True,True,1426438,4.0,1.0405970811843872,1416167,647121,1
s4_z7424_y2048_x512,40,1.8241710662841797,True,True,1879378,2.4751572608947754,0.4463716745376587,1856253,317367,1
s4_z768_y2048_x1536,38,1.810586929321289,True,True,1315161,4.0,0.8595882654190063,1291798,488379,1
s4_z8192_y2560_x1024,44,2.033503532409668,True,True,1930266,4.0,0.8549104928970337,1913400,714238,1
s4_z8704_y2304_x2304,45,1.9051580429077148,True,True,1219660,4.0,0.8270877599716187,1208173,415981,1
s4_z9472_y1536_x2048,35,1.769552230834961,True,True,1407095,4.0,0.5325189232826233,1380767,317778,1
s5_z5500_y4370_x3990,21,2.623668670654297,True,True,522999,2.8091373443603516,0.6643761396408081,515152,144261,1
s5_z8990_y3230_x5130,22,3.1193008422851562,True,True,486642,4.0,1.4202936887741089,477869,311371,1
s1_z10240_y4160_x3200,12,4.765911102294922,True,True,3433585,4.0,1.0019749402999878,3411862,1452395,1,
s1_z10880_y2880_x2880,15,3.7494068145751953,True,True,3737018,4.0,0.6696183681488037,3699182,1088578,1,
s1_z11520_y3200_x2240,19,3.7288742065429688,True,True,3947662,4.0,0.7774236798286438,3934852,1281080,1,
s1_z1152_y2496_x2880,26,4.272985458374023,True,True,968715,3.1735947132110596,1.094012975692749,948670,465627,1,
s1_z12160_y3200_x2880,29,1.8622512817382812,True,True,5263548,2.943960666656494,0.4534628689289093,5224434,964030,1,
s1_z1344_y2112_x4992,26,9.873392105102539,True,True,517802,4.0,2.839535713195801,526301,646325,1,
s1_z1536_y1920_x4608,24,3.047067642211914,True,True,834133,2.8606436252593994,0.6874058246612549,810738,241907,1,
s1_z1728_y1728_x4416,26,2.1613664627075195,True,True,1082120,4.0,1.4561011791229248,1065558,699396,1,
s1_z1728_y2688_x3840,25,3.2727184295654297,True,True,740890,3.0223875045776367,0.7245336771011353,724511,241077,1,
s1_z1920_y2496_x3072,27,3.9351940155029297,True,True,1037256,2.2716095447540283,0.5361168384552002,1017733,246111,1,
s1_z192_y2304_x4800,25,5.121162414550781,True,True,807183,3.122375011444092,0.7419798374176025,791534,246727,1,
s1_z2112_y2112_x4800,26,2.2850236892700195,True,True,929339,3.3647003173828125,0.7414214611053467,919104,272323,1,
s1_z2304_y2112_x3072,27,1.6877021789550781,True,True,1378954,2.225188732147217,0.4310999810695648,1359113,258873,1,
s1_z2496_y2496_x4032,25,2.9760475158691406,True,True,1232553,3.7160325050354004,0.9823033809661865,1207346,544893,1,
s1_z3072_y2304_x2688,22,1.1195240020751953,True,True,1043157,3.586341381072998,0.7109946608543396,1022747,331848,1,
s1_z3456_y2496_x2496,26,4.327125549316406,True,True,877094,4.0,1.3647644519805908,858598,504560,1,
s1_z3840_y1728_x4032,25,2.599850654602051,False,False,1220689,,,1220689,,1,global offset unreliable
s1_z384_y2496_x4992,25,3.482728958129883,True,True,658379,3.28503680229187,0.8173137903213501,644838,245329,1,
s1_z4224_y2496_x2496,25,3.3582420349121094,True,True,883507,3.8901727199554443,1.0896342992782593,875611,401104,1,
s1_z4416_y2688_x3264,26,4.559696197509766,True,True,825323,4.0,1.2821624279022217,826522,456491,1,
s1_z4608_y3072_x3648,27,1.9203815460205078,True,True,960057,4.0,1.0179773569107056,940025,430484,1,
s1_z4800_y3072_x3648,27,3.200235366821289,True,True,1331513,2.8377604484558105,0.7696349024772644,1306232,471567,1,
s1_z4992_y3072_x4416,25,2.6414852142333984,True,True,1042843,3.5345709323883057,1.143579363822937,1038399,523882,1,
s1_z5376_y2112_x4032,27,2.1831159591674805,True,True,1246585,4.0,0.7426083087921143,1212082,427375,1,
s1_z5376_y3456_x4032,27,2.93658447265625,True,True,959272,4.0,0.7272338271141052,946753,272615,1,
s1_z5568_y2496_x4608,24,2.9196033477783203,True,True,896570,2.6166892051696777,0.38048896193504333,884367,112417,1,
s1_z5568_y3264_x4224,26,5.392621994018555,True,True,802152,3.3317558765411377,0.6910711526870728,789864,227436,1,
s1_z5760_y2304_x3264,27,1.8425540924072266,True,True,1207253,2.507230281829834,0.599849283695221,1176530,310713,1,
s1_z5760_y2880_x4224,21,4.516201019287109,True,True,632078,4.0,1.091578483581543,618655,303475,1,
s1_z5760_y3456_x4416,26,4.308446884155273,True,True,942763,4.0,1.4847865104675293,917111,618278,1,
s1_z576_y2880_x3264,26,3.7115859985351562,True,True,691408,4.0,1.033604621887207,681192,294914,1,
s1_z5952_y2496_x4032,24,1.6869869232177734,True,True,1073759,4.0,1.3105967044830322,1058377,617236,1,
s1_z5952_y3456_x4224,24,2.5463438034057617,True,True,966389,4.0,1.1307799816131592,944771,480668,1,
s1_z6144_y3264_x4800,22,5.153816223144531,True,True,565130,4.0,1.5061064958572388,555257,390229,1,
s1_z6336_y3264_x4800,23,5.187009811401367,True,True,684959,4.0,0.9082808494567871,678398,272775,1,
s1_z6720_y2688_x4032,26,1.6658048629760742,True,True,1144670,4.0,1.2333871126174927,1132241,624683,1,
s1_z6720_y3840_x3840,25,2.921876907348633,True,True,1134021,3.995401620864868,0.6980322599411011,1110235,414506,1,
s1_z7168_y2816_x2816,40,3.391169548034668,True,True,2764284,4.0,1.8640199899673462,2695488,2428942,1,
s1_z7424_y3072_x4352,43,2.5585851669311523,True,True,1912945,3.2256264686584473,0.8309851288795471,1880396,661003,1,
s1_z768_y2112_x3072,19,2.9989709854125977,True,True,1094861,3.566080331802368,1.216808557510376,1070779,615148,1,
s1_z8192_y2560_x2560,43,2.6701908111572266,True,True,2599505,4.0,1.1432791948318481,2535661,1408652,1,
s1_z8448_y3328_x2816,45,3.2151002883911133,True,True,3088453,3.6040260791778564,0.9232141375541687,3030429,1315756,1,
s1_z8704_y3328_x4096,40,3.448373794555664,True,True,2098200,3.2928707599639893,1.477048635482788,2056750,1434446,1,
s1_z8960_y3072_x4096,41,3.3306350708007812,True,True,2325444,4.0,0.83751380443573,2305216,772068,1,
s1_z9472_y2816_x2560,44,2.642955780029297,True,True,1902898,4.0,1.2061854600906372,1878932,957804,1,
s1_z9600_y4160_x3520,24,4.143257141113281,True,True,3971048,4.0,0.812702476978302,3935834,1365180,1,
s1_z960_y2688_x4608,24,5.046219825744629,True,True,748256,4.0,1.0288275480270386,730108,326364,1,
s4_z1024_y1792_x1280,39,2.6420297622680664,True,True,1364458,4.0,1.1052179336547852,1359047,651661,1,
s4_z1536_y1536_x1024,46,2.5054092407226562,True,True,1371740,4.0,0.6260396838188171,1351068,357978,1,
s4_z1792_y1792_x1024,40,1.8698787689208984,True,True,1606320,4.0,0.8795116543769836,1574638,615020,1,
s4_z2048_y1536_x2560,41,1.4775199890136719,True,True,1516016,3.5839364528656006,0.6220861673355103,1496201,375581,1,
s4_z2304_y1280_x2304,33,1.597900390625,True,True,996176,4.0,1.6362690925598145,984745,700715,1,
s4_z2560_y1024_x2816,38,1.5763015747070312,True,True,1112938,4.0,0.8596890568733215,1104093,412909,1,
s4_z2816_y1024_x1024,34,2.462871551513672,True,True,1594391,4.0,0.954723060131073,1564800,676545,1,
s4_z3072_y1536_x2560,38,1.3163318634033203,True,True,1444740,4.0,0.6111127138137817,1433550,344162,1,
s4_z3328_y2048_x1024,39,2.232494354248047,True,True,1310633,3.3197073936462402,0.9220643639564514,1288476,526459,1,
s4_z3584_y512_x2304,24,1.164271354675293,True,True,574362,4.0,0.796883225440979,566204,202008,1,
s4_z4096_y2048_x1536,40,2.8250980377197266,True,True,1182144,4.0,1.7703771591186523,1155349,920867,1,
s4_z4352_y2304_x1280,38,1.4779863357543945,True,True,1414370,4.0,0.5725260376930237,1403288,306370,1,
s4_z4608_y2304_x2048,41,1.418741226196289,True,True,1396122,3.513258457183838,0.5922868847846985,1381641,348007,1,
s4_z5120_y1280_x768,38,2.844736099243164,True,True,1188583,2.714909315109253,0.625629186630249,1174116,295849,1,
s4_z5376_y1536_x2304,35,1.4581680297851562,True,True,1543275,3.535580635070801,0.6376565098762512,1528158,397759,1,
s4_z5632_y1280_x2304,35,2.126772880554199,True,True,1772529,3.415787935256958,0.7236042618751526,1747742,554415,1,
s4_z6144_y1024_x1024,38,1.8222360610961914,True,True,676075,3.821429967880249,1.0143262147903442,671761,310074,1,
s4_z6400_y2304_x2304,45,1.0420970916748047,True,True,1579071,1.7549464702606201,0.33997008204460144,1566697,169966,1,
s4_z6912_y1792_x2304,37,3.903402328491211,True,True,852987,4.0,0.9612334966659546,850413,358520,1,
s4_z7424_y2304_x2560,41,1.8474922180175781,True,True,1508759,4.0,0.7606261968612671,1489721,471724,1,
s4_z768_y2048_x1792,38,2.3208866119384766,True,True,1313627,4.0,0.8923609256744385,1295624,527933,1,
s4_z8192_y2560_x1792,42,1.9915437698364258,True,True,1964141,2.4384355545043945,0.4866965711116791,1941149,349292,1,
s4_z8704_y2560_x1024,47,1.6973142623901367,True,True,2013071,3.3095524311065674,0.518505334854126,1980984,420951,1,
s4_z9472_y1536_x2304,37,1.7722978591918945,True,True,1304762,1.6885368824005127,0.4728134274482727,1290864,238660,1,
s5_z5690_y1710_x3800,22,1.7508516311645508,True,True,663881,2.2285170555114746,0.6160674691200256,649068,199335,1,
s5_z8990_y3610_x3610,25,3.051182746887207,True,True,876788,1.2443737983703613,0.2844381332397461,866278,73044,1,
s1_z10240_y4160_x3520,23,4.37089729309082,True,True,4017110,2.296358823776245,0.5093293190002441,3986783,760513,1,
s1_z10880_y2880_x3200,23,2.6648426055908203,True,True,5123500,2.5230369567871094,0.7248324751853943,5078024,1497648,1,
s1_z11520_y3200_x2560,23,4.150350570678711,True,True,4235503,4.0,0.9807079434394836,4209199,1708610,1,
s1_z1152_y2496_x4608,27,6.259664535522461,True,True,671629,4.0,0.9185411334037781,660703,258156,1,
s1_z12160_y3520_x3520,28,3.385477066040039,True,True,4407680,4.0,1.0519647598266602,4401168,1924960,1,
s1_z1344_y2304_x2688,25,4.386964797973633,True,True,641349,4.0,1.1356136798858643,633795,323946,1,
s1_z1536_y2112_x3072,26,2.189629554748535,True,True,1268884,4.0,0.5977048277854919,1248898,333018,1,
s1_z1728_y1920_x3264,27,2.887141227722168,True,True,1323897,2.9078354835510254,0.8245470523834229,1294058,479017,1,
s1_z1728_y2688_x4032,24,2.850635528564453,True,True,777260,2.2030868530273438,0.5411773920059204,760833,198433,1,
s1_z1920_y2496_x4416,27,4.9615631103515625,True,True,950956,3.2823524475097656,0.7552110552787781,939393,309305,1,
s1_z192_y2304_x4992,25,3.4921979904174805,True,True,853193,4.0,0.6807078123092651,837185,230894,1,
s1_z2112_y2304_x2688,24,1.9525203704833984,True,True,964633,2.853339195251465,0.5909867882728577,949869,225610,1,
s1_z2304_y2112_x4608,22,5.5287933349609375,True,True,846240,3.611713409423828,0.6537401676177979,828776,229442,1,
s1_z2496_y2688_x3648,27,3.7949094772338867,True,True,879111,3.2281038761138916,0.8913449645042419,872389,354452,1,
s1_z3072_y2496_x2880,26,0.9219503402709961,False,False,1374525,,,1374525,,1,global offset unreliable
s1_z3456_y2496_x2880,26,4.320103645324707,True,True,972724,4.0,0.8561575412750244,950452,391994,1,
s1_z3840_y1920_x4608,18,0.4498772621154785,False,False,1103007,,,1103007,,1,global offset unreliable
s1_z384_y2688_x3072,25,3.5806140899658203,True,True,814817,4.0,1.0571297407150269,799872,357199,1,
s1_z4224_y2496_x2688,26,4.031853675842285,True,True,688179,4.0,1.0786550045013428,675552,321913,1,
s1_z4416_y2688_x4416,26,2.301921844482422,True,True,806381,3.2169573307037354,0.9317977428436279,798603,331540,1,
s1_z4800_y1920_x3264,26,1.4985051155090332,False,False,1428013,,,1428013,,1,global offset unreliable
s1_z4992_y2112_x2880,27,1.529728889465332,True,True,1394391,3.257812976837158,0.5519290566444397,1377532,320601,1,
s1_z5184_y1920_x3840,26,2.485210418701172,True,True,1215782,4.0,1.1256057024002075,1202928,639022,1,
s1_z5376_y2304_x2688,27,2.0298995971679688,True,True,1292195,2.3217413425445557,0.7193993330001831,1278375,486044,1,
s1_z5376_y3456_x4224,27,2.95656681060791,True,True,905467,3.629312753677368,0.6818212270736694,884676,257919,1,
s1_z5568_y2496_x4800,23,3.7789087295532227,True,True,689146,3.4227752685546875,0.8084879517555237,685377,222911,1,
s1_z5568_y3264_x4416,26,4.920324325561523,True,True,746283,4.0,1.434747576713562,729942,449031,1,
s1_z5760_y2304_x3456,27,3.186995506286621,True,True,1245873,2.2381205558776855,0.7028276324272156,1213829,389598,1,
s1_z5760_y2880_x4416,24,5.771454811096191,True,True,467064,4.0,1.4433218240737915,470824,311564,1,
s1_z5760_y3456_x4608,25,5.844057083129883,True,True,792637,4.0,1.4173420667648315,792386,502163,1,
s1_z576_y2880_x3456,27,4.909553527832031,True,True,862099,2.774083375930786,0.6624968647956848,852951,242580,1,
s1_z5952_y2496_x4224,26,2.0195817947387695,True,True,993374,4.0,0.8109889030456543,983894,337984,1,
s1_z5952_y3648_x3840,26,2.6121721267700195,True,True,1201580,2.412316083908081,0.48405566811561584,1172831,243327,1,
s1_z6144_y3264_x4992,21,2.295835494995117,True,True,642463,4.0,0.7847835421562195,628348,235635,1,
s1_z6336_y3456_x4224,26,8.002107620239258,True,True,800160,4.0,1.3076664209365845,786899,447657,1,
s1_z6720_y2880_x2496,26,1.7429018020629883,True,True,846673,4.0,0.604424774646759,835298,214493,1,
s1_z6720_y3840_x4032,27,4.5687456130981445,True,True,1182582,4.0,1.7104853391647339,1162494,988462,1,
s1_z7168_y2816_x3072,41,5.074410438537598,True,True,2246515,4.0,1.1475383043289185,2224655,1177106,1,
s1_z7424_y3072_x4608,38,4.650228500366211,True,True,1640152,3.8360116481781006,0.7598569989204407,1625556,518214,1,
s1_z768_y2112_x4608,26,7.354282379150391,True,True,730422,4.0,1.039663314819336,717051,315131,1,
s1_z8192_y2560_x3072,42,3.3968896865844727,True,True,2720703,4.0,0.8947651386260986,2663793,1104676,1,
s1_z8448_y3328_x3840,39,4.257240295410156,True,True,1774614,4.0,1.102556586265564,1748118,818654,1,
s1_z8704_y3584_x2816,38,4.282569885253906,True,True,2560383,4.0,0.9058122634887695,2512288,947457,1,
s1_z8960_y3328_x2560,46,2.653986930847168,True,True,2600483,4.0,0.8595383763313293,2565498,978661,1,
s1_z9472_y2816_x2816,35,4.796871185302734,True,True,2051217,2.3492910861968994,0.7723601460456848,2022816,646269,1,
s1_z960_y1728_x3840,27,4.003617286682129,True,True,1097658,4.0,1.228892207145691,1061849,643195,1,
s1_z960_y2688_x4800,25,5.115461349487305,True,True,639263,4.0,1.2157678604125977,631051,335436,1,
s4_z1024_y1792_x2304,38,2.0376291275024414,True,True,1155174,4.0,0.6955453157424927,1138261,323277,1,
s4_z1536_y1536_x2304,35,0.19702911376953125,True,True,1382218,4.0,1.5357924699783325,1367613,875999,1,
s4_z1792_y1792_x1280,38,1.353226661682129,True,True,1465625,4.0,1.056158423423767,1451256,607487,1,
s4_z2048_y1792_x1024,40,2.0926437377929688,True,True,1636984,4.0,0.7501569390296936,1618582,504604,1,
s4_z2304_y1280_x2560,36,2.31097412109375,True,True,1214357,4.0,0.8738020658493042,1205222,442325,1,
s4_z2560_y1280_x1024,42,2.38482666015625,True,True,1546151,4.0,1.0695613622665405,1535624,698069,1,
s4_z2816_y1024_x2304,35,1.479095458984375,True,True,1114386,4.0,1.1461235284805298,1101608,547004,1,
s4_z3072_y1536_x768,41,1.7759809494018555,True,True,1796250,2.985774040222168,0.5179626941680908,1773348,390424,1,
s4_z3328_y2048_x1280,39,1.7794828414916992,True,True,1427901,2.4650468826293945,0.4887593686580658,1411975,269642,1,
s4_z3584_y768_x1280,44,1.5270662307739258,True,True,2017333,2.0784871578216553,0.41965121030807495,1991418,317661,1,
s4_z4096_y2048_x2048,41,1.4477205276489258,True,True,1775697,4.0,0.6150535345077515,1740739,411550,1,
s4_z4352_y2304_x1536,45,1.4459257125854492,True,True,2016570,1.5851534605026245,0.39120227098464966,1991587,296589,1,
s4_z4608_y768_x1792,45,2.169931411743164,True,True,1648029,4.0,0.9561901688575745,1621415,685098,1,
s4_z5120_y1536_x2560,45,2.074151039123535,True,True,1922641,2.5451080799102783,0.5505577921867371,1898759,419670,1,
s4_z5376_y1536_x2560,41,1.8501920700073242,True,True,1970444,1.5421186685562134,0.4814397096633911,1942164,363066,1,
s4_z5632_y1536_x1024,38,1.2135696411132812,True,True,1274364,4.0,1.013769268989563,1259128,546508,1,
s4_z6144_y1024_x1280,40,0.4916086196899414,True,True,742443,3.9708311557769775,1.1262532472610474,736549,381592,1,
s4_z6400_y2304_x2560,40,1.7919492721557617,True,True,1721803,3.896372079849243,0.7358659505844116,1698182,513465,1,
s4_z6912_y1792_x2560,43,2.0267534255981445,True,True,1422264,4.0,0.6960899829864502,1397182,401092,1,
s4_z7424_y2304_x512,44,1.9715566635131836,True,True,1986964,2.3933727741241455,0.46215954422950745,1967480,325602,1,
s4_z768_y2048_x2048,37,2.0761070251464844,True,True,1271999,3.2336390018463135,0.870663046836853,1246961,497298,1,
s4_z8192_y2560_x2048,43,1.7261924743652344,True,True,1964274,2.3644535541534424,0.45798641443252563,1943631,326053,1,
s4_z8704_y2560_x1280,40,1.8613462448120117,True,True,1872894,2.9311435222625732,0.5343677401542664,1835394,465586,1,
s4_z9472_y1792_x2048,38,1.739767074584961,True,True,1402725,2.7172136306762695,0.5977577567100525,1386312,357677,1,
s5_z5690_y2090_x4180,26,3.222036361694336,True,True,706361,3.4906723499298096,1.0714389085769653,688333,369474,1,
s5_z9180_y1710_x3420,27,3.068081855773926,True,True,856727,2.967169761657715,0.7555516362190247,840817,254098,1,
s1_z10240_y4160_x3840,23,3.3761024475097656,True,True,4325981,3.407829523086548,0.5236712694168091,4300755,910926,1,
s1_z10880_y3200_x3520,16,2.610020637512207,True,True,5172369,4.0,0.671893835067749,5118397,1358672,1,
s1_z11520_y3520_x2240,28,3.4818992614746094,True,True,5007542,4.0,1.0405272245407104,4944448,2440290,1,
s1_z1152_y2496_x4992,27,3.6027345657348633,True,True,683401,3.486079454421997,0.8388016223907471,680799,264486,1,
s1_z12160_y4480_x3200,25,2.637021064758301,True,True,4938232,2.896878242492676,0.6786290407180786,4893977,1403479,1,
s1_z1344_y2304_x2880,24,5.6299896240234375,True,True,565302,3.3823516368865967,0.8776301741600037,556644,210572,1,
s1_z1536_y2112_x4608,27,4.329401016235352,True,True,715483,4.0,0.8983900547027588,699667,262738,1,
s1_z1728_y1920_x4416,24,3.827249526977539,True,True,855379,4.0,1.193796992301941,850393,430470,1,
s1_z1728_y2688_x4224,27,2.4251222610473633,True,True,939564,2.5146484375,0.6859859824180603,913737,317269,1,
s1_z1920_y2496_x4608,26,4.174341201782227,True,True,833450,3.497319221496582,0.7527697086334229,816193,263787,1,
s1_z192_y2496_x3072,22,4.59999942779541,True,True,764179,4.0,1.3897860050201416,751104,457785,1,
s1_z2112_y2304_x4608,27,6.625758171081543,True,True,519062,2.699571132659912,0.5366251468658447,512529,111683,1,
s1_z2304_y2112_x4800,27,1.9399528503417969,True,True,1012899,2.881500720977783,0.6904532313346863,997865,269266,1,
s1_z2496_y2688_x3840,27,3.9392623901367188,True,True,766966,4.0,1.1837294101715088,751739,429069,1,
s1_z3072_y2496_x3072,27,1.8201961517333984,True,True,1226479,3.2008397579193115,1.0250358581542969,1192930,633221,1,
s1_z3456_y2496_x3072,27,5.044594764709473,True,True,895288,2.893076181411743,0.5281235575675964,877676,201340,1,
s1_z3840_y2304_x2496,25,2.3901853561401367,True,True,822432,2.978945732116699,0.9421320557594299,812588,345288,1,
s1_z384_y2688_x3264,24,4.906988143920898,True,True,870257,4.0,0.8482577800750732,854004,295365,1,
s1_z4224_y2496_x3648,26,1.8019304275512695,True,True,1079645,4.0,0.8757297396659851,1057265,428926,1,
s1_z4416_y2688_x4608,23,3.3517513275146484,True,True,756700,3.9667177200317383,1.510115146636963,760508,519900,1,
s1_z4800_y1920_x3648,25,1.962148666381836,True,True,1226904,4.0,1.1600905656814575,1207865,741927,1,
s1_z4992_y2112_x3072,27,1.9922070503234863,True,True,1387668,3.01192045211792,0.5784739255905151,1354240,350884,1,
s1_z5184_y2112_x3072,26,2.5418052673339844,True,True,1466020,4.0,0.8716410994529724,1447448,607918,1,
s1_z5376_y2304_x3072,25,2.3496618270874023,True,True,1315166,4.0,1.307901382446289,1271755,846763,1,
s1_z5376_y3456_x4416,25,3.4337902069091797,True,True,898576,4.0,1.124992847442627,899590,427074,1,
s1_z5568_y2496_x4992,24,4.275922775268555,True,True,722573,4.0,1.6502370834350586,711844,492407,1,
s1_z5568_y3264_x4608,24,1.9698896408081055,True,True,720714,2.5964252948760986,0.6256441473960876,714123,183257,1,
s1_z5760_y2304_x3648,26,3.34810733795166,True,True,1101980,1.7487760782241821,0.4187740087509155,1083966,165930,1,
s1_z5760_y2880_x4608,23,3.6104507446289062,True,True,572176,4.0,1.404854416847229,562773,377589,1,
s1_z5760_y3456_x4800,24,2.81429386138916,True,True,866201,4.0,0.7296462059020996,850996,264727,1,
s1_z576_y2880_x3648,26,4.474515914916992,True,True,920221,2.8053603172302246,0.5042415261268616,904814,186693,1,
s1_z5952_y2496_x4416,26,3.781454086303711,True,True,908360,4.0,1.0806480646133423,906168,428304,1,
s1_z5952_y3648_x4032,26,2.963563919067383,True,True,903158,2.871112823486328,0.71635502576828,879509,291815,1,
s1_z6144_y3456_x4224,26,5.928464889526367,True,True,717752,2.3820788860321045,0.6868393421173096,706440,203958,1,
s1_z6336_y3456_x4608,23,4.541017532348633,True,True,743713,3.973071336746216,1.0863662958145142,734066,347911,1,
s1_z6720_y2880_x2688,27,1.517477035522461,True,True,849540,2.9156575202941895,0.4597949683666229,838128,156358,1,
s1_z6720_y3840_x4224,27,1.5614404678344727,True,True,986505,4.0,1.555390477180481,973553,662008,1,
s1_z7168_y2816_x3584,37,2.5679893493652344,True,True,1906603,4.0,1.0691943168640137,1875235,861072,1,
s1_z7424_y3328_x3072,42,3.3898143768310547,True,True,2527234,3.01177716255188,0.6969524025917053,2491029,729927,1,
s1_z768_y2112_x4992,22,5.035096168518066,True,True,763646,4.0,1.1403894424438477,752580,369728,1,
s1_z8192_y2816_x2816,40,3.8519840240478516,True,True,2340838,3.6415727138519287,0.7848427891731262,2293034,845476,1,
s1_z8448_y3328_x4096,40,4.417787551879883,True,True,1711320,4.0,1.1761304140090942,1673282,837126,1,
s1_z8704_y3584_x3840,42,3.72607421875,True,True,1856998,4.0,1.1674606800079346,1833560,954842,1,
s1_z8960_y3328_x3840,43,2.328566551208496,True,True,1856552,4.0,0.7483989596366882,1833050,564576,1,
s1_z9472_y3072_x2304,44,3.4977359771728516,True,True,2434789,4.0,1.2723180055618286,2385900,1414323,1,
s1_z960_y1728_x4032,23,3.0188817977905273,False,False,1047187,,,1047187,,1,global offset unreliable
s1_z960_y2880_x3264,26,4.539051055908203,True,True,758063,3.1945505142211914,0.8919222354888916,742697,289338,1,
s4_z1024_y1792_x2560,38,2.4640655517578125,True,True,1791130,3.669485569000244,0.8844212293624878,1767751,644317,1,
s4_z1536_y1536_x2560,39,2.1038475036621094,True,True,1406015,4.0,1.0227385759353638,1392320,576581,1,
s4_z1792_y1792_x2048,41,1.1507015228271484,True,True,1455427,4.0,0.6686428785324097,1440960,389279,1,
s4_z2048_y1792_x1280,42,3.74371337890625,True,True,1646388,4.0,0.9505153894424438,1619089,637605,1,
s4_z2304_y1536_x1024,48,2.900604248046875,True,True,1679934,4.0,1.227922797203064,1659764,928178,1,
s4_z2560_y1280_x2304,38,2.3390626907348633,True,True,1611063,4.0,0.8977549076080322,1577459,592622,1,
s4_z2816_y1024_x2816,43,1.5140466690063477,True,True,1179813,4.0,0.7987869381904602,1172720,403917,1,
s4_z3072_y1792_x1024,42,1.933253288269043,True,True,1611423,4.0,0.5709841251373291,1590108,361601,1,
s4_z3328_y2048_x1792,33,1.412588119506836,True,True,1177330,3.228210926055908,0.4691680669784546,1162741,216339,1,
s4_z3840_y1024_x2304,40,2.530843734741211,True,True,954338,3.715461015701294,0.7493737936019897,940573,290727,1,
s4_z4096_y2048_x2304,41,1.5952568054199219,True,True,1299366,4.0,0.7005988955497742,1288386,359198,1,
s4_z4352_y2304_x1792,42,1.343557357788086,True,True,1655675,2.9426350593566895,0.4480800926685333,1639238,282063,1,
s4_z4608_y768_x2048,42,1.9315996170043945,True,True,1553790,3.6817197799682617,0.590510368347168,1525246,386456,1,
s4_z5120_y1536_x768,36,1.868605613708496,True,True,1318657,2.4631967544555664,0.40578600764274597,1307465,196756,1,
s4_z5376_y1792_x1024,39,0.7251625061035156,True,True,1443592,3.9980392456054688,0.7522284984588623,1416421,455409,1,
s4_z5632_y1536_x2304,41,1.252884864807129,True,True,1518408,3.040886402130127,0.5236279368400574,1496505,301299,1,
s4_z6144_y1536_x1280,37,1.5905609130859375,True,True,1097325,3.087226152420044,0.5553256273269653,1084080,248433,1,
s4_z6400_y2560_x1024,40,1.5839910507202148,True,True,2072829,2.2747392654418945,0.30889493227005005,2056278,182143,1,
s4_z6912_y1792_x512,43,2.25217342376709,True,True,1605553,2.946387767791748,0.7083118557929993,1585451,471098,1,
s4_z7424_y2304_x768,47,1.4832582473754883,True,True,2318343,3.958621025085449,0.4007926881313324,2286830,309705,1,
s4_z768_y768_x1280,42,2.0622034072875977,True,True,1621200,4.0,0.6375944018363953,1606439,401719,1,
s4_z8448_y1280_x1536,42,1.411294937133789,True,True,2089499,2.8553683757781982,0.6006560325622559,2062676,561347,1,
s4_z8960_y1024_x1792,35,1.8281116485595703,True,True,1190152,4.0,0.5878686904907227,1173935,281113,1,
s4_z9472_y2048_x2048,36,1.5113468170166016,True,True,1140856,1.941506028175354,0.6734102368354797,1127294,306994,1,
s5_z5690_y2280_x3420,25,2.905120849609375,True,True,735349,4.0,0.9878122210502625,738894,307097,1,
s5_z9180_y2090_x5700,25,2.605961799621582,True,True,591656,3.740830183029175,0.7043774127960205,582578,173892,1,
s1_z10240_y4480_x2880,16,3.548044204711914,True,True,3958149,2.5628018379211426,0.5148974061012268,3935103,804048,1,
s1_z10880_y3520_x3520,14,2.6164350509643555,True,True,3730585,3.368377685546875,0.5711551308631897,3700164,861775,1,
s1_z11520_y3520_x3520,15,3.413638114929199,True,True,4263667,4.0,0.8632432818412781,4224235,1532820,1,
s1_z1152_y2688_x3072,24,5.857126235961914,True,True,920603,2.106668472290039,0.6445761919021606,898193,247980,1,
s1_z12160_y4800_x2560,21,2.6351137161254883,True,True,4448908,2.3774945735931396,0.49152135848999023,4415528,861440,1,
s1_z1344_y2304_x4608,23,5.989931106567383,True,True,619442,4.0,1.0912400484085083,607129,294307,1,
s1_z1536_y2112_x4800,26,1.5955829620361328,True,True,860332,4.0,1.1968721151351929,835842,413402,1,
s1_z1728_y1920_x4608,27,2.1111927032470703,True,True,906517,2.450247049331665,0.5501388311386108,882158,193735,1,
s1_z1728_y2688_x4416,25,3.1764745712280273,True,True,942871,2.730581283569336,0.7100820541381836,935453,310432,1,
s1_z1920_y2496_x4800,24,3.3395767211914062,True,True,564238,2.6691536903381348,0.6654611229896545,553558,149964,1,
s1_z192_y2496_x4800,27,5.943672180175781,True,True,616479,2.752812385559082,0.6985435485839844,605786,183053,1,
s1_z2112_y2304_x4800,25,4.79200553894043,True,True,604648,3.2958035469055176,0.9262843728065491,590123,249115,1,
s1_z2304_y2304_x4608,27,5.9964599609375,True,True,622055,4.0,1.0983811616897583,610159,309718,1,
s1_z2688_y1728_x3648,24,0.740504264831543,False,False,1313033,,,1313033,,1,global offset unreliable
s1_z3264_y1728_x3840,23,2.838932991027832,True,True,1196317,4.0,0.9471586346626282,1164531,641756,1,
s1_z3456_y2496_x3264,26,6.304050445556641,True,True,802938,2.2099595069885254,0.4819297194480896,789249,163373,1,
s1_z3840_y2304_x2688,24,1.5477046966552734,True,True,1195074,3.0606017112731934,0.5711060166358948,1173238,260250,1,
s1_z384_y2880_x3072,25,4.96171760559082,True,True,728564,3.709758996963501,1.0314093828201294,726331,316587,1,
s1_z4224_y2496_x3840,26,1.5339031219482422,True,True,1076673,2.6994566917419434,0.6140636205673218,1063129,331662,1,
s1_z4416_y2688_x4800,23,7.767644882202148,True,True,731877,4.0,2.9602177143096924,731975,951208,1,
s1_z4800_y2112_x2880,24,4.184348106384277,True,True,1044980,4.0,1.2654463052749634,1012915,626391,1,
s1_z4992_y2112_x4416,27,2.1265392303466797,True,True,1292407,2.4617035388946533,0.4733823835849762,1272130,246373,1,
s1_z5184_y2112_x4224,23,2.0548295974731445,True,True,1285116,2.913951873779297,0.7680037021636963,1258555,436397,1,
s1_z5376_y2304_x4416,27,2.6189136505126953,True,True,1115524,3.2239601612091064,0.5371069312095642,1107790,236060,1,
s1_z5376_y3648_x4224,24,3.945387840270996,True,True,954499,4.0,1.0077568292617798,914448,433011,1,
s1_z5568_y2688_x2688,25,2.7602500915527344,True,True,786203,2.6736695766448975,0.619529128074646,782531,196184,1,
s1_z5568_y3456_x3072,26,2.9036569595336914,True,True,1060479,4.0,1.3796318769454956,1054627,642056,1,
s1_z5760_y2304_x3840,26,3.5467023849487305,True,True,982669,2.237715005874634,0.673766553401947,954880,299105,1,
s1_z5760_y2880_x4800,26,2.9493608474731445,True,True,661446,4.0,1.3309587240219116,661223,394877,1,
s1_z5760_y3648_x3648,27,2.4384021759033203,True,True,1143551,2.366122007369995,0.479744017124176,1121540,229215,1,
s1_z576_y2880_x3840,27,4.042557716369629,True,True,924315,3.208423376083374,0.6398802995681763,914169,230162,1,
s1_z5952_y2496_x4608,25,4.112888336181641,True,True,616143,4.0,0.8059418201446533,607839,215502,1,
s1_z5952_y3648_x4224,27,2.6850061416625977,True,True,847337,2.8147494792938232,0.48514705896377563,831884,162541,1,
s1_z6144_y3456_x4416,27,4.965775489807129,True,True,791913,4.0,1.2837936878204346,772890,449089,1,
s1_z6336_y3456_x4800,24,5.039369583129883,True,True,794036,4.0,1.4402744770050049,792901,491677,1,
s1_z6720_y2880_x2880,26,5.55206298828125,True,True,694988,4.0,1.0865166187286377,680733,331377,1,
s1_z6720_y3840_x4416,26,5.15040397644043,True,True,965967,4.0,1.2778829336166382,956736,520791,1,
s1_z7168_y3072_x3840,38,3.28794002532959,True,True,2159918,4.0,1.1282895803451538,2130654,1028450,1,
s1_z7424_y3328_x4608,42,3.152437210083008,True,True,1836212,4.0,1.2146687507629395,1805137,996869,1,
s1_z768_y2304_x2880,27,1.9344244003295898,True,True,860700,4.0,1.0508109331130981,844751,382127,1,
s1_z8192_y2816_x3584,43,2.04348087310791,True,True,3341866,2.87507963180542,0.7152957320213318,3297395,986195,1,
s1_z8448_y3328_x4352,37,4.503438949584961,True,True,1909640,4.0,2.0505332946777344,1864806,1720726,1,
s1_z8704_y3840_x2816,48,2.6722583770751953,True,True,2709402,4.0,1.0289956331253052,2661263,1162535,1,
s1_z8960_y3584_x2816,41,2.986692428588867,True,True,2576466,4.0,1.0685310363769531,2550440,1161844,1,
s1_z9472_y3072_x2560,35,3.1594724655151367,True,True,2054006,2.479918956756592,0.7248251438140869,2018051,646245,1,
s1_z960_y1728_x4224,25,0.8481941223144531,True,True,1142136,4.0,1.3377610445022583,1140133,693533,1,
s1_z960_y2880_x3456,27,1.9237480163574219,True,True,894737,3.170335054397583,0.6654126644134521,878218,249067,1,
s4_z1024_y2048_x1280,38,2.111255645751953,True,True,1301065,4.0,0.9044905304908752,1286240,480691,1,
s4_z1536_y1792_x1024,40,2.520559310913086,True,True,1266723,4.0,1.1269817352294922,1250596,605801,1,
s4_z1792_y1792_x2304,35,1.0548343658447266,True,True,1378409,4.0,1.722592830657959,1355221,992224,1,
s4_z2048_y1792_x2048,41,2.134063720703125,True,True,1271429,4.0,1.0008635520935059,1253908,514419,1,
s4_z2304_y1536_x2304,41,5.762723922729492,True,True,1191017,4.0,2.7939910888671875,1209832,1466205,1,
s4_z2560_y1280_x2560,41,1.6242485046386719,True,True,1352020,4.0,0.9947027564048767,1333987,596281,1,
s4_z2816_y1280_x2304,40,1.6805753707885742,True,True,1061417,3.9519100189208984,0.7923955917358398,1047865,352856,1,
s4_z3072_y1792_x1792,37,1.6191349029541016,True,True,1666084,4.0,1.1961270570755005,1635574,859082,1,
s4_z3328_y2048_x2048,45,2.110698699951172,True,True,1652778,4.0,0.5856491923332214,1628410,403336,1,
s4_z3840_y1280_x2560,40,1.4955120086669922,True,True,1194125,1.2733700275421143,0.325933039188385,1181577,132068,1,
s4_z4096_y2304_x1024,34,2.213399887084961,True,True,1269693,3.1362881660461426,0.6620222330093384,1256534,330821,1,
s4_z4352_y2304_x2304,42,1.8202428817749023,True,True,1436703,2.597728967666626,0.3684536814689636,1420113,189924,1,
s4_z4864_y1024_x1536,42,1.3488178253173828,True,True,2124716,2.024951457977295,0.3821258544921875,2099909,284369,1,
s4_z5120_y1792_x2560,43,1.1094341278076172,True,True,1459891,2.833770275115967,0.5433892011642456,1439537,309430,1,
s4_z5376_y1792_x2560,45,1.946059226989746,True,True,1500148,1.6364601850509644,0.3265995979309082,1483142,142628,1,
s4_z5632_y1792_x2560,43,1.5142192840576172,True,True,1775202,2.0119218826293945,0.5268877744674683,1754978,374662,1,
s4_z6144_y1536_x1792,46,1.7441611289978027,True,True,1710425,1.6921371221542358,0.4271967113018036,1687286,288961,1,
s4_z6400_y2560_x2304,47,1.7733054161071777,True,True,2247753,1.7112256288528442,0.3739207088947296,2218023,279986,1,
s4_z6912_y2048_x2560,35,1.7397994995117188,True,True,1229049,2.2717652320861816,0.5681580901145935,1209354,302217,1,
s4_z7424_y2560_x1024,43,1.4761886596679688,True,True,2396207,3.9979641437530518,0.6693337559700012,2368329,705272,1,
s4_z7936_y1280_x1024,47,1.1613178253173828,True,True,1580640,4.0,0.4668145179748535,1560819,264975,1,
s4_z8448_y1280_x512,36,2.250091552734375,True,True,1143451,4.0,0.8997700810432434,1122514,423179,1,
s4_z8960_y1024_x2048,41,1.831131935119629,True,True,2007074,4.0,0.7639415264129639,1975986,661322,1,
s4_z9472_y2304_x1024,42,2.3666534423828125,True,True,1782660,2.2365055084228516,0.48762232065200806,1752151,347787,1,
s5_z6000_y2850_x2470,20,2.7192368507385254,True,True,684425,3.140995502471924,0.47462326288223267,674344,116333,1,
s5_z9180_y2280_x3230,27,2.5470056533813477,True,True,638548,3.6048290729522705,0.8580222129821777,628663,223809,1,
s1_z10240_y4480_x3200,23,3.799650192260742,True,True,3125716,4.0,1.0176767110824585,3101525,1418997,1,
s1_z10880_y3520_x3840,38,2.9672842025756836,True,True,3940609,4.0,0.9420515894889832,3928847,1669172,1,
s1_z11520_y3840_x3520,27,2.973902702331543,True,True,4373214,4.0,0.8222151398658752,4326598,1542164,1,
s1_z1152_y2688_x3264,27,5.740216255187988,True,True,934741,2.8483006954193115,0.5531345009803772,922135,198904,1,
s1_z12160_y4800_x2880,12,4.3964691162109375,True,True,3371115,2.8322548866271973,0.541987955570221,3342725,747982,1,
s1_z1344_y2304_x4800,26,3.5922088623046875,True,True,700068,4.0,1.34378182888031,688714,416798,1,
s1_z1536_y2304_x2688,27,3.48883056640625,True,True,676074,3.2866597175598145,0.7696710824966431,664330,214882,1,
s1_z1728_y2112_x2880,26,2.5745582580566406,True,True,1083577,2.8428683280944824,0.7193074226379395,1075172,314033,1,
s1_z1728_y2688_x4608,26,3.8305530548095703,True,True,898799,4.0,1.5137869119644165,880368,653881,1,
s1_z1920_y2496_x4992,27,5.659875869750977,True,True,555630,4.0,1.2843384742736816,553186,309296,1,
s1_z192_y2496_x4992,26,4.229486465454102,True,True,586572,4.0,1.411546230316162,577229,368347,1,
s1_z2112_y2304_x4992,24,4.217548370361328,True,True,711903,4.0,0.7344108819961548,698646,215559,1,
s1_z2304_y2304_x4800,26,6.472801208496094,True,True,660122,4.0,1.6569304466247559,642384,466892,1,
s1_z2688_y1728_x4032,26,1.5509281158447266,True,True,1342924,3.045545816421509,0.7133792638778687,1318078,478658,1,
s1_z3264_y1728_x4032,27,3.1009111404418945,False,False,1135310,,,1135310,,1,global offset unreliable
s1_z3456_y2496_x3456,26,5.646320343017578,True,True,918427,2.953705072402954,0.6496626734733582,898885,272082,1,
s1_z3840_y2496_x2496,26,4.24958610534668,True,True,772016,4.0,1.0276305675506592,755388,346938,1,
s1_z384_y2880_x3264,22,3.3807506561279297,True,True,636674,4.0,1.238917350769043,635441,332917,1,
s1_z4224_y2496_x4032,26,0.5017795562744141,True,True,1072228,2.7879598140716553,0.5600039958953857,1052595,280223,1,
s1_z4416_y2880_x2880,23,5.6220245361328125,True,True,732688,4.0,2.1049551963806152,733304,652402,1,
s1_z4800_y2112_x4416,27,1.7642126083374023,True,True,1264659,4.0,1.06442391872406,1233874,635319,1,
s1_z4992_y2112_x4608,25,3.47757625579834,True,True,1141286,4.0,0.9731101393699646,1132245,508231,1,
s1_z5184_y2304_x4416,26,3.182244300842285,True,True,1000856,3.4400715827941895,0.7843289375305176,975882,339770,1,
s1_z5376_y2496_x2688,25,1.1343231201171875,True,True,970860,4.0,0.8687466382980347,965569,377037,1,
s1_z5376_y3648_x4416,27,2.9688987731933594,True,True,874062,4.0,0.636388897895813,867640,239876,1,
s1_z5568_y2688_x2880,26,4.16291618347168,True,True,723404,2.8830153942108154,0.9167646765708923,706988,285516,1,
s1_z5568_y3456_x3264,27,2.1545591354370117,True,True,1227704,3.118407964706421,0.566465437412262,1204668,299272,1,
s1_z5760_y2304_x4032,26,2.4315176010131836,True,True,979721,1.8071212768554688,0.44379356503486633,960006,155975,1,
s1_z5760_y2880_x4992,19,4.430088043212891,True,True,524634,4.0,0.915725588798523,521197,200921,1,
s1_z5760_y3648_x3840,26,2.8825883865356445,True,True,1047419,4.0,0.9690783023834229,1044244,435159,1,
s1_z576_y2880_x4032,27,4.339715003967285,True,True,984409,3.588604211807251,1.329472541809082,967235,584368,1,
s1_z5952_y2496_x4800,24,2.969432830810547,True,True,821560,4.0,0.8471852540969849,800377,287915,1,
s1_z5952_y3648_x4416,27,3.4477128982543945,True,True,923263,4.0,1.0013389587402344,917271,396718,1,
s1_z6144_y3456_x4608,26,3.439054489135742,True,True,715048,3.760047674179077,1.122263789176941,703254,341954,1,
s1_z6336_y3648_x2880,26,3.6903724670410156,True,True,1063245,4.0,1.1157910823822021,1043014,486071,1,
s1_z6720_y3072_x2496,27,2.9343643188476562,True,True,933741,2.819103479385376,0.9795697927474976,917928,422661,1,
s1_z6720_y4032_x3456,26,4.609959602355957,True,True,859219,4.0,0.6134609580039978,843647,204830,1,
s1_z7168_y3072_x4096,34,3.278691291809082,True,True,1554523,4.0,0.9381126165390015,1531907,621658,1,
s1_z7424_y3584_x4096,41,3.664677619934082,True,True,2022167,3.780921459197998,0.8162350058555603,1986434,678875,1,
s1_z768_y2304_x3072,22,1.931114673614502,True,True,1006395,2.795165777206421,1.0866386890411377,978517,552014,1,
s1_z8192_y3072_x2816,49,2.699446678161621,True,True,2736007,2.805922031402588,0.5971646904945374,2687307,716464,1,
s1_z8448_y3584_x3840,34,4.813591003417969,True,True,1810906,4.0,0.6111072301864624,1789225,424159,1,
s1_z8704_y3840_x3072,45,3.564642906188965,True,True,2312716,4.0,1.2307442426681519,2276136,1144632,1,
s1_z8960_y3840_x3072,38,3.8683223724365234,True,True,2319430,4.0,0.8914505839347839,2284020,855382,1,
s1_z9472_y3328_x2560,40,2.4286928176879883,True,True,2469413,4.0,1.1596513986587524,2428636,1299849,1,
s1_z960_y1920_x3456,27,1.760880470275879,True,True,1096398,4.0,1.0810269117355347,1078164,528260,1,
s1_z960_y2880_x3840,24,3.129728317260742,True,True,899140,4.0,0.9735072255134583,896219,383729,1,
s4_z1024_y2048_x1536,36,2.3337879180908203,True,True,1307509,4.0,1.2589298486709595,1282655,727426,1,
s4_z1536_y1792_x1280,42,2.066072463989258,True,True,1330561,4.0,0.8897296190261841,1315641,471818,1,
s4_z1792_y2048_x1024,40,2.3409318923950195,True,True,1534159,4.0,1.1136776208877563,1508085,709718,1,
s4_z2048_y1792_x2304,32,2.440877914428711,True,True,1350035,4.0,0.7950011491775513,1333011,442534,1,
s4_z2304_y1536_x2560,40,2.3466081619262695,True,True,1593165,2.941460132598877,0.6476135849952698,1568904,416531,1,
s4_z2560_y1536_x1024,42,2.833245277404785,True,True,1500672,4.0,0.8267368078231812,1485516,554032,1,
s4_z2816_y1536_x2048,38,1.4518232345581055,True,True,1445453,4.0,0.7283285856246948,1414783,440304,1,
s4_z3072_y1792_x2048,40,1.0841503143310547,True,True,1561547,4.0,0.662775456905365,1532266,442169,1,
s4_z3328_y2304_x1024,42,2.2822341918945312,True,True,1510894,1.7693960666656494,0.4225672781467438,1488373,232651,1,
s4_z3840_y1536_x2304,37,1.8085336685180664,True,True,1279544,2.2810583114624023,0.6316078901290894,1266198,356602,1,
s4_z4096_y2304_x1280,42,1.9256925582885742,True,True,1478802,4.0,0.9964109659194946,1460349,636225,1,
s4_z4352_y768_x1792,46,1.7124462127685547,True,True,1946140,3.151427984237671,0.6782639622688293,1926829,590107,1,
s4_z4864_y1024_x1792,45,1.5187187194824219,True,True,1917634,3.0479273796081543,0.3772209584712982,1893542,249562,1,
s4_z5120_y1792_x768,37,2.3196535110473633,True,True,1303702,2.0924994945526123,0.6431506276130676,1293622,338492,1,
s4_z5376_y1792_x2816,35,1.1267709732055664,True,True,1251924,2.2583954334259033,0.4276522994041443,1235809,196969,1,
s4_z5632_y2048_x1024,39,1.2986717224121094,True,True,1357334,4.0,0.5169627666473389,1339428,299464,1,
s4_z6144_y1536_x2048,36,1.496415138244629,True,True,1683978,4.0,0.7178742289543152,1657808,530504,1,
s4_z6656_y1280_x1024,34,1.2462844848632812,True,True,1818998,1.9948498010635376,0.4560324549674988,1795608,336262,1,
s4_z6912_y2304_x2560,39,2.7996253967285156,True,True,1380945,4.0,0.6614798903465271,1359128,384609,1,
s4_z7680_y1024_x1024,39,0.7434225082397461,True,True,924042,3.116762161254883,0.6363748908042908,916386,241136,1,
s4_z7936_y1280_x1280,39,1.1417512893676758,True,True,1336908,1.0034090280532837,0.3443034291267395,1318694,150938,1,
s4_z8448_y1280_x768,40,1.4569387435913086,True,True,1651726,4.0,0.757793128490448,1639180,521328,1,
s4_z8960_y1280_x2304,40,2.4244022369384766,True,True,1566203,2.771923303604126,0.624600887298584,1543799,400770,1,
s4_z9472_y2304_x1792,38,2.892118453979492,True,True,1113747,3.499460220336914,0.8687220811843872,1101653,394674,1,
s5_z6000_y3420_x5890,24,3.627164840698242,True,True,600717,3.8089747428894043,0.9146550893783569,595286,226161,1,
s5_z9180_y2280_x4560,27,2.123464584350586,True,True,631361,3.1451256275177,0.7820193767547607,628815,196466,1,
s1_z10240_y4480_x3520,18,3.650838851928711,True,True,3349751,3.3856167793273926,0.5798909664154053,3326297,735642,1,
s1_z10880_y3840_x2240,18,3.543826103210449,True,True,5868021,4.0,0.817977786064148,5825303,2199886,1,
s1_z11520_y4160_x3520,29,1.9855690002441406,True,True,4180087,4.0,0.9315885901451111,4132284,1626623,1,
s1_z1152_y2688_x3456,27,4.531281471252441,True,True,1126697,2.359419822692871,0.46868497133255005,1109759,212672,1,
s1_z12160_y5120_x2880,17,3.656871795654297,True,True,3338359,2.967562675476074,0.5985982418060303,3307254,832441,1,
s1_z1344_y2304_x4992,27,6.265859603881836,True,True,650013,4.0,1.378257393836975,641352,414721,1,
s1_z1536_y2304_x2880,26,5.49993896484375,True,True,677142,3.1263630390167236,0.9050373435020447,663464,266964,1,
s1_z1728_y2112_x3072,26,3.116917610168457,True,True,1246302,4.0,0.9027332663536072,1217155,488837,1,
s1_z1920_y1728_x3648,27,3.4791269302368164,True,True,1289802,3.2933285236358643,1.1454861164093018,1246342,711218,1,
s1_z1920_y2688_x3264,27,2.272202491760254,True,True,1030703,4.0,0.9087957739830017,1017178,422071,1,
s1_z192_y2496_x5184,25,5.700237274169922,True,True,587547,4.0,1.443037509918213,584704,366493,1,
s1_z2112_y2496_x2496,26,5.495787620544434,True,True,867847,4.0,1.7784875631332397,849295,668014,1,
s1_z2304_y2304_x4992,26,4.606122970581055,True,True,682256,4.0,0.7190067768096924,665127,200571,1,
s1_z2688_y1728_x4224,26,1.186039924621582,True,True,1265027,4.0,0.9406893849372864,1233567,561298,1,
s1_z3264_y1728_x4224,26,1.453629493713379,True,True,1239697,4.0,0.7566472887992859,1215407,466398,1,
s1_z3456_y2496_x3648,27,4.072652816772461,True,True,1126454,3.2681965827941895,0.6182393431663513,1100496,299478,1,
s1_z3840_y2496_x2688,26,4.099552154541016,True,True,834649,4.0,1.657631278038025,826912,646869,1,
s1_z384_y2880_x3456,25,3.9582395553588867,True,True,934301,4.0,0.8340959548950195,919634,318803,1,
s1_z4224_y2496_x4224,26,1.446096420288086,True,True,951154,2.6633386611938477,0.48541441559791565,935190,193314,1,
s1_z4416_y2880_x3072,25,2.2525768280029297,True,True,856139,3.7356951236724854,0.722235381603241,844079,253920,1,
s1_z4800_y2304_x2496,24,4.504484176635742,True,True,465226,4.0,1.0964268445968628,462615,221057,1,
s1_z4992_y2304_x2688,25,2.687673568725586,True,True,692514,4.0,1.1648575067520142,688908,360502,1,
s1_z5184_y2304_x4608,26,2.4905757904052734,True,True,1035502,1.7255852222442627,0.5643385052680969,1028808,237754,1,
s1_z5376_y2496_x2880,26,4.234200477600098,True,True,956863,4.0,1.8696268796920776,954619,840036,1,
s1_z5568_y2112_x3264,26,2.0752782821655273,True,True,1192390,3.5279593467712402,0.8757036924362183,1169279,485601,1,
s1_z5568_y2688_x3072,27,3.062154769897461,True,True,745757,3.903336524963379,1.1250723600387573,726533,366744,1,
s1_z5568_y3456_x3456,27,2.8084325790405273,True,True,1279459,2.6642160415649414,0.6825975179672241,1246456,394349,1,
s1_z5760_y2304_x4224,25,1.8471126556396484,True,True,861830,4.0,0.8562065362930298,856265,302921,1,
s1_z5760_y3072_x2688,19,-0.06604862213134766,False,False,950313,,,950313,,1,global offset unreliable
s1_z5760_y3648_x4032,22,2.661073684692383,True,True,1029865,3.6975481510162354,0.5598534941673279,1021472,217697,1,
s1_z576_y2880_x4224,25,1.4304695129394531,True,True,928425,3.4674887657165527,0.5573616027832031,909622,218429,1,
s1_z5952_y2688_x3072,25,4.107425689697266,True,True,653381,4.0,2.0259392261505127,660134,589045,1,
s1_z5952_y3840_x3264,25,5.208708763122559,True,True,1063301,4.0,2.2046730518341064,1031792,1101623,1,
s1_z6144_y3456_x4800,26,5.266963958740234,True,True,776409,4.0,1.4983962774276733,766975,504280,1,
s1_z6336_y3648_x4608,24,4.43131160736084,True,True,800521,3.873837947845459,1.0366146564483643,796224,348479,1,
s1_z6720_y3072_x2688,26,2.029494285583496,True,True,697551,2.8715951442718506,0.6581606268882751,684133,208044,1,
s1_z6720_y4032_x3840,26,2.6256418228149414,True,True,908367,4.0,1.0236722230911255,887366,429669,1,
s1_z7168_y3072_x4352,38,4.636844635009766,True,True,1594445,3.9783811569213867,1.0029466152191162,1559204,684079,1,
s1_z7424_y3584_x4352,43,2.591416358947754,True,True,1930087,3.84470272064209,1.0283818244934082,1910019,843032,1,
s1_z768_y2304_x4800,24,1.9711132049560547,True,True,671968,3.1022119522094727,0.7583256363868713,663957,221137,1,
s1_z8192_y3072_x3840,42,1.4536657333374023,True,True,3069443,2.695695161819458,0.5974576473236084,3019153,736420,1,
s1_z8448_y3840_x2816,45,2.7130279541015625,True,True,2567014,3.5747828483581543,0.6066983938217163,2532756,629142,1,
s1_z8704_y3840_x3840,40,4.130271911621094,True,True,2104123,4.0,1.2428888082504272,2058520,1077111,1,
s1_z8960_y3840_x3584,38,4.073620796203613,True,True,1722084,4.0,1.3546096086502075,1682996,982098,1,
s1_z9472_y3328_x4096,38,5.337902069091797,True,True,2036894,4.0,1.6298555135726929,2005221,1458823,1,
s1_z960_y1920_x4416,27,2.8519325256347656,True,True,1192830,2.6514103412628174,0.8976871967315674,1170471,514327,1,
s1_z960_y2880_x4416,26,3.445362091064453,True,True,1001061,4.0,0.8873562216758728,988121,354156,1,
s4_z1024_y2048_x1792,47,2.666792869567871,True,True,1232909,4.0,1.0655617713928223,1221012,597851,1,
s4_z1536_y1792_x2048,39,1.8299331665039062,True,True,1517849,4.0,1.175798773765564,1489088,740283,1,
s4_z1792_y2048_x1280,36,2.079732894897461,True,True,1310760,4.0,1.1241883039474487,1296729,641533,1,
s4_z2048_y2048_x1280,41,2.3218555450439453,True,True,1082011,4.0,0.8922069072723389,1067810,398845,1,
s4_z2304_y1792_x1024,40,3.1342124938964844,True,True,1563731,4.0,0.8509435057640076,1537673,559446,1,
s4_z2560_y1536_x2048,31,2.7377357482910156,True,True,1224997,4.0,1.2633147239685059,1202118,650871,1,
s4_z2816_y1792_x1024,39,1.6852102279663086,True,True,2047152,2.0841684341430664,0.6264301538467407,2019362,548862,1,
s4_z3072_y2048_x1024,38,1.6765108108520508,True,True,1355110,3.1046230792999268,0.5544767379760742,1341109,291071,1,
s4_z3328_y2304_x1280,40,2.316814422607422,True,True,929327,3.9167160987854004,0.8418826460838318,912152,323499,1,
s4_z3840_y1536_x2560,34,2.002431869506836,True,True,1128086,2.269444465637207,0.6436580419540405,1113335,334159,1,
s4_z4096_y2304_x768,32,1.3033151626586914,True,True,957510,4.0,0.6598317623138428,952577,295235,1,
s4_z4352_y768_x2048,40,1.1884269714355469,True,True,1566851,1.8871934413909912,0.3266753852367401,1542687,166464,1,
s4_z4864_y1024_x2304,40,2.0161075592041016,True,True,1435241,2.30145525932312,0.561294436454773,1415876,310917,1,
s4_z5120_y2048_x1024,46,0.9275102615356445,True,True,1613559,1.621194839477539,0.3209114670753479,1595621,150044,1,
s4_z5376_y1792_x768,38,1.3821182250976562,True,True,1373110,4.0,0.5439352989196777,1359081,304217,1,
s4_z5632_y2048_x2560,41,1.4894523620605469,True,True,1151359,3.2077083587646484,0.6871821284294128,1140109,329138,1,
s4_z6144_y1536_x512,37,2.08321475982666,True,True,1410777,3.7081186771392822,0.7349814772605896,1388678,445421,1,
s4_z6656_y1280_x1280,42,1.6180343627929688,True,True,1625631,3.2532272338867188,0.49449750781059265,1598690,311315,1,
s4_z6912_y2304_x768,48,1.7809686660766602,True,True,2126649,1.7185966968536377,0.44399628043174744,2103848,348469,1,
s4_z7680_y1024_x1280,41,1.3519744873046875,True,True,1348942,4.0,0.6493920683860779,1335911,367981,1,
s4_z7936_y1280_x1536,37,1.5688867568969727,True,True,1239957,2.3280794620513916,0.6507586240768433,1226372,333489,1,
s4_z8448_y1536_x512,43,2.1120243072509766,True,True,1079639,1.575663447380066,0.41875216364860535,1065498,162507,1,
s4_z8960_y1536_x2304,37,1.8707008361816406,True,True,1251432,2.434976577758789,0.4241194427013397,1234407,194025,1,
s4_z9472_y2304_x2048,33,2.7090139389038086,True,True,922086,4.0,0.9520067572593689,912618,364764,1,
s5_z6190_y2090_x4180,27,3.807558059692383,True,True,713677,4.0,1.476483702659607,707126,529137,1,
s5_z9180_y2660_x2470,23,2.4202041625976562,True,True,679708,3.5962882041931152,0.5881929993629456,669642,158098,1,
s1_z10560_y2560_x2560,19,5.768285751342773,True,True,3613198,4.0,0.6768230199813843,3611241,965887,1
s1_z10880_y3840_x3520,16,4.518688201904297,True,True,3572671,4.0,0.7434768080711365,3558290,1086639,1
s1_z11520_y4480_x2560,31,3.146974563598633,True,True,4462434,4.0,1.0228424072265625,4409309,1994981,1
s1_z1152_y2688_x3648,24,5.13453483581543,True,True,1179063,4.0,1.0708744525909424,1148705,589810,1
s1_z12160_y5120_x3200,27,3.018446922302246,True,True,4082638,4.0,1.4375696182250977,4031764,2554826,1
s1_z1344_y2496_x2688,23,2.6044797897338867,True,True,742731,4.0,0.6298225522041321,735985,176938,1
s1_z1536_y2304_x4608,20,4.625494003295898,True,True,520713,3.2013423442840576,1.0304676294326782,518226,242605,1
s1_z1728_y2112_x4608,26,3.284587860107422,True,True,727192,3.2321107387542725,0.6371579170227051,718360,184756,1
s1_z1920_y1728_x3840,26,4.34389591217041,True,True,1112919,4.0,1.0063282251358032,1078045,542210,1
s1_z1920_y2688_x3456,27,2.407804489135742,True,True,964623,4.0,0.8294017314910889,939964,356443,1
s1_z192_y2688_x3264,26,2.265399932861328,True,True,1160453,3.321578025817871,0.729771614074707,1133954,373507,1
s1_z2112_y2496_x2688,25,3.1995973587036133,True,True,899742,4.0,1.3808504343032837,879871,553665,1
s1_z2304_y2496_x3456,26,3.3010950088500977,True,True,1231557,1.705604910850525,0.44240903854370117,1217980,248699,1
s1_z2688_y1728_x4416,27,1.821615219116211,True,True,1211122,4.0,1.0215388536453247,1186700,540292,1
s1_z3264_y1920_x4800,24,3.5051088333129883,True,True,1078945,4.0,2.09332013130188,1044523,1041754,1
s1_z3456_y2496_x3840,27,3.4612226486206055,True,True,1111586,3.8283016681671143,1.0843915939331055,1086662,518094,1
s1_z3840_y2496_x3456,26,2.1490087509155273,True,True,1155065,3.0311496257781982,0.5208178162574768,1140203,276754,1
s1_z384_y2880_x3648,27,3.473550796508789,True,True,1135419,2.30401349067688,0.6083031892776489,1115485,291994,1
s1_z4224_y2496_x4416,21,2.3768739700317383,True,True,683688,3.4420981407165527,0.848822295665741,675307,263025,1
s1_z4416_y2880_x3264,26,3.556985855102539,True,True,866482,2.949347972869873,0.8987236022949219,845754,343706,1
s1_z4800_y2304_x2688,26,2.6043691635131836,True,True,676010,3.4554316997528076,0.9459320306777954,674052,274846,1
s1_z4992_y2304_x2880,25,5.125038146972656,True,True,824974,3.537313938140869,0.5789651870727539,819041,192737,1
s1_z5184_y2304_x4800,23,5.064676284790039,True,True,639415,4.0,1.8641692399978638,642403,508014,1
s1_z5376_y2496_x4416,25,2.5174379348754883,True,True,914223,4.0,1.4260194301605225,890588,560667,1
s1_z5568_y2112_x3456,26,2.117001533508301,True,True,1277714,2.884387731552124,0.618670642375946,1253365,373531,1
s1_z5568_y2688_x4224,25,3.267641067504883,True,True,642354,3.6926591396331787,1.129360556602478,631381,306019,1
s1_z5568_y3456_x3648,25,2.642947196960449,True,True,1214903,4.0,0.8960846066474915,1200937,497580,1
s1_z5760_y2304_x4416,26,4.739453315734863,True,True,849156,4.0,0.7487037181854248,833220,267502,1
s1_z5760_y3072_x2880,26,2.275125503540039,True,True,891199,3.0718793869018555,0.6549989581108093,874749,264008,1
s1_z5760_y3648_x4224,23,2.336239814758301,True,True,1110345,4.0,0.6716794371604919,1090046,293479,1
s1_z576_y2880_x4416,25,0.47962284088134766,True,True,761204,4.0,0.865929365158081,751573,272303,1
s1_z5952_y2688_x4416,27,1.7463836669921875,True,True,932035,4.0,1.0617966651916504,906736,412633,1
s1_z5952_y3840_x3840,27,3.068510055541992,True,True,1116920,4.0,0.9867476224899292,1089162,536968,1
s1_z6144_y3648_x2880,26,3.756969451904297,True,True,1079183,2.8936924934387207,0.9106917977333069,1059920,414079,1
s1_z6336_y3840_x3072,26,2.9315271377563477,True,True,1206046,4.0,1.2330665588378906,1187801,676607,1
s1_z6720_y3072_x4416,27,2.0350379943847656,True,True,1209563,2.1044373512268066,0.5389187932014465,1187049,289894,1
s1_z6720_y4032_x4032,25,3.4208221435546875,True,True,922020,4.0,1.007041573524475,902999,440649,1
s1_z7168_y3072_x4608,40,4.343532562255859,True,True,2061891,2.2393901348114014,0.7240222692489624,2043091,628580,1
s1_z7424_y3584_x4608,36,5.074819564819336,True,True,2072930,4.0,1.0853843688964844,2038668,1009694,1
s1_z768_y2304_x4992,26,2.7835254669189453,True,True,664447,4.0,1.4212990999221802,654980,406579,1
s1_z8192_y3072_x4096,49,0.6009101867675781,True,True,2966384,2.68319034576416,0.6922993063926697,2930090,849402,1
s1_z8448_y4096_x2816,40,3.269878387451172,True,True,2293453,4.0,1.4987508058547974,2244082,1448783,1
s1_z8704_y4096_x2816,42,3.3486948013305664,True,True,2391686,3.7961461544036865,0.8904415965080261,2349364,856718,1
s1_z8960_y4096_x3840,37,2.333616256713867,True,True,1869721,4.0,1.0395915508270264,1854703,825760,1
s1_z9472_y3584_x2560,41,2.4256582260131836,True,True,2361661,4.0,0.9202976226806641,2332199,905872,1
s1_z960_y2112_x2688,26,6.625505447387695,True,True,726961,4.0,1.8561248779296875,704363,586712,1
s1_z960_y2880_x4608,24,5.85484504699707,True,True,776678,4.0,1.1844502687454224,773494,385786,1
s4_z1024_y2048_x2048,37,1.8365602493286133,True,True,1406020,4.0,1.0976067781448364,1386039,656497,1
s4_z1536_y1792_x2304,38,2.6506118774414062,True,True,1421090,4.0,1.5813994407653809,1416875,929521,1
s4_z1792_y2048_x1536,43,2.779937744140625,True,True,1215191,4.0,1.4296298027038574,1200524,781765,1
s4_z2048_y2048_x1536,40,2.4048500061035156,True,True,1506646,4.0,1.099850058555603,1485598,725868,1
s4_z2304_y1792_x2048,41,2.0864315032958984,True,True,1387824,4.0,0.9486873745918274,1371501,538261,1
s4_z2560_y1536_x2304,40,1.5398006439208984,True,True,1614821,4.0,1.631943702697754,1586334,1134929,1
s4_z2816_y1792_x1792,38,2.0356903076171875,True,True,1636197,4.0,1.3341153860092163,1602630,905965,1
s4_z3072_y2048_x1280,35,1.3153114318847656,True,True,1422718,4.0,0.8820832967758179,1404456,496902,1
s4_z3328_y512_x1792,42,1.832667350769043,True,True,2041580,4.0,0.5574466586112976,2026230,451380,1
s4_z3840_y1792_x1024,44,2.1964845657348633,True,True,1236157,4.0,0.676935076713562,1222680,344555,1
s4_z4096_y2560_x1536,40,1.4085235595703125,True,True,1479892,4.0,0.963899552822113,1472656,634422,1
s4_z4608_y1024_x1024,38,1.0323586463928223,True,True,1478194,1.935497522354126,0.5355103015899658,1458067,330121,1
s4_z4864_y1280_x2304,40,1.5097084045410156,True,True,1771120,1.6125061511993408,0.3186834752559662,1754120,183698,1
s4_z5120_y2048_x2304,44,1.3954753875732422,True,True,1912034,4.0,0.8420817852020264,1875818,661124,1
s4_z5376_y2048_x2304,43,1.6823797225952148,True,True,1583436,3.205767869949341,0.6878659725189209,1553319,463431,1
s4_z5632_y2304_x1024,34,2.016387939453125,True,True,978180,2.938973903656006,0.5597696304321289,964929,223159,1
s4_z6144_y1792_x2304,41,2.034809112548828,True,True,1701310,4.0,0.4300070106983185,1686594,251804,1
s4_z6656_y1280_x1536,41,1.8939409255981445,True,True,1671324,1.3816641569137573,0.3551642894744873,1648074,193464,1
s4_z6912_y2560_x1024,44,2.031355857849121,True,True,2321846,2.4646687507629395,0.47148948907852173,2292806,434756,1
s4_z7680_y1280_x1280,34,1.1389074325561523,True,True,1173808,2.971604108810425,0.6465591192245483,1156960,325932,1
s4_z7936_y1280_x2048,38,1.335820198059082,True,True,1000248,4.0,0.4833220839500427,991864,187438,1
s4_z8448_y1792_x2048,43,1.539555549621582,True,True,1387078,2.716573715209961,0.5636568665504456,1368737,336441,1
s4_z8960_y1792_x2304,33,2.036458969116211,True,True,1264625,3.820253372192383,0.9674219489097595,1244075,539320,1
s4_z9472_y512_x768,44,2.7358016967773438,True,True,1329635,2.3350343704223633,0.6095725297927856,1309370,317387,1
s5_z6190_y2660_x3230,23,1.7821502685546875,True,True,604363,4.0,1.1223186254501343,599682,318315,1
s5_z9180_y3040_x2850,23,2.9815635681152344,True,True,437930,4.0,1.1328626871109009,437732,237202,1
s1_z10560_y2560_x2880,20,2.7077503204345703,True,True,3776040,4.0,0.8289490938186646,3767954,1391198,1
s1_z10880_y3840_x3840,16,4.570707321166992,True,True,4308338,4.0,0.571016252040863,4289975,1040935,1
s1_z1152_y1728_x4032,27,4.591650009155273,True,True,924518,4.0,0.8345173001289368,896495,346449,1
s1_z1152_y2688_x3840,27,5.117313385009766,True,True,1178267,4.0,2.532623052597046,1164413,1450870,1
s1_z12480_y3520_x3200,23,1.9685192108154297,True,True,4511497,2.1510961055755615,0.36852601170539856,4466932,592941,1
s1_z1344_y2496_x2880,24,6.611013412475586,True,True,737834,3.884303331375122,0.8117356300354004,721322,236606,1
s1_z1536_y2304_x4800,23,5.0683746337890625,True,True,614879,3.5941379070281982,0.8659135699272156,600771,235674,1
s1_z1728_y2112_x4800,26,1.7922468185424805,True,True,786240,3.25604248046875,0.5105278491973877,774161,150575,1
s1_z1920_y1728_x4032,27,3.822443962097168,True,True,1047962,2.993056058883667,0.9502665996551514,1029652,495310,1
s1_z1920_y2688_x3648,27,3.4014625549316406,True,True,896846,1.864172101020813,0.6145560145378113,874034,274428,1
s1_z192_y2688_x4608,26,4.752552032470703,True,True,815128,1.684921383857727,0.44354158639907837,799909,136385,1
s1_z2112_y2496_x2880,27,2.947279930114746,True,True,1169934,4.0,1.2556865215301514,1132890,675572,1
s1_z2304_y2496_x4032,27,3.569093704223633,True,True,1097212,1.641929268836975,0.5491354465484619,1088383,286543,1
s1_z2688_y1920_x3264,27,0.0316162109375,True,True,1421967,2.9666709899902344,0.8522987961769104,1410908,542153,1
s1_z3264_y2112_x3072,26,1.7603425979614258,True,True,1476816,2.485006093978882,0.6912800669670105,1445237,464413,1
s1_z3456_y2496_x4032,26,2.4938297271728516,True,True,841866,3.936150312423706,1.0535277128219604,831158,381234,1
s1_z3840_y2496_x4224,25,4.258835792541504,True,True,932237,3.693876028060913,0.9747301936149597,922262,390625,1
s1_z384_y3072_x3840,27,4.537501335144043,True,True,960577,1.7705141305923462,0.6161412596702576,937813,258488,1
s1_z4224_y2496_x4608,26,3.8342247009277344,True,True,797329,4.0,1.3267302513122559,791845,457588,1
s1_z4416_y2880_x3840,25,1.7332592010498047,True,True,1108313,4.0,0.8317245244979858,1094315,413652,1
s1_z4800_y2304_x2880,24,4.272826194763184,True,True,644733,2.0187578201293945,0.40166187286376953,630914,100519,1
s1_z4992_y2304_x4608,27,1.6420345306396484,True,True,1063034,4.0,0.5175127387046814,1041671,206849,1
s1_z5184_y2496_x4608,22,3.4706201553344727,True,True,806304,4.0,0.9699003100395203,788225,338121,1
s1_z5376_y2496_x4608,26,1.9338560104370117,True,True,1025228,3.660994052886963,0.6079866886138916,1014893,253655,1
s1_z5568_y2112_x3648,27,2.5806503295898438,True,True,1210605,2.8601813316345215,0.4764425754547119,1189760,231365,1
s1_z5568_y2688_x4416,26,3.8172616958618164,True,True,615645,4.0,1.336700677871704,613140,353037,1
s1_z5568_y3456_x4032,26,2.27571964263916,True,True,1134963,2.049525499343872,0.4664343595504761,1114811,210778,1
s1_z5760_y2496_x2496,27,5.457954406738281,True,True,800637,4.0,1.1495270729064941,787691,406898,1
s1_z5760_y3072_x3072,24,3.4151878356933594,True,True,791436,4.0,1.166144847869873,784327,401371,1
s1_z5760_y3648_x4416,25,2.0024261474609375,True,True,1015662,4.0,1.199751615524292,984906,548346,1
s1_z576_y3072_x3840,24,3.8995113372802734,True,True,1291708,4.0,1.1840883493423462,1260658,743580,1
s1_z5952_y2688_x4608,25,2.1568946838378906,True,True,790301,3.1141016483306885,0.8161291480064392,786271,272220,1
s1_z6144_y2112_x3648,22,3.292694091796875,True,True,795532,4.0,0.7018253207206726,784094,230792,1
s1_z6144_y3648_x3456,26,3.9885787963867188,True,True,1157596,4.0,0.8523655533790588,1128070,478712,1
s1_z6336_y3840_x3264,26,2.250779151916504,True,True,1352717,2.7026278972625732,0.5328493714332581,1322500,289665,1
s1_z6720_y3264_x2688,24,3.940265655517578,True,True,710360,2.460529088973999,0.8351492285728455,708053,255339,1
s1_z6912_y2688_x2688,1,3.112955093383789,True,True,7992944,2.004448652267456,0.018721928820014,7992777,48881,1
s1_z7168_y3328_x2816,48,1.801548957824707,True,True,2961970,3.16760516166687,0.6374903917312622,2918591,846391,1
s1_z7424_y3840_x3328,37,2.407843589782715,True,True,2670911,4.0,1.0101197957992554,2622752,1194457,1
s1_z768_y2496_x3072,26,1.266916275024414,True,True,873432,4.0,0.7354622483253479,857583,278933,1
s1_z8192_y3328_x2816,49,2.6880617141723633,True,True,2747425,4.0,0.9472630023956299,2689402,1200069,1
s1_z8448_y4096_x3072,41,2.9475698471069336,True,True,2340894,2.4471864700317383,0.6329252123832703,2301603,584183,1
s1_z8704_y4096_x3072,45,3.266812324523926,True,True,2183003,4.0,0.7732670903205872,2153292,689299,1
s1_z8960_y4096_x4096,38,-0.28546714782714844,True,True,1978376,4.0,2.241138219833374,2003279,1894409,1
s1_z9472_y3840_x2560,42,2.7284889221191406,True,True,2241529,4.0,0.8018490672111511,2212424,729781,1
s1_z960_y2112_x2880,24,1.5984716415405273,True,True,884174,4.0,1.4137517213821411,875977,543735,1
s1_z9920_y2560_x2560,27,4.138388633728027,True,True,3638947,4.0,1.1396714448928833,3596280,1813529,1
s4_z1024_y512_x1280,39,2.331007957458496,True,True,1583573,4.0,0.7720951437950134,1555012,473437,1
s4_z1536_y2048_x1280,37,1.9346141815185547,True,True,1344546,4.0,0.7213931083679199,1325854,391780,1
s4_z1792_y2048_x1792,44,1.9938030242919922,True,True,1571645,4.0,0.8909679055213928,1551000,606331,1
s4_z2048_y2048_x1792,39,2.0738887786865234,True,True,1445078,4.0,0.8059011101722717,1430764,487028,1
s4_z2304_y1792_x2304,39,1.1014862060546875,True,True,1354668,4.0,0.49765804409980774,1336037,239051,1
s4_z2560_y1792_x1024,37,2.6387271881103516,True,True,1412477,4.0,0.9590871334075928,1401745,609754,1
s4_z2816_y1792_x2048,38,2.1621055603027344,True,True,1102129,4.0,1.2963680028915405,1090907,617732,1
s4_z3072_y2048_x1536,33,1.6808347702026367,True,True,1583660,4.0,0.982279360294342,1548637,670853,1
s4_z3328_y512_x2304,42,1.8643417358398438,True,True,1508758,4.0,0.7037899494171143,1494100,451122,1
s4_z3840_y1792_x2304,38,1.763153076171875,True,True,1339637,4.0,1.2863777875900269,1321536,764493,1
s4_z4352_y1024_x1024,40,1.6825666427612305,True,True,1327009,4.0,0.857498824596405,1308614,490119,1
s4_z4608_y1024_x1280,43,1.1772699356079102,True,True,1965422,2.0729997158050537,0.380886435508728,1948528,271886,1
s4_z4864_y1280_x768,37,1.8453330993652344,True,True,1243949,3.8924734592437744,0.8347127437591553,1225488,443955,1
s4_z5120_y2048_x2560,38,1.981729507446289,True,True,1229092,2.295480966567993,0.5591635704040527,1214742,279808,1
s4_z5376_y2048_x2560,43,2.134737014770508,True,True,1253669,3.025688648223877,0.7522625923156738,1242379,397374,1
s4_z5632_y2304_x2304,42,1.3288021087646484,True,True,1306173,4.0,0.8207427263259888,1284242,447521,1
s4_z6144_y1792_x2560,39,2.155919075012207,True,True,1365189,2.452828884124756,0.40339523553848267,1349087,206940,1
s4_z6656_y1280_x768,36,1.6951007843017578,True,True,1542772,4.0,0.5650323629379272,1523784,390706,1
s4_z6912_y2560_x2304,48,2.2319040298461914,True,True,2286007,2.895885467529297,0.7180697321891785,2259207,694454,1
s4_z7680_y1280_x1536,41,1.4749364852905273,True,True,1440808,3.969017505645752,0.3719140589237213,1427814,169940,1
s4_z7936_y1536_x2048,37,1.0845184326171875,True,True,1394473,2.341743230819702,0.3557549715042114,1382071,172130,1
s4_z8448_y1792_x512,51,1.9039125442504883,True,True,1797180,1.5574003458023071,0.46549859642982483,1782704,328416,1
s4_z8960_y1792_x512,42,1.7504596710205078,True,True,2074645,4.0,0.6315436363220215,2053407,555708,1
s4_z9472_y768_x512,41,2.125393867492676,True,True,1104624,4.0,0.4662638008594513,1090914,196630,1
s5_z6190_y2850_x3230,27,1.8724470138549805,True,True,561419,4.0,0.6209896206855774,546421,149146,1
s5_z9180_y3230_x3420,25,2.738131523132324,True,True,710462,4.0,0.8337164521217346,694187,255181,1
s1_z10560_y2880_x2560,15,4.491939544677734,True,True,4047805,3.84894061088562,0.43254250288009644,4011885,636902,1,
s1_z10880_y4480_x3200,19,4.675922393798828,True,True,3793808,2.219759941101074,0.4303063750267029,3764815,619765,1,
s1_z1152_y1728_x4224,24,3.0128602981567383,True,True,993041,2.7525339126586914,0.7448841333389282,970596,326973,1,
s1_z1152_y2688_x4032,24,3.885852813720703,True,True,1142497,4.0,1.0525367259979248,1111514,632297,1,
s1_z12480_y3520_x3520,27,3.653988838195801,True,True,3815207,4.0,0.9722577333450317,3794132,1628901,1,
s1_z1344_y2496_x4608,25,6.903907775878906,True,True,648899,4.0,1.3066149950027466,641179,369598,1,
s1_z1536_y2304_x4992,23,5.503751754760742,True,True,651067,4.0,0.7026234865188599,646215,178788,1,
s1_z1728_y2304_x2688,25,3.2117223739624023,True,True,758145,1.4279577732086182,0.5265481472015381,750163,161862,1,
s1_z1920_y1728_x4224,26,2.978879928588867,True,True,988072,3.583505153656006,0.7560128569602966,964130,329434,1,
s1_z1920_y2688_x3840,27,3.145771026611328,True,True,846451,4.0,0.7672936320304871,822522,312945,1,
s1_z192_y2688_x4800,24,3.776630401611328,True,True,785848,4.0,0.9497062563896179,767247,322563,1,
s1_z2112_y2496_x3072,27,3.98873233795166,True,True,1191233,2.430330991744995,0.9203954935073853,1154073,550848,1,
s1_z2304_y2496_x4224,26,4.173796653747559,True,True,1087492,3.452125310897827,0.5503790378570557,1060520,271438,1,
s1_z2688_y1920_x4608,24,1.0002565383911133,True,True,1339182,2.6797173023223877,0.8415499925613403,1323861,502397,1,
s1_z3264_y2304_x2688,21,1.2329826354980469,True,True,1195803,4.0,0.5328393578529358,1181162,242721,1,
s1_z3456_y2688_x2688,26,4.419192314147949,True,True,880020,2.7920491695404053,0.744782030582428,874877,282537,1,
s1_z384_y1728_x4032,27,4.075884819030762,True,True,1048238,4.0,1.2590728998184204,1024287,615697,1,
s1_z384_y3072_x4032,26,6.0042877197265625,True,True,876320,4.0,1.5126866102218628,861226,604428,1,
s1_z4224_y2688_x2688,25,2.135146141052246,True,True,752875,4.0,0.9109638333320618,745548,279795,1,
s1_z4416_y3072_x3264,26,4.014219284057617,True,True,815187,4.0,1.1555997133255005,814958,404187,1,
s1_z4800_y2304_x4416,21,1.4301156997680664,True,True,666885,4.0,1.0215189456939697,659150,294401,1,
s1_z4992_y2304_x4800,25,3.641489028930664,True,True,721049,4.0,1.8601582050323486,726273,575922,1,
s1_z5184_y2496_x4800,26,2.457413673400879,True,True,868876,3.0862925052642822,0.912223756313324,865350,331602,1,
s1_z5376_y2496_x4800,26,4.130532264709473,True,True,852511,4.0,1.1144541501998901,854196,397143,1,
s1_z5568_y2112_x3840,26,2.511441230773926,True,True,1211505,4.0,0.7537662982940674,1193199,412594,1,
s1_z5568_y2688_x4608,24,2.1033687591552734,True,True,578962,3.3377938270568848,0.7601687908172607,574287,182799,1,
s1_z5568_y3456_x4224,25,0.4067554473876953,True,True,1039891,4.0,1.4519916772842407,1007922,698981,1,
s1_z5760_y2496_x2688,27,2.8145437240600586,True,True,613322,3.602419853210449,0.5007833242416382,605838,119584,1,
s1_z5760_y3072_x4224,26,4.744537353515625,True,True,728876,4.0,0.9578542709350586,715881,303647,1,
s1_z576_y1728_x4032,26,2.970203399658203,True,True,949150,3.599343776702881,0.48420000076293945,932640,196084,1,
s1_z576_y3072_x4032,25,6.212054252624512,True,True,953192,4.0,2.0023975372314453,920599,863251,1,
s1_z5952_y2688_x4800,23,7.415571212768555,True,True,508981,4.0,1.3517473936080933,507603,300426,1,
s1_z6144_y2304_x4032,26,2.3275604248046875,True,True,1074544,4.0,1.3844186067581177,1058500,663582,1,
s1_z6144_y3648_x3840,27,4.2191362380981445,True,True,1108464,3.5962958335876465,0.7830981612205505,1085605,420389,1,
s1_z6336_y3840_x3456,26,3.4209346771240234,True,True,1243267,1.7693653106689453,0.565848708152771,1215649,319702,1,
s1_z6720_y3456_x2688,27,3.6229171752929688,True,True,1174022,3.0590546131134033,0.9670186042785645,1144488,476322,1,
s1_z6912_y2816_x2816,38,5.615095138549805,True,True,1752880,4.0,1.1247472763061523,1723703,869125,1,
s1_z7168_y3328_x4096,38,8.267642974853516,True,True,1642627,4.0,2.7399539947509766,1652998,1968721,1,
s1_z7424_y3840_x3840,39,0.3645210266113281,False,False,2657814,,,2657814,,1,global offset unreliable
s1_z768_y2496_x4608,25,1.7131843566894531,True,True,759217,4.0,0.9710170030593872,752475,330068,1,
s1_z8192_y3328_x4096,36,4.424076080322266,True,True,2017997,4.0,1.44868803024292,1984392,1247119,1,
s1_z8448_y4096_x3328,42,5.374233245849609,True,True,1757814,3.3596348762512207,0.9255678057670593,1726364,716044,1,
s1_z8704_y4096_x3328,37,5.741926193237305,True,True,1891013,4.0,1.1808035373687744,1857316,969643,1,
s1_z9216_y2304_x2560,42,3.7242870330810547,True,True,1430344,4.0,1.829761266708374,1415764,1121142,1,
s1_z9472_y3840_x3840,43,1.0914363861083984,True,True,2529659,3.916680097579956,0.7008324265480042,2497511,760208,1,
s1_z960_y2112_x3072,24,2.138150215148926,True,True,1051479,4.0,1.3152803182601929,1016120,625537,1,
s1_z9920_y2560_x2880,26,2.6779050827026367,True,True,5317122,4.0,0.8597712516784668,5276508,2079506,1,
s4_z1024_y512_x1536,45,2.259140968322754,True,True,1642807,4.0,0.9254589676856995,1627825,630884,1,
s4_z1536_y2048_x1536,36,2.2922420501708984,True,True,1228568,2.1710362434387207,0.4598540663719177,1218673,233639,1,
s4_z1792_y2048_x2048,46,1.642378807067871,True,True,1779318,4.0,0.8986554741859436,1765711,662207,1,
s4_z2048_y2048_x2048,40,2.2356748580932617,True,True,1604453,4.0,0.9593613743782043,1577838,624977,1,
s4_z2304_y2048_x1024,42,2.105012893676758,True,True,1836737,4.0,1.5299961566925049,1802359,1185152,1,
s4_z2560_y1792_x1792,39,3.42236328125,True,True,1450755,4.0,1.370715618133545,1427620,833203,1,
s4_z2816_y1792_x2304,40,1.0985965728759766,True,True,1538855,4.0,1.0516780614852905,1510263,733624,1,
s4_z3072_y2048_x1792,36,0.9785947799682617,True,True,1273582,2.921109676361084,0.6019852161407471,1256338,328950,1,
s4_z3328_y768_x1280,36,1.9400110244750977,True,True,1354828,3.2910284996032715,0.6671873927116394,1331583,367819,1,
s4_z3840_y2048_x1024,40,1.0406208038330078,True,True,1470001,2.904494047164917,0.4018736779689789,1449724,221869,1,
s4_z4352_y1024_x1536,42,0.846156120300293,True,True,2261909,4.0,0.560730516910553,2219189,491918,1,
s4_z4608_y1024_x1792,41,1.4989814758300781,True,True,1930528,4.0,0.7463248372077942,1893686,598996,1,
s4_z4864_y1536_x2560,46,1.6788034439086914,True,True,1821853,3.548779249191284,0.4954124987125397,1804703,341578,1,
s4_z5120_y2048_x2816,41,1.2660236358642578,True,True,1072293,2.6008377075195312,0.5453303456306458,1060441,225348,1,
s4_z5376_y2048_x2816,42,1.7332334518432617,True,True,1243633,3.5993359088897705,0.6752814054489136,1230056,359327,1,
s4_z5632_y2304_x2560,37,2.5380077362060547,True,True,1624495,4.0,0.9702078104019165,1598553,655500,1,
s4_z6144_y1792_x512,45,2.370284080505371,True,True,1525777,2.455150842666626,0.6222283244132996,1504072,418639,1,
s4_z6656_y1536_x2048,37,1.5640134811401367,True,True,1333492,4.0,0.6326625943183899,1317684,339670,1,
s4_z6912_y2816_x1536,47,2.057009696960449,True,True,2361860,4.0,0.696300208568573,2325882,796060,1,
s4_z7680_y1792_x1792,41,0.8855257034301758,True,True,1229913,2.6278514862060547,0.5328837633132935,1215972,246897,1,
s4_z7936_y1536_x768,47,1.3325929641723633,True,True,1891858,2.3416495323181152,0.5510972738265991,1869412,420102,1,
s4_z8448_y2048_x512,43,1.9914522171020508,True,True,2125620,3.5189316272735596,0.48357585072517395,2089188,398658,1,
s4_z8960_y2304_x2048,38,1.3199272155761719,True,True,866460,3.52710223197937,0.8427525758743286,851115,313733,1,
s4_z9472_y768_x768,41,1.9387092590332031,True,True,1556405,3.331542730331421,0.8112844824790955,1551623,515972,1,
s5_z6190_y3040_x3230,21,2.763059616088867,True,True,548773,4.0,0.8886454701423645,538305,211100,1,
s5_z9180_y3610_x3610,23,3.578505516052246,True,True,627044,4.0,1.3250062465667725,623659,339185,1,
s1_z10560_y2880_x2880,18,4.407320022583008,True,True,3770605,3.1317317485809326,0.8174278140068054,3757739,1377448,1,
s1_z11200_y2880_x2560,18,5.158084869384766,True,True,3652825,4.0,0.6670907735824585,3610393,988790,1,
s1_z1152_y1728_x4416,26,2.193610191345215,True,True,1002153,3.1160106658935547,0.9260789155960083,985743,407350,1,
s1_z1152_y2688_x4224,27,3.8334808349609375,True,True,1226595,4.0,0.828290581703186,1190934,526923,1,
s1_z12480_y3840_x2240,21,2.005037307739258,True,True,4498035,2.2105417251586914,0.3417873978614807,4457911,580276,1,
s1_z1344_y2496_x4800,24,5.789722442626953,True,True,641651,4.0,1.4684933423995972,622863,398122,1,
s1_z1536_y2496_x2688,23,4.023031234741211,True,True,648930,4.0,1.2738897800445557,643075,362177,1,
s1_z1728_y2304_x2880,23,5.78510856628418,True,True,749491,4.0,1.5378962755203247,736774,495641,1,
s1_z1920_y1728_x4416,27,2.325897216796875,True,True,1080075,2.910299062728882,0.9323309659957886,1076069,419990,1,
s1_z1920_y2688_x4032,26,2.5167369842529297,True,True,855463,2.45778489112854,0.7609977722167969,832359,321390,1,
s1_z192_y2688_x4992,27,3.7833251953125,True,True,654314,4.0,1.1766735315322876,646371,321703,1,
s1_z2112_y2496_x3264,27,3.142690658569336,True,True,1174064,4.0,1.1657742261886597,1150070,675460,1,
s1_z2304_y2496_x4416,26,3.436685562133789,True,True,1052406,3.4417688846588135,0.6390801668167114,1026287,281181,1,
s1_z2688_y2304_x2688,19,0.12270689010620117,False,False,1019059,,,1019059,,1,global offset unreliable
s1_z3264_y2304_x4032,26,3.580219268798828,True,True,1276429,4.0,1.1118192672729492,1242128,676175,1,
s1_z3456_y2688_x2880,23,3.006112575531006,True,True,868538,2.367363929748535,0.7597405314445496,863505,304583,1,
s1_z384_y1728_x4224,26,1.787459373474121,True,True,1222673,3.8990426063537598,0.6565322279930115,1192343,354542,1,
s1_z4032_y2304_x2496,24,2.912454605102539,True,True,924952,1.5089071989059448,0.5407465696334839,914771,227101,1,
s1_z4224_y2688_x2880,25,2.620671272277832,True,True,845361,4.0,1.1293636560440063,827507,416304,1,
s1_z4608_y2112_x2304,24,1.5305423736572266,True,True,624572,4.0,0.7107836604118347,615256,179304,1,
s1_z4800_y2304_x4800,25,3.0709657669067383,True,True,780542,4.0,0.6921665668487549,775791,216889,1,
s1_z4992_y2304_x4992,26,5.6453857421875,True,True,583848,4.0,1.4369791746139526,573847,372365,1,
s1_z5184_y2496_x4992,24,5.817949295043945,True,True,646600,4.0,1.6468349695205688,636612,448884,1,
s1_z5376_y2496_x4992,27,4.878179550170898,True,True,627474,4.0,1.3472638130187988,619099,359597,1,
s1_z5568_y2112_x4032,26,2.842294692993164,True,True,1206610,4.0,1.2278785705566406,1184451,664643,1,
s1_z5568_y2688_x4800,25,2.752255439758301,True,True,635500,3.076226234436035,0.6373690962791443,625374,166716,1,
s1_z5568_y3456_x4416,26,2.310540199279785,True,True,1004822,2.48958158493042,0.47851359844207764,992062,187724,1,
s1_z5760_y2496_x2880,25,3.2013206481933594,True,True,728357,2.2980780601501465,0.7341821789741516,711385,230932,1,
s1_z5760_y3072_x4416,25,2.9142398834228516,True,True,459662,4.0,1.3120238780975342,455863,277385,1,
s1_z576_y1728_x4224,25,2.82427978515625,True,True,1152135,4.0,1.367682695388794,1117135,720656,1,
s1_z576_y3072_x4224,25,2.4457225799560547,True,True,852901,4.0,1.841543436050415,858268,667579,1,
s1_z5952_y2688_x4992,24,6.028129577636719,True,True,453051,4.0,0.8696967363357544,446605,171830,1,
s1_z6144_y2496_x3264,27,1.7134771347045898,True,True,1069675,3.9792611598968506,0.7797434329986572,1045596,365709,1,
s1_z6144_y3648_x4032,27,4.097986221313477,True,True,1185402,4.0,0.996856153011322,1144191,539381,1,
s1_z6336_y3840_x3648,27,3.2074804306030273,True,True,1147492,2.3298003673553467,0.8508036732673645,1111570,481004,1,
s1_z6720_y3456_x2880,24,2.4695425033569336,True,True,822683,4.0,1.0011236667633057,809825,351936,1,
s1_z6912_y3072_x4608,36,3.9647607803344727,True,True,2149691,4.0,0.7929512858390808,2125779,694566,1,
s1_z7168_y3328_x4352,40,3.0279273986816406,True,True,1702806,3.9324886798858643,0.8753435611724854,1682937,632279,1,
s1_z7424_y4096_x3840,46,2.029022216796875,True,True,3145824,4.0,0.6688384413719177,3124924,909884,1,
s1_z768_y2688_x3072,27,2.5234012603759766,True,True,747501,3.752825975418091,0.8855920433998108,744702,272927,1,
s1_z8192_y3328_x4352,38,3.4319114685058594,True,True,2014517,4.0,1.3879886865615845,1998369,1200450,1,
s1_z8448_y4096_x3584,45,3.3854246139526367,True,True,2357822,3.392282247543335,0.7380287647247314,2322682,726172,1,
s1_z8704_y4096_x3584,37,3.8945608139038086,True,True,2027105,4.0,1.0908859968185425,1992032,910879,1,
s1_z9216_y2560_x2816,40,3.946239471435547,True,True,1780017,4.0,0.8799962401390076,1748277,672114,1,
s1_z9472_y3840_x4096,33,3.2587623596191406,True,True,1599489,4.0,0.8353968262672424,1573093,560092,1,
s1_z960_y2112_x4608,25,6.893381118774414,True,True,679971,4.0,1.2163476943969727,664738,362261,1,
s1_z9920_y2560_x3200,26,4.306436538696289,True,True,4876990,3.2726759910583496,1.0768202543258667,4825656,2408666,1,
s4_z1024_y768_x1280,45,2.4845104217529297,True,True,1628892,4.0,1.1400976181030273,1609593,745803,1,
s4_z1536_y2048_x1792,42,2.537172317504883,True,True,1233362,4.0,0.778114914894104,1216432,399878,1,
s4_z1792_y2304_x1536,38,2.0252695083618164,True,True,1409141,3.1319897174835205,0.7281423807144165,1402517,440892,1,
s4_z2048_y2304_x1280,44,1.868896484375,True,True,1450769,4.0,0.9189019799232483,1427568,549147,1,
s4_z2304_y2048_x1280,36,3.5060596466064453,True,True,1285098,4.0,1.4979248046875,1270862,835832,1,
s4_z2560_y1792_x768,34,2.1091394424438477,True,True,1612309,4.0,1.1239193677902222,1591217,835060,1,
s4_z2816_y1792_x768,41,1.7432212829589844,True,True,1652818,4.0,0.5741395354270935,1635467,390799,1,
s4_z3072_y2304_x1024,42,2.277359962463379,True,True,1825057,3.9913980960845947,0.7820649147033691,1799251,589468,1,
s4_z3328_y768_x1536,39,1.2448997497558594,True,True,1881517,2.0719144344329834,0.4988892674446106,1849056,402889,1,
s4_z3840_y2048_x1280,36,1.3343629837036133,True,True,1286125,4.0,0.739904522895813,1257502,411489,1,
s4_z4352_y1024_x2304,38,2.050175666809082,True,True,1502158,3.488797187805176,0.8068774938583374,1483330,527732,1,
s4_z4608_y1024_x2048,38,1.5529546737670898,True,True,1542056,4.0,0.6832921504974365,1516139,432437,1,
s4_z4864_y1792_x1024,40,1.0998249053955078,True,True,1376583,2.990469217300415,0.3812789022922516,1354443,179554,1,
s4_z5120_y2048_x768,33,2.0529747009277344,True,True,1349919,2.83138108253479,0.642119824886322,1327249,378308,1,
s4_z5376_y2304_x1024,36,1.9448118209838867,True,True,1115345,4.0,0.763649582862854,1103282,367541,1,
s4_z5632_y2304_x768,33,1.6816043853759766,True,True,1264340,1.690737247467041,0.42594796419143677,1248006,206098,1,
s4_z6144_y2048_x2304,42,2.266831398010254,True,True,1284233,2.1345932483673096,0.4670566916465759,1269263,230392,1,
s4_z6656_y1536_x2304,37,1.020845890045166,True,True,1329430,2.5100367069244385,0.578457236289978,1317458,301332,1,
s4_z6912_y2816_x1792,46,1.9481725692749023,True,True,2302693,3.2746081352233887,0.5032632946968079,2271446,517601,1,
s4_z7680_y1792_x2304,41,1.2466859817504883,True,True,1889378,2.7575433254241943,0.4888557493686676,1869417,355403,1,
s4_z7936_y1792_x2048,37,1.1761741638183594,True,True,1266003,2.2411625385284424,0.430783748626709,1249093,190352,1,
s4_z8448_y2304_x2048,42,1.4873809814453125,True,True,1536747,2.1126351356506348,0.38074246048927307,1517851,202638,1,
s4_z8960_y2304_x2304,42,2.4564828872680664,True,True,1033921,4.0,0.8848087787628174,1025083,390034,1,
s4_z9728_y1024_x512,35,2.3361120223999023,True,True,1478414,4.0,0.789611279964447,1458660,518894,1,
s5_z6190_y3040_x3420,19,2.182525634765625,True,True,609898,2.569030284881592,1.0085885524749756,599559,261489,1,
s5_z9370_y2090_x4560,22,2.663726806640625,True,True,875885,4.0,0.9052193760871887,858907,352602,1,
