name,surface_class,orient_class,surface_voxels,surface_fraction,hf_energy,hf_energy_norm,dynamic_range,intensity_p50,n_samples,polarity,oriented,search_radius,noise_sigma,global_peak_offset,global_peak_offset_raw,global_peak_ci95,global_peak_ci95_width,global_offset_reliable,global_profile_contrast,global_profile_snr,n_cells,n_cells_considered,cell_frac_unresolved,cell_frac_low_snr,cell_size,neighbour_ridge_pos,neighbour_ridge_neg,winding_spacing,dominant_ridge_at,recommended_radius,cell_offset_median,cell_offset_mean,cell_abs_offset_median,cell_abs_offset_p90,cell_frac_ge_1vx,cell_frac_ge_2vx,cell_offset_worst,cell_snr_median,cell_voxels_median,naive_mean_signed_offset,naive_median_abs_offset,naive_frac_offset_ge_1vx,naive_median_prominence_snr,naive_frac_flat_support,overlay_png,drift_png
sample_00001,1,2,1383251,0.042213470458984374,16.231002807617188,0.09222161024808884,176.0,55.0,38739,bright,False,7.625,7.191059589385986,1.9364814758300781,1.9364814758300781,"[1.8996273279190063, 1.9737665176391601]",0.07413918972015376,True,51.881412506103516,7.214710413842287,49,49,0.0,0.0,64,14.5,-12.5,12.5,2.0,7.625,1.9364995956420898,1.7562725495318978,1.9364995956420898,3.0785572052001955,0.7755102040816326,0.46938775510204084,3.9842376708984375,224.18862072366042,813.0,1.2254536208993256,2.0095165870152414,0.7401708434689144,14.57316780090332,0.01325,,
sample_00002,1,2,1949765,0.05950210571289063,13.752799987792969,0.08137751370668411,169.0,62.0,35487,bright,False,12.225,6.220637798309326,2.5519533157348633,2.5519533157348633,"[2.496878242492676, 2.600030541419983]",0.10315229892730704,True,48.475563049316406,7.79269981970198,72,72,0.0,0.0,64,20.5,-22.5,20.5,3.0,12.225,2.6659817695617676,2.8198880751927695,2.6659817695617676,5.057794189453125,0.8194444444444444,0.6805555555555556,8.787073135375977,200.2952974528659,482.0,1.4385247828215748,2.20453042909503,0.7598414557247095,14.61387825012207,0.020525,,
sample_00003,1,2,2083748,0.0635909423828125,17.126792907714844,0.09957437962293625,172.0,76.0,38212,bright,False,7.8500000000000005,8.843513488769531,1.599653720855713,1.599653720855713,"[1.5656447649002074, 1.6364629745483399]",0.07081820964813246,True,43.404258728027344,4.9080333040874375,65,65,0.0,0.0,64,16.0,-13.0,13.0,2.0,7.8500000000000005,1.6535019874572754,1.5283671965965857,1.6535019874572754,2.952128314971924,0.6461538461538462,0.3230769230769231,6.112707614898682,137.15299789572242,552.0,-0.843796051685445,1.9098262414336205,0.7264575267592803,10.408748626708984,0.0531,,
sample_00004,1,2,3562208,0.1087099609375,16.281753540039062,0.09198731184005737,177.0,61.0,37085,bright,False,9.25,7.890655040740967,2.3449783325195312,2.3449783325195312,"[2.299342966079712, 2.3961326122283935]",0.09678964614868146,True,41.10154724121094,5.208889126314071,107,107,0.0,0.0,64,19.0,-15.0,15.0,2.5,9.25,2.2937698364257812,2.557027139396311,2.2937698364257812,4.6679840087890625,0.9252336448598131,0.5700934579439252,7.739566802978516,110.52338358470223,310.0,1.0968078868972617,2.190614242106676,0.7599902459840887,11.390326499938965,0.046,,
sample_00005,1,2,3260413,0.09949990844726563,14.033732414245605,0.0811198428273201,173.0,60.0,35949,bright,False,12.0,6.332072734832764,2.4362783432006836,2.4362783432006836,"[2.386015272140503, 2.4736817359924315]",0.08766646385192844,True,54.014198303222656,8.530255504819186,106,106,0.0,0.0,64,21.5,-20.0,20.0,3.0,12.0,2.6820945739746094,2.6838905766325176,2.6820945739746094,4.271302223205566,0.8962264150943396,0.660377358490566,7.040687561035156,169.88897460229424,288.0,1.5801139200577088,2.215203557163477,0.7614521610972419,14.04619026184082,0.024425,,
sample_00006,1,2,2396207,0.07312643432617187,13.393284797668457,0.0811714231967926,165.0,81.0,37869,bright,False,11.15,7.081928253173828,3.3383874893188477,3.3383874893188477,"[3.2710689544677733, 3.3997118711471557]",0.12864291667938232,True,35.151878356933594,4.963602722348955,88,88,0.0,0.0,64,28.5,-17.0,17.0,3.5,11.15,3.1518921852111816,3.2193905982104214,3.1518921852111816,4.8616687774658205,0.9431818181818182,0.8181818181818182,6.732276916503906,113.81772714171485,417.0,1.360631410467802,2.642744705080986,0.8136249274240371,9.75112533569336,0.067225,,
sample_00007,1,2,857775,0.026177215576171874,12.576862335205078,0.07763495296239853,162.0,86.0,35624,bright,False,9.975000000000001,7.16995096206665,2.7727231979370117,2.7727231979370117,"[2.719016909599304, 2.8227285385131835]",0.1037116289138793,True,34.8818359375,4.865003418021389,37,37,0.0,0.0,64,18.0,-15.5,15.5,3.0,9.975000000000001,2.520939826965332,2.357308967693432,2.6541528701782227,3.858283042907715,0.9459459459459459,0.7027027027027027,-7.610132694244385,164.68795050410287,999.0,-1.4771854823229318,2.6011213213205338,0.8123956657662306,9.3419189453125,0.075525,,
sample_00008,1,2,2654228,0.0810006103515625,19.49920082092285,0.10954607278108597,178.0,93.0,37433,bright,False,8.525,11.089906692504883,1.6080141067504883,1.6080141067504883,"[1.5552594900131225, 1.65770423412323]",0.10244474411010751,True,38.2265625,3.4469688122656104,84,84,0.0,0.0,64,16.0,-14.5,14.5,2.0,8.525,1.3913683891296387,1.3271569183894567,1.4655675888061523,3.0259877204895025,0.6785714285714286,0.35714285714285715,4.490394592285156,83.71017716291132,433.0,0.6971984246491919,2.009365862235427,0.7400815177550362,7.992198467254639,0.091875,,
sample_00009,1,2,2104417,0.06422171020507812,19.900415420532227,0.10529320687055588,189.0,68.0,37312,bright,False,6.95,10.809493064880371,1.7986936569213867,1.7986936569213867,"[1.7549267292022706, 1.8498542547225953]",0.0949275255203248,True,51.321929931640625,4.747857242110975,72,72,0.0,0.0,64,11.0,-26.5,11.0,2.0,6.95,1.8354253768920898,1.8450693090756733,1.8354253768920898,2.894560050964355,0.8194444444444444,0.4027777777777778,4.754850387573242,112.66883952330517,483.0,1.1518989514984657,2.018354165367782,0.7377670572019297,9.432806015014648,0.0424,,
sample_00010,1,2,1114501,0.034011871337890624,16.189165115356445,0.09304118156433105,174.0,55.0,36233,bright,False,8.25,7.245071887969971,1.2360353469848633,1.2360353469848633,"[1.1903838634490966, 1.286020851135254]",0.09563698768615736,True,46.591712951660156,6.43081444492263,45,45,0.0,0.0,64,16.0,-15.0,15.0,1.5,8.25,1.1128511428833008,1.2257390022277832,1.1128511428833008,2.3421152114868167,0.6,0.2222222222222222,4.120774269104004,212.6104773546415,813.0,0.6706774977656456,1.8789651095867157,0.7149441340782123,14.438722610473633,0.016475,,
sample_00011,1,2,1728781,0.05275820922851562,15.487292289733887,0.08849881589412689,175.0,56.0,37818,bright,False,11.9,6.856928825378418,1.6247739791870117,1.6247739791870117,"[1.5869513273239135, 1.6651244401931762]",0.07817311286926265,True,50.92417907714844,7.426674590623018,73,73,0.0,0.0,64,22.0,-23.0,22.0,2.0,11.9,1.6170969009399414,1.5206433257011518,1.6170969009399414,3.2281091690063475,0.684931506849315,0.3698630136986301,7.398286819458008,193.67322328113454,525.0,0.9407645590894663,1.9043694734573364,0.7243607676383371,14.352022171020508,0.014275,,
sample_00012,1,2,1828439,0.05579953002929688,12.193479537963867,0.07172635197639465,170.0,56.0,38102,bright,False,9.475000000000001,5.117063522338867,2.5743284225463867,2.5743284225463867,"[2.5282663106918335, 2.632004189491272]",0.1037378787994383,True,44.075077056884766,8.613353511144078,94,94,0.0,0.0,64,26.5,-15.5,15.5,2.5,9.475000000000001,2.1902213096618652,2.5517860676379915,2.1902213096618652,4.733811283111573,0.8297872340425532,0.5106382978723404,6.52827262878418,205.18587520372296,367.5,1.4227944494981741,2.350604072213173,0.7747269698278522,16.816661834716797,0.0182,,
sample_00013,1,2,981384,0.029949462890625,16.302478790283203,0.09369240701198578,174.0,60.0,37946,bright,False,10.775,7.6944260597229,1.693833351135254,1.693833351135254,"[1.6451572895050048, 1.7433510303497315]",0.09819374084472665,True,43.952537536621094,5.712256794134943,48,48,0.0,0.0,64,19.5,-23.0,19.5,2.0,10.775,1.5600147247314453,1.348922183116277,1.7002382278442383,3.5874814987182617,0.7708333333333334,0.4166666666666667,5.338804244995117,207.09774956488303,749.0,-0.8155346396071254,2.022509628906846,0.7421690180989027,12.157480239868164,0.023525,,
sample_00014,1,2,2442777,0.07454763793945313,18.158367156982422,0.10258964449167252,177.0,77.0,37508,bright,False,8.025,9.738101959228516,1.4574737548828125,1.4574737548828125,"[1.4106707334518434, 1.510448956489563]",0.09977822303771955,True,38.503028869628906,3.9538535364317795,85,87,0.022988505747126436,0.0,64,23.5,-14.5,14.5,1.5,8.025,1.5587339401245117,1.5559646606445312,1.5587339401245117,2.9153112411499027,0.7058823529411765,0.3058823529411765,4.99409294128418,101.38182864730005,384.0,-0.6393632634378915,1.9412969462573528,0.720238612341818,9.711875915527344,0.05475,,
sample_00015,1,2,1171361,0.03574710083007813,18.52410888671875,0.10067450255155563,184.0,57.0,37294,bright,False,9.25,9.13171100616455,2.210127830505371,2.210127830505371,"[2.1637253522872926, 2.2614081144332885]",0.09768276214599592,True,58.262413024902344,6.380229618038842,50,50,0.0,0.0,64,20.5,-15.0,15.0,2.5,9.25,2.340806484222412,2.5158359718322756,2.466935634613037,4.406079769134522,0.92,0.66,4.917699813842773,195.6535553414099,697.0,1.151445306537267,2.08266594260931,0.7405738060154287,10.987458229064941,0.032775,,
sample_00016,1,2,2277921,0.06951663208007812,13.609064102172852,0.07688736915588379,177.0,52.0,37235,bright,False,8.525,4.789597511291504,2.0847301483154297,2.0847301483154297,"[2.0217061758041384, 2.1415637016296385]",0.11985752582550013,True,44.574676513671875,9.306559978909881,78,79,0.012658227848101266,0.0,64,21.5,-14.5,14.5,2.0,8.525,2.34182071685791,2.0783176605518046,2.34182071685791,3.5775579452514648,0.8076923076923077,0.6153846153846154,6.328181266784668,247.70833228585673,439.5,-1.122994520575602,2.130414269864559,0.7527314881901174,21.23857307434082,0.00775,,
sample_00017,1,2,875419,0.026715667724609374,18.382932662963867,0.10504532605409622,175.0,94.0,35710,bright,False,13.325000000000001,10.17259407043457,,3.928330421447754,"[3.5907856941223146, 4.230322360992432]",0.639536666870117,False,18.817550659179688,1.8498281292743854,41,41,0.0,0.0,64,25.5,-18.5,18.5,5.0,13.325000000000001,2.129518508911133,2.0169748213233016,2.3738365173339844,6.679274559020996,0.8292682926829268,0.5853658536585366,12.125313758850098,101.38212731588193,771.0,0.4760830273895788,2.5174180809408426,0.7930453041486384,8.096031188964844,0.12275,,
sample_00018,1,2,1015597,0.030993560791015624,16.92194175720215,0.09614739567041397,176.0,61.0,36726,bright,False,8.875,8.380950927734375,1.210474967956543,1.210474967956543,"[1.1663919687271118, 1.2590576171875]",0.09266564846038827,True,50.34433364868164,6.006995397393555,45,45,0.0,0.0,64,25.0,-17.5,17.5,1.0,8.875,1.1279001235961914,1.15031615363227,1.3258686065673828,2.66142807006836,0.6666666666666666,0.24444444444444444,5.368008613586426,195.70473580856748,813.0,-0.5803740710311329,1.8565562292933464,0.712696682596909,12.258352279663086,0.0224,,
sample_00019,1,2,2573333,0.07853189086914063,17.342565536499023,0.09853730350732803,176.0,60.0,37731,bright,False,8.525,8.596073150634766,1.856614112854004,1.856614112854004,"[1.773395037651062, 1.9480355978012085]",0.1746405601501464,True,29.90666961669922,3.4791083198833412,93,94,0.010638297872340425,0.0,64,17.5,-14.5,14.5,2.0,8.525,1.9636192321777344,1.5520844510806504,1.9930896759033203,3.5904449462890624,0.7204301075268817,0.4946236559139785,4.7099103927612305,100.16362357390513,351.0,0.6786199684001403,2.193851474672556,0.7566667657638909,10.422471046447754,0.05005,,
sample_00020,1,2,1483855,0.045283660888671876,16.28847312927246,0.09361191093921661,174.0,56.0,39050,bright,False,8.350000000000001,7.217438697814941,1.7843618392944336,1.7843618392944336,"[1.7334317445755005, 1.8456496000289917]",0.11221785545349117,True,37.866676330566406,5.246553232524224,57,57,0.0,0.0,64,32.5,-13.0,13.0,2.5,8.350000000000001,1.895157814025879,1.7510959809286553,1.8987321853637695,3.67383804321289,0.8070175438596491,0.43859649122807015,-5.393609046936035,157.9000633763773,663.0,0.8372610656362139,2.078322798013687,0.7392936759357034,11.976877212524414,0.04385,,
sample_00021,1,2,1492806,0.04555682373046875,14.448833465576172,0.08400484919548035,172.0,55.0,37971,bright,False,10.6,5.67840576171875,2.2009496688842773,2.2009496688842773,"[2.1436572074890137, 2.2638190746307374]",0.12016186714172372,True,47.22911834716797,8.317320094588059,68,68,0.0,0.0,64,29.0,-18.0,18.0,2.5,10.6,2.070343494415283,2.1075509786605835,2.3150992393493652,4.395870685577393,0.7647058823529411,0.5441176470588235,7.926301956176758,228.71090888523696,558.0,1.106624961151904,2.1346383206546307,0.7584782234463763,16.068527221679688,0.016575,,
sample_00022,1,2,2064890,0.06301544189453125,12.843963623046875,0.07690995931625366,167.0,58.0,37527,bright,False,10.475000000000001,5.538808822631836,3.0709476470947266,3.0709476470947266,"[3.003002715110779, 3.139684462547302]",0.13668174743652317,True,38.80900573730469,7.006742240087661,84,84,0.0,0.0,64,17.0,-15.5,15.5,3.5,10.475000000000001,3.1920456886291504,2.9932717936379567,3.2076072692871094,4.9203045845031745,0.9523809523809523,0.7738095238095238,7.638700485229492,176.5043100573634,433.5,1.2989561994929937,2.4528390504419804,0.7858573654255826,14.571479797363281,0.0248,,
sample_00023,1,2,757695,0.023123016357421877,11.248379707336426,0.07030237466096878,160.0,65.0,36137,bright,False,10.1,5.283428192138672,2.1540040969848633,2.1540040969848633,"[2.115776705741882, 2.197244477272034]",0.08146777153015172,True,39.97958755493164,7.566978503543995,47,47,0.0,0.0,64,21.0,-18.0,18.0,2.0,10.1,2.127521514892578,2.308225266476895,2.127521514892578,4.330039405822753,0.7446808510638298,0.574468085106383,7.2815704345703125,253.72884496158983,742.0,1.3842355963347475,2.1060585230588913,0.7498264570066098,14.358643531799316,0.028775,,
sample_00024,1,2,1667584,0.050890625,18.787601470947266,0.10674773901700974,176.0,96.0,38474,bright,False,9.975000000000001,10.684137344360352,2.1504573822021484,2.1504573822021484,"[2.0269137144088747, 2.293704557418823]",0.2667908430099484,True,21.572784423828125,2.019141436366444,81,82,0.012195121951219513,0.0,64,31.0,-15.5,15.5,3.0,9.975000000000001,1.8539743423461914,1.6744649792894906,2.146422863006592,4.209837913513184,0.7777777777777778,0.5432098765432098,7.090578079223633,73.72866280700363,477.0,0.5119188646417101,2.2701272647827864,0.7679997514061092,7.165774345397949,0.15055,,
sample_00025,1,2,2525473,0.07707131958007812,19.067481994628906,0.10593045502901077,180.0,73.0,36698,bright,False,7.45,10.4492826461792,2.054780960083008,2.054780960083008,"[1.981285309791565, 2.114139699935913]",0.13285439014434797,True,36.536224365234375,3.496529436745011,78,79,0.012658227848101266,0.0,64,11.0,-17.5,11.0,2.5,7.45,1.7804813385009766,1.9335246269519513,1.7804813385009766,4.307611083984375,0.717948717948718,0.44871794871794873,6.312919616699219,90.76368175249712,427.5,0.7223095794655604,2.1350304260849953,0.7519646218663161,8.799482345581055,0.07795,,
sample_00026,1,2,2181744,0.06658154296875,17.570411682128906,0.09815872460603714,179.0,56.0,37353,bright,False,10.15,8.300719261169434,1.9866113662719727,1.9866113662719727,"[1.9414628982543944, 2.0290040969848633]",0.08754119873046884,True,55.741424560546875,6.715252354251267,97,97,0.0,0.0,64,17.5,-17.0,17.0,2.5,10.15,1.8999319076538086,2.0791898412802783,1.8999319076538086,3.8563537597656268,0.8350515463917526,0.4742268041237113,6.508222579956055,142.84358452670097,367.0,1.2044848432818924,1.9720016587525606,0.7269376878153881,12.076910972595215,0.0268,,
sample_00027,1,2,1284498,0.03919976806640625,16.600130081176758,0.09273815900087357,179.0,54.0,36546,bright,False,11.725,7.144576072692871,2.140380859375,2.140380859375,"[2.1040262937545777, 2.187103343009949]",0.08307704925537118,True,60.44776153564453,8.460650557935915,65,65,0.0,0.0,64,21.0,-20.5,20.5,2.5,11.725,2.0868892669677734,1.999689982487605,2.0868892669677734,3.3954282760620123,0.8153846153846154,0.5076923076923077,4.399721145629883,211.28179497999892,492.0,1.4381887465369985,1.9855832094326615,0.735409644259966,13.981973648071289,0.006875,,
sample_00028,1,2,1487037,0.045380767822265626,10.634766578674316,0.0668853223323822,159.0,61.0,38209,bright,False,11.6,5.054628849029541,3.454464912414551,3.454464912414551,"[3.417482852935791, 3.485556173324585]",0.06807332038879377,True,52.44953918457031,10.376536191107348,66,67,0.014925373134328358,0.0,64,18.5,-18.0,18.0,3.5,11.6,3.429114818572998,3.1432112058003745,3.443760395050049,4.471586227416992,1.0,0.9242424242424242,-10.709817886352539,278.3987713256189,566.5,-2.2322708020521254,2.8356058597564697,0.8401656183823761,15.29118537902832,0.023725,,
sample_00029,1,2,1329327,0.040567840576171875,18.148855209350586,0.10311849415302277,176.0,106.0,37919,bright,False,7.575,10.32623291015625,0.687098503112793,0.687098503112793,"[0.5972085237503052, 0.7679124116897583]",0.17070388793945312,True,24.136566162109375,2.337402843041641,63,64,0.015625,0.0,64,15.0,-13.5,13.5,1.5,7.575,0.42912960052490234,0.6969025778392005,1.3598918914794922,3.3767662048339853,0.6349206349206349,0.25396825396825395,6.914308547973633,73.09080910194659,589.0,0.32153683684487433,2.094662107527256,0.7486981149313274,7.1817708015441895,0.135975,,
sample_00030,1,2,2420135,0.07385665893554688,19.448148727416992,0.10685796290636063,182.0,82.0,36583,bright,False,9.925,10.973775863647461,1.6728229522705078,1.6728229522705078,"[1.6123339176177978, 1.750044083595276]",0.1377101659774782,True,36.04786682128906,3.284910068256805,81,82,0.012195121951219513,0.0,64,16.5,-17.0,16.5,2.5,9.925,1.4835824966430664,1.603745213261357,1.6193838119506836,2.9295854568481445,0.8024691358024691,0.41975308641975306,5.8693084716796875,82.85004716070405,407.0,0.8322132123440458,2.0826846435666084,0.746546599055779,8.438281059265137,0.068925,,
sample_00031,1,2,3413734,0.10417889404296875,18.725547790527344,0.10345606505870819,181.0,53.0,38308,bright,False,10.6,9.05019760131836,1.878432273864746,1.878432273864746,"[1.824732518196106, 1.9315401077270509]",0.10680758953094482,True,49.506446838378906,5.470206178831632,103,103,0.0,0.0,64,31.5,-18.0,18.0,2.5,10.6,1.8735361099243164,2.0060317863538426,1.8735361099243164,3.2313955307006834,0.7961165048543689,0.4368932038834951,7.870626449584961,108.67598560632639,353.0,-0.12502658618773116,2.0261252894997597,0.7368223435288681,10.862979888916016,0.023775,,
sample_00032,1,2,3144270,0.09595550537109375,13.802203178405762,0.07978152483701706,173.0,50.0,37351,bright,False,11.05,4.39891242980957,2.0105581283569336,2.0105581283569336,"[1.9548847913742065, 2.065146636962891]",0.11026184558868435,True,45.13084030151367,10.259545062929883,73,73,0.0,0.0,64,19.0,-19.0,19.0,2.5,11.05,1.6039819717407227,1.6894393424465233,1.6039819717407227,2.7728246688842773,0.7397260273972602,0.3835616438356164,5.147915840148926,233.656284193959,410.0,1.132210687127208,2.0705679580569267,0.7473082585226453,22.137653350830078,0.0081,,
sample_00033,1,2,2236983,0.06826730346679688,12.720820426940918,0.07395825535058975,172.0,50.0,36422,bright,False,14.425,4.078238487243652,2.198868751525879,2.198868751525879,"[2.115907907485962, 2.2733094692230225]",0.15740156173706055,True,44.4448356628418,10.89804723334868,95,95,0.0,0.0,64,,-26.5,26.5,2.5,14.425,2.0812768936157227,2.3012890765541476,2.0812768936157227,4.197544288635255,0.8526315789473684,0.5263157894736842,6.255127906799316,228.8693553314081,351.0,0.3059405812978491,2.0493812672793865,0.7389736161994831,23.948816299438477,0.01215,,
sample_00034,1,2,2442321,0.07453372192382812,14.175036430358887,0.08053997904062271,176.0,52.0,35301,bright,False,15.200000000000001,4.853544235229492,2.754887580871582,2.754887580871582,"[2.6913818359375, 2.8337958335876463]",0.1424139976501464,True,51.261531829833984,10.56166985308421,92,92,0.0,0.0,64,39.0,-26.0,26.0,3.5,15.200000000000001,2.8738365173339844,3.253952876381252,2.8738365173339844,5.733064270019533,0.9456521739130435,0.75,9.285075187683105,222.53123021247188,305.5,-0.5805245725123497,2.1935308072715998,0.7579537450105659,20.307758331298828,0.00875,,
sample_00035,1,2,2875653,0.08775796508789062,17.23225212097168,0.09626956284046173,179.0,55.0,36105,bright,False,9.075,7.514552593231201,2.516289710998535,2.516289710998535,"[2.413275671005249, 2.616744065284729]",0.20346839427947971,True,40.38774490356445,5.374604063579789,96,98,0.02040816326530612,0.0,64,13.5,-17.0,13.5,3.0,9.075,2.2520127296447754,2.372807373603185,2.299687385559082,4.9027650356292725,0.8020833333333334,0.6145833333333334,8.249415397644043,128.58233923863003,330.0,-1.0054146041490417,2.1872605830430984,0.7534929251579603,12.898641586303711,0.03745,,
sample_00036,1,2,723849,0.022090118408203126,19.58687973022461,0.10703212767839432,183.0,100.0,36771,bright,False,7.3,11.199651718139648,1.0684289932250977,1.0684289932250977,"[1.0278512716293335, 1.109237504005432]",0.08138623237609854,True,50.06416320800781,4.4701535786975235,26,27,0.037037037037037035,0.0,64,15.5,-14.0,14.0,1.0,7.3,0.9695158004760742,1.3518669238457313,0.9695158004760742,2.6197710037231445,0.46153846153846156,0.23076923076923078,5.300027847290039,182.59110300987192,1669.0,-0.6644503777232765,1.7239164831116796,0.6914361973990573,9.114990234375,0.051425,,
sample_00037,1,2,1028144,0.03137646484375,18.38798713684082,0.10048080235719681,183.0,56.0,36769,bright,False,7.9750000000000005,8.878314971923828,0.8108248710632324,0.8108248710632324,"[0.7609637260437012, 0.8603261470794678]",0.09936242103576653,True,42.360252380371094,4.771204053283561,38,38,0.0,0.0,64,15.5,-16.5,15.5,1.0,7.9750000000000005,0.701143741607666,0.7356138856787431,0.817258358001709,1.90875120162964,0.42105263157894735,0.10526315789473684,3.0351366996765137,171.84709751260732,1023.0,-0.4497545521122102,1.7490453116188291,0.692868719611021,11.299125671386719,0.027775,,
sample_00038,1,2,385992,0.011779541015625,15.299294471740723,0.08692780882120132,176.0,52.0,35463,bright,False,7.8500000000000005,5.492961883544922,2.0847249031066895,2.0847249031066895,"[2.0362747430801393, 2.13741672039032]",0.10114197731018049,True,64.98452758789062,11.830507650628808,21,21,0.0,0.0,64,15.0,-13.0,13.0,2.0,7.8500000000000005,2.0237584114074707,2.252177669888451,2.0237584114074707,3.1589102745056152,0.9047619047619048,0.5238095238095238,4.690351963043213,461.5395657381464,1517.0,1.3049535687498537,2.1446454972028732,0.7483421850151529,19.516803741455078,0.017525,,
sample_00039,1,2,1848953,0.056425567626953124,11.681236267089844,0.06831132620573044,171.0,49.0,35010,bright,False,15.825000000000001,3.2345144748687744,2.6422224044799805,2.6422224044799805,"[2.5829625129699707, 2.707419681549072]",0.12445716857910138,True,56.54984664916992,17.483256633583057,88,88,0.0,0.0,64,29.5,-28.5,28.5,3.0,15.825000000000001,2.635798454284668,2.920172550461509,2.635798454284668,5.109605407714843,0.9431818181818182,0.7159090909090909,10.23184871673584,386.04752672650204,308.5,1.616457886793589,2.229522669687867,0.7656324157570005,30.832855224609375,0.003375,,
sample_00040,1,2,1572541,0.04799014282226562,11.46877670288086,0.06706886738538742,171.0,48.0,36236,bright,False,12.85,3.4526453018188477,2.451200485229492,2.451200485229492,"[2.401277256011963, 2.4973668575286867]",0.09608960151672363,True,47.34388732910156,13.712351889770108,90,90,0.0,0.0,64,23.0,-32.0,23.0,2.5,12.85,2.5036091804504395,2.4627012464735243,2.541166305541992,4.66253833770752,0.8555555555555555,0.6333333333333333,5.984834671020508,324.7382636460304,325.5,-0.027125656006105635,2.2643329831771553,0.7778658363996603,29.281452178955078,0.004525,,
sample_00041,1,2,880883,0.026882415771484376,15.334650039672852,0.08379590511322021,183.0,52.0,37907,bright,False,16.0,5.255412578582764,2.776226043701172,2.776226043701172,"[2.6915459632873535, 2.8717143058776857]",0.1801683425903322,True,59.848140716552734,11.38790529224103,53,53,0.0,0.0,64,,-36.5,36.5,4.5,16.0,2.843667984008789,3.156391539663639,2.843667984008789,6.30820770263672,0.9056603773584906,0.7169811320754716,8.939384460449219,336.51039884892725,653.0,1.8464047531636025,2.2957240119576454,0.7822659514565984,19.43607521057129,0.009475,,
sample_00042,1,2,1006302,0.03070989990234375,14.838637351989746,0.08383411169052124,177.0,53.0,35976,bright,False,9.25,5.298212051391602,1.7830629348754883,1.7830629348754883,"[1.7162791728973388, 1.8570857286453246]",0.14080655574798584,True,42.95709991455078,8.10784836429261,54,54,0.0,0.0,64,33.0,-15.0,15.0,2.5,9.25,1.5521445274353027,1.4512123178552698,1.677560806274414,3.4464855194091806,0.8148148148148148,0.37037037037037035,5.439521789550781,254.1809067764081,540.5,-0.8313448279753014,1.9796077935025096,0.7279428571428571,19.148216247558594,0.0227,,
sample_00043,1,2,2420000,0.0738525390625,15.566981315612793,0.08998255431652069,173.0,56.0,36976,bright,False,10.2,6.847882270812988,2.6771812438964844,2.6771812438964844,"[2.6056773900985717, 2.7502354621887206]",0.14455807209014893,True,41.92543029785156,6.122393557574132,73,73,0.0,0.0,64,16.0,-18.0,16.0,3.0,10.2,2.5510597229003906,2.7472827467199874,2.5510597229003906,5.059572029113769,0.863013698630137,0.6575342465753424,6.6242265701293945,159.46035347978076,432.0,1.397383650774014,2.3285297751426697,0.7728629744714556,13.368419647216797,0.029375,,
sample_00044,1,2,2228415,0.06800582885742187,19.828136444091797,0.09397221356630325,211.0,55.0,38774,bright,False,11.1,9.011637687683105,2.635417938232422,2.635417938232422,"[2.5663377046585083, 2.7131969928741455]",0.1468592882156372,True,54.04610824584961,5.997368083241802,87,87,0.0,0.0,64,29.0,-18.0,18.0,3.0,11.1,2.748135566711426,2.734694097233915,2.748135566711426,4.707153701782227,0.8620689655172413,0.6781609195402298,6.68402099609375,148.38473868473795,423.0,-0.6935175901867536,2.3186870254576206,0.7699963476990505,11.229757308959961,0.03505,,
sample_00045,1,2,1571692,0.0479642333984375,13.465676307678223,0.0778362825512886,173.0,50.0,36087,bright,False,7.125,4.3219218254089355,1.2287969589233398,1.2287969589233398,"[1.170481562614441, 1.282331395149231]",0.11184983253479008,True,41.417022705078125,9.583010609211861,71,71,0.0,0.0,64,27.0,-12.5,12.5,1.5,7.125,1.3376531600952148,1.384124453638641,1.398630142211914,2.9974365234375,0.6619718309859155,0.2535211267605634,5.112963676452637,253.70270141315595,437.0,-0.7706627223264189,1.8908864483237267,0.71131148953278,23.403959274291992,0.026025,,
sample_00046,1,2,2239511,0.06834445190429687,14.156760215759277,0.07908804714679718,179.0,50.0,35745,bright,False,11.950000000000001,4.836106777191162,1.808934211730957,1.808934211730957,"[1.7540796518325805, 1.8615004301071167]",0.10742077827453622,True,52.602027893066406,10.876936824711294,102,102,0.0,0.0,64,22.5,-21.0,21.0,2.5,11.950000000000001,1.95306396484375,2.3200932858037016,1.95306396484375,5.017955017089846,0.7352941176470589,0.47058823529411764,10.598666191101074,238.70199587776395,306.0,0.6180444837214475,1.9437416065484285,0.7275271370420624,21.574481964111328,0.005475,,
sample_00047,1,2,998973,0.030486236572265624,10.584551811218262,0.0637623593211174,166.0,52.0,34909,bright,False,9.925,3.6429357528686523,1.7591543197631836,1.7591543197631836,"[1.6858016729354859, 1.8492322444915772]",0.1634305715560913,True,49.69831085205078,13.642379175343825,65,65,0.0,0.0,64,20.0,-16.5,16.5,2.5,9.925,1.658024787902832,1.8673099224384015,1.724405288696289,4.544968032836914,0.6923076923076923,0.4,6.964968681335449,375.3332329878199,451.0,-0.38110468331115205,1.9549159184098244,0.716547016594092,25.394519805908203,0.006625,,
sample_00048,1,2,2109612,0.0643802490234375,15.539501190185547,0.08779378980398178,177.0,55.0,38178,bright,False,7.625,6.593461990356445,1.7009658813476562,1.7009658813476562,"[1.6556664943695067, 1.7494220495224]",0.09375555515289324,True,40.33250427246094,6.117045086701189,67,67,0.0,0.0,64,21.0,-12.5,12.5,2.0,7.625,1.6422042846679688,1.6552783695619497,1.6778945922851562,3.713456344604492,0.7014925373134329,0.373134328358209,6.162949562072754,181.35329717132845,512.0,0.8604965192021407,2.058797851204872,0.7405476268509966,14.717573165893555,0.027925,,
sample_00049,1,2,1827926,0.05578387451171875,16.67205047607422,0.09366320818662643,178.0,58.0,38205,bright,False,8.125,7.818138122558594,2.010807991027832,2.010807991027832,"[1.947797918319702, 2.069711375236511]",0.121913456916809,True,36.864959716796875,4.715311898932313,74,74,0.0,0.0,64,28.5,-12.5,12.5,2.5,8.125,2.0138654708862305,1.9874540341866982,2.120826244354248,4.069104003906251,0.7702702702702703,0.527027027027027,6.266374588012695,145.81006980114114,483.5,0.8618827439117789,2.2207120321691036,0.7647348496506725,11.915838241577148,0.03905,,
sample_00050,1,2,3095502,0.09446722412109375,15.532624244689941,0.08875785022974014,175.0,57.0,38054,bright,False,8.3,7.079931735992432,1.7504949569702148,1.7504949569702148,"[1.7056768178939818, 1.7988611459732056]",0.09318432807922372,True,43.98164367675781,6.212156460939757,96,96,0.0,0.0,64,14.0,-15.0,14.0,2.0,8.3,1.7294869422912598,1.5826136618852615,1.7473888397216797,2.8874869346618652,0.75,0.4270833333333333,4.313760757446289,131.64061331545574,333.5,0.828584633066337,1.9805305255576968,0.7326001031105001,13.120656967163086,0.028825,,
sample_00051,1,2,2649283,0.08084970092773437,15.138795852661133,0.08750749379396439,173.0,55.0,37740,bright,False,10.6,6.627633571624756,1.7561979293823242,1.7561979293823242,"[1.7017516136169433, 1.8052795648574829]",0.1035279512405396,True,42.40678024291992,6.398479907591505,94,94,0.0,0.0,64,19.0,-18.0,18.0,2.5,10.6,1.5038323402404785,1.520149312120803,1.5659503936767578,3.0132865905761723,0.6595744680851063,0.44680851063829785,4.751680374145508,147.83915959110098,345.0,0.8130866542256641,1.999656636180589,0.7304764348644256,13.958126068115234,0.0213,,
sample_00052,1,2,2578859,0.07870053100585937,15.04393196105957,0.08645937591791153,174.0,54.0,37979,bright,False,9.25,6.239270210266113,2.08927059173584,2.08927059173584,"[2.0420538187026978, 2.1410139560699464]",0.09896013736724862,True,52.105567932128906,8.351227976373623,96,96,0.0,0.0,64,17.5,-15.0,15.0,2.5,9.25,1.8574347496032715,1.7782979557911556,1.8574347496032715,3.3151416778564453,0.7708333333333334,0.4479166666666667,4.602786064147949,181.39284804826713,358.0,1.1096720470953327,2.0410223323851824,0.7440045571062376,15.531469345092773,0.01335,,
sample_00053,1,2,2779689,0.08482937622070312,15.538917541503906,0.08779049664735794,177.0,54.0,37244,bright,False,10.375,6.4866790771484375,0.7061080932617188,0.7061080932617188,"[0.6558086633682251, 0.7620785236358643]",0.10626986026763918,True,37.13664245605469,5.725062395468478,96,96,0.0,0.0,64,19.5,-17.5,17.5,2.5,10.375,0.6927242279052734,0.5575928042332331,1.6189565658569336,3.3922269344329834,0.6770833333333334,0.4270833333333333,5.23037052154541,171.02315678992085,334.5,-0.404540146048087,1.927777774631977,0.7218287186091435,15.37802791595459,0.01115,,
sample_00054,1,2,1916081,0.05847415161132812,14.092567443847656,0.08099176734685898,174.0,55.0,35584,bright,False,12.950000000000001,6.022185802459717,3.086277961730957,3.086277961730957,"[3.017559027671814, 3.1496557712554933]",0.1320967435836793,True,51.38173294067383,8.532073673264506,80,81,0.012345679012345678,0.0,64,27.0,-21.0,21.0,3.5,12.950000000000001,3.2762088775634766,3.115838360786438,3.2762088775634766,5.020541763305667,0.95,0.7625,7.1349687576293945,218.00488877818458,413.5,1.416486757025647,2.3438686579465866,0.7704268198998249,15.164566040039062,0.02045,,
sample_00055,1,2,2096047,0.06396627807617188,12.423190116882324,0.07483849674463272,166.0,69.0,36909,bright,False,11.15,5.914974212646484,3.1294050216674805,3.1294050216674805,"[3.080060076713562, 3.180387496948242]",0.10032742023468,True,34.528404235839844,5.837456427454331,69,69,0.0,0.0,64,17.0,-18.0,17.0,3.5,11.15,3.12545108795166,2.9169936940289927,3.12545108795166,4.583792686462402,0.8985507246376812,0.8260869565217391,9.461769104003906,164.99870312254217,522.0,1.4005623855407054,2.6376762613654137,0.8138191367142623,12.996492385864258,0.044675,,
sample_00056,1,2,2490364,0.0759998779296875,17.99718475341797,0.10284105688333511,175.0,73.0,37570,bright,False,11.05,9.57207202911377,2.1321449279785156,2.1321449279785156,"[2.0685298681259154, 2.1991126775741576]",0.1305828094482422,True,34.949737548828125,3.651219656781453,81,81,0.0,0.0,64,20.5,-19.0,19.0,2.5,11.05,2.154940605163574,1.9593070583578982,2.178201675415039,3.5191659927368164,0.7407407407407407,0.5555555555555556,6.420565605163574,104.6442147288115,429.0,0.8113171219345052,2.1515656895935535,0.7572766910205043,8.954889297485352,0.061,,
sample_00057,1,2,1900082,0.05798590087890625,18.24806022644043,0.10137811303138733,180.0,59.0,35751,bright,False,10.15,9.20067310333252,2.121065139770508,2.121065139770508,"[2.0682217597961428, 2.197518539428711]",0.12929677963256836,True,45.95494079589844,4.994736828466754,74,74,0.0,0.0,64,17.0,-21.0,17.0,2.5,10.15,2.220625400543213,2.354277211266595,2.220625400543213,3.9874406814575196,0.7837837837837838,0.527027027027027,8.06776237487793,126.91366037660961,463.0,1.0473223152440136,2.087896518409252,0.74187068789846,10.378633499145508,0.026775,,
sample_00058,1,2,1991883,0.060787445068359376,17.0211124420166,0.09616447985172272,177.0,53.0,36674,bright,False,9.425,7.427469730377197,1.477400779724121,1.477400779724121,"[1.424343514442444, 1.5316748857498168]",0.10733137130737291,True,47.33271408081055,6.372656611069998,76,76,0.0,0.0,64,20.0,-16.5,16.5,2.0,9.425,1.3447637557983398,1.3637144753807469,1.3619318008422852,2.6568045616149902,0.6842105263157895,0.2894736842105263,3.952815055847168,143.44199346830027,469.0,0.9094239439869415,1.8859319239854813,0.7142617684034083,13.607903480529785,0.01235,,
sample_00059,1,2,1448731,0.044211761474609375,12.585049629211426,0.07535957545042038,167.0,70.0,36648,bright,False,10.2,5.844153881072998,2.266360282897949,2.266360282897949,"[2.2204036951065063, 2.3166545152664186]",0.09625082015991238,True,38.417144775390625,6.573602536341354,61,61,0.0,0.0,64,17.0,-16.0,16.0,3.0,10.2,2.5161895751953125,2.4521004489210787,2.5217504501342773,6.013083457946777,0.8688524590163934,0.6557377049180327,8.146899223327637,188.3295232195653,545.0,-1.2807564867675552,2.240821700077504,0.7628506872528714,13.62753677368164,0.040725,,
sample_00060,1,2,815058,0.02487359619140625,18.277231216430664,0.10097917914390564,181.0,65.0,36657,bright,False,10.475000000000001,9.574777603149414,2.265658378601074,2.265658378601074,"[2.184794235229492, 2.3388530254364013]",0.15405879020690927,True,48.65890884399414,5.081988413808051,44,44,0.0,0.0,64,16.5,-15.5,15.5,3.5,10.475000000000001,2.3381967544555664,2.5833785317160864,2.3381967544555664,4.697640514373779,0.7954545454545454,0.5681818181818182,9.0311279296875,176.65805241446452,828.0,0.5321372225481061,2.035074895247817,0.736158518947064,10.147077560424805,0.022625,,
sample_00061,1,2,1915066,0.05844317626953125,17.493896484375,0.0966513603925705,181.0,55.0,36210,bright,False,11.225,7.87296724319458,1.6965713500976562,1.6965713500976562,"[1.6563059568405152, 1.7320510864257812]",0.07574512958526602,True,57.03498840332031,7.24440819344467,75,75,0.0,0.0,64,23.5,-20.5,20.5,2.0,11.225,1.7760181427001953,1.885287373860677,1.7760181427001953,2.786898994445801,0.8933333333333333,0.38666666666666666,5.240390777587891,167.45991677494,463.0,-1.2935610205169776,1.9137340411543846,0.7207912457912458,12.835895538330078,0.0223,,
sample_00062,1,2,3708058,0.11316094970703125,18.607473373413086,0.10337485373020172,180.0,54.0,37293,bright,False,9.475000000000001,9.015268325805664,1.9967660903930664,1.9967660903930664,"[1.9523598194122314, 2.0417967796325684]",0.08943696022033709,True,47.904747009277344,5.313735019084555,110,110,0.0,0.0,64,15.5,-16.5,15.5,2.5,9.475000000000001,2.020566463470459,2.000915449315851,2.020566463470459,3.215562725067139,0.8272727272727273,0.509090909090909,5.514181137084961,104.50571392579025,291.0,1.2157155199337775,2.0812618620693684,0.7423762945914845,10.87480354309082,0.02695,,
sample_00063,1,2,2743980,0.0837396240234375,16.731096267700195,0.09506304562091827,176.0,51.0,37706,bright,False,9.2,6.804755210876465,1.9762773513793945,1.9762773513793945,"[1.9025066137313842, 2.0362451791763307]",0.13373856544494656,True,46.90178298950195,6.8925011313464895,80,80,0.0,0.0,64,21.0,-16.0,16.0,2.0,9.2,1.8784170150756836,1.9820848941802978,1.8784170150756836,4.132781600952149,0.7375,0.4875,6.237856864929199,161.04410082745693,380.0,-0.06026195133252874,2.053681582212448,0.7416045315299694,14.609960556030273,0.017375,,
sample_00064,1,2,2790700,0.0851654052734375,13.779576301574707,0.07919296622276306,174.0,50.0,36295,bright,False,14.875,4.568802833557129,2.4828529357910156,2.4828529357910156,"[2.426528882980347, 2.559944820404053]",0.13341593742370605,True,47.81116485595703,10.464703030034835,92,92,0.0,0.0,64,33.0,-27.5,27.5,2.5,14.875,2.4858789443969727,2.3780733087788457,2.4858789443969727,3.7073862075805675,0.8478260869565217,0.6521739130434783,6.78704833984375,222.1551658166295,324.5,-1.3083805806198743,2.2186258286237717,0.7600115824525844,21.82522964477539,0.0077,,
sample_00065,1,2,932862,0.02846868896484375,15.212542533874512,0.08358539640903473,182.0,51.0,37624,bright,False,16.0,5.293630599975586,3.210367202758789,3.210367202758789,"[3.117006015777588, 3.305755376815796]",0.18874936103820783,True,51.881690979003906,9.800776612414774,56,56,0.0,0.0,64,,-30.0,30.0,4.0,16.0,3.130368232727051,3.315080404281616,3.130368232727051,5.858458518981934,0.9285714285714286,0.7857142857142857,8.502567291259766,302.8320797765201,642.0,1.827819840903132,2.502679879195057,0.8060424638933466,19.590194702148438,0.015925,,
sample_00066,1,2,1207302,0.03684393310546875,11.512920379638672,0.07020073384046555,164.0,57.0,39054,bright,False,9.975000000000001,4.966724395751953,2.741079330444336,2.741079330444336,"[2.6877758264541627, 2.7915709018707275]",0.10379507541656485,True,39.3352165222168,7.919750199117202,61,61,0.0,0.0,64,38.0,-15.5,15.5,3.0,9.975000000000001,2.5158519744873047,2.6774589976326366,2.6082358360290527,5.107800483703613,0.9344262295081968,0.7704918032786885,8.52303695678711,243.82495219229284,664.0,-1.4881930460161215,2.470498289912939,0.7925462683724326,15.553703308105469,0.02915,,
sample_00067,1,2,1612436,0.0492076416015625,16.94481658935547,0.09361777454614639,181.0,55.0,35619,bright,False,11.725,7.321488380432129,2.245870590209961,2.245870590209961,"[2.1584954977035524, 2.3339601039886473]",0.17546460628509486,True,41.40267562866211,5.654953402550977,74,74,0.0,0.0,64,20.5,-21.0,20.5,2.5,11.725,2.4169416427612305,2.3370643435297787,2.4361605644226074,4.255755615234375,0.8243243243243243,0.581081081081081,7.855310440063477,146.1750032645071,398.5,1.3322892669671713,2.140297546982765,0.7521042787000234,12.853275299072266,0.0207,,
sample_00068,1,2,1534355,0.046824798583984376,10.567652702331543,0.06216266378760338,170.0,49.0,34951,bright,False,16.0,2.9192984104156494,3.4374923706054688,3.4374923706054688,"[3.3607271194458006, 3.5076722145080566]",0.14694509506225595,True,61.154319763183594,20.948293447834423,88,88,0.0,0.0,64,,-31.5,31.5,4.0,16.0,2.9211673736572266,3.120482260530645,2.9211673736572266,5.394229888916015,0.9204545454545454,0.6931818181818182,8.914215087890625,451.25569725673427,327.5,-1.814412012821086,2.3983597941696644,0.783676703645008,33.951576232910156,0.00495,,
sample_00069,1,2,2024562,0.06178472900390625,10.547274589538574,0.06132136285305023,172.0,48.0,36757,bright,False,11.55,3.1947438716888428,2.8683700561523438,2.8683700561523438,"[2.807900810241699, 2.9196215629577638]",0.11172075271606463,True,47.61381530761719,14.903797368409073,94,94,0.0,0.0,64,22.5,-19.0,19.0,3.0,11.55,3.0260424613952637,2.83534448704821,3.0260424613952637,5.036132049560547,0.9042553191489362,0.7127659574468085,7.0230207443237305,348.0530132387057,345.5,1.6451437915127953,2.343888245522976,0.7823741526034905,31.797157287597656,0.006625,,
sample_00070,1,2,1982234,0.06049298095703125,16.272462844848633,0.08655565232038498,188.0,51.0,38029,bright,False,14.025,5.492537975311279,2.426769256591797,2.426769256591797,"[2.373789596557617, 2.479194736480713]",0.10540513992309597,True,59.99436950683594,10.922886610253409,87,87,0.0,0.0,64,40.5,-24.5,24.5,3.0,14.025,2.454936981201172,2.787990997577536,2.454936981201172,4.928025054931641,0.9425287356321839,0.6551724137931034,8.452203750610352,258.9013498125155,425.0,-1.537871702091713,2.1952783949673176,0.7596131572851518,20.200759887695312,0.013675,,
sample_00071,1,2,1844620,0.0562933349609375,15.301726341247559,0.08844928443431854,173.0,56.0,38563,bright,False,11.1,6.643367290496826,2.421053886413574,2.421053886413574,"[2.35399911403656, 2.4960107803344727]",0.1420116662979125,True,40.30978775024414,6.067674115791596,70,70,0.0,0.0,64,25.5,-18.0,18.0,3.0,11.1,2.5685372352600098,2.509251812526158,2.627607822418213,4.641613864898682,0.8285714285714286,0.6714285714285714,6.932151794433594,160.806936156568,559.0,1.2492224551224342,2.26593878865242,0.7644271399251479,13.31997299194336,0.031175,,
sample_00072,1,2,1095729,0.033438995361328126,10.425877571105957,0.06280649453401566,166.0,52.0,36745,bright,False,11.15,3.4038565158843994,3.1703567504882812,3.1703567504882812,"[3.0698009014129637, 3.25618839263916]",0.18638749122619647,True,35.51256561279297,10.433038363124421,76,76,0.0,0.0,64,17.0,-27.5,17.0,3.5,11.15,3.0558857917785645,2.916407823562622,3.0558857917785645,5.407423973083496,0.8421052631578947,0.6710526315789473,7.903713226318359,299.59562506295447,427.0,1.2066197925993767,2.418118506669998,0.7889673249337265,26.123008728027344,0.017325,,
sample_00073,1,2,877263,0.026771942138671876,17.523197174072266,0.08424614369869232,208.0,55.0,38428,bright,False,14.575000000000001,6.73170804977417,3.1712446212768555,3.1712446212768555,"[3.1115437030792235, 3.2230808258056642]",0.11153712272644078,True,58.037384033203125,8.621494515816103,56,56,0.0,0.0,64,,-23.5,23.5,4.0,14.575000000000001,3.3609962463378906,3.294879232134138,3.3609962463378906,5.141435623168945,0.9107142857142857,0.8214285714285714,7.230137825012207,254.76450044563802,675.5,1.9036415241413636,2.50058252888266,0.7999632679298417,13.966211318969727,0.00905,,
sample_00074,1,2,2595579,0.07921078491210938,17.57516860961914,0.09656686335802078,182.0,54.0,36005,bright,False,13.35,7.782186508178711,2.5946197509765625,2.5946197509765625,"[2.524589252471924, 2.6706520080566407]",0.1460627555847167,True,41.09257507324219,5.280337991136017,85,85,0.0,0.0,64,23.0,-24.0,23.0,3.0,13.35,2.292909622192383,2.3176761515000286,2.292909622192383,4.290661621093752,0.8352941176470589,0.611764705882353,6.101289749145508,129.8528636210127,411.0,1.1201753430004942,2.3256510570645332,0.7757649197212966,12.150978088378906,0.0535,,
sample_00075,1,2,1168705,0.03566604614257812,15.513609886169434,0.0886491984128952,175.0,56.0,36691,bright,False,6.775,6.751567363739014,2.295443058013916,2.295443058013916,"[2.2619328022003176, 2.334920859336853]",0.07298805713653556,True,53.21905517578125,7.882474143945824,44,44,0.0,0.0,64,9.5,-12.5,9.5,2.5,6.775,2.3327760696411133,2.138062596321106,2.3327760696411133,3.122128772735596,0.8863636363636364,0.6818181818181818,3.7414212226867676,295.03166635744253,795.5,1.1324665560942937,2.1793513856828213,0.7602572127695897,15.582731246948242,0.0202,,
sample_00076,1,2,1625184,0.0495966796875,12.944494247436523,0.07525868713855743,172.0,54.0,36345,bright,False,9.025,4.358180046081543,1.7168083190917969,1.7168083190917969,"[1.6721078395843505, 1.7547759532928466]",0.08266811370849614,True,63.57196044921875,14.58681371054795,64,64,0.0,0.0,64,20.5,-14.5,14.5,2.5,9.025,1.8789048194885254,1.8619990274310112,1.8789048194885254,3.3794468879699715,0.8125,0.46875,4.6690673828125,361.5265328908821,510.5,-1.184495173363514,1.876818224787712,0.7135651637851318,24.741146087646484,0.005175,,
sample_00077,1,2,1495943,0.045652557373046875,15.339398384094238,0.08666326850652695,177.0,55.0,37600,bright,False,8.575,6.384544372558594,2.276510238647461,2.276510238647461,"[2.225040626525879, 2.3221038341522218]",0.09706320762634268,True,39.241241455078125,6.146286902435964,75,75,0.0,0.0,64,16.0,-13.5,13.5,2.5,8.575,2.2841501235961914,2.0071759351094562,2.2841501235961914,3.559765052795411,0.8533333333333334,0.5866666666666667,5.16317081451416,158.1476691840337,476.0,0.9087012337835239,2.2555875598918647,0.7666725841765785,14.362642288208008,0.030475,,
sample_00078,1,2,1223142,0.03732733154296875,16.15069007873535,0.0912468358874321,177.0,57.0,36370,bright,False,9.2,7.5312371253967285,1.4684476852416992,1.4684476852416992,"[1.4173359870910645, 1.5225569009780884]",0.10522091388702393,True,36.13290786743164,4.797738706909755,64,66,0.030303030303030304,0.0,64,16.5,-16.0,16.0,2.0,9.2,1.5614609718322754,1.1163837313652039,1.6479978561401367,4.249509763717652,0.734375,0.390625,-7.639708518981934,139.11237260811347,499.0,0.7225908071493045,2.0354705192148685,0.7350789935634874,12.269420623779297,0.054025,,
sample_00079,1,2,1654212,0.0504825439453125,12.590988159179688,0.0753951370716095,167.0,62.0,38225,bright,False,11.325000000000001,5.501581192016602,2.7978200912475586,2.7978200912475586,"[2.762628436088562, 2.8355977296829225]",0.07296929359436044,True,48.671905517578125,8.846893978081502,63,64,0.015625,0.0,64,24.0,-18.5,18.5,3.0,11.325000000000001,2.603390693664551,2.4237959271385554,2.642871856689453,3.984533691406251,0.9047619047619048,0.6666666666666666,4.959954261779785,266.73026842797555,573.0,1.625288396532319,2.4441582821309566,0.797253853318511,15.994278907775879,0.019875,,
sample_00080,1,2,1806008,0.055114990234375,15.670801162719727,0.09006207436323166,174.0,64.0,38766,bright,False,6.9,7.169967174530029,1.3488974571228027,1.3488974571228027,"[1.3173455953598023, 1.3774678707122803]",0.06012227535247794,True,58.25568389892578,8.124958243305246,64,64,0.0,0.0,64,12.5,-12.0,12.0,1.5,6.9,1.3388314247131348,1.3752028346061707,1.3388314247131348,2.520481491088867,0.671875,0.21875,3.179063320159912,200.96070006752635,566.0,-0.8807029428106705,1.639005932956934,0.6767124048663963,14.000423431396484,0.0194,,
sample_00081,1,2,1047891,0.03197909545898438,13.255131721496582,0.07985018938779831,166.0,62.0,35748,bright,False,12.175,5.984123229980469,2.1608991622924805,2.1608991622924805,"[2.096735405921936, 2.225798487663269]",0.12906308174133319,True,41.484107971191406,6.932361914500014,51,51,0.0,0.0,64,37.5,-21.5,21.5,2.5,12.175,2.366185188293457,2.390660454245175,2.366185188293457,3.82509708404541,0.8431372549019608,0.6274509803921569,7.897940635681152,211.97150820995682,633.0,1.3356328962491357,2.171725019812584,0.7554393056711449,14.131341934204102,0.0299,,
sample_00082,1,2,2403148,0.0733382568359375,17.685237884521484,0.09770849347114563,181.0,57.0,37946,bright,False,9.925,8.126791000366211,2.098147392272949,2.098147392272949,"[2.027094101905823, 2.1721213817596436]",0.1450272798538208,True,32.310340881347656,3.975780954609474,78,78,0.0,0.0,64,16.5,-18.5,16.5,2.5,9.925,2.3267569541931152,2.0989842170324082,2.4124650955200195,4.16280813217163,0.8461538461538461,0.6282051282051282,5.987939834594727,114.07275732817384,429.5,0.7406764367025254,2.2554608481004834,0.7657134433962264,11.503161430358887,0.040225,,
sample_00083,1,2,3028974,0.09243695068359375,16.457820892333984,0.09042758494615555,182.0,53.0,37388,bright,False,8.975000000000001,6.376453876495361,1.8140077590942383,1.8140077590942383,"[1.731246018409729, 1.9100710153579712]",0.17882499694824228,True,30.164962768554688,4.730679991232684,78,78,0.0,0.0,64,20.0,-15.5,15.5,2.0,8.975000000000001,1.676300048828125,1.6685232749352088,1.9248228073120117,3.667584896087646,0.7435897435897436,0.5,6.013271331787109,146.05336960184846,416.5,0.6943033948058129,2.203918807208538,0.7599681256087123,15.22523307800293,0.02985,,
sample_00084,1,2,1483904,0.04528515625,16.107704162597656,0.09257300943136215,174.0,52.0,39305,bright,False,11.05,6.5047078132629395,1.859090805053711,1.859090805053711,"[1.7710310220718384, 1.9572068452835083]",0.18617582321166992,True,42.92473220825195,6.599025419824312,71,71,0.0,0.0,64,19.0,-21.0,19.0,2.5,11.05,1.5762052536010742,1.5431358914979747,1.5818424224853516,4.183713912963867,0.6619718309859155,0.36619718309859156,-7.447157382965088,176.19628411156867,584.0,0.9220271521873727,2.0194021072238684,0.7333877122964431,15.088449478149414,0.022275,,
sample_00085,1,2,896103,0.027346893310546874,14.125946998596191,0.08165287226438522,173.0,51.0,39152,bright,False,12.0,4.880215644836426,2.047165870666504,2.047165870666504,"[1.9561182260513306, 2.1388307094573973]",0.18271248340606672,True,52.3671760559082,10.730504524183466,56,56,0.0,0.0,64,27.0,-20.0,20.0,3.0,12.0,2.4227170944213867,2.522532548223223,2.4227170944213867,5.403435707092285,0.7857142857142857,0.5357142857142857,7.74110221862793,344.99184460021064,571.5,1.304482203537825,2.0623435247689486,0.7387911381305898,20.437255859375,0.00555,,
sample_00086,1,2,451192,0.013769287109375,15.032571792602539,0.0868934765458107,173.0,53.0,34626,bright,False,16.0,5.658993721008301,5.598583221435547,5.598583221435547,"[5.194820737838745, 5.8805704593658445]",0.6857497215270998,True,68.71340942382812,12.142337102926666,32,32,0.0,0.0,64,28.0,-24.5,24.5,5.5,16.0,3.7843408584594727,3.9802542328834534,3.7843408584594727,6.610026550292971,1.0,0.8125,7.774848937988281,431.48177664860617,952.5,1.4648919951653603,2.41386628895998,0.7845791101448388,17.333114624023438,0.002525,,
sample_00088,1,2,893872,0.02727880859375,17.665428161621094,0.087887704372406,201.0,58.0,37251,bright,False,7.675,8.128514289855957,1.6208257675170898,1.6208257675170898,"[1.5425643920898438, 1.7017857313156128]",0.1592213392257691,True,34.194908142089844,4.206784527003126,36,37,0.02702702702702703,0.0,64,23.5,-11.5,11.5,2.5,7.675,1.7609586715698242,2.03136584493849,1.7609586715698242,4.373793601989746,0.75,0.4166666666666667,6.5206098556518555,152.82569664010234,1070.0,0.9484584456952538,2.0526338443160057,0.7396574205784732,11.666650772094727,0.04985,,
sample_00089,1,2,3127859,0.09545468139648437,16.94620704650879,0.09467154741287231,179.0,54.0,37417,bright,False,9.7,7.183243751525879,1.7432165145874023,1.7432165145874023,"[1.6789805173873902, 1.8098475456237793]",0.13086702823638907,True,35.15835952758789,4.894496239267877,104,104,0.0,0.0,64,16.0,-26.5,16.0,2.5,9.7,1.6927881240844727,1.7424122874553387,1.7661666870117188,4.030654811859132,0.7307692307692307,0.40384615384615385,7.600634574890137,111.43995691825762,326.0,0.9992620249154794,2.10155076533556,0.750659940165425,13.115474700927734,0.0278,,
sample_00090,1,2,3365840,0.10271728515625,16.948436737060547,0.09312327951192856,182.0,53.0,37638,bright,False,9.25,7.014198303222656,1.9519052505493164,1.9519052505493164,"[1.8739729642868042, 2.021606278419495]",0.14763331413269065,True,37.10096740722656,5.289409538105105,93,93,0.0,0.0,64,17.5,-15.0,15.0,2.5,9.25,1.5448226928710938,1.7632059538236229,1.6096382141113281,3.5418216705322263,0.7311827956989247,0.41935483870967744,6.123917579650879,123.76297038129375,383.0,1.0100102653891652,2.2655382342636585,0.7639211662089156,13.894763946533203,0.029875,,
sample_00091,1,2,2013374,0.06144329833984375,15.775612831115723,0.08963416516780853,176.0,51.0,36627,bright,False,9.075,5.903798580169678,2.4132814407348633,2.4132814407348633,"[2.3496338367462157, 2.478982162475586]",0.12934832572937038,True,47.14375686645508,7.9853260957795325,64,64,0.0,0.0,64,13.5,-14.0,13.5,3.0,9.075,2.244689464569092,2.379707306623459,2.3785996437072754,4.252132701873779,0.8125,0.546875,7.024359703063965,227.2761902268627,582.5,1.1892461479929912,2.336627524346113,0.7781548055759354,16.459918975830078,0.025475,,
sample_00092,1,2,1679304,0.051248291015625,12.313298225402832,0.07036170363426208,175.0,49.0,36331,bright,False,14.975,3.4997568130493164,2.8612518310546875,2.8612518310546875,"[2.7946379661560057, 2.948646879196167]",0.1540089130401614,True,51.7844352722168,14.796581030753774,90,90,0.0,0.0,64,38.0,-25.5,25.5,3.5,14.975,2.7725114822387695,2.9890726725260417,2.7725114822387695,5.673493385314941,0.8333333333333334,0.7111111111111111,13.163631439208984,369.53189000298266,367.0,1.4978389874531297,2.289895098656416,0.7717833505373732,27.931610107421875,0.005825,,
sample_00093,1,2,2164442,0.06605352783203125,10.657302856445312,0.06381618231534958,167.0,49.0,35327,bright,False,16.0,3.240936517715454,3.099672317504883,3.099672317504883,"[3.0482266902923585, 3.1446051597595215]",0.096378469467163,True,47.6169548034668,14.692344186066357,95,95,0.0,0.0,64,32.0,-39.5,32.0,3.0,16.0,3.065694808959961,2.9588747928017063,3.065694808959961,4.479769515991212,0.9789473684210527,0.7894736842105263,6.216398239135742,306.62522571075084,328.0,1.284066011073222,2.456544201821089,0.7918029913531199,29.906160354614258,0.007125,,
sample_00094,1,2,1535961,0.046873809814453125,12.132331848144531,0.06972604244947433,174.0,51.0,38834,bright,False,9.3,3.9269325733184814,2.4746522903442383,2.4746522903442383,"[2.424413824081421, 2.523750972747803]",0.0993371486663821,True,49.95960998535156,12.722298906989597,65,65,0.0,0.0,64,,-14.0,14.0,3.0,9.3,2.32797908782959,2.2598282887385444,2.32797908782959,3.6423620223999023,0.8923076923076924,0.6461538461538462,4.563495635986328,345.93959920380087,542.0,1.4762770244032772,2.241922188550234,0.7721500553387313,25.528839111328125,0.004375,,
sample_00095,1,2,905042,0.02761968994140625,14.8930082321167,0.08559200167655945,174.0,54.0,37987,bright,False,16.0,6.1647539138793945,2.108144760131836,2.108144760131836,"[2.0518749713897706, 2.170069122314453]",0.11819415092468244,True,56.1773681640625,9.112670018763305,50,50,0.0,0.0,64,38.0,-30.0,30.0,2.5,16.0,2.449152946472168,2.818323211669922,2.449152946472168,5.282669830322267,0.86,0.62,9.982368469238281,281.15831789334766,712.5,1.562125997498479,2.1119171641767025,0.7530060414100533,15.931463241577148,0.008225,,
sample_00096,1,2,1615948,0.0493148193359375,10.468324661254883,0.062311455607414246,168.0,51.0,32482,bright,False,16.0,3.3887078762054443,2.474760055541992,2.474760055541992,"[2.3700045585632323, 2.587017059326172]",0.21701250076293954,True,38.86309814453125,11.468412021412945,80,80,0.0,0.0,64,34.5,-29.0,29.0,3.0,16.0,2.5993118286132812,2.593064546585083,2.6715874671936035,5.22792434692383,0.875,0.6375,11.638219833374023,301.7697171634655,337.0,1.1420892441667865,2.267313752323389,0.7685967626755534,28.016450881958008,0.009625,,
sample_00097,1,2,1388119,0.04236203002929687,12.661470413208008,0.07194017618894577,176.0,51.0,37214,bright,False,15.200000000000001,4.074265480041504,3.264651298522949,3.264651298522949,"[3.2068257331848145, 3.3383391857147218]",0.13151345252990732,True,65.56977844238281,16.09364406015949,77,77,0.0,0.0,64,26.5,-26.0,26.0,3.5,15.200000000000001,3.375666618347168,3.324683412328943,3.375666618347168,4.9172143936157235,0.987012987012987,0.8701298701298701,6.455954551696777,392.5376047521685,474.0,2.2093691686387547,2.819111406803131,0.8346772918445435,24.858402252197266,0.0043,,
sample_00098,1,2,2133078,0.06509637451171875,12.605545997619629,0.07203169167041779,175.0,49.0,37318,bright,False,9.25,3.869250774383545,2.416261672973633,2.416261672973633,"[2.364724850654602, 2.4702409744262694]",0.1055161237716673,True,42.309654235839844,10.934844160515981,80,80,0.0,0.0,64,19.0,-15.0,15.0,2.5,9.25,2.629352569580078,2.5618733525276185,2.629352569580078,4.032429218292236,0.9375,0.6625,5.1753692626953125,260.08777787861516,391.0,1.1393292096736347,2.253276348579675,0.7730488262639679,26.450984954833984,0.00855,,
sample_00099,1,2,1700347,0.051890472412109374,18.65151023864746,0.10136689990758896,184.0,63.0,37672,bright,False,7.625,9.184197425842285,2.212540626525879,2.212540626525879,"[2.1628687143325807, 2.259116864204407]",0.09624814987182617,True,41.938880920410156,4.566417616677478,75,75,0.0,0.0,64,12.5,-12.5,12.5,2.0,7.625,2.2318687438964844,2.0002521832784015,2.261408805847168,3.9995697021484373,0.8533333333333334,0.6133333333333333,5.105424880981445,128.77541083991596,482.0,1.055669044664097,2.221592844463885,0.7626247883705995,10.6703462600708,0.055475,,
sample_00100,1,2,684808,0.020898681640625,14.229618072509766,0.08470010757446289,168.0,55.0,39116,bright,False,14.425,6.030522346496582,2.153059959411621,2.153059959411621,"[2.0714394092559814, 2.2504215240478516]",0.1789821147918702,True,22.00904083251953,3.649607706918727,44,44,0.0,0.0,64,26.5,-30.0,26.5,2.5,14.425,2.023740768432617,1.759196086363359,2.4595870971679688,5.419787502288818,0.8863636363636364,0.6363636363636364,7.112307548522949,198.36354649652793,895.0,0.7722520406346496,2.396477274596691,0.7854296388542964,13.510958671569824,0.02965,,
sample_00101,1,2,2392614,0.07301678466796875,17.639432907104492,0.0953482836484909,185.0,53.0,38813,bright,False,8.350000000000001,7.335700988769531,2.275728225708008,2.275728225708008,"[2.203742241859436, 2.347473883628845]",0.143731641769409,True,42.28351974487305,5.7640735097581395,76,77,0.012987012987012988,0.0,64,13.0,-25.0,13.0,2.5,8.350000000000001,2.13873291015625,1.9763056290777106,2.1730847358703613,4.077106475830078,0.8026315789473685,0.631578947368421,5.441743850708008,151.65736327694617,428.5,-1.0609267521555807,2.163013271987438,0.7545879501385041,13.980701446533203,0.026,,
sample_00102,1,2,2337885,0.07134658813476563,19.15802001953125,0.09774500131607056,196.0,54.0,36354,bright,False,9.025,8.549510955810547,2.3193883895874023,2.3193883895874023,"[2.251091980934143, 2.4169421911239626]",0.1658502101898196,True,37.943519592285156,4.43809239948367,72,72,0.0,0.0,64,16.0,-14.5,14.5,2.5,9.025,2.4311766624450684,2.0314578877555,2.622391700744629,4.6151663780212395,0.8611111111111112,0.6527777777777778,7.345586776733398,118.60633196069757,401.5,0.7963850831660315,2.2109586484730244,0.7569844789356984,12.055534362792969,0.03305,,
sample_00103,1,2,2008934,0.06130780029296875,14.975937843322754,0.08606860786676407,174.0,52.0,38717,bright,False,8.25,5.85487699508667,1.4259824752807617,1.4259824752807617,"[1.3756721258163451, 1.484103274345398]",0.10843114852905278,True,35.04121398925781,5.98496160016067,89,89,0.0,0.0,64,20.0,-15.0,15.0,1.5,8.25,1.4673566818237305,1.2325641439202126,1.638113021850586,3.249416732788086,0.7078651685393258,0.4157303370786517,-7.563070297241211,169.4054741078499,386.0,-0.7840381931202217,2.017809226177633,0.7351346724492125,16.078340530395508,0.015325,,
sample_00104,1,2,1171568,0.03575341796875,14.64145278930664,0.08366544544696808,175.0,51.0,38312,bright,False,7.125,5.411311149597168,1.313532829284668,1.313532829284668,"[1.2780022382736207, 1.3475970029830933]",0.06959476470947257,True,57.42767333984375,10.612524719470034,51,52,0.019230769230769232,0.0,64,14.0,-12.5,12.5,1.5,7.125,1.2309284210205078,1.2914691532359404,1.2309284210205078,2.303767204284668,0.6078431372549019,0.13725490196078433,6.072279930114746,284.6476968697862,675.0,-0.8738299727033821,1.6048840880393982,0.6720475554222453,19.130889892578125,0.029625,,
sample_00105,1,2,1397326,0.04264300537109375,12.601054191589355,0.07412384450435638,170.0,52.0,38129,bright,False,7.175,4.229197025299072,1.8660058975219727,1.8660058975219727,"[1.8287955522537231, 1.8970749855041504]",0.06827943325042729,True,64.2332992553711,15.188060256149633,70,71,0.014084507042253521,0.0,64,11.5,-23.5,11.5,2.0,7.175,1.8880743980407715,1.9902315276009697,1.8880743980407715,3.3913295745849616,0.8571428571428571,0.42857142857142855,5.233977317810059,382.5138049979188,496.5,1.3256931320877416,1.875839315354824,0.7172939951014893,24.758344650268555,0.007175,,
sample_00106,1,2,2150471,0.06562716674804688,13.458383560180664,0.07690504938364029,175.0,54.0,37769,bright,False,8.075,4.838126182556152,2.0973281860351562,2.0973281860351562,"[2.0390117883682253, 2.1471456050872804]",0.10813381671905509,True,47.317909240722656,9.780213962034976,83,83,0.0,0.0,64,14.5,-13.5,13.5,2.0,8.075,2.096686363220215,1.8415099166962037,2.1663103103637695,3.169894218444824,0.8313253012048193,0.5542168674698795,4.879138946533203,246.55524197988646,411.0,0.968465839075662,2.1334236711263657,0.7484258395522388,20.16790008544922,0.017175,,
sample_00107,1,2,2172274,0.06629254150390625,15.082433700561523,0.08521149307489395,177.0,56.0,33304,bright,False,11.450000000000001,6.298267364501953,1.8392333984375,1.8392333984375,"[1.788365888595581, 1.8925618410110474]",0.10419595241546631,True,49.005645751953125,7.7808138200287935,76,76,0.0,0.0,64,28.5,-21.0,21.0,2.0,11.450000000000001,1.705087661743164,1.5119157088430304,1.8204617500305176,3.1556143760681152,0.7631578947368421,0.3815789473684211,5.111588478088379,173.18856002517032,405.0,0.2983954987562198,2.0052341285627335,0.7313488001819629,16.113210678100586,0.017775,,
sample_00108,1,2,1350221,0.041205474853515625,15.769688606262207,0.08712535351514816,181.0,55.0,36866,bright,False,11.1,6.628428936004639,2.9985666275024414,2.9985666275024414,"[2.8968097448348997, 3.072999143600464]",0.17618939876556405,True,40.26866912841797,6.075145334920098,61,61,0.0,0.0,64,28.5,-18.0,18.0,3.0,11.1,2.8238868713378906,2.8306792681334447,2.946566581726074,4.967021942138672,0.8852459016393442,0.7049180327868853,8.281845092773438,187.32850143303037,599.0,1.302341247052615,2.3456010557711124,0.7755120427653313,14.152273178100586,0.026375,,
sample_00109,1,2,1033511,0.031540252685546874,14.265652656555176,0.07969638705253601,179.0,56.0,32758,bright,False,16.0,5.7436113357543945,2.5002670288085938,2.5002670288085938,"[2.4566229820251464, 2.555707597732544]",0.09908461570739746,True,57.249244689941406,9.967464952504836,61,61,0.0,0.0,64,,-32.5,32.5,3.0,16.0,2.4570846557617188,2.445085072126545,2.4570846557617188,4.394493103027344,0.9180327868852459,0.6557377049180327,6.670610427856445,273.2995017874666,509.0,1.5035244170705817,2.1579780653119087,0.7584841301959877,16.925273895263672,0.007525,,
sample_00110,1,2,1326981,0.040496246337890625,12.630197525024414,0.07517974823713303,168.0,62.0,38062,bright,False,9.475000000000001,5.520132064819336,2.070127487182617,2.070127487182617,"[2.028096604347229, 2.1000988245010377]",0.07200222015380886,True,49.85860061645508,9.032139092144503,51,51,0.0,0.0,64,16.5,-15.5,15.5,2.5,9.475000000000001,2.1301345825195312,2.1530416152056526,2.1301345825195312,3.4070825576782227,0.8823529411764706,0.6078431372549019,4.892739295959473,277.56910091909697,743.0,-1.3921022990676608,2.120047152042389,0.7542493131660779,15.882824897766113,0.018375,,
sample_00111,1,2,1830457,0.05586111450195313,11.81348705291748,0.06949110329151154,170.0,54.0,38354,bright,False,6.7250000000000005,3.83687162399292,1.4106755256652832,1.4106755256652832,"[1.3778764247894286, 1.4412230968475341]",0.06334667205810551,True,62.31296157836914,16.240564627888663,87,87,0.0,0.0,64,10.5,-12.5,10.5,2.0,6.7250000000000005,1.3268465995788574,1.4070899787990527,1.3268465995788574,2.6500908851623546,0.6666666666666666,0.21839080459770116,4.0562872886657715,341.2445212817445,346.0,0.8781748648091707,1.6421918720006943,0.6796029637914162,27.274377822875977,0.007375,,
sample_00112,1,2,1758475,0.05366439819335937,15.839470863342285,0.09208994358778,172.0,56.0,38250,bright,False,8.525,7.051715850830078,1.9807367324829102,1.9807367324829102,"[1.8979671478271485, 2.064845061302185]",0.16687791347503667,True,26.957244873046875,3.8227922740071354,60,60,0.0,0.0,64,15.0,-14.5,14.5,2.0,8.525,1.5566868782043457,1.4264718294143677,1.9418201446533203,3.7029694557189945,0.7166666666666667,0.48333333333333334,6.299144744873047,123.00963667876215,643.0,0.4513511770199453,2.292817860841751,0.7718594769286014,12.504405975341797,0.046225,,
sample_00113,1,2,1286808,0.039270263671875,12.00140380859375,0.07101422548294067,169.0,65.0,37862,bright,False,12.275,5.243100166320801,3.1462173461914062,3.1462173461914062,"[3.1101410388946533, 3.1910175561904905]",0.08087651729583722,True,64.40724182128906,12.284190608260884,61,61,0.0,0.0,64,24.5,-19.5,19.5,3.5,12.275,2.9366769790649414,3.0514901270631882,2.9366769790649414,4.317668914794922,0.9672131147540983,0.8524590163934426,4.936201095581055,312.4646272344393,575.0,2.1236058447628725,2.52512179967016,0.8053613053613053,17.390911102294922,0.009325,,
sample_00114,1,2,909848,0.027766357421875,16.289472579956055,0.09255382418632507,176.0,58.0,38800,bright,False,12.025,7.492280960083008,0.7792978286743164,0.7792978286743164,"[0.7014053344726563, 0.8439360141754151]",0.1425306797027588,True,28.791419982910156,3.842811039295458,39,40,0.025,0.0,64,24.5,-26.0,24.5,1.0,12.025,0.3370170593261719,0.12247929206261268,1.073918342590332,3.4087795257568363,0.5384615384615384,0.3076923076923077,-5.651510238647461,170.6066007947378,904.0,0.14327315576290423,2.038153674453497,0.7348336308565743,11.98951530456543,0.052075,,
sample_00115,1,2,1346143,0.041081024169921876,12.523566246032715,0.07683169841766357,163.0,68.0,38145,bright,False,10.875,5.631618022918701,2.5608911514282227,2.5608911514282227,"[2.5148088216781614, 2.6021492004394533]",0.08734037876129186,True,45.49906539916992,8.079217236326178,55,55,0.0,0.0,64,26.5,-17.5,17.5,3.0,10.875,2.594228744506836,2.638210331309925,2.594228744506836,4.18416690826416,0.9636363636363636,0.7272727272727273,5.6290740966796875,231.49594409183103,653.0,1.4748516341990832,2.2371596731245518,0.7668657173480324,14.733098030090332,0.02305,,
sample_00116,1,2,1905745,0.05815872192382812,15.47348690032959,0.08841992169618607,175.0,53.0,36151,bright,False,9.925,6.1287641525268555,2.0608110427856445,2.0608110427856445,"[1.9822497367858887, 2.1427019119262694]",0.16045217514038068,True,33.237030029296875,5.423121073372261,83,83,0.0,0.0,64,18.0,-16.5,16.5,2.5,9.925,1.9805879592895508,1.6248021585395538,2.2753591537475586,3.958627128601074,0.7710843373493976,0.5662650602409639,6.028136253356934,144.80079272584098,345.0,0.7395756676002989,2.224886476062238,0.7654194078947368,15.314720153808594,0.02455,,
sample_00117,1,2,1325945,0.04046463012695312,14.655101776123047,0.08326762169599533,176.0,52.0,31177,bright,False,15.825000000000001,5.297063827514648,2.7388811111450195,2.7388811111450195,"[2.6376017570495605, 2.8477337837219237]",0.2101320266723632,True,35.80458068847656,6.759325893431015,63,63,0.0,0.0,64,,-28.5,28.5,3.0,15.825000000000001,2.822800636291504,2.2851510729108537,2.858647346496582,4.736067771911622,0.7619047619047619,0.6190476190476191,6.541306495666504,186.2417620807772,449.0,0.9991506182133778,2.300581943243742,0.7723586825111314,18.13106918334961,0.012375,,
sample_00118,1,2,2221332,0.0677896728515625,14.59095573425293,0.08385606855154037,174.0,50.0,37287,bright,False,11.775,4.773340225219727,2.5461111068725586,2.5461111068725586,"[2.4904977083206177, 2.598005676269531]",0.10750796794891349,True,41.31037139892578,8.654394920492846,81,81,0.0,0.0,64,26.5,-19.5,19.5,3.0,11.775,2.432530403137207,2.2910820407631958,2.4472732543945312,4.181638717651367,0.9259259259259259,0.6790123456790124,6.2247314453125,204.8439571142885,431.0,1.273914518901409,2.3339468762278557,0.783891011989848,20.725475311279297,0.008975,,
sample_00119,1,2,2203653,0.06725015258789062,13.797972679138184,0.08068989962339401,171.0,50.0,37254,bright,False,10.2,4.131444454193115,2.4418983459472656,2.4418983459472656,"[2.3628573179244996, 2.5071867942810058]",0.14432947635650617,True,35.63594436645508,8.625541202735327,75,75,0.0,0.0,64,25.5,-16.0,16.0,3.0,10.2,2.377706527709961,2.2239614486694337,2.624800682067871,4.1368711471557615,0.8533333333333334,0.64,5.597935676574707,227.30471003288545,426.0,1.1727932129765275,2.274861928075552,0.7727858481724461,23.14960479736328,0.01275,,
sample_00120,1,2,604228,0.0184395751953125,14.22547435760498,0.0822281762957573,173.0,51.0,33527,bright,False,11.325000000000001,4.758400917053223,2.9792308807373047,2.9792308807373047,"[2.867279863357544, 3.1115116834640504]",0.24423182010650635,True,34.750450134277344,7.302968106310295,27,27,0.0,0.0,64,24.0,-18.5,18.5,3.0,11.325000000000001,2.0083017349243164,2.578915066189236,2.0083017349243164,5.3881715774536145,0.8888888888888888,0.5185185185185185,6.838515281677246,352.13044801203915,1302.0,-1.191894556187058,2.2853576242923737,0.7686084629033714,21.171459197998047,0.012675,,
sample_00121,1,2,589924,0.0180030517578125,12.267716407775879,0.07259003818035126,169.0,52.0,38200,bright,False,7.625,3.8899104595184326,1.8009986877441406,1.8009986877441406,"[1.756728506088257, 1.8455384969711304]",0.08880999088287345,True,45.50980758666992,11.699448627489486,63,66,0.045454545454545456,0.0,64,29.0,-12.5,12.5,2.0,7.625,1.690394401550293,1.2071666490463984,2.0874500274658203,3.229135894775391,0.8095238095238095,0.5238095238095238,5.287578582763672,396.0732237976739,586.0,-0.5474326766276565,2.023032173514366,0.752298930407001,25.314498901367188,0.0063,,
sample_00122,1,2,904541,0.027604400634765627,14.891096115112305,0.08092986792325974,184.0,53.0,35544,bright,False,6.575,5.3552775382995605,0.6320199966430664,0.6320199966430664,"[0.5648530840873718, 0.6986857533454895]",0.13383266925811776,True,40.688751220703125,7.597879088377343,56,56,0.0,0.0,64,13.5,-16.5,13.5,0.5,6.575,0.32439160346984863,0.7061234031404767,0.8598029613494873,3.22194766998291,0.42857142857142855,0.21428571428571427,5.670080184936523,226.35732303508513,534.0,-0.24229416010121918,1.96130551956594,0.7277455318659847,20.45496368408203,0.0125,,
sample_00123,1,2,1218657,0.03719046020507812,13.08435344696045,0.07269085198640823,180.0,53.0,37033,bright,False,10.1,4.288909435272217,1.6922178268432617,1.6922178268432617,"[1.638612151145935, 1.7472705125808716]",0.10865836143493657,True,56.71865463256836,13.224493426256839,64,64,0.0,0.0,64,21.5,-18.0,18.0,2.0,10.1,1.4873361587524414,1.499755784869194,1.5538649559020996,3.350357723236084,0.75,0.4375,6.604135513305664,348.4058725521364,513.0,0.7414673598725966,1.9358546510338783,0.7266516108744747,25.540695190429688,0.0071,,
sample_00124,1,2,1282032,0.03912451171875,13.121789932250977,0.07718700170516968,170.0,58.0,38875,bright,False,11.825000000000001,5.597973823547363,3.088820457458496,3.088820457458496,"[3.0329753398895263, 3.1383765935897827]",0.10540125370025644,True,56.96522521972656,10.176043514192147,58,58,0.0,0.0,64,25.5,-18.5,18.5,3.5,11.825000000000001,3.1653075218200684,3.026178738166546,3.1653075218200684,4.59151725769043,0.9137931034482759,0.8620689655172413,5.767304420471191,298.2727280984575,670.5,1.7285850077553047,2.4442922826856375,0.7972347347347347,16.576202392578125,0.018,,
sample_00125,1,2,1463636,0.0446666259765625,18.510562896728516,0.10638254880905151,174.0,93.0,37591,bright,False,10.425,10.668954849243164,2.3286428451538086,2.3286428451538086,"[2.206840753555298, 2.4329492330551146]",0.22610847949981672,True,29.97272491455078,2.8093403091566174,79,79,0.0,0.0,64,26.5,-16.5,16.5,3.0,10.425,1.9354496002197266,1.998729313476176,2.131279945373535,4.4396253585815435,0.7341772151898734,0.5316455696202531,7.554736137390137,79.89139298836973,475.0,-0.6827991360656105,2.250226102536544,0.764519916900009,7.658317565917969,0.108775,,
sample_00126,1,2,961431,0.029340545654296876,15.52008056640625,0.08818227797746658,176.0,55.0,33974,bright,False,13.35,6.315951824188232,2.152547836303711,2.152547836303711,"[2.0561378717422487, 2.2517791271209715]",0.1956412553787228,True,34.744022369384766,5.500995469332969,47,48,0.020833333333333332,0.0,64,23.0,-29.0,23.0,3.0,13.35,2.2031517028808594,2.028292899436139,2.2031517028808594,4.504362869262694,0.8297872340425532,0.5531914893617021,7.237430572509766,210.29224673300712,608.0,0.8524922153368649,2.1737041287124157,0.7594704804680574,14.407150268554688,0.065875,,
sample_00127,1,2,622713,0.019003692626953124,18.431800842285156,0.10297095775604248,179.0,67.0,35481,bright,False,9.975000000000001,9.733448028564453,2.708087921142578,2.708087921142578,"[2.565121650695801, 2.879562067985535]",0.31444041728973415,True,35.27266311645508,3.623861042144723,29,29,0.0,0.0,64,,-15.5,15.5,3.0,9.975000000000001,1.6699552536010742,2.2761531862719306,1.9289731979370117,4.403689384460449,0.8620689655172413,0.4482758620689655,9.036859512329102,159.3495232379866,1258.0,1.1924419548668526,2.303275005891919,0.7735620340626704,9.888219833374023,0.051825,,
sample_00128,1,2,1326510,0.04048187255859375,13.374345779418945,0.07686405628919601,174.0,52.0,35437,bright,False,12.9,4.48785924911499,2.3414793014526367,2.3414793014526367,"[2.1945140838623045, 2.4762721061706543]",0.2817580223083498,True,29.136085510253906,6.4922012685668715,61,61,0.0,0.0,64,24.0,-22.0,22.0,3.0,12.9,2.3270063400268555,2.34240680444436,2.385899543762207,5.927743911743164,0.8360655737704918,0.639344262295082,-9.054912567138672,225.94605528688155,505.0,0.07836586999292336,2.321709033101797,0.7700886037274671,19.56331443786621,0.029075,,
sample_00129,1,2,1193080,0.036409912109375,13.039507865905762,0.07581109553575516,172.0,50.0,37575,bright,False,8.075,4.036550521850586,1.8320465087890625,1.8320465087890625,"[1.7585531949996949, 1.9142147779464722]",0.15566158294677734,True,23.141311645507812,5.732942402241632,67,69,0.028985507246376812,0.0,64,14.0,-13.5,13.5,2.0,8.075,1.576725959777832,1.1408046252691924,2.017336845397949,3.620433235168457,0.7761194029850746,0.5074626865671642,5.804935455322266,208.33487079297421,490.0,0.6337949231694735,2.252620159066282,0.7658764998536728,23.742324829101562,0.01275,,
sample_00130,1,2,947977,0.028929962158203124,11.157279968261719,0.06524725258350372,171.0,51.0,37883,bright,False,8.25,3.5745644569396973,1.3781147003173828,1.3781147003173828,"[1.307241106033325, 1.4504429817199707]",0.14320187568664555,True,44.307430267333984,12.395196897712971,66,66,0.0,0.0,64,32.0,-15.0,15.0,1.5,8.25,1.5789031982421875,1.688535249594486,1.6031734943389893,4.134055137634277,0.7424242424242424,0.4090909090909091,6.675152778625488,384.65178817074076,499.5,-0.7660507789746798,2.0294854883104563,0.7368054951743327,29.26683235168457,0.00825,,
sample_00131,1,2,1027486,0.03135638427734375,6.471398830413818,0.0417509600520134,155.0,68.0,34868,bright,False,16.0,2.5754246711730957,0.25330162048339844,0.25330162048339844,"[0.19891691207885742, 0.3034103393554688]",0.10449342727661137,True,42.84767150878906,16.637128621305052,56,56,0.0,0.0,64,35.0,-40.0,35.0,0.5,16.0,0.15678691864013672,0.506131649017334,0.9302396774291992,3.376476764678955,0.4642857142857143,0.25,7.941377639770508,500.61711025953286,577.5,-0.3161022921298846,1.8899831250309944,0.7163071504936797,23.862751007080078,0.014225,,
sample_00132,1,2,1752199,0.05347286987304688,6.056825160980225,0.03715843707323074,163.0,57.0,35915,bright,False,13.6,2.371184825897217,0.5564441680908203,0.5564441680908203,"[0.5110655784606933, 0.6099652051925659]",0.09889962673187258,True,40.69671630859375,17.163030002604202,89,89,0.0,0.0,64,28.0,-31.5,28.0,1.0,13.6,0.4141712188720703,0.6684826947330089,1.1211223602294922,2.852902984619141,0.5617977528089888,0.25842696629213485,7.798931121826172,398.2623470068383,352.0,0.30039452382430737,1.8998203985393047,0.7117572291070862,25.266368865966797,0.019825,,
sample_00133,1,2,1331784,0.040642822265625,5.323369026184082,0.035968709737062454,148.0,54.0,36107,bright,False,16.0,1.8255541324615479,0.7590408325195312,0.7590408325195312,"[0.7049800395965576, 0.8028043270111084]",0.09782428741455074,True,33.13446807861328,18.150361848725513,61,61,0.0,0.0,64,,-35.0,35.0,1.0,16.0,0.7399692535400391,1.1429839056046283,0.8556251525878906,2.868621826171875,0.45901639344262296,0.18032786885245902,12.491695404052734,541.9870480593466,555.0,-0.48479948445549703,1.825901247560978,0.7027478941224722,29.169635772705078,0.015325,,
sample_00134,1,2,1475222,0.04502020263671875,5.018221855163574,0.03279883414506912,153.0,52.0,35539,bright,False,14.05,1.6501859426498413,0.5580987930297852,0.5580987930297852,"[0.5180278539657592, 0.6034911632537842]",0.08546330928802492,True,41.68939208984375,25.263451234410354,69,69,0.0,0.0,64,29.0,-33.0,29.0,1.0,14.05,0.6720390319824219,1.1495422971421394,0.7525234222412109,2.875570106506348,0.4492753623188406,0.21739130434782608,8.549099922180176,644.6409963002499,514.0,0.47054851871258374,1.7418190208263695,0.6910108883939619,36.20391082763672,0.010025,,
sample_00136,1,2,1293270,0.03946746826171875,6.455130100250244,0.04191642999649048,154.0,61.0,37004,bright,False,11.975,2.5400688648223877,-0.048134803771972656,-0.048134803771972656,"[-0.080958890914917, -0.00634009838104247]",0.07461879253387453,True,32.035621643066406,12.612107524614878,59,61,0.03278688524590164,0.0,64,30.0,-25.5,25.5,0.5,11.975,-0.04393577575683594,-0.38887862027701686,0.7233152389526367,4.470401382446294,0.4067796610169492,0.23728813559322035,-11.004053115844727,423.95601847169087,571.0,-0.03192104018591458,1.7963759899139404,0.7019389302908395,23.367414474487305,0.0254,,
sample_00137,1,2,738529,0.022538116455078125,6.432223796844482,0.03970508649945259,162.0,68.0,36620,bright,False,12.700000000000001,2.5157268047332764,0.23703575134277344,0.23703575134277344,"[0.18938825130462647, 0.27674305438995367]",0.0873548030853272,True,41.226078033447266,16.38734299602065,56,62,0.0967741935483871,0.0,64,,-26.0,26.0,1.0,12.700000000000001,0.46471500396728516,0.6489881277084351,1.3132977485656738,4.002809524536133,0.625,0.2857142857142857,8.2102689743042,525.1503491718423,592.0,-0.25061951008558386,1.8506771586835384,0.7125484782751594,23.103694915771484,0.02275,,
sample_00138,1,2,1051355,0.032084808349609376,6.453823089599609,0.04033639281988144,160.0,70.0,35669,bright,False,10.450000000000001,2.5610570907592773,0.4195375442504883,0.4195375442504883,"[0.3565071105957031, 0.4910580635070801]",0.13455095291137698,True,26.26850128173828,10.256897972528387,68,73,0.0684931506849315,0.0,64,,-21.0,21.0,1.0,10.450000000000001,0.34380292892456055,0.42691811393289003,1.4530558586120605,5.817964553833008,0.6323529411764706,0.4117647058823529,8.741028785705566,344.6250206962919,391.0,-0.10743130224335411,2.0063289122190326,0.7286543243990052,22.219482421875,0.032825,,
sample_00139,1,2,1551900,0.0473602294921875,5.907505989074707,0.0369219109416008,160.0,64.0,38433,bright,False,11.35,2.3112857341766357,0.33881378173828125,0.33881378173828125,"[0.2915108442306519, 0.3813366413116455]",0.08982579708099364,True,37.37748718261719,16.171729280340326,81,83,0.024096385542168676,0.0,64,,-23.0,23.0,1.0,11.35,0.3436594009399414,0.9095177238370166,1.1212654113769531,4.187530517578125,0.5555555555555556,0.2962962962962963,-10.664749145507812,396.5087260942827,430.0,-0.3448052031657814,1.816014550626278,0.7046262184983536,23.342910766601562,0.027475,,
sample_00140,1,2,1716503,0.05238351440429687,6.118395805358887,0.03922048583626747,156.0,58.0,35297,bright,False,13.1,2.375347375869751,0.16024303436279297,0.16024303436279297,"[0.11134777069091797, 0.20414059162139891]",0.09279282093048094,True,32.515907287597656,13.688906143966298,76,79,0.0379746835443038,0.0,64,28.0,-41.5,28.0,0.5,13.1,0.11840105056762695,0.21383757340280632,0.506497859954834,2.9968457221984863,0.35526315789473684,0.14473684210526316,-11.75148868560791,344.8838433185925,390.5,0.20959490997277883,1.7295037060976028,0.6862841262056564,23.27239418029785,0.036225,,
sample_00141,1,2,945122,0.05633366107940674,5.605889797210693,0.037877634167671204,148.0,0.0,39129,bright,False,7.075,1e-06,0.5978341102600098,0.5978341102600098,"[0.542835807800293, 0.6639524579048157]",0.12111665010452277,True,22.811988830566406,22811988.830566406,32,32,0.0,0.0,64,,-13.5,13.5,1.0,7.075,0.5759761333465576,0.7658046334981918,1.0399353504180908,2.2424136161804213,0.53125,0.125,3.2147598266601562,944448272.5153389,1278.0,-0.35384298426629823,2.0158340204507113,0.7335734122745445,64316496.0,0.0,,
sample_00142,1,2,567549,0.033828556537628174,6.206550121307373,0.04193614795804024,148.0,0.0,38713,bright,False,12.575000000000001,1e-06,1.5988750457763672,1.5988750457763672,"[1.5099451780319213, 1.7098028659820557]",0.19985768795013437,True,34.501747131347656,34501747.131347656,32,32,0.0,0.0,64,23.5,-24.5,23.5,2.0,12.575000000000001,0.8184518814086914,0.7679754793643951,1.6914558410644531,3.8649963378906254,0.65625,0.4375,10.892363548278809,1767583857.48066,1229.0,-0.7060668286866078,2.278616461902857,0.7696884735202493,70524816.0,0.0,,
sample_00143,1,2,756666,0.04510080814361572,5.199617862701416,0.03537154942750931,147.0,0.0,36946,bright,False,6.175,1e-06,1.3055715560913086,1.3055715560913086,"[1.250946819782257, 1.347041416168213]",0.09609459638595585,True,24.528106689453125,24528106.689453125,27,28,0.03571428571428571,0.0,64,18.0,-11.5,11.5,1.0,6.175,0.6681833267211914,1.08481259699221,1.713228702545166,3.1963541984558113,0.5185185185185185,0.4444444444444444,3.9091434478759766,1176839421.8431513,1277.0,0.5558388494757336,2.096463955938816,0.7421327272145213,68694224.0,0.0,,
sample_00144,1,2,930434,0.0554581880569458,6.577192783355713,0.04444049298763275,148.0,38.0,37084,bright,False,9.6,0.8357773423194885,1.225794792175293,1.225794792175293,"[1.180934238433838, 1.2648677587509156]",0.08393352031707768,True,38.52556610107422,46.09548997123595,40,40,0.0,0.0,64,,-18.0,18.0,1.5,9.6,1.4477667808532715,1.4633599996566773,1.4477667808532715,2.5655653953552253,0.65,0.275,4.434181213378906,1599.167697691164,1002.5,0.7946384602906187,1.9345216155052185,0.7249077218367046,90.09081268310547,0.0019,,
sample_00145,1,2,859863,0.05125182867050171,6.126934051513672,0.04139820486307144,148.0,0.0,36971,bright,False,7.8,0.14588235318660736,0.9028749465942383,0.9028749465942383,"[0.8403879642486572, 0.9645182847976684]",0.12413032054901119,True,34.90625,239.27671330712087,39,39,0.0,0.0,64,14.0,-18.5,14.0,1.5,7.8,0.940281867980957,0.9502694423382099,1.2037010192871094,3.737954330444337,0.6153846153846154,0.3333333333333333,4.880072593688965,8331.16644835269,977.0,-0.6272984173668731,1.9386722669005394,0.7238095238095238,485.222412109375,0.000325,,
sample_00146,1,2,794400,0.04734992980957031,4.908477783203125,0.03294280543923378,149.0,0.0,36383,bright,False,6.8500000000000005,1e-06,0.8704237937927246,0.8704237937927246,"[0.8264785766601562, 0.9210615158081055]",0.09458293914794924,True,44.065673828125,44065673.828125,32,32,0.0,0.0,64,19.5,-13.0,13.0,1.0,6.8500000000000005,0.9031524658203125,1.0778361111879349,0.9334850311279297,3.487193965911865,0.4375,0.21875,4.0950798988342285,1660482192.9478621,1105.0,0.6182506230613207,1.7851443849503994,0.6953991049752845,78958192.0,0.0,,
sample_00147,1,2,1531014,0.027038680182562932,2.914776086807251,0.020241500809788704,144.0,0.0,37240,bright,False,6.4,1e-06,0.8682265281677246,0.8682265281677246,"[0.8202113628387451, 0.9180896282196045]",0.09787826538085942,True,28.616165161132812,28616165.161132812,49,49,0.0,0.0,64,14.0,-12.0,12.0,1.0,6.4,0.7984867095947266,1.0001423018319267,0.7984867095947266,2.5392910957336428,0.40816326530612246,0.1836734693877551,3.962296962738037,935015973.7457923,755.0,0.39731352376068124,1.9678558893501759,0.7229793304397972,70182368.0,0.0,,
sample_00148,1,2,2336115,0.07129257202148437,17.274337768554688,0.09985166043043137,173.0,101.0,36094,bright,False,9.25,10.123513221740723,,1.6155633926391602,"[1.4803951978683472, 1.811245083808899]",0.33084988594055176,False,17.03252410888672,1.6824716613505841,79,79,0.0,0.0,64,18.5,-15.0,15.0,2.5,9.25,1.3656702041625977,1.1078036706658858,1.6640372276306152,3.719866752624513,0.6962025316455697,0.35443037974683544,-7.848036766052246,52.210163292288875,408.0,-0.25334412047759935,2.248026786313858,0.7662198555514751,6.2447052001953125,0.171675,,
sample_00149,1,2,1696990,0.05178802490234375,17.87628746032715,0.10453969240188599,171.0,87.0,36361,bright,False,9.475000000000001,10.160405158996582,2.1032819747924805,2.1032819747924805,"[2.0254702806472777, 2.1911246299743654]",0.16565434932708767,True,24.71857452392578,2.4328335471975344,59,61,0.03278688524590164,0.0,64,19.0,-15.5,15.5,2.5,9.475000000000001,2.0470104217529297,2.066366017875025,2.0470104217529297,4.509576797485352,0.7627118644067796,0.5084745762711864,7.832000732421875,85.88860887711422,567.0,0.45746148664159464,2.3147967346012592,0.7751493870510688,8.04532241821289,0.096725,,
sample_00150,1,2,388047,0.011842254638671876,16.84000587463379,0.09734107553958893,173.0,107.0,34502,bright,False,11.525,9.809103965759277,4.77845573425293,4.77845573425293,"[4.6806450366973875, 4.8884899616241455]",0.207844924926758,True,21.611526489257812,2.203211074599408,18,18,0.0,0.0,64,14.5,-16.5,14.5,5.0,11.525,3.9854698181152344,2.5428829987843833,4.506364822387695,7.04234848022461,0.8333333333333334,0.7222222222222222,7.777864456176758,131.15965004366907,2156.5,0.6357639346598803,2.5746389776468277,0.7970545395695097,7.076598167419434,0.156375,,
sample_00151,1,2,1137440,0.0347119140625,16.447301864624023,0.09292261302471161,177.0,101.0,38398,bright,False,14.95,9.401471138000488,,2.649317741394043,"[2.5035547733306887, 2.794129991531372]",0.2905752182006833,False,10.949119567871094,1.164617686652789,53,53,0.0,0.0,64,11.0,-22.5,11.0,10.0,14.95,1.4489717483520508,0.9281132356175836,2.369187355041504,6.945612907409671,0.8679245283018868,0.6037735849056604,-9.965002059936523,73.43314244705138,780.0,0.167123489532101,2.49682268477045,0.7952567658028115,5.591587066650391,0.195725,,
sample_00152,1,2,1293706,0.03948077392578125,16.15118980407715,0.094451405107975,171.0,105.0,37959,bright,False,9.25,9.245363235473633,,2.8409900665283203,"[2.6434664487838746, 3.052105259895325]",0.4086388111114503,False,10.044822692871094,1.0864713951237748,59,62,0.04838709677419355,0.0,64,38.0,-15.0,15.0,2.5,9.25,1.6396074295043945,1.646396232863604,2.2465038299560547,5.789491844177246,0.8135593220338984,0.576271186440678,8.377368927001953,58.075508769270606,626.0,0.08783521789787602,2.5136908288113773,0.7940086867654573,5.802180290222168,0.188375,,
sample_00153,1,2,910775,0.027794647216796874,17.54478645324707,0.10260108858346939,171.0,100.0,38418,bright,False,11.925,10.317399024963379,,4.136214256286621,"[3.9890856981277465, 4.351289892196656]",0.36220419406890914,False,16.05516815185547,1.556125542203933,41,41,0.0,0.0,64,21.0,-16.5,16.5,4.5,11.925,3.5789594650268555,3.161685455136183,3.5789594650268555,6.746329307556152,0.9024390243902439,0.7560975609756098,10.6276216506958,81.9779319366125,1019.0,0.34368629953220503,2.511564999818802,0.7969697942413251,6.118371963500977,0.1825,,
sample_00154,1,2,2244139,0.06848568725585938,16.63434600830078,0.09451332688331604,176.0,104.0,38325,bright,False,5.95,9.611801147460938,,1.1109704971313477,"[1.0007943749427795, 1.2223950266838073]",0.22160065174102783,False,11.223831176757812,1.1677136266726358,83,86,0.03488372093023256,0.0,64,16.0,-11.0,11.0,1.0,5.95,1.0011076927185059,1.0320247742066901,1.2785611152648926,3.660838890075683,0.6144578313253012,0.2891566265060241,5.301966667175293,35.017383762718445,430.0,0.0759790265519629,2.225623233243823,0.7636391344102408,5.532607555389404,0.1911,,
sample_00155,1,2,1206772,0.0368277587890625,16.50322723388672,0.09594899415969849,172.0,106.0,36386,bright,False,8.425,9.338495254516602,,1.0292415618896484,"[0.915047550201416, 1.1406060457229614]",0.2255584955215454,False,15.31646728515625,1.6401429639050658,54,54,0.0,0.0,64,23.0,-16.5,16.5,1.0,8.425,0.7873311042785645,0.7150716605009856,1.197263240814209,4.74295654296875,0.6111111111111112,0.37037037037037035,-7.055891513824463,59.823852777244085,674.0,-0.2530822023666694,2.111057359725237,0.7428467727300224,5.687382221221924,0.19615,,
sample_00156,1,2,2775634,0.08470562744140625,17.35198402404785,0.10147359222173691,171.0,100.0,36078,bright,False,12.65,9.969622611999512,,3.2159061431884766,"[2.975188446044922, 3.5118933200836184]",0.5367048740386964,False,16.723289489746094,1.6774245265430427,83,83,0.0,0.0,64,22.5,-17.0,17.0,5.0,12.65,2.547093391418457,2.4106942257249213,2.8771848678588867,5.771885681152344,0.8313253012048193,0.6024096385542169,-11.193115234375,55.06009682818182,378.0,0.3018601252625039,2.296324037015438,0.769542159600841,6.130747318267822,0.1718,,
sample_00157,1,2,2186054,0.06671307373046875,15.49998664855957,0.08959529548883438,173.0,101.0,39453,bright,False,5.45,8.604207992553711,,0.4433603286743164,"[0.3674116492271423, 0.5328220009803772]",0.16541035175323493,False,12.134559631347656,1.4103052415572934,68,69,0.014492753623188406,0.0,64,23.5,-11.0,11.0,0.5,5.45,0.26090335845947266,0.19824803576749914,0.7090928554534912,2.43173623085022,0.38235294117647056,0.14705882352941177,-4.244756698608398,41.16367957472777,601.5,0.11997319998453834,2.0975032560527325,0.7452892661489374,5.77093505859375,0.1628,,
sample_00158,1,2,956630,0.02919403076171875,17.54446792602539,0.1002541035413742,175.0,103.0,37466,bright,False,10.475000000000001,10.117504119873047,,2.8535690307617188,"[2.674807405471802, 3.017193555831909]",0.34238615036010733,False,10.3922119140625,1.0271517353425006,41,41,0.0,0.0,64,19.0,-15.5,15.5,3.5,10.475000000000001,2.641963005065918,2.3289322969390125,2.7042369842529297,6.066743850708008,0.9024390243902439,0.7560975609756098,7.85931396484375,53.033201264128984,864.0,0.5165578304816392,2.4488822277635336,0.7856337322222918,4.572674751281738,0.273725,,
sample_00159,1,2,1858780,0.0567254638671875,17.152084350585938,0.10089461505413055,170.0,98.0,34320,bright,False,10.575,9.932411193847656,,3.1126298904418945,"[3.005281615257263, 3.2133745431900023]",0.20809292793273926,False,15.78997802734375,1.5897426837427344,59,59,0.0,0.0,64,22.0,-13.5,13.5,4.5,10.575,2.5996150970458984,1.9633350695593883,2.862675666809082,5.459335136413575,0.8983050847457628,0.711864406779661,9.03041934967041,59.996073589569434,557.0,0.3446396415796087,2.4696768447756767,0.7871313504873538,5.55912971496582,0.2069,,
sample_00160,1,2,1591803,0.04857797241210938,15.102051734924316,0.08679340034723282,174.0,102.0,38866,bright,False,5.7250000000000005,8.328850746154785,,1.5263862609863281,"[1.3012407898902894, 1.7311151027679443]",0.429874312877655,False,5.739776611328125,0.689143891067808,51,55,0.07272727272727272,0.0,64,17.5,-10.5,10.5,1.0,5.7250000000000005,0.11185836791992188,0.10548169940125708,1.905710220336914,4.2429609298706055,0.7254901960784313,0.45098039215686275,-5.007950305938721,42.75066407639819,665.0,0.029883290004091484,2.4145276471972466,0.7795547871190837,5.854953765869141,0.1739,,
sample_00161,1,2,3655371,0.11155307006835938,13.093194007873535,0.060616638511419296,216.0,134.0,37718,bright,False,10.025,7.000119209289551,3.1046152114868164,3.1046152114868164,"[2.997669816017151, 3.1786964893341065]",0.18102667331695566,True,15.46160888671875,2.208763654510387,78,79,0.012658227848101266,0.0,64,18.0,-14.5,14.5,3.5,10.025,2.8213915824890137,1.8231150737175574,3.233093023300171,6.2230979919433596,0.8205128205128205,0.7307692307692307,-9.121057510375977,68.38093509502778,438.5,0.5725531840881428,2.52065771445632,0.7853026465514077,8.51911735534668,0.13435,,
sample_00162,1,2,908512,0.0277255859375,13.9487943649292,0.06144843250513077,227.0,124.0,38632,bright,False,11.225,7.370593547821045,1.9730615615844727,1.9730615615844727,"[1.9317666053771974, 2.015883469581604]",0.08411686420440656,True,53.50885009765625,7.259774908287403,37,37,0.0,0.0,64,20.5,-20.5,20.5,2.0,11.225,1.5952510833740234,1.6668049322592247,1.7510318756103516,3.787030410766601,0.6756756756756757,0.4594594594594595,6.054319381713867,288.8811397925353,1068.0,0.9671128754142951,2.1772064566612244,0.7594959992642325,11.348514556884766,0.0706,,
sample_00163,1,2,3178029,0.09698574829101562,12.190733909606934,0.057775989174842834,211.0,133.0,38055,bright,False,10.875,6.255764961242676,2.7725133895874023,2.7725133895874023,"[2.6936731576919555, 2.873899960517883]",0.18022680282592773,True,20.836349487304688,3.3307436606706613,83,83,0.0,0.0,64,23.5,-17.5,17.5,3.0,10.875,2.738070487976074,2.739689694829734,3.0698814392089844,6.984519958496093,0.8433734939759037,0.6746987951807228,9.2747802734375,93.49036589959807,413.0,0.6638636348474196,2.3773099407553673,0.7735121915067071,9.730842590332031,0.10225,,
sample_00164,1,2,3037627,0.09270101928710937,11.909486770629883,0.05565180629491806,214.0,129.0,36341,bright,False,13.450000000000001,6.03759765625,3.646103858947754,3.646103858947754,"[3.5793572425842286, 3.7004968166351317]",0.12113957405090314,True,35.67510223388672,5.908824049737161,85,86,0.011627906976744186,0.0,64,24.5,-21.0,21.0,4.0,13.450000000000001,3.292840003967285,3.336440512713264,3.5647077560424805,7.089109992980962,0.9411764705882353,0.7529411764705882,10.003006935119629,145.6199074664184,355.0,1.1237701116598269,2.493390638846904,0.7849540749380376,11.036407470703125,0.092725,,
sample_00165,1,2,2955296,0.0901884765625,12.014982223510742,0.05748795345425606,209.0,139.0,37124,bright,False,8.75,6.0820112228393555,1.2988357543945312,1.2988357543945312,"[1.2269875288009644, 1.373834753036499]",0.14684722423553453,True,19.068931579589844,3.1353002947415827,67,68,0.014705882352941176,0.0,64,15.0,-16.0,15.0,2.0,8.75,1.402374267578125,1.4812943757469974,1.8279123306274414,5.520139694213867,0.7313432835820896,0.4626865671641791,-8.079769134521484,112.24903861489406,545.0,-0.39546456924110984,2.2140095066279173,0.7509112575353989,10.731159210205078,0.091025,,
sample_00166,1,2,3536225,0.10791702270507812,13.081016540527344,0.0617029070854187,212.0,137.0,38743,bright,False,8.025,6.446683406829834,1.4537057876586914,1.4537057876586914,"[1.3813350915908813, 1.517418622970581]",0.13608353137969975,True,18.066085815429688,2.8023845247759285,83,90,0.07777777777777778,0.0,64,14.5,-14.5,14.5,1.5,8.025,1.473175048828125,1.2876762424606876,2.0929555892944336,4.28001480102539,0.7108433734939759,0.5301204819277109,-5.815333843231201,90.89913469102459,423.0,0.4226796885279312,2.2078875564038754,0.7551943462897527,9.641780853271484,0.107275,,
sample_00167,1,2,2507080,0.076510009765625,14.352592468261719,0.0652390569448471,220.0,134.0,36673,bright,False,9.575,7.026101112365723,3.101940155029297,3.101940155029297,"[3.045391583442688, 3.1497145175933836]",0.10432293415069571,True,23.593368530273438,3.3579602902027457,55,56,0.017857142857142856,0.0,64,13.5,-13.5,13.5,3.5,9.575,3.217228889465332,2.9703350934115322,3.224863052368164,4.9677879333496096,0.9454545454545454,0.8181818181818182,7.8921308517456055,109.19612742687532,691.0,0.9369516400654011,2.4812909346073866,0.7849794978778505,8.527281761169434,0.1244,,
sample_00168,1,2,1259100,0.0384246826171875,15.939468383789062,0.06505905091762543,245.0,101.0,35973,bright,False,11.775,7.38070011138916,2.9095306396484375,2.9095306396484375,"[2.864651322364807, 2.9530694246292115]",0.08841810226440439,True,74.3477783203125,10.073269093481583,59,59,0.0,0.0,64,20.0,-19.5,19.5,3.0,11.775,2.6355209350585938,2.8932894528922386,2.6355209350585938,4.740069961547852,0.9322033898305084,0.711864406779661,8.207357406616211,287.0879243936866,581.0,-1.4187283593684041,2.2313969917595387,0.7620041753653445,16.483781814575195,0.025875,,
sample_00169,1,2,1226049,0.037416046142578124,13.669431686401367,0.05816779285669327,235.0,101.0,35535,bright,False,15.3,6.478343963623047,3.387129783630371,3.387129783630371,"[3.2701067447662355, 3.5015871047973635]",0.23148036003112793,True,51.344383239746094,7.925541392685097,80,80,0.0,0.0,64,30.0,-24.0,24.0,4.5,15.3,3.341489791870117,3.6039844274520876,3.806694984436035,7.946014404296876,0.8625,0.65,11.591891288757324,241.50450507669683,378.5,-1.1071346709520524,2.2707184115424752,0.7599507735583685,17.372364044189453,0.0334,,
sample_00170,1,2,1742179,0.05316708374023438,12.222880363464355,0.05384528636932373,227.0,99.0,30655,bright,False,15.075000000000001,5.919699192047119,4.194993019104004,4.194993019104004,"[4.142927455902099, 4.237191438674927]",0.09426398277282733,True,56.936431884765625,9.618129238941307,68,68,0.0,0.0,64,30.5,-23.5,23.5,4.5,15.075000000000001,4.10521125793457,4.383076261071598,4.10521125793457,7.329874801635744,0.9411764705882353,0.8529411764705882,9.194050788879395,277.07510417852455,437.5,1.5194503215964328,2.5434716511517763,0.7867750277059475,16.760128021240234,0.03705,,
sample_00171,1,2,951713,0.029043975830078124,9.889369010925293,0.049695320427417755,199.0,144.0,31569,bright,False,14.3,5.355738639831543,,6.830613136291504,"[-3.7926917552947996, 7.2124418258667]",11.005133581161498,False,7.3965606689453125,1.3810533273479455,24,25,0.04,0.0,64,14.0,-21.0,14.0,-8.0,14.3,-0.09428739547729492,-0.0757593313852946,3.6373167037963867,6.259914970397949,0.8333333333333334,0.75,7.198748588562012,103.66132559397232,1387.0,-0.1116180815356862,2.4423020221292973,0.7737274093483874,7.126733779907227,0.17355,,
sample_00172,1,2,4501256,0.137367431640625,10.550646781921387,0.052490778267383575,201.0,142.0,38359,bright,False,7.525,5.573572158813477,,1.1623187065124512,"[1.030160093307495, 1.2874561071395874]",0.25729601383209233,False,9.709197998046875,1.7420063329930595,91,95,0.042105263157894736,0.0,64,21.5,-14.5,14.5,1.0,7.525,1.0215325355529785,0.891725595180805,1.8113012313842773,4.50015115737915,0.6923076923076923,0.45054945054945056,6.3759284019470215,46.02647078989567,414.0,-0.24122249120865066,2.3101546205580235,0.7657542487592119,7.7972235679626465,0.148325,,
sample_00173,1,2,4330568,0.132158447265625,11.297077178955078,0.05484018102288246,206.0,136.0,36969,bright,False,10.6,5.775740146636963,2.077756881713867,2.077756881713867,"[1.9822246074676513, 2.1753636837005614]",0.19313907623291016,True,17.26622772216797,2.9894398438651306,102,105,0.02857142857142857,0.0,64,20.0,-18.0,18.0,2.5,10.6,1.4792265892028809,1.5531650664759618,2.118466854095459,6.072389411926272,0.7941176470588235,0.5392156862745098,-9.395055770874023,80.62706748899312,330.5,-0.4383861082637906,2.3551920130848885,0.7665390924002187,9.479389190673828,0.113375,,
sample_00174,1,2,1407839,0.04296383666992187,11.2356595993042,0.05401759594678879,208.0,139.0,36333,bright,False,13.15,5.657270431518555,4.531095504760742,4.531095504760742,"[4.39824914932251, 4.656890249252319]",0.2586410999298092,True,16.11022186279297,2.847702272289744,50,52,0.038461538461538464,0.0,64,25.0,-17.0,17.0,5.5,13.15,3.7048864364624023,2.474861192703247,4.372950077056885,6.437185287475587,0.9,0.82,8.208333969116211,140.16478647571617,633.5,-0.7460212972860482,2.716564893722534,0.8135147171950281,9.775727272033691,0.11525,,
sample_00175,1,2,2469469,0.07536221313476563,10.632274627685547,0.05263502150774002,202.0,138.0,37174,bright,False,10.425,5.497136116027832,2.307955741882324,2.307955741882324,"[2.1987287759780885, 2.4037851095199585]",0.20505633354187003,True,14.516494750976562,2.6407377304431776,60,61,0.01639344262295082,0.0,64,16.5,-17.5,16.5,3.0,10.425,2.240415573120117,2.37676207224528,2.4132604598999023,5.431198978424073,0.6833333333333333,0.55,7.706463813781738,105.88518543985036,619.0,-0.6161430555136111,2.3852632865309715,0.7695937476959375,9.471952438354492,0.115625,,
sample_00176,1,2,828604,0.0252869873046875,12.047182083129883,0.05764202028512955,209.0,137.0,34658,bright,False,7.7250000000000005,6.087515354156494,-2.2418060302734375,-2.2418060302734375,"[-2.492101085186005, -2.03752201795578]",0.4545790672302248,True,12.531890869140625,2.058621644475028,21,21,0.0,0.0,64,10.5,-15.0,10.5,-3.0,7.7250000000000005,-1.3595938682556152,-1.6254220690046037,2.3846449851989746,5.002680778503418,0.7142857142857143,0.5238095238095238,-5.6306610107421875,110.91073148448312,1780.0,0.02726392984664155,2.3026670031249523,0.7613351773632864,7.268097400665283,0.17015,,
sample_00177,1,2,3197863,0.09759103393554687,11.076528549194336,0.0537695549428463,206.0,138.0,38000,bright,False,9.15,5.8573737144470215,1.221421241760254,1.221421241760254,"[1.1539025783538819, 1.299971103668213]",0.146068525314331,True,12.9874267578125,2.2172781507485912,87,91,0.04395604395604396,0.0,64,17.0,-23.0,17.0,1.5,9.15,1.2197904586791992,1.400635686413995,1.7360754013061523,4.960005187988282,0.6666666666666666,0.40229885057471265,7.727130889892578,64.49742025501978,389.0,0.3771423305786478,2.212272794917226,0.7493046406089884,8.403738975524902,0.14565,,
sample_00178,1,2,5697584,0.17387646484375,11.05675220489502,0.053935375064611435,205.0,136.0,37122,bright,False,11.05,5.873594284057617,2.1701831817626953,2.1701831817626953,"[2.053337240219116, 2.2781131744384764]",0.22477593421936026,True,12.558639526367188,2.1381523678702887,110,111,0.009009009009009009,0.0,64,19.0,-19.5,19.0,2.5,11.05,1.5142507553100586,1.5124655073339288,2.1227316856384277,6.53362560272217,0.7545454545454545,0.5454545454545454,-10.014583587646484,66.12888325553936,319.0,0.41943197535797105,2.3291636258363724,0.7630662020905923,8.537054061889648,0.136425,,
sample_00179,1,2,2273589,0.06938442993164062,10.96091365814209,0.05244456231594086,209.0,142.0,38259,bright,False,8.075,5.760039806365967,,2.0431060791015625,"[1.7326130151748658, 2.325502395629883]",0.592889380455017,False,7.5792999267578125,1.3158415881746526,50,53,0.05660377358490566,0.0,64,18.0,-13.5,13.5,2.0,8.075,1.3458480834960938,1.252057056427002,2.5599474906921387,5.999060678482056,0.76,0.56,7.27426815032959,56.18106978177612,662.0,0.2757766615321109,2.5301915891468525,0.7888043736629428,7.8061652183532715,0.15405,,
sample_00180,1,2,3020460,0.0921771240234375,11.094874382019043,0.0546545535326004,203.0,141.0,37059,bright,False,8.075,5.7489094734191895,1.5057954788208008,1.5057954788208008,"[1.4314045667648316, 1.5896756649017334]",0.15827109813690177,True,12.054946899414062,2.0969101975168742,59,62,0.04838709677419355,0.0,64,15.0,-13.5,13.5,2.0,8.075,1.5183801651000977,1.7058417837498552,1.958388328552246,4.863343048095703,0.711864406779661,0.4915254237288136,-5.920292854309082,76.22008864837208,597.0,-0.4808386702644405,2.2830922678112984,0.7621660649819495,8.60550308227539,0.128025,,
sample_00181,1,2,2453292,0.0748685302734375,11.697811126708984,0.05678549036383629,206.0,143.0,38977,bright,False,7.075,6.045470237731934,1.2024011611938477,1.2024011611938477,"[1.1480986595153808, 1.2499032974243165]",0.10180463790893568,True,18.345169067382812,3.0345313674499756,60,60,0.0,0.0,64,13.5,-14.0,13.5,1.0,7.075,1.3392605781555176,1.2160631537437439,1.5790257453918457,3.8784324645996104,0.6666666666666666,0.3333333333333333,5.627007484436035,89.9783296956455,677.5,0.4078749823557323,2.03820232860744,0.7347465688272863,8.022713661193848,0.128625,,
sample_00182,1,2,1264198,0.03858026123046875,12.019804954528809,0.05834856629371643,206.0,143.0,33336,bright,False,10.2,6.223770618438721,-1.8218908309936523,-1.8218908309936523,"[-1.9373427391052247, -1.711167311668396]",0.2261754274368286,True,15.391738891601562,2.4730569031579597,32,32,0.0,0.0,64,16.0,-18.5,16.0,-3.0,10.2,-1.2727909088134766,-0.7876288592815399,1.8729686737060547,4.9392311096191435,0.71875,0.4375,8.130995750427246,113.67847362300445,1104.5,0.2602633815904972,2.316095095127821,0.7694446424752264,8.056889533996582,0.13945,,
sample_00183,1,2,2325960,0.070982666015625,11.9334716796875,0.05821205675601959,205.0,143.0,36585,bright,False,10.925,6.32918119430542,2.6811065673828125,2.6811065673828125,"[2.5647565603256224, 2.796706199645996]",0.2319496393203737,True,18.508163452148438,2.924258744369787,70,72,0.027777777777777776,0.0,64,21.5,-16.5,16.5,3.5,10.925,2.1392316818237305,2.71358049256461,2.3949222564697266,6.717941856384278,0.8857142857142857,0.5857142857142857,8.798521995544434,82.6494384645159,425.5,-0.5734285520372875,2.3461808897554874,0.7686287239414268,8.31375789642334,0.137375,,
sample_00184,1,2,3054304,0.0932099609375,11.418472290039062,0.056248631328344345,203.0,142.0,37741,bright,False,9.2,6.100584506988525,1.5998525619506836,1.5998525619506836,"[1.5384332418441773, 1.6635663509368896]",0.12513310909271236,True,16.583541870117188,2.7183529465283054,72,74,0.02702702702702703,0.0,64,16.0,-16.0,16.0,2.0,9.2,1.3731660842895508,1.2882910172144573,1.4763600826263428,3.8244838714599605,0.6666666666666666,0.3472222222222222,8.203145027160645,87.69261373626873,511.5,-0.5253293577522329,2.265931025147438,0.7590964804762739,8.061367988586426,0.12685,,
sample_00185,1,2,1021875,0.031185150146484375,11.033306121826172,0.054351262748241425,203.0,142.0,38445,bright,False,4.275,5.907601833343506,,0.8530349731445312,"[0.6035138130187988, 1.1156362652778626]",0.5121224522590638,False,6.46221923828125,1.0938819880865005,27,42,0.35714285714285715,0.0,64,9.5,-21.0,9.5,0.0,4.275,0.603644847869873,0.028690814971923828,2.214249610900879,3.3853276252746585,0.7777777777777778,0.5555555555555556,3.675710678100586,74.99506979736083,991.0,-0.05471145193996768,2.4781439881771803,0.7784817329944231,7.137051582336426,0.162925,,
sample_00186,1,2,1538638,0.04695550537109375,10.290291786193848,0.05197117105126381,198.0,144.0,36370,bright,False,6.2250000000000005,5.619225025177002,,0.0480656623840332,"[-0.6752141356468201, 6.275000095367432]",6.950214231014252,False,7.898956298828125,1.4057020787451582,29,36,0.19444444444444445,0.0,64,25.0,-10.5,10.5,-1.5,6.2250000000000005,-0.3619270324707031,-0.36577687592341984,2.853135585784912,3.8534571647644036,0.8275862068965517,0.6551724137931034,5.41483736038208,75.45679683566556,1093.0,-0.17577488095046642,2.5436013005673885,0.7796424947310905,6.346726417541504,0.20225,,
sample_00187,1,2,2831880,0.086422119140625,10.469470024108887,0.05234735086560249,200.0,141.0,36975,bright,False,10.325000000000001,5.7448601722717285,,1.818211555480957,"[1.7266698837280274, 1.919678521156311]",0.19300863742828356,False,10.374832153320312,1.805932928253974,63,65,0.03076923076923077,0.0,64,20.5,-18.5,18.5,2.0,10.325000000000001,1.7541875839233398,1.3955043308318607,2.32375431060791,6.139487648010256,0.8412698412698413,0.6031746031746031,9.632302284240723,62.035778258694165,540.0,-0.432156157542978,2.35718047991395,0.7700435971329344,7.200255393981934,0.158375,,
sample_00188,1,2,1575200,0.0480712890625,10.660797119140625,0.053038790822029114,201.0,145.0,37672,bright,False,6.9,5.790648460388184,2.2069830894470215,2.2069830894470215,"[2.0673925638198853, 2.351911449432373]",0.2845188856124876,True,11.84246826171875,2.0451022614701904,51,63,0.19047619047619047,0.0,64,12.0,-23.0,12.0,1.5,6.9,1.1962714195251465,0.7854012040530934,2.248325824737549,4.206811428070068,0.7647058823529411,0.5294117647058824,5.64186429977417,72.36881899039602,572.0,-0.3456613625493863,2.476624457165599,0.7783292931624918,7.78322696685791,0.15065,,
sample_00189,1,2,967663,0.029530731201171875,11.712150573730469,0.05741250142455101,204.0,139.0,34794,bright,False,11.950000000000001,6.20023775100708,2.125011444091797,2.125011444091797,"[2.0169316053390505, 2.24398136138916]",0.22704975605010969,True,19.002952575683594,3.0648748223561295,44,45,0.022222222222222223,0.0,64,33.5,-21.0,21.0,2.5,11.950000000000001,1.834122657775879,1.9469156807119197,2.543405055999756,7.046589088439943,0.8636363636363636,0.5454545454545454,9.307000160217285,159.4186934067545,761.5,0.5591759653153121,2.314417153596878,0.770340039166815,10.228187561035156,0.101625,,
sample_00190,1,2,644999,0.019683807373046876,11.280147552490234,0.05502510815858841,205.0,147.0,34770,bright,False,11.15,6.209065914154053,,4.63655948638916,"[4.422060656547546, 4.854233598709106]",0.4321729421615599,False,9.54974365234375,1.5380322554757166,26,26,0.0,0.0,64,17.0,-20.0,17.0,3.5,11.15,1.5584611892700195,0.11856783353365384,3.345773220062256,5.856473445892334,0.9615384615384616,0.6923076923076923,-7.53418493270874,103.6207310868464,1076.0,-0.25565499232333544,2.7190994806587696,0.8051271780492689,6.573797225952148,0.186975,,
sample_00191,1,2,3409631,0.10405368041992187,11.303872108459473,0.05541113764047623,204.0,144.0,37571,bright,False,8.3,6.265837669372559,,1.8253355026245117,"[1.728093409538269, 1.9192707538604736]",0.19117734432220468,False,10.985397338867188,1.7532208650351504,81,83,0.024096385542168676,0.0,64,14.0,-15.5,14.0,2.0,8.3,1.665658950805664,1.4381457375891415,2.0403995513916016,5.619293212890625,0.8024691358024691,0.5185185185185185,7.186102867126465,53.81073677746375,446.0,0.43607533653066294,2.3335247226059437,0.7642857142857142,6.925164222717285,0.16775,,
sample_00192,1,2,4824195,0.14722274780273437,11.452398300170898,0.05586535856127739,205.0,139.0,37445,bright,False,10.15,6.307712078094482,,2.481473922729492,"[2.359694314002991, 2.6320537328720093]",0.2723594188690184,False,8.235321044921875,1.3055955856833767,97,100,0.03,0.0,64,18.0,-17.0,17.0,2.5,10.15,2.0143089294433594,1.62943213256364,2.9570493698120117,6.094362258911134,0.8350515463917526,0.6288659793814433,8.286869049072266,50.41904847563068,338.0,0.37332994936986214,2.420113407075405,0.7716992074231587,7.296500205993652,0.15525,,
sample_00193,1,2,4708227,0.14368368530273437,11.762763023376465,0.05628116428852081,209.0,143.0,38101,bright,False,8.475000000000001,6.327071666717529,,1.5570487976074219,"[1.4325349092483521, 1.6989006519317627]",0.2663657426834105,False,10.515365600585938,1.661964041896381,95,95,0.0,0.0,64,16.5,-15.5,15.5,1.5,8.475000000000001,1.261465072631836,1.2240495380602385,1.9458389282226562,5.5688680648803714,0.7473684210526316,0.49473684210526314,7.89265251159668,44.997410849531505,395.0,0.2776942453326233,2.3763576224446297,0.7691563395482118,7.375240325927734,0.15085,,
sample_00194,1,2,2525357,0.07706777954101562,11.331146240234375,0.054216012358665466,209.0,147.0,37453,bright,False,8.025,6.090534687042236,1.5026779174804688,1.5026779174804688,"[1.423646664619446, 1.5731677055358888]",0.14952104091644292,True,15.875411987304688,2.606571147370693,61,64,0.046875,0.0,64,19.5,-14.5,14.5,1.5,8.025,1.3324012756347656,1.2149576749957975,1.522160530090332,3.573430061340332,0.7377049180327869,0.39344262295081966,-6.80201530456543,72.55062980318864,597.0,0.5062337628377568,2.2534456783905625,0.7517176876866074,8.452604293823242,0.12225,,
sample_00195,1,2,688501,0.021011383056640624,10.34284496307373,0.051456939429044724,201.0,148.0,31954,bright,False,11.8,5.68081521987915,4.6126298904418945,4.6126298904418945,"[4.549258899688721, 4.6859376430511475]",0.13667874336242658,True,19.538497924804688,3.439382759085823,22,22,0.0,0.0,64,16.0,-14.0,14.0,5.5,11.8,4.9964189529418945,4.312037858096036,5.247742652893066,7.366011238098144,1.0,1.0,-8.89045524597168,166.8947124231546,1370.5,0.9705756170572915,2.766147625632584,0.8117318435754189,8.106481552124023,0.1498,/workspace/findings/kaggle_align/overlays/sample_00195_overlay.png,/workspace/findings/kaggle_align/overlays/sample_00195_drift.png
sample_00196,1,2,2961056,0.0903642578125,11.911296844482422,0.05754249542951584,207.0,142.0,36832,bright,False,8.8,6.501769542694092,,2.200650215148926,"[2.0987425088882445, 2.2852771520614623]",0.18653464317321777,False,12.689422607421875,1.951687540460539,60,62,0.03225806451612903,0.0,64,14.5,-14.0,14.0,2.5,8.8,1.847048282623291,1.723988684018453,2.156628131866455,5.301936340332031,0.6666666666666666,0.55,-7.367425918579102,74.83080887434386,590.0,-0.5619462793039286,2.2712451051920652,0.756862458423188,8.005123138427734,0.13675,,
sample_00197,1,2,3110253,0.09491738891601563,12.569655418395996,0.059571824967861176,211.0,146.0,38630,bright,False,7.3500000000000005,6.771511077880859,1.2456879615783691,1.2456879615783691,"[1.1966401576995849, 1.2957753658294677]",0.09913520812988286,True,17.3907470703125,2.5682224942552887,70,71,0.014084507042253521,0.0,64,13.0,-14.0,13.0,1.5,7.3500000000000005,1.0983433723449707,1.1727134568350657,1.4379239082336426,2.8854351043701176,0.6142857142857143,0.3,4.960545063018799,71.29913039304384,485.0,0.4188591488518322,2.0696133226156235,0.7384244095845544,7.670251846313477,0.1353,,
sample_00198,1,2,2501106,0.07632769775390626,12.735980033874512,0.05951392650604248,214.0,138.0,34208,bright,False,9.425,6.761794567108154,0.8868389129638672,0.8868389129638672,"[0.7743011951446533, 0.9868657350540161]",0.21256453990936275,True,19.324020385742188,2.8578242349658627,61,61,0.0,0.0,64,19.5,-16.5,16.5,2.0,9.425,-0.23530197143554688,0.5216354307581167,2.264781951904297,4.908476829528809,0.819672131147541,0.5901639344262295,-7.5983428955078125,108.39028693617432,519.0,-0.24567026769663325,2.249563024030067,0.7586465908702926,9.250288009643555,0.112525,,
sample_00199,1,2,1498083,0.04571786499023438,12.780892372131348,0.060572948306798935,211.0,140.0,35027,bright,False,14.925,7.017165184020996,2.772181510925293,2.772181510925293,"[2.6781008720397947, 2.862698698043823]",0.1845978260040284,True,20.784332275390625,2.961927178616127,60,60,0.0,0.0,64,26.5,-27.0,26.5,3.0,14.925,2.5793609619140625,2.1526311238606772,2.978046417236328,6.553665351867676,0.8833333333333333,0.7333333333333333,11.666520118713379,104.5826136385348,560.0,-0.6816714863298026,2.485287813935429,0.7803222762575307,7.265265941619873,0.16735,,
sample_00200,1,2,3877765,0.11833999633789062,12.822402000427246,0.06048302724957466,212.0,142.0,37967,bright,False,10.925,7.01171875,2.991426467895508,2.991426467895508,"[2.9230801820755006, 3.0620604276657106]",0.13898024559021005,True,22.829681396484375,3.255932277158774,88,89,0.011235955056179775,0.0,64,26.5,-16.5,16.5,3.5,10.925,2.717155933380127,2.3384165438738735,2.82595157623291,4.932547569274902,0.8863636363636364,0.75,-8.264425277709961,74.36554886900757,378.5,-0.823058215980264,2.5067892821971327,0.7874750641208321,8.114873886108398,0.13475,,
sample_00201,1,2,2045754,0.06243145751953125,12.566266059875488,0.05955576151609421,211.0,136.0,36298,bright,False,11.375,6.772665023803711,3.1221179962158203,3.1221179962158203,"[3.0578863859176635, 3.179760718345642]",0.12187433242797852,True,32.328636169433594,4.7733995488938215,70,71,0.014084507042253521,0.0,64,19.0,-17.5,17.5,3.5,11.375,3.177389621734619,2.555357197352818,3.2287540435791016,4.912151145935059,0.8714285714285714,0.7714285714285715,-8.90717601776123,134.09566053733005,510.5,-1.129787630390673,2.497572361724451,0.7950515026016778,10.403631210327148,0.09575,,
sample_00202,1,2,2238995,0.06832870483398437,11.5975980758667,0.05657364800572395,205.0,137.0,36677,bright,False,9.075,6.373289585113525,,2.648956298828125,"[2.4841453790664674, 2.8169667005538943]",0.33282132148742694,False,7.9832305908203125,1.2526075402986903,55,56,0.017857142857142856,0.0,64,19.5,-13.5,13.5,3.0,9.075,2.02670955657959,1.3244406786831942,2.943589687347412,6.085151481628418,0.8,0.6909090909090909,-7.922664642333984,67.4537084141576,629.0,0.4153634569869121,2.427306741476059,0.7782025335432127,7.8344831466674805,0.143925,,
sample_00203,1,2,1962596,0.0598936767578125,12.464661598205566,0.05879557505249977,212.0,128.0,34945,bright,False,13.450000000000001,6.7668280601501465,3.186234474182129,3.186234474182129,"[3.1305540084838865, 3.2532785415649412]",0.12272453308105469,True,48.584312438964844,7.179776404409901,68,68,0.0,0.0,64,24.0,-21.0,21.0,4.0,13.450000000000001,2.8923559188842773,3.250619509640862,2.8923559188842773,6.181624031066895,0.8676470588235294,0.7058823529411765,7.778393745422363,198.59485333797542,497.5,-1.4567670326966837,2.2892191745340824,0.7639732266077836,12.442777633666992,0.058,,
sample_00204,1,2,3609309,0.11014736938476563,12.249593734741211,0.05805494636297226,211.0,128.0,36410,bright,False,11.325000000000001,6.661683559417725,2.9543066024780273,2.9543066024780273,"[2.9033363103866576, 3.0032887697219848]",0.09995245933532715,True,46.021270751953125,6.908354373406426,106,106,0.0,0.0,64,22.0,-18.5,18.5,3.0,11.325000000000001,2.7552313804626465,3.1179629091946586,2.7552313804626465,5.721721649169922,0.9150943396226415,0.7358490566037735,7.6456403732299805,153.33446715963277,316.5,1.4735479364645845,2.345473974943161,0.7746098028477546,11.732283592224121,0.065075,,
sample_00205,1,2,2637190,0.08048065185546875,11.585891723632812,0.05543489009141922,209.0,127.0,35349,bright,False,12.725,6.409915924072266,3.5548057556152344,3.5548057556152344,"[3.492326259613037, 3.626409912109375]",0.1340836524963378,True,37.940345764160156,5.9190083323365,85,85,0.0,0.0,64,24.0,-20.5,20.5,3.5,12.725,3.254232406616211,3.479740019405589,3.254232406616211,7.23751449584961,0.8941176470588236,0.7294117647058823,8.724403381347656,142.1784238477438,382.0,1.3391607823084042,2.4348106645047665,0.7851153039832285,11.435355186462402,0.076825,,
sample_00206,1,2,2463292,0.0751737060546875,12.445432662963867,0.059263963252305984,210.0,135.0,35426,bright,False,11.325000000000001,6.739160537719727,2.560549736022949,2.560549736022949,"[2.499944233894348, 2.633440685272217]",0.13349645137786892,True,30.498374938964844,4.525545098423241,71,71,0.0,0.0,64,24.5,-18.5,18.5,3.0,11.325000000000001,2.2887821197509766,2.1846531075491034,2.2887821197509766,4.441349029541016,0.8028169014084507,0.5492957746478874,7.639409065246582,117.73255370256743,470.0,-0.9644957384179416,2.34082543104887,0.7678873433886723,10.434357643127441,0.08895,,
sample_00207,1,2,378447,0.011549285888671875,13.495888710021973,0.06306490302085876,214.0,135.0,31659,bright,False,11.85,7.209508895874023,1.6192798614501953,1.6192798614501953,"[1.5235079765319823, 1.6994920730590821]",0.1759840965270998,True,39.64158630371094,5.498514098012651,21,21,0.0,0.0,64,25.5,-23.0,23.0,1.5,11.85,1.4609251022338867,1.791028726668585,2.0191078186035156,4.891300678253174,0.7142857142857143,0.5238095238095238,10.645328521728516,236.69478467019783,1879.0,-0.609403678635803,2.063317745923996,0.7373855445158777,12.846390724182129,0.045525,,
sample_00208,1,2,2485892,0.0758634033203125,11.075243949890137,0.05402557924389839,205.0,144.0,38214,bright,False,8.975000000000001,5.7580037117004395,,1.5193986892700195,"[1.4057172060012817, 1.6410937786102295]",0.23537657260894784,False,10.452239990234375,1.8152541251397778,55,59,0.06779661016949153,0.0,64,15.5,-16.0,15.5,2.0,8.975000000000001,1.2327861785888672,1.100397491455078,1.6526336669921875,5.639991760253906,0.6545454545454545,0.4,7.328794479370117,74.86989055760576,695.0,-0.31472299741209775,2.3038079477846622,0.7617989378131003,8.078727722167969,0.132275,,
sample_00209,1,2,3862667,0.11787924194335937,11.147855758666992,0.05464635044336319,204.0,138.0,39305,bright,False,8.925,5.792774677276611,,1.4969615936279297,"[1.3881290197372436, 1.6258316516876221]",0.23770263195037855,False,9.884140014648438,1.7062876713332344,87,91,0.04395604395604396,0.0,64,18.5,-16.5,16.5,1.5,8.925,1.003387451171875,1.181847528479565,1.3497743606567383,5.189689445495606,0.6436781609195402,0.4367816091954023,6.894615173339844,56.454800962670575,409.0,0.28392219735410335,2.427799813449383,0.7796854273261322,8.412879943847656,0.1268,,
sample_00210,1,2,2425070,0.07400726318359375,11.724648475646973,0.05636850371956825,208.0,143.0,37630,bright,False,6.95,5.914196491241455,1.4627904891967773,1.4627904891967773,"[1.341143798828125, 1.5806325912475585]",0.23948879241943355,True,12.655715942382812,2.1398876349686917,52,58,0.10344827586206896,0.0,64,11.0,-14.5,11.0,2.0,6.95,1.1742262840270996,1.358428982587961,2.1867823600769043,4.469602942466735,0.6923076923076923,0.5192307692307693,6.253907203674316,94.42406323566058,662.0,-0.3200852934125244,2.2952249944210052,0.761697051038288,8.882020950317383,0.126625,,
sample_00211,1,2,2719800,0.083001708984375,12.091963768005371,0.05785628780722618,209.0,145.0,38044,bright,False,7.3500000000000005,6.054179668426514,1.5616211891174316,1.5616211891174316,"[1.4990683555603028, 1.628072738647461]",0.12900438308715811,True,15.108016967773438,2.495468881864225,75,77,0.025974025974025976,0.0,64,13.0,-13.5,13.0,1.5,7.3500000000000005,1.2908101081848145,1.2966171964009603,1.4316964149475098,3.583107662200928,0.72,0.36,-6.117496967315674,72.17638700184479,456.0,0.38384396974380475,2.173730194568634,0.7509887005649718,8.290061950683594,0.1285,,
sample_00212,1,2,1673256,0.051063720703125,12.306713104248047,0.057777997106313705,213.0,135.0,33930,bright,False,7.525,6.091280937194824,-1.2159900665283203,-1.2159900665283203,"[-1.2976574063301087, -1.1324722528457642]",0.16518515348434448,True,20.49413299560547,3.3645030014070394,44,47,0.06382978723404255,0.0,64,14.5,-14.5,14.5,-1.0,7.525,-1.487475872039795,-1.2446173700419338,1.6171183586120605,4.63858723640442,0.7272727272727273,0.36363636363636365,4.994016170501709,109.38047274649438,739.0,0.13148880045494574,2.1651716604828835,0.7460006300976652,9.80178165435791,0.10405,,
sample_00213,1,2,3982114,0.12152447509765625,11.78704833984375,0.05456966906785965,216.0,129.0,37952,bright,False,8.475000000000001,5.844705104827881,1.435201644897461,1.435201644897461,"[1.3675732612609863, 1.5026777982711792]",0.13510453701019287,True,26.585205078125,4.548596481996143,84,86,0.023255813953488372,0.0,64,15.5,-16.0,15.5,1.5,8.475000000000001,1.2616686820983887,1.5727916274751936,1.544785499572754,4.676079082489015,0.6190476190476191,0.42857142857142855,7.550474166870117,118.54145734734621,413.5,0.4895454066890271,2.098584458231926,0.7406480273595882,11.616537094116211,0.088125,,
sample_00214,1,2,1064280,0.032479248046875,12.70476245880127,0.058278728276491165,218.0,127.0,34143,bright,False,13.675,6.109469890594482,3.3454980850219727,3.3454980850219727,"[3.2669192790985107, 3.4126696586608887]",0.14575037956237802,True,48.91033172607422,8.005658854522155,53,53,0.0,0.0,64,27.5,-21.5,21.5,4.0,13.675,3.4580583572387695,3.4961277943737104,3.4580583572387695,6.68475399017334,0.7924528301886793,0.7169811320754716,10.650155067443848,236.25978607329472,598.0,1.385990662815269,2.425958801060915,0.7846164643132851,14.271839141845703,0.046975,,
sample_00215,1,2,4653876,0.1420250244140625,12.434152603149414,0.05865166336297989,212.0,136.0,37288,bright,False,9.2,6.011722564697266,2.273845672607422,2.273845672607422,"[2.217204451560974, 2.3300325870513916]",0.11282813549041748,True,26.61797332763672,4.427678263788463,113,113,0.0,0.0,64,18.5,-16.0,16.0,2.0,9.2,1.829193115234375,1.855821166418295,1.9899158477783203,4.552801895141601,0.7964601769911505,0.49557522123893805,-8.118722915649414,106.3427489072271,309.0,-0.7955230154007815,2.2717319475486875,0.7635884446878423,11.096970558166504,0.08595,,
sample_00216,1,2,1151256,0.035133544921875,12.629387855529785,0.058741338551044464,215.0,133.0,33266,bright,False,13.15,6.173740863800049,5.142932891845703,5.142932891845703,"[5.0606739044189455, 5.231579828262329]",0.17090592384338343,True,27.31536865234375,4.424443664700667,37,37,0.0,0.0,64,18.5,-17.0,17.0,5.5,13.15,5.159145355224609,5.215438481923696,5.159145355224609,8.723297500610352,1.0,0.8378378378378378,11.797550201416016,189.19597036307724,913.0,-1.1283742314044676,2.6389573886990547,0.7992757797712122,11.71535873413086,0.09415,/workspace/findings/kaggle_align/overlays/sample_00216_overlay.png,/workspace/findings/kaggle_align/overlays/sample_00216_drift.png
sample_00217,1,2,3633089,0.11087307739257812,10.905845642089844,0.051442667841911316,212.0,123.0,35639,bright,False,15.525,5.453299045562744,4.595668792724609,4.595668792724609,"[4.539187240600586, 4.653582954406739]",0.11439571380615288,True,44.40364074707031,8.142528105661249,113,113,0.0,0.0,64,26.5,-24.5,24.5,4.5,15.525,4.704267501831055,4.687735245291111,4.720878601074219,7.895381927490234,1.0,0.9734513274336283,12.191335678100586,178.2363832509889,288.0,1.7252355296219177,2.857624001801014,0.8278562777553492,13.447896957397461,0.068225,,
sample_00218,1,2,3705155,0.11307235717773438,11.035298347473145,0.0530543178319931,208.0,130.0,35679,bright,False,12.725,5.515172004699707,3.8193492889404297,3.8193492889404297,"[3.7686953067779543, 3.873130512237549]",0.10443520545959473,True,32.65650177001953,5.921211839302849,99,100,0.01,0.0,64,24.0,-20.5,20.5,3.5,12.725,3.6744041442871094,3.4523664580451117,3.8004093170166016,6.758107376098634,0.9494949494949495,0.8787878787878788,8.682693481445312,147.46374864789428,328.0,-1.3593508102976353,2.686931237578392,0.8127105492259359,11.927045822143555,0.082575,,
sample_00219,1,2,2460103,0.07507638549804688,11.07985782623291,0.0540480874478817,205.0,134.0,36021,bright,False,11.6,5.526426792144775,3.753681182861328,3.753681182861328,"[3.695676851272583, 3.8163188695907593]",0.12064201831817645,True,35.53137969970703,6.429358613817356,94,94,0.0,0.0,64,22.5,-18.0,18.0,3.5,11.6,3.3502602577209473,3.54293078564583,3.41213321685791,7.0316722869873045,0.9148936170212766,0.7553191489361702,-10.17094612121582,152.74568358214805,342.5,-1.4530019390392155,2.558114383369684,0.8027984586030155,11.790231704711914,0.0813,,
sample_00220,1,2,1944740,0.0593487548828125,11.319276809692383,0.05364586040377617,211.0,134.0,37091,bright,False,11.825000000000001,5.595567226409912,3.3887939453125,3.3887939453125,"[3.335934948921204, 3.456202006340027]",0.12026705741882315,True,39.165321350097656,6.999347834701278,69,70,0.014285714285714285,0.0,64,24.5,-18.5,18.5,3.5,11.825000000000001,3.2755050659179688,3.35013176738352,3.2755050659179688,5.840136528015137,0.8695652173913043,0.6811594202898551,10.240069389343262,188.9001893213468,512.0,1.3514322774820722,2.471900502219796,0.7879718581479233,12.781753540039062,0.0658,,
sample_00221,1,2,1849022,0.05642767333984375,12.201634407043457,0.058661703020334244,208.0,134.0,36617,bright,False,10.6,5.97239875793457,2.3999996185302734,2.3999996185302734,"[2.292858695983887, 2.523113512992859]",0.230254817008972,True,21.46813201904297,3.594557712765193,59,61,0.03278688524590164,0.0,64,33.5,-18.0,18.0,2.5,10.6,2.0067548751831055,1.6589524301431946,2.2764997482299805,5.372822952270509,0.7796610169491526,0.6101694915254238,9.188301086425781,138.06682242275397,617.0,-0.5749771441432368,2.3578204959630966,0.7750198141076446,11.119876861572266,0.0897,,
sample_00222,1,2,2776147,0.08472128295898437,10.653400421142578,0.05273960530757904,202.0,144.0,36996,bright,False,9.175,5.622392177581787,,2.5715198516845703,"[2.437544894218445, 2.702357363700867]",0.2648124694824219,False,7.65313720703125,1.3611887903420665,56,61,0.08196721311475409,0.0,64,11.5,-15.5,11.5,4.0,9.175,1.6289563179016113,1.5233051010540553,3.030965805053711,5.814276456832886,0.8392857142857143,0.5535714285714286,-8.481934547424316,55.80311082934444,628.0,-0.39552061789766235,2.4000049233436584,0.7708325239889671,7.552732467651367,0.153125,,
sample_00223,1,2,1007822,0.03075628662109375,9.825340270996094,0.0493735708296299,199.0,149.0,35507,bright,False,12.175,5.191328048706055,,-3.149190902709961,"[-6.881993436813354, 7.294323110580445]",14.1763165473938,False,6.766204833984375,1.3033668399497236,34,34,0.0,0.0,64,11.5,-17.0,11.5,7.0,12.175,0.06551074981689453,0.11773629749522489,4.962767124176025,8.890481853485108,0.9117647058823529,0.8823529411764706,11.36991024017334,83.9694939259298,1073.5,-0.061830468476477704,2.666446056216955,0.7871283095723014,6.4760355949401855,0.18865,/workspace/findings/kaggle_align/overlays/sample_00223_overlay.png,/workspace/findings/kaggle_align/overlays/sample_00223_drift.png
sample_00224,1,2,1825198,0.05570062255859375,11.112626075744629,0.05447365716099739,204.0,143.0,35747,bright,False,12.425,5.708663463592529,,4.5785932540893555,"[4.349811601638794, 4.812468194961548]",0.46265659332275444,False,6.489898681640625,1.1368508098314933,56,58,0.034482758620689655,0.0,64,17.0,-16.5,16.5,5.0,12.425,3.390740394592285,1.7494022675922938,4.629311561584473,7.556157112121582,0.875,0.7678571428571429,-9.080928802490234,81.23955679750517,564.0,-0.3500260745946689,2.6114433482289314,0.7971136500300662,7.731860160827637,0.1564,,
sample_00225,1,2,1795731,0.054801361083984375,11.061677932739258,0.054223909974098206,204.0,147.0,35929,bright,False,16.0,5.752031326293945,,-1.999312400817871,"[-2.2869653701782227, -1.7321032762527464]",0.5548620939254763,False,5.7066497802734375,0.9921103444250977,62,62,0.0,0.0,64,,-25.5,25.5,37.0,16.0,-0.7880287170410156,-0.5815959899656234,3.059494972229004,7.50715103149414,0.8387096774193549,0.6451612903225806,-14.553980827331543,63.156635094411385,552.5,0.129065367555676,2.543996524065733,0.7905108917097634,6.655661582946777,0.17585,,
sample_00226,1,2,3480780,0.1062249755859375,11.423502922058105,0.055724404752254486,205.0,141.0,36833,bright,False,10.925,5.886195182800293,,3.080977439880371,"[2.945114541053772, 3.238162302970886]",0.29304776191711435,False,10.161758422851562,1.7263712988221396,76,83,0.08433734939759036,0.0,64,19.5,-16.5,16.5,3.5,10.925,2.4834437370300293,1.8124043502305682,3.366537094116211,7.292939186096191,0.8552631578947368,0.6842105263157895,-10.207797050476074,55.68319944513026,407.0,0.43854462525711313,2.4427315182983875,0.7805540467137425,7.730720520019531,0.143925,,
sample_00227,1,2,2373256,0.072426025390625,11.349929809570312,0.05456697195768356,208.0,135.0,39351,bright,False,8.575,5.8733229637146,2.530193328857422,2.530193328857422,"[2.456501817703247, 2.622653436660767]",0.16615161895751962,True,13.906875610351562,2.367803660086167,65,66,0.015151515151515152,0.0,64,13.5,-15.5,13.5,2.5,8.575,2.1603012084960938,2.0955011147719165,2.2646656036376953,4.849055290222168,0.8461538461538461,0.5846153846153846,7.607586860656738,61.221742194745026,576.0,0.6362951629582155,2.4048356227576733,0.7802401087284808,7.69851016998291,0.1437,,
sample_00229,1,2,3933229,0.12003262329101562,11.704724311828613,0.05393882095813751,217.0,122.0,37199,bright,False,10.375,5.871320724487305,2.2612695693969727,2.2612695693969727,"[2.200468564033508, 2.3262246370315554]",0.12575607299804714,True,34.56670379638672,5.887381292631591,92,92,0.0,0.0,64,27.0,-17.5,17.5,2.5,10.375,2.2203431129455566,2.4384564835092295,2.243668556213379,5.215185737609864,0.75,0.5543478260869565,8.555423736572266,137.484626261286,378.5,0.8987772120953249,2.160976991057396,0.7464265889536498,12.64396858215332,0.074375,,
sample_00230,1,2,1370324,0.0418189697265625,12.050232887268066,0.05793381109833717,208.0,139.0,37384,bright,False,6.0,5.981821060180664,1.2117042541503906,1.2117042541503906,"[1.1667430520057678, 1.2559454441070557]",0.08920239210128789,True,21.26519012451172,3.5549692828607387,30,31,0.03225806451612903,0.0,64,10.0,-10.5,10.0,1.5,6.0,1.0785319805145264,0.8498114665349324,1.2246477603912354,3.017581176757813,0.6,0.26666666666666666,-4.094409942626953,142.3622099360047,1402.0,0.3464242590885284,2.027256393805146,0.7274645117459864,10.216976165771484,0.099275,,
sample_00231,1,2,2986217,0.09113211059570313,11.34391975402832,0.05480154603719711,207.0,133.0,36831,bright,False,12.375,5.713193893432617,4.2629241943359375,4.2629241943359375,"[4.2166300296783445, 4.316936731338501]",0.10030670166015643,True,33.441932678222656,5.85345663074109,79,79,0.0,0.0,64,17.5,-18.5,17.5,4.5,12.375,3.535344123840332,3.6177456771271137,3.5457887649536133,5.770249557495117,0.9620253164556962,0.8734177215189873,8.112926483154297,141.7952137085716,406.0,-1.470110662248612,2.7560196849517524,0.8109578544061302,10.284387588500977,0.098725,,
sample_00232,1,2,2061233,0.06290383911132813,12.265772819519043,0.0581316240131855,211.0,129.0,34157,bright,False,10.6,6.0376482009887695,2.439960479736328,2.439960479736328,"[2.383737564086914, 2.5067381858825684]",0.1230006217956543,True,35.060546875,5.8069873745307365,82,82,0.0,0.0,64,20.0,-18.0,18.0,2.5,10.6,2.336544990539551,2.2388920842147453,2.626643657684326,6.297890853881836,0.7804878048780488,0.6097560975609756,8.781156539916992,152.94953532552117,367.5,-0.3374726872033147,2.2622504029423,0.7640219577892189,13.44759464263916,0.0607,,
sample_00233,1,2,1424805,0.04348159790039063,12.496281623840332,0.05979081988334656,209.0,138.0,34932,bright,False,12.15,6.265701770782471,4.567720413208008,4.567720413208008,"[4.496329259872437, 4.635162019729615]",0.1388327598571779,True,36.295814514160156,5.792777224637597,44,44,0.0,0.0,64,17.5,-17.0,17.0,4.5,12.15,4.6977386474609375,4.591476158662275,4.6977386474609375,6.803300857543946,0.9545454545454546,0.8636363636363636,11.303947448730469,179.47169509492556,774.0,-1.4178691832583126,2.640925906598568,0.8039049235993209,11.079883575439453,0.097875,,
sample_00234,1,2,3644609,0.11122463989257812,10.99169635772705,0.052341412752866745,210.0,120.0,35371,bright,False,14.175,5.569019317626953,4.025210380554199,4.025210380554199,"[3.9542337894439696, 4.121246957778931]",0.16701316833496138,True,32.58003234863281,5.850227928912209,107,108,0.009259259259259259,0.0,64,30.0,-21.5,21.5,4.5,14.175,3.921816825866699,3.9816442204413014,4.145752906799316,8.238009452819828,0.9719626168224299,0.8504672897196262,11.913310050964355,136.48840528224838,287.0,1.135964422915037,2.5975030660629272,0.7991657895762679,12.776262283325195,0.07315,,
sample_00236,1,2,623592,0.019030517578125,11.353128433227539,0.05565258860588074,204.0,135.0,38460,bright,False,12.325000000000001,5.649618625640869,3.8105669021606445,3.8105669021606445,"[3.7556418418884276, 3.861611557006836]",0.10596971511840847,True,29.393478393554688,5.202736740521209,38,40,0.05,0.0,64,23.0,-18.5,18.5,4.0,12.325000000000001,3.594541072845459,2.052342176437378,4.079931259155273,6.854374504089357,0.8947368421052632,0.7894736842105263,-9.326138496398926,215.90381201117378,986.5,-1.3301772156780614,2.782968109473586,0.8225999252895032,9.469121932983398,0.111425,,
sample_00237,1,2,2780088,0.084841552734375,10.697897911071777,0.05244067683815956,204.0,129.0,36214,bright,False,11.1,5.362146377563477,2.5962791442871094,2.5962791442871094,"[2.543283295631409, 2.641315531730652]",0.09803223609924316,True,35.206932067871094,6.565828231617371,75,75,0.0,0.0,64,21.0,-18.0,18.0,3.0,11.1,2.3058767318725586,2.5483993657430015,2.377436637878418,5.146199417114258,0.9066666666666666,0.64,7.094091415405273,188.36479668222415,486.0,-1.255532271269878,2.2273929435759783,0.765793995754574,12.360036849975586,0.062025,,
sample_00238,1,2,2680158,0.08179193115234375,10.71164321899414,0.05250805616378784,204.0,135.0,37108,bright,False,9.25,5.421304702758789,2.4380016326904297,2.4380016326904297,"[2.371470332145691, 2.499365472793579]",0.1278951406478881,True,21.833648681640625,4.027378994309236,79,79,0.0,0.0,64,15.0,-16.0,15.0,2.5,9.25,2.364974021911621,1.9904681640335276,2.4800453186035156,4.87750129699707,0.8481012658227848,0.5949367088607594,7.05726432800293,109.83540466388543,438.0,-0.8870769615072986,2.352779410779476,0.7700132053249581,10.479127883911133,0.092725,,
sample_00239,1,2,1786504,0.054519775390625,10.97817611694336,0.05355207994580269,205.0,130.0,35083,bright,False,13.9,5.521245956420898,3.48980712890625,3.48980712890625,"[3.4187103748321532, 3.55764479637146]",0.1389344215393069,True,35.68370056152344,6.462979704793861,66,66,0.0,0.0,64,22.0,-22.0,22.0,4.0,13.9,3.3097801208496094,3.8664854512070166,3.3097801208496094,6.093507766723633,0.9393939393939394,0.8333333333333334,9.63876724243164,172.98993869555457,510.0,1.2980625374219361,2.421635113656521,0.7782760521962875,12.281688690185547,0.0713,,
sample_00241,1,2,1953167,0.05960592651367187,11.518281936645508,0.055643875151872635,207.0,144.0,37109,bright,False,8.475000000000001,6.1196160316467285,,1.5654592514038086,"[1.4691471815109254, 1.6697733879089356]",0.2006262063980102,False,10.44366455078125,1.7065882069681033,47,48,0.020833333333333332,0.0,64,15.5,-15.5,15.5,1.5,8.475000000000001,1.2015466690063477,1.4007868563875239,1.3904390335083008,5.141326332092285,0.7446808510638298,0.44680851063829785,7.485685348510742,72.96095796092536,844.0,-0.3170505421059843,2.2757739685475826,0.7572176076695086,7.866467475891113,0.133425,,
sample_00242,1,2,1896817,0.057886260986328125,12.046221733093262,0.057362958788871765,210.0,141.0,36097,bright,False,9.350000000000001,6.27061128616333,2.1305580139160156,2.1305580139160156,"[2.0600909948349, 2.214387822151184]",0.1542968273162839,True,13.1165771484375,2.091754144828019,43,47,0.0851063829787234,0.0,64,13.0,-15.0,13.0,3.5,9.350000000000001,2.5703744888305664,2.098055595575377,2.7686877250671387,4.516804981231689,0.813953488372093,0.6511627906976745,6.726001739501953,90.85165982918255,808.0,-0.5673224886759437,2.253709091572091,0.7545678467703393,8.932003021240234,0.122775,,
sample_00243,1,2,2823078,0.08615350341796875,12.389484405517578,0.059279829263687134,209.0,145.0,38444,bright,False,6.95,6.3972697257995605,,2.218173027038574,"[2.1365719556808473, 2.3125767946243285]",0.17600483894348118,False,9.739105224609375,1.5223846487717283,72,73,0.0136986301369863,0.0,64,11.0,-13.0,11.0,2.0,6.95,1.3280701637268066,1.2073205643230014,2.0816755294799805,4.842485332489014,0.7777777777777778,0.5277777777777778,-6.199290752410889,51.591340456996704,522.5,-0.38325650188470795,2.3659389317035675,0.7756662460099473,7.324902534484863,0.1561,,
sample_00244,1,2,2220215,0.06775558471679688,12.226460456848145,0.058781061321496964,208.0,143.0,36995,bright,False,7.8500000000000005,6.358042240142822,1.4749484062194824,1.4749484062194824,"[1.4009441137313843, 1.5403459310531618]",0.13940181732177748,True,14.391433715820312,2.263500802960541,54,57,0.05263157894736842,0.0,64,15.5,-13.0,13.0,2.0,7.8500000000000005,1.2049274444580078,1.2724571669543232,1.4491939544677734,3.3241443634033203,0.6666666666666666,0.3333333333333333,6.481756687164307,67.25051820737175,654.0,0.3841075972217267,2.219636393710971,0.7525616423476592,7.801903247833252,0.14255,,
sample_00245,1,2,2094239,0.06391110229492188,13.78283405303955,0.06351536512374878,217.0,140.0,38623,bright,False,6.575,7.285882949829102,0.5969133377075195,0.5969133377075195,"[0.5234982967376709, 0.6742863059043884]",0.15078800916671753,True,17.874893188476562,2.4533599169193128,59,64,0.078125,0.0,64,17.5,-13.5,13.5,0.5,6.575,0.6244730949401855,0.5710206435898603,1.0885615348815918,3.2215291976928713,0.5423728813559322,0.288135593220339,-4.418306827545166,72.07886914143596,593.0,-0.265845456384196,2.1242911629378796,0.7421515422133681,8.475130081176758,0.12705,,
sample_00246,1,2,1486823,0.04537423706054688,14.07411003112793,0.05988983064889908,235.0,99.0,35153,bright,False,13.5,7.178945541381836,4.445196151733398,4.445196151733398,"[4.295419025421142, 4.574303770065308]",0.27888474464416557,True,31.764068603515625,4.424614787842719,67,69,0.028985507246376812,0.0,64,38.0,-20.0,20.0,4.5,13.5,4.312139511108398,3.9984266010682976,4.86833381652832,9.890084838867187,0.8955223880597015,0.7910447761194029,-12.595174789428711,162.75840954056372,489.0,1.0873051078199905,2.612732522189617,0.8004489423223253,13.268518447875977,0.0739,,
sample_00247,1,2,1977214,0.06033978271484375,13.41608715057373,0.05833081528544426,230.0,102.0,31745,bright,False,12.6,6.967813968658447,3.887361526489258,3.887361526489258,"[3.764779472351074, 3.9919852733612062]",0.2272058010101321,True,32.68666076660156,4.691092631581109,77,77,0.0,0.0,64,29.0,-18.0,18.0,4.5,12.6,3.647073745727539,3.295831568829425,3.816997528076172,7.514986419677735,0.9090909090909091,0.7272727272727273,11.117780685424805,142.39135259101855,343.0,0.7818831389137925,2.45612327568233,0.7817812000581142,13.970041275024414,0.079175,,
sample_00248,1,2,1894768,0.05782373046875,12.937261581420898,0.05749893933534622,225.0,105.0,35213,bright,False,16.0,6.589319229125977,4.257869720458984,4.257869720458984,"[4.131139183044434, 4.401180744171143]",0.27004156112670863,True,51.79505920410156,7.860456809431554,93,96,0.03125,0.0,64,35.5,-28.0,28.0,5.0,16.0,4.09837532043457,4.263246823382634,4.555028915405273,9.637789916992187,0.8817204301075269,0.8064516129032258,13.281288146972656,190.13117821955376,304.0,0.8062971213580548,2.4361510202288628,0.786936969609052,15.298051834106445,0.06265,,
sample_00249,1,2,1195870,0.03649505615234375,12.685057640075684,0.05765935406088829,220.0,118.0,38382,bright,False,8.075,6.496119499206543,1.7935609817504883,1.7935609817504883,"[1.7373363733291627, 1.8669344663619996]",0.12959809303283687,True,28.140884399414062,4.33195300715316,54,59,0.0847457627118644,0.0,64,13.5,-16.0,13.5,2.0,8.075,1.8370275497436523,2.097772554115013,1.9450807571411133,5.158668804168701,0.7962962962962963,0.48148148148148145,7.515811920166016,156.45198722581347,714.5,0.6916840702413745,2.2397152897901833,0.7655305859189354,10.775320053100586,0.08645,,
sample_00250,1,2,1949902,0.05950628662109375,13.31770133972168,0.05945402383804321,224.0,110.0,37731,bright,False,12.425,6.764057159423828,4.9714155197143555,4.9714155197143555,"[4.895818424224854, 5.051598596572876]",0.1557801723480221,True,44.61915588378906,6.596507810645081,73,78,0.0641025641025641,0.0,64,16.5,-29.0,16.5,5.0,12.425,4.878584861755371,4.4120336689361155,5.0723371505737305,8.906078910827636,0.9726027397260274,0.8904109589041096,11.030837059020996,195.17302170802674,475.0,1.5295746384142486,2.7912184186279774,0.8226267670868742,12.972515106201172,0.083075,/workspace/findings/kaggle_align/overlays/sample_00250_overlay.png,/workspace/findings/kaggle_align/overlays/sample_00250_drift.png
sample_00251,1,2,1188991,0.036285125732421875,12.78699016571045,0.05947437137365341,215.0,129.0,31180,bright,False,13.675,6.577199459075928,3.5993528366088867,3.5993528366088867,"[3.4955819129943846, 3.6943507194519043]",0.1987688064575197,True,36.334800720214844,5.524357433022071,46,46,0.0,0.0,64,28.0,-21.5,21.5,4.0,13.675,3.323615074157715,3.093883286351743,3.8345460891723633,7.159374237060547,0.8695652173913043,0.6956521739130435,-10.081294059753418,201.92894526982127,718.0,0.8333212194659758,2.423347808420658,0.771195280745297,12.795280456542969,0.06775,,
sample_00252,1,2,1208820,0.0368902587890625,13.212226867675781,0.05622224137187004,235.0,127.0,38938,bright,False,10.65,6.772394180297852,2.563900947570801,2.563900947570801,"[2.422281551361084, 2.693990159034729]",0.271708607673645,True,18.99956512451172,2.8054428934135243,41,44,0.06818181818181818,0.0,64,18.0,-17.0,17.0,3.0,10.65,3.0250158309936523,2.780721059659632,3.1363229751586914,6.355205535888672,0.7804878048780488,0.5853658536585366,9.650201797485352,129.9359661331405,878.0,-0.5983455087942656,2.4338306710124016,0.7819524611909798,10.185654640197754,0.0949,,
sample_00253,1,2,1790519,0.054642303466796875,12.330129623413086,0.055792443454265594,221.0,119.0,39163,bright,False,8.850000000000001,6.351085662841797,2.8863019943237305,2.8863019943237305,"[2.745391774177551, 3.009600830078125]",0.2642090559005741,True,12.92047119140625,2.0343720550015347,63,68,0.07352941176470588,0.0,64,13.0,-18.5,13.0,3.0,8.850000000000001,2.8095998764038086,2.1785916827973866,3.4063549041748047,7.0692485809326175,0.8571428571428571,0.7301587301587301,-8.169135093688965,111.78478161035437,486.0,0.5276549758796578,2.5086594177410007,0.7920408391399933,8.818140029907227,0.1328,,
sample_00254,1,2,646948,0.0197432861328125,11.88332462310791,0.05527127906680107,215.0,118.0,30963,bright,False,11.875,5.784031391143799,2.9358901977539062,2.9358901977539062,"[2.8741532802581786, 3.010493779182434]",0.13634049892425537,True,38.51914978027344,6.6595678991735605,25,25,0.0,0.0,64,20.5,-17.5,17.5,4.0,11.875,2.4742374420166016,1.930437068939209,3.7619447708129883,7.757865524291993,0.88,0.8,-10.015074729919434,299.2909969290269,1335.0,0.8029326292224652,2.0615685544908047,0.724813729298351,14.546257019042969,0.0533,,
sample_00255,1,2,2058339,0.06281552124023437,11.910958290100098,0.0551433265209198,216.0,115.0,35258,bright,False,15.200000000000001,5.752172946929932,3.5605173110961914,3.5605173110961914,"[3.458814334869385, 3.661040496826172]",0.2022261619567871,True,41.727317810058594,7.254183452938325,86,86,0.0,0.0,64,29.5,-26.0,26.0,3.5,15.200000000000001,2.620502471923828,3.1166209952775823,2.9336929321289062,7.9423322677612305,0.872093023255814,0.7093023255813954,-12.078132629394531,195.02035769438146,358.0,1.0513843269201495,2.358429431915283,0.777447433463481,14.614286422729492,0.044325,,
sample_00256,1,2,1276325,0.038950347900390626,12.300982475280762,0.05540983006358147,222.0,108.0,32767,bright,False,16.0,5.894967079162598,4.3999481201171875,4.3999481201171875,"[4.327344036102295, 4.482974290847778]",0.15563025474548375,True,60.34051513671875,10.235937593274965,66,66,0.0,0.0,64,36.5,-30.5,30.5,4.5,16.0,4.020551681518555,4.215387084267356,4.020551681518555,6.617915153503418,0.8939393939393939,0.8333333333333334,12.385896682739258,284.85834461788716,472.5,-1.3807437836283576,2.537089090794325,0.7958898213901442,16.7071533203125,0.027925,,
sample_00257,1,2,1502514,0.04585308837890625,12.21755599975586,0.05735941603779793,213.0,130.0,37878,bright,False,10.875,6.2383341789245605,2.434506416320801,2.434506416320801,"[2.3297768592834474, 2.532715153694153]",0.20293829441070566,True,18.019943237304688,2.8885825479152487,55,55,0.0,0.0,64,24.5,-17.5,17.5,3.0,10.875,2.6372299194335938,2.1435829422690653,3.0425281524658203,7.0787208557128904,0.7636363636363637,0.6181818181818182,10.335237503051758,151.72738662141072,599.0,0.6939925059613837,2.389657035470009,0.7758558558558558,11.384500503540039,0.079075,,
sample_00258,1,2,1150162,0.03510015869140625,11.705881118774414,0.05470037832856178,214.0,121.0,34324,bright,False,12.1,5.7587504386901855,3.8702592849731445,3.8702592849731445,"[3.8197550058364866, 3.9257851600646974]",0.10603015422821072,True,37.71376037597656,6.5489485570683055,40,40,0.0,0.0,64,29.0,-18.0,18.0,4.0,12.1,3.630403518676758,3.9030125617980955,3.630403518676758,6.066796112060548,0.95,0.925,10.113588333129883,242.6046742374814,835.5,-1.4920419282995034,2.5971816405653954,0.7976847147626651,13.920174598693848,0.04995,,
sample_00259,1,2,1130358,0.03449578857421875,12.040321350097656,0.054235681891441345,222.0,111.0,32853,bright,False,16.0,5.764813423156738,5.718133926391602,5.718133926391602,"[5.541729927062988, 5.904979038238525]",0.36324911117553693,True,59.34223175048828,10.293868577275347,61,61,0.0,0.0,64,,-36.5,36.5,6.0,16.0,4.074258804321289,4.791687699614978,4.074258804321289,9.803581237792969,0.9344262295081968,0.819672131147541,14.293405532836914,301.530947025834,533.0,1.5203440836762587,2.4159492291510105,0.7800103996434408,16.04520606994629,0.036025,,
sample_00260,1,2,2486250,0.07587432861328125,12.844952583312988,0.058921799063682556,218.0,124.0,35412,bright,False,12.225,6.263660430908203,2.3539514541625977,2.3539514541625977,"[2.2828485488891603, 2.4361492872238157]",0.1533007383346554,True,34.068931579589844,5.439140891398865,89,91,0.02197802197802198,0.0,64,24.0,-20.5,20.5,3.0,12.225,1.9591426849365234,2.357205969564031,2.1004486083984375,6.680080795288086,0.8089887640449438,0.5280898876404494,10.373470306396484,152.60823399822925,350.0,0.7978326737252531,2.2708512665703893,0.7642166475082832,13.554740905761719,0.062975,,
sample_00261,1,2,2500099,0.07629696655273438,12.24776840209961,0.056441329419612885,217.0,120.0,37093,bright,False,13.1,6.126776218414307,4.243202209472656,4.243202209472656,"[4.122189712524414, 4.352773761749267]",0.23058404922485298,True,26.07294464111328,4.25557319406409,76,76,0.0,0.0,64,24.5,-18.0,18.0,5.0,13.1,3.5021743774414062,3.4908251636906673,4.175390243530273,8.87293815612793,0.9342105263157895,0.7894736842105263,11.683958053588867,137.27623936307134,445.0,1.0852733415035491,2.573142282664776,0.7993087832201168,10.760370254516602,0.1041,,
sample_00263,1,2,2084097,0.06360159301757813,12.46921157836914,0.05909578874707222,211.0,139.0,39134,bright,False,11.425,6.818509578704834,3.5258302688598633,3.5258302688598633,"[3.4059133768081664, 3.6570847988128663]",0.2511714220046999,True,13.756248474121094,2.017486125865951,56,58,0.034482758620689655,0.0,64,20.0,-16.5,16.5,4.0,11.425,2.728827953338623,2.2111185022762845,3.4734625816345215,7.730556011199951,0.9107142857142857,0.7321428571428571,-10.61673355102539,89.84052036924166,657.0,0.6254046310432796,2.4980506121064536,0.7875219818028901,6.963949680328369,0.176475,,
sample_00264,1,2,2150832,0.06563818359375,12.05978012084961,0.05770229548215866,209.0,134.0,37162,bright,False,11.2,6.716509819030762,3.563225746154785,3.563225746154785,"[3.4837516069412233, 3.641450786590576]",0.15769917964935276,True,17.709487915039062,2.636709897283328,59,60,0.016666666666666666,0.0,64,19.5,-16.0,16.0,4.0,11.2,3.237093925476074,3.233939760822361,3.3925771713256836,7.53469295501709,0.9322033898305084,0.7966101694915254,10.25505542755127,98.4035712725972,598.0,0.8480302557709004,2.592013329267502,0.7979721262294459,7.943936824798584,0.1465,,
sample_00265,1,2,2759927,0.08422628784179688,12.553677558898926,0.058118876069784164,216.0,123.0,38423,bright,False,8.925,6.7591633796691895,1.601618766784668,1.601618766784668,"[1.5474737882614136, 1.6663844347000123]",0.11891064643859872,True,22.595809936523438,3.34298916408636,67,68,0.014705882352941176,0.0,64,16.5,-17.0,16.5,1.5,8.925,1.58966064453125,1.7335559076337672,1.676788330078125,4.234429550170898,0.6865671641791045,0.373134328358209,7.196837425231934,98.22678641555058,537.0,-0.5542926250433603,2.224030300974846,0.7589916999692592,9.679896354675293,0.097525,,
sample_00266,1,2,1539984,0.04699658203125,11.627836227416992,0.05459078028798103,213.0,130.0,35592,bright,False,10.325000000000001,5.717525959014893,2.1606311798095703,2.1606311798095703,"[2.0798275470733643, 2.2463908195495605]",0.1665632724761963,True,17.80205535888672,3.113594146576283,48,48,0.0,0.0,64,20.5,-18.5,18.5,2.0,10.325000000000001,1.763880729675293,1.847483625014623,2.030625820159912,4.627649593353272,0.7916666666666666,0.5,5.708695411682129,124.24482900875384,768.5,-0.6406089599125879,2.3772616796195507,0.7721218230254158,9.980655670166016,0.1124,,
sample_00267,1,2,2603965,0.07946670532226563,12.299595832824707,0.05590725317597389,220.0,123.0,34222,bright,False,16.0,6.025697708129883,5.4824981689453125,5.4824981689453125,"[5.42704963684082, 5.552803468704224]",0.1257538318634035,True,39.02101135253906,6.475766499187611,76,76,0.0,0.0,64,33.0,-32.0,32.0,5.5,16.0,5.243315696716309,4.995745847099705,5.296205520629883,8.801374435424805,1.0,0.9078947368421053,10.370567321777344,194.48524071313432,384.0,1.2733588134537386,2.8104029688984156,0.8171277124399536,12.944714546203613,0.0842,/workspace/findings/kaggle_align/overlays/sample_00267_overlay.png,/workspace/findings/kaggle_align/overlays/sample_00267_drift.png
sample_00268,1,2,1860179,0.05676815795898438,11.285140037536621,0.05504946410655975,205.0,143.0,38335,bright,False,9.75,5.633533954620361,,2.442516326904297,"[2.2438672542572022, 2.669325065612793]",0.4254578113555909,False,6.087005615234375,1.0804950612292126,48,52,0.07692307692307693,0.0,64,21.0,-15.0,15.0,3.0,9.75,0.41483402252197266,0.6703615585962931,3.1874122619628906,6.663087844848634,0.7083333333333334,0.5833333333333334,-9.21322250366211,77.30355646825642,731.5,-0.24749483117745974,2.5773715153336525,0.7897915449055134,7.114874362945557,0.16655,,
sample_00269,1,2,1689017,0.05154470825195313,13.136582374572754,0.059441547840833664,221.0,142.0,36284,bright,False,6.9750000000000005,6.281040191650391,0.542633056640625,0.542633056640625,"[0.4407031536102295, 0.6891091823577881]",0.24840602874755857,True,21.99897003173828,3.5024405767984566,41,46,0.10869565217391304,0.0,64,15.5,-19.5,15.5,0.0,6.9750000000000005,0.3997645378112793,0.5329551929380836,1.1644768714904785,3.766427516937256,0.5853658536585366,0.3170731707317073,5.516684055328369,118.94603596975364,797.0,-0.2787172233370078,2.2223245687782764,0.7562753593287944,12.012798309326172,0.0858,,
sample_00270,1,2,473699,0.014456146240234375,13.333871841430664,0.05822651460766792,229.0,114.0,32441,bright,False,13.725,6.4588093757629395,3.5589447021484375,3.5589447021484375,"[3.510841941833496, 3.6092405796051024]",0.09839863777160618,True,47.742759704589844,7.391882454953284,28,29,0.034482758620689655,0.0,64,21.5,-20.5,20.5,4.5,13.725,3.5741519927978516,3.8769178049904958,3.5741519927978516,6.2207426071167,0.9285714285714286,0.8214285714285714,9.440353393554688,333.87487265384686,992.5,1.6735027423185256,2.656825505197048,0.8107489994282447,14.344625473022461,0.07015,,
sample_00271,1,2,1723706,0.05260333251953125,11.561939239501953,0.05558624491095543,208.0,142.0,36512,bright,False,11.6,5.880573272705078,2.789290428161621,2.789290428161621,"[2.7103474617004393, 2.87229380607605]",0.16194634437561062,True,29.338356018066406,4.989029922344746,57,58,0.017241379310344827,0.0,64,21.5,-18.0,18.0,3.5,11.6,2.5635061264038086,2.592012405395508,2.570524215698242,5.572715759277344,0.7719298245614035,0.5964912280701754,8.431648254394531,159.8917538749679,644.0,0.927480668377207,2.3187165781855583,0.7678735965600791,11.273767471313477,0.08255,,
sample_00272,1,2,1837053,0.05606240844726563,14.008590698242188,0.06064324826002121,231.0,108.0,37405,bright,False,10.375,6.674086570739746,2.5087203979492188,2.5087203979492188,"[2.4599393129348757, 2.559613251686096]",0.09967393875122044,True,48.65336608886719,7.2898913691307605,68,69,0.014492753623188406,0.0,64,18.0,-17.5,17.5,2.5,10.375,2.496880531311035,2.4653487275628483,2.526416778564453,5.347108936309818,0.8235294117647058,0.6029411764705882,-7.7538275718688965,226.42172645527012,524.5,-1.0205200356236228,2.2438449058681726,0.7606460610384977,15.361682891845703,0.0408,,
sample_00273,1,2,2359370,0.07200225830078125,12.40674114227295,0.05489708483219147,226.0,104.0,36806,bright,False,15.175,6.069280624389648,5.128634452819824,5.128634452819824,"[5.05930724143982, 5.205287075042724]",0.14597983360290456,True,51.55152130126953,8.493843750461574,84,84,0.0,0.0,64,28.0,-21.5,21.5,5.5,15.175,4.874485015869141,5.298410392942882,4.874485015869141,8.76695728302002,0.9880952380952381,0.9166666666666666,11.04898738861084,225.6975748676851,406.0,1.630671060804118,2.819639429450035,0.8236258556379883,14.867566108703613,0.05875,,
sample_00274,1,2,3228162,0.09851568603515624,12.753803253173828,0.05904538556933403,216.0,134.0,37348,bright,False,9.3,6.290487766265869,2.87796688079834,2.87796688079834,"[2.821181321144104, 2.9538706302642823]",0.1326893091201784,True,22.65912628173828,3.602125482741236,83,84,0.011904761904761904,0.0,64,14.0,-15.5,14.0,3.0,9.3,2.4704360961914062,2.4793127358677878,2.840945243835449,5.486123275756835,0.8554216867469879,0.6506024096385542,8.035538673400879,104.37372630434221,404.0,0.7552767413083623,2.409651782363653,0.7764393776439378,10.234746932983398,0.09825,,
sample_00275,1,2,2040536,0.062272216796875,15.025528907775879,0.06561366468667984,229.0,119.0,37572,bright,False,10.875,7.140146255493164,2.87485408782959,2.87485408782959,"[2.827775764465332, 2.9223182678222654]",0.0945425033569336,True,48.74791717529297,6.827299530144707,67,67,0.0,0.0,64,18.0,-17.5,17.5,3.0,10.875,2.863462448120117,3.1819975411714014,2.863462448120117,4.855237388610839,0.9552238805970149,0.7313432835820896,8.777441024780273,199.8724481495029,545.0,1.3915520668863097,2.433831140398979,0.7829928397819089,14.21771240234375,0.04815,,
sample_00276,1,2,1757296,0.05362841796875,13.022579193115234,0.05711657553911209,228.0,102.0,34734,bright,False,16.0,6.358460426330566,4.923713684082031,4.923713684082031,"[4.847604990005493, 5.003805208206177]",0.15620021820068342,True,71.65129852294922,11.268655259100008,83,83,0.0,0.0,64,30.5,-27.5,27.5,5.5,16.0,5.161800384521484,4.809434902237122,5.161800384521484,7.948568344116211,0.9518072289156626,0.8554216867469879,9.611103057861328,263.18961310590066,408.0,-0.3382950728097832,2.595034696161747,0.799443305010255,16.931026458740234,0.0317,/workspace/findings/kaggle_align/overlays/sample_00276_overlay.png,/workspace/findings/kaggle_align/overlays/sample_00276_drift.png
sample_00277,1,2,3262214,0.09955487060546875,12.399917602539062,0.057943541556596756,214.0,129.0,36758,bright,False,13.05,6.0818305015563965,4.312592506408691,4.312592506408691,"[4.233532047271728, 4.38953595161438]",0.15600390434265154,True,32.03666687011719,5.267602716306992,92,92,0.0,0.0,64,23.0,-19.0,19.0,4.5,13.05,3.991976737976074,3.514159814171169,4.1443939208984375,7.339467906951905,0.9565217391304348,0.8369565217391305,9.161160469055176,140.91260526235428,377.0,1.0249309451705515,2.5465764347463846,0.793009738053899,11.225557327270508,0.090975,,
sample_00278,1,2,1184473,0.036147247314453124,11.841327667236328,0.05382421612739563,220.0,118.0,36726,bright,False,16.0,5.823355197906494,5.763662338256836,5.763662338256836,"[5.711679601669312, 5.829986715316773]",0.11830711364746094,True,42.07624053955078,7.225429174349052,52,52,0.0,0.0,64,,-25.0,25.0,6.0,16.0,5.649487495422363,5.081856324122502,5.7071075439453125,8.923679161071776,0.9423076923076923,0.9423076923076923,-14.760239601135254,237.41866494376885,703.0,1.5376709975206369,3.060433205217123,0.8391402017354535,13.478595733642578,0.083075,/workspace/findings/kaggle_align/overlays/sample_00278_overlay.png,/workspace/findings/kaggle_align/overlays/sample_00278_drift.png
sample_00279,1,2,1014697,0.030966094970703125,12.152594566345215,0.057595234364271164,211.0,121.0,35251,bright,False,12.5,5.927758693695068,3.1366167068481445,3.1366167068481445,"[3.0690792083740233, 3.2037331104278564]",0.1346539020538331,True,46.27703094482422,7.806834477598722,44,45,0.022222222222222223,0.0,64,23.5,-20.0,20.0,3.5,12.5,3.3474626541137695,3.0657481280240146,3.3474626541137695,5.321547698974611,0.8863636363636364,0.6818181818181818,9.490755081176758,253.12487476052178,881.5,-1.022111545817057,2.322085451334715,0.7679151991330263,14.031606674194336,0.0603,,
sample_00280,1,2,1901422,0.05802679443359375,12.941431045532227,0.058294735848903656,222.0,114.0,35970,bright,False,14.025,6.200039386749268,-0.11388015747070312,-0.11388015747070312,"[-0.19967975616455078, -0.04709048271179198]",0.1525892734527588,True,33.59953308105469,5.419245102355907,94,95,0.010526315789473684,0.0,64,34.0,-24.5,24.5,3.0,14.025,0.6305780410766602,0.3315503546532164,2.1736907958984375,4.646615219116211,0.8191489361702128,0.5638297872340425,-8.74660873413086,180.09752780454554,303.5,-0.030140608483651823,2.18768011033535,0.7587798000512689,15.248636245727539,0.03795,,
sample_00281,1,2,2383326,0.07273333740234375,13.154226303100586,0.05952138453722,221.0,125.0,36587,bright,False,11.1,6.3791093826293945,2.8299779891967773,2.8299779891967773,"[2.76169900894165, 2.891217494010925]",0.129518485069275,True,39.087852478027344,6.127478011972227,73,73,0.0,0.0,64,19.5,-18.0,18.0,3.0,11.1,2.41817569732666,2.798571286136157,2.487009048461914,5.373088073730468,0.9178082191780822,0.6438356164383562,-8.491802215576172,169.1229876748262,507.0,1.201080118273982,2.44105695001781,0.7828080423855455,13.721867561340332,0.0526,,
sample_00282,1,2,1837604,0.0560792236328125,13.071049690246582,0.05968515947461128,219.0,124.0,36991,bright,False,8.525,6.342206001281738,2.1828556060791016,2.1828556060791016,"[2.1144702434539795, 2.267105507850647]",0.1526352643966673,True,25.14545440673828,3.964780456777416,71,73,0.0273972602739726,0.0,64,14.5,-20.0,14.5,2.0,8.525,2.1680774688720703,1.5773461570202465,2.561708450317383,4.926424980163574,0.8309859154929577,0.6338028169014085,-6.138456344604492,120.13988693717637,423.0,0.7221618126358219,2.31195324100554,0.7731217886404667,12.032464981079102,0.079925,,
sample_00284,1,2,613334,0.01871746826171875,12.143132209777832,0.05445350706577301,223.0,106.0,38859,bright,False,9.775,5.915157794952393,0.8682107925415039,0.8682107925415039,"[0.8352530241012573, 0.9077956199645996]",0.07254259586334222,True,59.67457580566406,10.088416551894259,42,42,0.0,0.0,64,25.5,-19.5,19.5,1.0,9.775,0.646019458770752,0.6584087439945766,1.4717316627502441,3.1509178638458253,0.5476190476190477,0.23809523809523808,4.040291786193848,378.9024597737318,1028.5,0.5957884074619454,1.916985485702753,0.7260452714585579,18.28963279724121,0.014725,,
sample_00285,1,2,713907,0.021786712646484376,12.374361991882324,0.05624710023403168,220.0,131.0,38784,bright,False,6.8500000000000005,6.046601295471191,0.19625282287597656,0.19625282287597656,"[0.13592661619186402, 0.2618877768516541]",0.12596116065979007,True,40.03496551513672,6.621069185613789,33,33,0.0,0.0,64,22.5,-13.0,13.0,1.0,6.8500000000000005,0.2026538848876953,0.27356050953720557,1.3449316024780273,3.786316967010498,0.6060606060606061,0.3333333333333333,-3.922119140625,308.5951803923263,1126.0,0.2353593631595179,2.277982445433736,0.7770487856261474,16.238739013671875,0.03655,,
sample_00286,1,2,1142285,0.03485977172851563,12.331306457519531,0.058166541159152985,212.0,141.0,36450,bright,False,11.375,6.453266620635986,3.326601028442383,3.326601028442383,"[3.2597682952880858, 3.3993300914764406]",0.13956179618835485,True,38.73779296875,6.002819230322191,51,51,0.0,0.0,64,21.0,-17.5,17.5,3.5,11.375,2.9173107147216797,2.5652610928404567,2.9982643127441406,5.719795227050781,0.8627450980392157,0.7450980392156863,-7.886831283569336,205.60029928542502,720.0,1.0530901897021074,2.4357298463582993,0.779860206948537,12.777321815490723,0.064125,,
sample_00287,1,2,757586,0.02311968994140625,14.805500030517578,0.0604306124150753,245.0,103.0,37686,bright,False,10.925,7.093080997467041,3.5227699279785156,3.5227699279785156,"[3.425264668464661, 3.614233064651489]",0.18896839618682826,True,60.470245361328125,8.525243879623286,56,59,0.05084745762711865,0.0,64,16.5,-27.0,16.5,3.5,10.925,3.5708770751953125,3.367778488567897,3.5708770751953125,7.0781755447387695,0.8392857142857143,0.6785714285714286,9.01872730255127,311.71718373071826,628.5,1.3202008381369181,2.5055490862578154,0.7956630232312937,16.335033416748047,0.048875,,
sample_00288,1,2,2314707,0.07063925170898437,14.457090377807617,0.06258480995893478,231.0,112.0,36957,bright,False,11.875,7.220780372619629,3.839015007019043,3.839015007019043,"[3.780174899101257, 3.898451805114746]",0.11827690601348895,True,43.94956970214844,6.086540156906055,71,71,0.0,0.0,64,20.5,-17.5,17.5,4.0,11.875,3.699613571166992,3.73079707588948,3.740298271179199,6.425365447998047,0.9436619718309859,0.8450704225352113,9.381254196166992,164.99509613983784,481.0,1.33826701131569,2.5513089671730995,0.797349355009719,13.022876739501953,0.06205,,
sample_00289,1,2,2047442,0.06248297119140625,13.992813110351562,0.06137198582291603,228.0,121.0,36504,bright,False,10.1,6.988296031951904,2.118255615234375,2.118255615234375,"[2.068601107597351, 2.1771366596221924]",0.10853555202484122,True,37.55097198486328,5.373408884393654,71,72,0.013888888888888888,0.0,64,18.0,-19.0,18.0,2.0,10.1,2.026966094970703,1.9569790598372339,2.130828857421875,5.0210771560668945,0.8450704225352113,0.5492957746478874,-7.485756874084473,172.27946424792108,466.0,0.7472022619445373,2.1778496094048023,0.752903770034391,13.058137893676758,0.062,,
sample_00290,1,2,2152265,0.06568191528320312,14.515372276306152,0.061767540872097015,235.0,102.0,36820,bright,False,14.125,7.2622761726379395,3.4502010345458984,3.4502010345458984,"[3.3943403720855714, 3.4964513301849367]",0.10211095809936532,True,51.79290771484375,7.131773356400816,80,80,0.0,0.0,64,31.0,-22.5,22.5,4.0,14.125,3.1051673889160156,3.5457640409469606,3.1051673889160156,6.3166137695312505,0.8875,0.8125,10.972476959228516,192.0397956471587,440.5,1.3967899481687291,2.5198466712608933,0.7908444873740859,14.704233169555664,0.05115,,
sample_00291,1,2,1155747,0.03527059936523438,13.692033767700195,0.05979054048657417,229.0,101.0,33241,bright,False,16.0,6.866379261016846,4.178047180175781,4.178047180175781,"[4.071100807189941, 4.291984224319458]",0.2208834171295173,True,68.22354888916016,9.935884153165302,61,61,0.0,0.0,64,27.5,-39.0,27.5,5.5,16.0,4.028848648071289,4.001648418238906,4.028848648071289,7.142047882080078,0.8852459016393442,0.7540983606557377,10.370115280151367,280.0562922882273,531.0,1.4961758365917392,2.307954702526331,0.7635020668157485,16.20656394958496,0.0278,,
sample_00292,1,2,1592753,0.04860696411132812,13.637965202331543,0.05929550155997276,230.0,103.0,34436,bright,False,14.125,6.604272842407227,3.98675537109375,3.98675537109375,"[3.9255436420440675, 4.039846563339234]",0.11430292129516628,True,63.822731018066406,9.66385437746441,57,57,0.0,0.0,64,24.0,-22.5,22.5,4.0,14.125,3.839935302734375,4.1422063258656285,3.839935302734375,6.515961456298828,0.9824561403508771,0.9122807017543859,9.65513801574707,273.3156227010142,591.0,1.6121458571912355,2.5083141857758164,0.7835852671918245,16.23458480834961,0.039525,,
sample_00293,1,2,1145839,0.03496823120117187,13.284943580627441,0.05984208732843399,222.0,115.0,35664,bright,False,14.4,6.439054012298584,3.946348190307617,3.946348190307617,"[3.8704075813293457, 4.012794065475464]",0.142386484146118,True,58.941017150878906,9.153676462148267,56,56,0.0,0.0,64,25.0,-22.0,22.0,4.5,14.4,3.8520374298095703,3.4060754435403005,4.051701545715332,5.9016523361206055,0.9285714285714286,0.8392857142857143,8.24587631225586,270.8893120867379,577.0,1.0250815246290113,2.4808385092765093,0.7818809683216463,15.078907012939453,0.047475,,
sample_00295,1,2,1482308,0.0452364501953125,14.271559715270996,0.06125132739543915,233.0,128.0,38569,bright,False,11.425,7.153986930847168,3.5145034790039062,3.5145034790039062,"[3.4348325967788695, 3.5930023431777953]",0.15816974639892578,True,31.83325958251953,4.449722915379979,64,65,0.015384615384615385,0.0,64,27.0,-16.5,16.5,4.0,11.425,3.242465019226074,3.318730764091015,3.342764377593994,6.259911727905274,0.90625,0.734375,9.559502601623535,165.7249651127621,613.0,-1.112644495946507,2.601877611130476,0.8013718622300058,9.547624588012695,0.11655,,
sample_00296,1,2,1013579,0.030931976318359374,13.516066551208496,0.060883183032274246,222.0,122.0,35830,bright,False,13.9,6.537502288818359,3.2652225494384766,3.2652225494384766,"[3.19758620262146, 3.339230680465698]",0.14164447784423828,True,42.86931610107422,6.557445673770122,62,64,0.03125,0.0,64,27.0,-22.0,22.0,4.0,13.9,3.2378902435302734,3.3983646515877015,3.2378902435302734,6.443418884277343,0.8387096774193549,0.7096774193548387,12.344404220581055,209.9462760631257,495.5,1.3474353525404903,2.525041911751032,0.7876739138170302,13.177642822265625,0.05915,,
sample_00297,1,2,2157476,0.0658409423828125,14.032112121582031,0.062088992446660995,226.0,125.0,36723,bright,False,11.05,6.979549884796143,2.5702152252197266,2.5702152252197266,"[2.5123157262802125, 2.6432732582092284]",0.13095753192901594,True,43.688072204589844,6.259439781318488,81,81,0.0,0.0,64,21.5,-19.0,19.0,2.5,11.05,2.7241334915161133,2.7304714579641085,2.7344560623168945,5.388251304626465,0.8765432098765432,0.6666666666666666,8.989378929138184,156.42876491826257,399.0,1.1388040738215157,2.379409432411194,0.7809195478503,12.81368637084961,0.0686,,
sample_00298,1,2,1742155,0.053166351318359374,15.545278549194336,0.06643281131982803,234.0,111.0,34476,bright,False,14.075000000000001,7.1747941970825195,2.9932336807250977,2.9932336807250977,"[2.9004356384277346, 3.0817079067230226]",0.18127226829528809,True,37.57146453857422,5.2365912535654155,75,78,0.038461538461538464,0.0,64,23.5,-26.0,23.5,3.5,14.075000000000001,2.756838798522949,2.4290752665201825,3.05239200592041,6.003246116638185,0.84,0.6666666666666666,-11.006437301635742,158.9209168265552,395.0,1.0317457832301817,2.408632345497608,0.7823293172690763,13.189149856567383,0.0635,,
sample_00299,1,2,1305999,0.039855926513671876,13.120149612426758,0.05831177532672882,225.0,106.0,36884,bright,False,10.875,6.357210636138916,3.1184520721435547,3.1184520721435547,"[3.026413631439209, 3.2092049360275268]",0.1827913045883176,True,24.951171875,3.9248615946685415,60,63,0.047619047619047616,0.0,64,18.0,-17.5,17.5,3.0,10.875,2.8350844383239746,2.0130165100097654,3.1130433082580566,6.653602981567384,0.8333333333333334,0.7333333333333333,9.375904083251953,183.14924401574484,570.0,-0.784854288125619,2.4344571977853775,0.7900862221906824,12.392847061157227,0.086875,,
sample_00300,1,2,1346195,0.04108261108398437,13.372716903686523,0.05996733903884888,223.0,121.0,35890,bright,False,15.450000000000001,6.8841776847839355,4.989010810852051,4.989010810852051,"[4.882397413253784, 5.132672262191773]",0.25027484893798846,True,30.40984344482422,4.417353072108953,67,68,0.014705882352941176,0.0,64,28.5,-21.0,21.0,6.0,15.450000000000001,4.7082319259643555,4.400530003789646,5.551974296569824,9.913601875305176,0.9552238805970149,0.8507462686567164,-14.154411315917969,162.2846780060042,493.0,1.0950172654844381,2.6515305414795876,0.8046136101499424,10.713663101196289,0.10025,/workspace/findings/kaggle_align/overlays/sample_00300_overlay.png,/workspace/findings/kaggle_align/overlays/sample_00300_drift.png
sample_00301,1,2,638493,0.019485260009765627,13.509952545166016,0.05823255330324173,232.0,102.0,35497,bright,False,7.425,6.827377796173096,0.08423185348510742,0.08423185348510742,"[0.0400353193283081, 0.12468996047973634]",0.08465464115142823,True,55.767730712890625,8.168250297229742,23,23,0.0,0.0,64,16.5,-16.5,16.5,0.0,7.425,-0.49280548095703125,-0.264702962792438,1.2400445938110352,3.155897331237793,0.6086956521739131,0.391304347826087,-4.058752059936523,352.89812564652146,1485.0,0.16079033467581422,1.9447153694927692,0.7280283297726009,16.660673141479492,0.028625,,
sample_00302,1,2,582069,0.017763336181640624,14.381095886230469,0.0630749836564064,228.0,141.0,38214,bright,False,8.375,7.028250217437744,0.6801023483276367,0.6801023483276367,"[0.663242769241333, 0.704408359527588]",0.041165590286254994,True,95.17144012451172,13.541270896756421,33,33,0.0,0.0,64,17.5,-22.0,17.5,0.5,8.375,0.7669057846069336,0.4132851687344638,0.886810302734375,1.6890754699707031,0.45454545454545453,0.030303030303030304,-2.3858609199523926,512.3721340571987,1242.0,-0.5122121873775836,1.4374799653887749,0.6394339182499158,18.601892471313477,0.002625,,
sample_00303,1,2,1194072,0.036440185546875,14.14314079284668,0.05772710591554642,245.0,103.0,37064,bright,False,12.275,6.737175464630127,3.1633682250976562,3.1633682250976562,"[3.0926135540008546, 3.2290207624435423]",0.13640720844268772,True,54.920127868652344,8.151803104577072,49,50,0.02,0.0,64,30.0,-19.5,19.5,3.5,12.275,3.115220069885254,3.263818341858533,3.182187080383301,5.827764892578126,0.9183673469387755,0.6938775510204082,9.894453048706055,282.2003083530578,710.0,1.3730253176992617,2.331974931061268,0.771680857773573,16.72449493408203,0.04055,,
sample_00304,1,2,3060727,0.09340597534179687,14.905344009399414,0.06289174407720566,237.0,120.0,37998,bright,False,12.0,7.16634464263916,2.951763153076172,2.951763153076172,"[2.895964789390564, 3.004171895980835]",0.108207106590271,True,67.83932495117188,9.466377677056373,91,92,0.010869565217391304,0.0,64,20.5,-20.0,20.0,3.0,12.0,2.747958183288574,3.1098969952090756,2.747958183288574,5.850547790527344,0.9230769230769231,0.6483516483516484,9.227914810180664,209.17781543211626,381.0,1.5220523784369004,2.3030767552554607,0.7728134038097138,15.019929885864258,0.042625,,
sample_00305,1,2,2397401,0.07316287231445312,14.160548210144043,0.0610368475317955,232.0,118.0,38986,bright,False,11.05,6.942425727844238,2.1626548767089844,2.1626548767089844,"[2.1199515104293822, 2.208202052116394]",0.08825054168701163,True,58.36688232421875,8.407275009097264,86,86,0.0,0.0,64,28.5,-19.0,19.0,2.5,11.05,2.394476890563965,2.4789052342259605,2.394476890563965,4.747158527374268,0.8023255813953488,0.6162790697674418,8.6024808883667,213.94964663978737,413.0,1.1918973078543889,2.120662070810795,0.7472404055962008,15.07278823852539,0.038275,,
sample_00306,1,2,2863144,0.087376220703125,12.60329818725586,0.05651703104376793,223.0,121.0,37879,bright,False,10.6,6.366315841674805,2.3711891174316406,2.3711891174316406,"[2.3183756113052367, 2.425191593170166]",0.10681598186492947,True,37.057586669921875,5.82088410181249,73,74,0.013513513513513514,0.0,64,21.0,-18.0,18.0,2.5,10.6,2.216268539428711,2.424495409612786,2.216268539428711,4.765802955627441,0.7945205479452054,0.547945205479452,8.162935256958008,164.26848691476758,493.0,0.9773039740522457,2.255298906005919,0.7619882437867381,12.247310638427734,0.067125,,
sample_00307,1,2,1518259,0.046333587646484375,11.468052864074707,0.050743598490953445,226.0,102.0,32909,bright,False,12.775,5.871100425720215,4.350162506103516,4.350162506103516,"[4.234553623199463, 4.45782241821289]",0.22326879501342756,True,33.23445129394531,5.660685201082794,69,69,0.0,0.0,64,19.5,-30.5,19.5,4.0,12.775,3.2685890197753906,1.9897651879683784,3.5171680450439453,6.267433834075928,0.855072463768116,0.7536231884057971,10.3665771484375,245.51723662515462,409.0,0.5912560858947649,2.464582249522209,0.7807433976861131,16.176963806152344,0.0462,,
sample_00308,1,2,1527537,0.046616729736328126,13.800041198730469,0.05897453427314758,234.0,100.0,37477,bright,False,16.0,6.89811897277832,5.797740936279297,5.797740936279297,"[5.725921535491944, 5.873913955688477]",0.14799242019653303,True,63.551361083984375,9.212853726468582,73,73,0.0,0.0,64,25.0,-24.5,24.5,6.0,16.0,6.023534774780273,5.992168348129481,6.0604095458984375,9.427363967895506,1.0,0.9863013698630136,12.077377319335938,250.4666449671948,532.0,1.7508795889757303,2.880170553922653,0.8270283519895416,14.703601837158203,0.067075,/workspace/findings/kaggle_align/overlays/sample_00308_overlay.png,/workspace/findings/kaggle_align/overlays/sample_00308_drift.png
sample_00309,1,2,1193939,0.03643612670898438,13.710006713867188,0.05834045261144638,235.0,101.0,38819,bright,False,13.9,6.86363410949707,3.773805618286133,3.773805618286133,"[3.7274398803710938, 3.8175607204437254]",0.09012084007263166,True,73.5987777709961,10.723004256470922,64,64,0.0,0.0,64,27.5,-22.0,22.0,4.0,13.9,4.113787651062012,4.05198834836483,4.113787651062012,6.5686485290527346,0.921875,0.8125,10.727457046508789,325.1487349033911,588.0,1.9591355239951056,2.660175286233425,0.8090585839058239,15.858915328979492,0.028225,,
sample_00310,1,2,1027759,0.031364715576171875,14.115203857421875,0.05981018766760826,236.0,121.0,36655,bright,False,8.525,6.901325702667236,1.7092599868774414,1.7092599868774414,"[1.6576103687286377, 1.7621753931045532]",0.10456502437591553,True,37.090553283691406,5.374409915091616,53,58,0.08620689655172414,0.0,64,20.5,-14.5,14.5,2.0,8.525,1.4499740600585938,1.5404071447984227,1.9351768493652344,5.539150428771977,0.7547169811320755,0.49056603773584906,7.123927116394043,231.49736482134682,458.0,-0.8027426188780449,2.0462852343916893,0.7349559406427097,12.534931182861328,0.070025,,
sample_00311,1,2,2079002,0.06344610595703125,13.031682968139648,0.0597783625125885,218.0,138.0,39289,bright,False,8.2,6.527915954589844,1.1251554489135742,1.1251554489135742,"[1.055455493927002, 1.1932316303253174]",0.13777613639831543,True,24.5355224609375,3.7585536688299923,51,53,0.03773584905660377,0.0,64,18.0,-16.0,16.0,1.0,8.2,0.8985757827758789,1.0459220923629462,1.158696174621582,3.1217870712280273,0.5294117647058824,0.27450980392156865,5.790535926818848,132.8196696455221,761.0,-0.37052085883315977,2.189878426492214,0.75551776908689,9.490945816040039,0.10375,,
sample_00312,1,2,3019421,0.09214541625976562,13.461527824401855,0.060911890119314194,221.0,128.0,36244,bright,False,9.65,6.775848865509033,1.7596149444580078,1.7596149444580078,"[1.7062508821487428, 1.8043025016784668]",0.09805161952972408,True,46.237998962402344,6.823941897194121,74,76,0.02631578947368421,0.0,64,18.0,-17.0,17.0,2.0,9.65,1.5637059211730957,1.9565241659009778,1.5637059211730957,4.467901325225831,0.6621621621621622,0.36486486486486486,7.701301574707031,175.88466058855016,447.0,0.7657867976046776,1.895424708724022,0.7137836040657357,13.332124710083008,0.052225,,
sample_00313,1,2,1744161,0.05322756958007813,14.60991382598877,0.061645206063985825,237.0,103.0,33775,bright,False,15.575000000000001,7.268028259277344,4.7629804611206055,4.7629804611206055,"[4.711911678314209, 4.818082618713379]",0.10617094039916974,True,66.0374526977539,9.086020354070552,69,69,0.0,0.0,64,27.5,-23.5,23.5,5.0,15.575000000000001,4.782977104187012,4.763885885045148,4.8046875,6.85512104034424,0.9855072463768116,0.927536231884058,11.475249290466309,242.9325164775196,463.0,-1.444785256460999,2.608959086239338,0.8019023834881928,15.424448013305664,0.042425,,
sample_00314,1,2,2586120,0.078922119140625,14.788692474365234,0.06266395002603531,236.0,106.0,33981,bright,False,16.0,7.219196796417236,3.9384765625,3.9384765625,"[3.867923402786255, 4.014567899703979]",0.14664449691772452,True,58.30939483642578,8.07699200905061,88,88,0.0,0.0,64,31.0,-27.0,27.0,4.0,16.0,3.44101619720459,3.5571593154560435,3.5028276443481445,6.262395668029785,0.9204545454545454,0.7386363636363636,8.321647644042969,186.06969227627496,331.5,1.3216543003666839,2.407836079597473,0.7762010600102581,15.004585266113281,0.04375,,
sample_00315,1,2,2965436,0.0904979248046875,14.524568557739258,0.06260590255260468,232.0,120.0,35429,bright,False,14.125,6.971677303314209,3.678447723388672,3.678447723388672,"[3.619367790222168, 3.735751008987427]",0.1163832187652587,True,52.20513916015625,7.488174923893691,99,99,0.0,0.0,64,26.0,-22.5,22.5,4.0,14.125,3.6917266845703125,3.4139198341754953,3.7168712615966797,5.938036346435547,0.9696969696969697,0.8282828282828283,-12.230263710021973,170.89672439369602,323.0,1.381584912062718,2.485175576992333,0.7889952649224069,14.39161205291748,0.0554,,
sample_00316,1,2,2247547,0.06858969116210938,13.40218734741211,0.06037021428346634,222.0,130.0,33907,bright,False,12.9,6.486629486083984,3.162527084350586,3.162527084350586,"[3.0741808652877807, 3.260359001159668]",0.18617813587188747,True,33.946800231933594,5.233349662526736,81,83,0.024096385542168676,0.0,64,22.0,-23.0,22.0,3.0,12.9,3.1781692504882812,2.728554549040618,3.2685508728027344,5.698886871337891,0.8395061728395061,0.7160493827160493,9.845846176147461,160.08776318123196,378.0,0.7166276586236631,2.420059122145176,0.7777700710941564,12.940185546875,0.0703,,
sample_00317,1,2,2577157,0.07864859008789063,13.330462455749512,0.05898434668779373,226.0,119.0,35739,bright,False,11.725,6.46847677230835,2.050558090209961,2.050558090209961,"[2.001506233215332, 2.1011035442352295]",0.09959731101989755,True,41.801910400390625,6.462404036039096,92,92,0.0,0.0,64,20.5,-23.5,20.5,2.5,11.725,2.0096631050109863,2.085675560909769,2.250187397003174,4.784515953063965,0.7391304347826086,0.5543478260869565,8.40610122680664,159.66450072795612,324.5,0.9136510853141337,2.1712685227394104,0.7539822431126779,14.586858749389648,0.047525,,
sample_00318,1,2,2169856,0.06621875,13.016169548034668,0.060540322214365005,215.0,144.0,36185,bright,False,7.8,6.605579376220703,1.439253807067871,1.439253807067871,"[1.3597628355026246, 1.5179991245269775]",0.15823628902435294,True,16.656570434570312,2.5215911407456515,44,50,0.12,0.0,64,16.0,-14.0,14.0,1.5,7.8,1.423386573791504,1.4403012232346968,1.4992828369140625,2.9802406311035163,0.6363636363636364,0.29545454545454547,6.7599334716796875,75.70210202256898,771.5,-0.4487818743748639,2.221483549103141,0.7552447552447552,8.465639114379883,0.1299,,
sample_00319,1,2,2478067,0.07562460327148438,14.054230690002441,0.06388286501169205,220.0,136.0,35963,bright,False,10.925,7.117875576019287,2.4600048065185547,2.4600048065185547,"[2.3967534780502318, 2.532219672203064]",0.13546619415283212,True,27.462005615234375,3.8581744401034697,71,72,0.013888888888888888,0.0,64,16.5,-17.5,16.5,3.5,10.925,2.51320743560791,2.766109439688669,2.51320743560791,5.410677909851074,0.7464788732394366,0.6338028169014085,8.851578712463379,123.3373478365405,424.0,0.7849648733525322,2.2289827801287174,0.7583212735166426,10.159662246704102,0.096775,,
sample_00320,1,2,3205840,0.09783447265625,14.9927978515625,0.06518607586622238,230.0,118.0,35439,bright,False,14.4,7.4581403732299805,4.421298980712891,4.421298980712891,"[4.345621252059937, 4.496825885772705]",0.15120463371276838,True,46.548423767089844,6.241290916723601,103,103,0.0,0.0,64,30.0,-22.0,22.0,4.5,14.4,4.557399749755859,4.4070338276983465,4.5991973876953125,8.077640151977539,0.970873786407767,0.8446601941747572,11.89847183227539,145.33769256491246,323.0,1.2578800589955017,2.5970064848661423,0.79540044677189,12.642369270324707,0.06845,,
sample_00321,1,2,2156118,0.06579949951171875,12.972796440124512,0.05791426822543144,224.0,123.0,35796,bright,False,15.35,6.157806396484375,4.510616302490234,4.510616302490234,"[4.449553060531616, 4.563944530487061]",0.11439146995544469,True,53.124916076660156,8.627246888923029,81,81,0.0,0.0,64,29.5,-23.0,23.0,5.0,15.35,4.558191299438477,4.718231707443426,4.578348159790039,7.402835845947266,0.9876543209876543,0.9506172839506173,11.549339294433594,214.59381829626324,431.0,1.7673742261105867,2.7830728217959404,0.8277122508196103,14.350109100341797,0.055725,,
sample_00322,1,2,1908334,0.05823773193359375,11.722305297851562,0.05377204343676567,218.0,109.0,34967,bright,False,16.0,5.6893439292907715,3.445444107055664,3.445444107055664,"[3.363502788543701, 3.515378522872925]",0.15187573432922408,True,43.06452178955078,7.569330018499895,82,82,0.0,0.0,64,27.5,-27.0,27.0,4.0,16.0,3.39340877532959,3.1669645774655226,3.56777286529541,7.170598030090333,0.9024390243902439,0.7073170731707317,12.649436950683594,205.04615211895072,385.5,-1.1545123307153702,2.3963312171399593,0.7758010893400297,14.893098831176758,0.048625,,
sample_00323,1,2,2022447,0.06172018432617187,13.233785629272461,0.06070543825626373,218.0,146.0,36232,bright,False,7.575,6.702070713043213,0.7169666290283203,0.7169666290283203,"[0.6258609771728516, 0.7892973899841309]",0.1634364128112793,True,13.659393310546875,2.0380855254128685,48,49,0.02040816326530612,0.0,64,14.5,-13.5,13.5,1.5,7.575,0.9761333465576172,0.5219245950380961,1.5577387809753418,3.751598358154297,0.7291666666666666,0.2708333333333333,-6.903087139129639,68.3204454848492,712.5,-0.3034963694940624,2.2273486210033298,0.7524190614769007,8.04937744140625,0.1416,,
sample_00324,1,2,1483644,0.0452772216796875,14.200333595275879,0.06367862969636917,223.0,140.0,38900,bright,False,12.375,7.19987154006958,4.480152130126953,4.480152130126953,"[4.421145582199097, 4.537247133255005]",0.11610155105590803,True,34.37970733642578,4.7750445469883385,74,76,0.02631578947368421,0.0,64,20.5,-17.5,17.5,4.5,12.375,3.813767433166504,3.282363279445751,4.245039939880371,7.518894529342653,0.9594594594594594,0.8648648648648649,11.033605575561523,161.53199889892826,397.0,1.0798760197798218,2.819530412554741,0.8249069478908189,9.099617004394531,0.128825,,
sample_00325,1,2,1497624,0.045703857421875,14.221282005310059,0.06264881789684296,227.0,113.0,38707,bright,False,12.625,7.0787553787231445,2.484013557434082,2.484013557434082,"[2.426612210273743, 2.5660630226135255]",0.13945081233978263,True,53.04742431640625,7.49389143688348,71,71,0.0,0.0,64,27.5,-22.5,22.5,2.5,12.625,2.28385066986084,2.5455559475321166,2.305767059326172,5.861032485961914,0.8169014084507042,0.647887323943662,8.283720016479492,204.0444952446729,551.0,1.1164604068170525,2.1978278644382954,0.7547584919497317,13.387968063354492,0.04805,,
sample_00326,1,2,3023423,0.09226754760742187,10.94129467010498,0.05210140347480774,210.0,121.0,35122,bright,False,16.0,5.121588230133057,,0.39934539794921875,"[0.12803611755371094, 0.6696141719818115]",0.5415780544281006,False,8.207420349121094,1.6025146849628458,104,105,0.009523809523809525,0.0,64,33.5,-28.5,28.5,5.5,16.0,-0.09821128845214844,-0.9653396331346952,4.3722100257873535,9.198825454711914,0.875,0.7596153846153846,-13.719614028930664,152.0303484524096,299.5,-0.12174105140925404,2.607604455202818,0.8018706822944967,14.402881622314453,0.058875,,
sample_00327,1,2,1024439,0.03126339721679688,11.392221450805664,0.053234681487083435,214.0,119.0,32712,bright,False,14.125,5.533077716827393,4.960733413696289,4.960733413696289,"[4.830091762542724, 5.093415117263794]",0.26332335472106916,True,15.999168395996094,2.8915495524920702,55,57,0.03508771929824561,0.0,64,24.5,-22.5,22.5,4.0,14.125,4.569694519042969,2.93628416928378,5.198144912719727,8.432503509521485,0.9454545454545454,0.7818181818181819,12.176200866699219,179.79344164556383,497.0,-0.8196953956623154,2.6602209582924843,0.7985724024541846,11.076231002807617,0.0915,/workspace/findings/kaggle_align/overlays/sample_00327_overlay.png,/workspace/findings/kaggle_align/overlays/sample_00327_drift.png
sample_00328,1,2,2247689,0.06859402465820312,13.192837715148926,0.0576106458902359,229.0,104.0,36364,bright,False,10.425,6.599375247955322,2.869633674621582,2.869633674621582,"[2.816468381881714, 2.9115712881088256]",0.09510290622711182,True,60.268959045410156,9.132524940763632,79,79,0.0,0.0,64,19.0,-16.5,16.5,3.0,10.425,2.8763370513916016,3.0549838995631737,2.8763370513916016,5.422354698181152,0.9113924050632911,0.7088607594936709,7.749447822570801,221.57788407772762,379.0,1.5397317640673809,2.273630805313587,0.7656072264971563,16.16839027404785,0.037725,,
sample_00329,1,2,2866835,0.08748886108398438,14.64463996887207,0.06423087418079376,228.0,118.0,35871,bright,False,11.05,7.25150203704834,2.11092472076416,2.11092472076416,"[2.0520764589309692, 2.16026291847229]",0.10818645954132089,True,46.074493408203125,6.3537861773748245,87,88,0.011363636363636364,0.0,64,31.5,-19.0,19.0,2.5,11.05,2.178445816040039,2.129809938628098,2.1820669174194336,4.191314315795899,0.8160919540229885,0.5747126436781609,-10.080578804016113,155.0162570685875,362.0,0.9783809105059257,2.1670412607491016,0.7512332857328313,13.2603178024292,0.049575,,
sample_00330,1,2,2608910,0.07961761474609375,11.911033630371094,0.05438828095793724,219.0,113.0,37268,bright,False,16.0,5.6456146240234375,4.863821029663086,4.863821029663086,"[4.79275369644165, 4.927600145339966]",0.13484644889831543,True,54.38977813720703,9.633987042928071,96,97,0.010309278350515464,0.0,64,31.0,-26.0,26.0,5.0,16.0,4.484836578369141,4.633405615886052,4.484836578369141,8.320891380310059,0.9895833333333334,0.9270833333333334,10.733264923095703,224.8629778333073,339.0,-0.4762475689980765,2.5846987292170525,0.7941624068365396,15.592050552368164,0.04675,,
sample_00331,1,2,1105520,0.03373779296875,10.866168975830078,0.049617208540439606,219.0,104.0,36411,bright,False,11.275,5.4296979904174805,2.6141862869262695,2.6141862869262695,"[2.5488224029541016, 2.669634556770325]",0.12081215381622323,True,43.84497833251953,8.07503076780673,70,71,0.014084507042253521,0.0,64,21.5,-19.5,19.5,2.5,11.275,2.876574993133545,2.737513950892857,3.0384998321533203,7.484642219543457,0.8285714285714286,0.6857142857142857,9.66462516784668,286.48529433438256,426.0,-1.0590298731099907,2.3322410210967064,0.7770410418579347,16.627208709716797,0.04045,,
sample_00332,1,2,2075787,0.06334799194335937,12.169919967651367,0.0540885329246521,225.0,102.0,36147,bright,False,14.475,6.242571830749512,3.1379642486572266,3.1379642486572266,"[3.0853808403015135, 3.1856544971466065]",0.10027365684509304,True,58.68988037109375,9.401554673668397,93,94,0.010638297872340425,0.0,64,27.0,-25.5,25.5,3.0,14.475,3.2530345916748047,3.558891696314658,3.3719310760498047,6.238834762573242,0.946236559139785,0.8279569892473119,11.696590423583984,236.63489779894067,354.0,1.5396312723837542,2.55995268933475,0.8055019626106048,16.630985260009766,0.024075,,
sample_00333,1,2,1881587,0.057421478271484375,14.2506103515625,0.06064089387655258,235.0,102.0,34359,bright,False,14.8,6.845845699310303,3.500430107116699,3.500430107116699,"[3.416702222824097, 3.5910773277282715]",0.17437510490417463,True,58.82310485839844,8.592525663312085,95,95,0.0,0.0,64,31.5,-24.0,24.0,4.0,14.8,3.620062828063965,4.152839088439942,3.620062828063965,7.1979341506958034,0.9473684210526315,0.7894736842105263,13.91201114654541,197.36263058592294,347.0,0.182968353470172,2.4110515639185905,0.7788487925356751,15.112152099609375,0.039375,,
sample_00334,1,2,1921247,0.05863180541992188,13.170236587524414,0.05726189911365509,230.0,100.0,35105,bright,False,16.0,6.22838020324707,4.20472526550293,4.20472526550293,"[4.116093254089355, 4.28313570022583]",0.1670424461364748,True,63.096221923828125,10.130438390857044,95,95,0.0,0.0,64,37.5,-27.0,27.0,5.0,16.0,4.229091644287109,4.487454213594136,4.412862777709961,8.624755859375,0.968421052631579,0.8421052631578947,12.168458938598633,243.47363833252132,340.0,-0.29220569842105704,2.458098202943802,0.7858885274985216,16.674203872680664,0.042125,,
sample_00335,1,2,2608998,0.07962030029296875,12.942791938781738,0.05726899206638336,226.0,104.0,35232,bright,False,16.0,6.087054252624512,5.107086181640625,5.107086181640625,"[5.045630168914795, 5.175284004211425]",0.12965383529663033,True,61.901206970214844,10.169320725788724,103,103,0.0,0.0,64,30.5,-26.5,26.5,5.5,16.0,5.30560302734375,5.258268041518128,5.30560302734375,7.72070083618164,1.0,0.9320388349514563,11.495580673217773,225.5430315142279,316.0,1.9608073121991494,2.8254487812519073,0.8243280797173369,16.487518310546875,0.0527,/workspace/findings/kaggle_align/overlays/sample_00335_overlay.png,/workspace/findings/kaggle_align/overlays/sample_00335_drift.png
sample_00336,1,2,1516891,0.04629183959960938,14.064896583557129,0.061959896236658096,227.0,118.0,37777,bright,False,8.475000000000001,6.767648220062256,1.6460227966308594,1.6460227966308594,"[1.6097570657730103, 1.6822874069213867]",0.07253034114837642,True,51.36138916015625,7.589252202544856,66,67,0.014925373134328358,0.0,64,17.0,-15.5,15.5,1.5,8.475000000000001,1.615739345550537,1.6623206283106948,1.6743698120117188,3.7530317306518555,0.7121212121212122,0.3939393939393939,5.050668716430664,218.62951255939356,535.5,-0.8791612867616874,2.0019488816615194,0.7350249207068419,15.2264404296875,0.039125,,
sample_00337,1,2,1634839,0.04989132690429687,11.601428985595703,0.07074042409658432,164.0,89.0,35476,bright,False,16.0,6.369924545288086,2.955251693725586,2.955251693725586,"[2.8048694133758545, 3.1812585830688476]",0.3763891696929931,True,20.134315490722656,3.1608405009469482,84,84,0.0,0.0,64,35.5,-28.5,28.5,3.5,16.0,2.5130090713500977,2.681243101755778,2.779486656188965,7.046312046051027,0.7738095238095238,0.6428571428571429,13.476015090942383,91.9015911024429,386.5,0.3401146872159739,2.359900265932083,0.7665667987500403,8.344720840454102,0.0879,,
sample_00339,1,2,1418602,0.04329229736328125,11.957442283630371,0.06872092932462692,174.0,84.0,35422,bright,False,16.0,6.034554481506348,1.7890510559082031,1.7890510559082031,"[1.6205248832702637, 1.9097200870513915]",0.28919520378112784,True,27.475936889648438,4.553101140084476,74,74,0.0,0.0,64,39.0,-32.0,32.0,2.5,16.0,1.5730772018432617,2.30481971276773,2.0438623428344727,6.062151336669922,0.6756756756756757,0.5,10.457944869995117,146.4368547259407,373.0,0.8289758991081888,2.2173913046717644,0.758385661544287,11.022920608520508,0.05195,,
sample_00340,1,2,2107735,0.06432296752929688,10.828483581542969,0.0633244663476944,171.0,83.0,35746,bright,False,13.9,5.310928821563721,3.7263145446777344,3.7263145446777344,"[3.5023338317871096, 3.9448688507080076]",0.4425350189208981,True,30.899513244628906,5.818099673859124,98,99,0.010101010101010102,0.0,64,34.0,-22.0,22.0,4.0,13.9,3.0347824096679688,3.107115614170931,3.3676671981811523,6.64207363128662,0.8571428571428571,0.7346938775510204,11.338035583496094,146.8371623548399,340.5,1.0307508209877514,2.3453556671738625,0.768914343574977,13.194890975952148,0.040925,,
sample_00341,1,2,1587663,0.048451629638671875,11.065465927124023,0.06547612696886063,169.0,83.0,37076,bright,False,15.375,5.6957292556762695,2.512126922607422,2.512126922607422,"[2.2816565990448, 2.731533432006836]",0.44987683296203596,True,29.44023895263672,5.168826963342238,83,83,0.0,0.0,64,34.0,-27.5,27.5,3.0,15.375,2.1694679260253906,2.6626514354384088,2.266925811767578,6.702518844604492,0.7951807228915663,0.5662650602409639,13.838418960571289,153.2882097799452,456.0,1.0042809546573646,2.363966677337885,0.7762170482970945,11.47618293762207,0.0456,,
sample_00342,1,2,937557,0.028611968994140625,11.677412033081055,0.06869065761566162,170.0,83.0,38570,bright,False,8.65,5.774059295654297,0.7495660781860352,0.7495660781860352,"[0.6234387397766114, 0.9153316736221314]",0.29189293384552006,True,17.96997833251953,3.1121915124848463,56,58,0.034482758620689655,0.0,64,33.5,-17.0,17.0,1.0,8.65,0.7442235946655273,0.7552204557827541,1.9349913597106934,4.745861530303955,0.6964285714285714,0.48214285714285715,7.553829193115234,121.13075302605908,565.5,0.18933002946497804,2.3119635730981827,0.7699060144545427,11.312732696533203,0.067325,,
sample_00345,1,2,2765954,0.08441021728515626,11.505764961242676,0.06973190605640411,165.0,86.0,33192,bright,False,16.0,6.192834377288818,4.138208389282227,4.138208389282227,"[3.897405576705933, 4.416697216033936]",0.5192916393280029,True,15.114570617675781,2.4406547465738684,95,95,0.0,0.0,64,29.0,-26.5,26.5,5.0,16.0,3.2310562133789062,3.339852604113127,3.631999969482422,9.801935195922857,0.8947368421052632,0.7052631578947368,14.531778335571289,73.9238148048558,298.0,-0.6107227487042991,2.487562066875398,0.7831752768751243,8.755599975585938,0.100925,,
sample_00346,1,2,2001472,0.061080078125,11.836447715759277,0.07173604518175125,165.0,89.0,35796,bright,False,13.225,6.479791641235352,4.3220977783203125,4.3220977783203125,"[3.738183069229126, 4.824080276489258]",1.0858972072601318,True,14.348838806152344,2.214398178305743,75,75,0.0,0.0,64,20.5,-24.0,20.5,4.0,13.225,2.207350730895996,2.109194367726644,3.2485275268554688,7.7888023376464846,0.7866666666666666,0.6533333333333333,8.788646697998047,83.64475505791472,468.0,0.4532379694188237,2.434101242572069,0.7803888702648341,8.227432250976562,0.09905,,
sample_00347,1,2,1223725,0.03734512329101562,11.266302108764648,0.06746288388967514,167.0,84.0,37037,bright,False,16.0,5.957274436950684,4.204381942749023,4.204381942749023,"[3.718388891220093, 4.635688972473145]",0.9173000812530518,True,18.314224243164062,3.0742623051857354,77,77,0.0,0.0,64,,-43.0,43.0,0.0,16.0,2.636363983154297,2.4362461164400173,3.1900596618652344,7.2538997650146495,0.7922077922077922,0.6623376623376623,12.844572067260742,119.21118298967727,407.0,0.6742106974662502,2.4017447978258133,0.7815103822245735,9.420729637145996,0.09005,,
sample_00348,1,2,959241,0.029273712158203125,11.296276092529297,0.06846228241920471,165.0,86.0,34394,bright,False,16.0,6.010515213012695,,4.708667755126953,"[3.5606492042541507, 9.470428323745727]",5.909779119491576,False,10.416900634765625,1.733112764145935,58,59,0.01694915254237288,0.0,64,27.5,-26.0,26.0,10.0,16.0,2.8957910537719727,2.070362387032344,4.901767730712891,10.739062595367434,0.9137931034482759,0.8275862068965517,-14.312958717346191,118.07434457107246,590.5,0.44211411182744553,2.470798110589385,0.780915121619323,8.592620849609375,0.11715,/workspace/findings/kaggle_align/overlays/sample_00348_overlay.png,/workspace/findings/kaggle_align/overlays/sample_00348_drift.png
sample_00349,1,2,1138954,0.03475811767578125,11.002525329589844,0.06588338315486908,167.0,82.0,37330,bright,False,13.675,5.542692184448242,3.5547990798950195,3.5547990798950195,"[3.2247576236724855, 3.921791648864746]",0.6970340251922607,True,18.50292205810547,3.3382553896861182,60,61,0.01639344262295082,0.0,64,30.5,-21.5,21.5,4.0,13.675,2.9626121520996094,2.98567107518514,3.0306687355041504,6.991435623168946,0.7333333333333333,0.6666666666666666,8.749361991882324,117.5898249773009,529.5,-0.9203131250463928,2.4374904334545135,0.7859513092617538,10.36058235168457,0.068575,,
sample_00351,1,2,824826,0.02517169189453125,9.659634590148926,0.058190569281578064,166.0,79.0,32623,bright,False,16.0,4.696739673614502,2.7492008209228516,2.7492008209228516,"[2.6442779541015624, 2.851628875732422]",0.20735092163085955,True,35.16735076904297,7.487609110338234,59,59,0.0,0.0,64,,-46.0,46.0,3.5,16.0,2.521533966064453,3.159032207424358,2.521533966064453,6.377075958251955,0.8305084745762712,0.6271186440677966,9.483489990234375,232.22536900633054,530.0,1.1511709102123715,2.236040299758315,0.7653949758817264,15.313546180725098,0.025775,,
sample_00352,1,2,1332093,0.04065225219726563,12.125658988952637,0.0704980194568634,172.0,92.0,37296,bright,False,9.325000000000001,6.269468784332275,0.9761180877685547,0.9761180877685547,"[0.7816474437713623, 1.1694332599639892]",0.38778581619262686,True,15.409919738769531,2.4579306906000893,62,65,0.046153846153846156,0.0,64,30.5,-18.5,18.5,1.0,9.325000000000001,1.2177724838256836,1.3781337430400233,2.17497181892395,6.3917602539062495,0.7580645161290323,0.532258064516129,8.3070707321167,114.53603796987983,550.5,0.16787464408886954,2.3163670003414154,0.774867427285875,9.461568832397461,0.080025,,
sample_00353,1,2,1579352,0.048197998046875,10.74044418334961,0.06280961632728577,171.0,84.0,36126,bright,False,12.025,5.3089094161987305,1.3047590255737305,1.3047590255737305,"[1.1844130277633667, 1.4286581516265868]",0.24424512386322017,True,24.27977752685547,4.573402110190873,84,84,0.0,0.0,64,24.5,-30.5,24.5,1.0,12.025,1.299759864807129,1.311379313468933,1.8998541831970215,4.741865158081055,0.75,0.47619047619047616,7.766592025756836,134.76364827180106,379.5,-0.44422010018319347,2.2654245952144265,0.7681243688221073,12.514311790466309,0.042325,,
sample_00354,1,2,898642,0.02742437744140625,11.500118255615234,0.07012267410755157,164.0,77.0,39148,bright,False,9.325000000000001,6.0487165451049805,0.8550739288330078,0.8550739288330078,"[0.7666444301605224, 0.9393706321716309]",0.17272620201110844,True,21.9534912109375,3.629446188663562,43,43,0.0,0.0,64,25.0,-18.5,18.5,1.0,9.325000000000001,0.7586154937744141,0.7435943359552428,1.5046358108520508,3.2581160545349133,0.627906976744186,0.3953488372093023,3.614804267883301,142.83754288582577,897.0,0.20358760504818252,2.1617955081164837,0.7561900841028054,10.71294116973877,0.046025,,
sample_00355,1,2,557561,0.017015411376953126,9.765310287475586,0.058474913239479065,167.0,78.0,34104,bright,False,16.0,4.752776145935059,1.9894332885742188,1.9894332885742188,"[1.89088773727417, 2.090558385848999]",0.1996706485748292,True,30.010086059570312,6.314222496095731,50,50,0.0,0.0,64,41.5,-34.5,34.5,2.0,16.0,2.2654361724853516,2.0416322708129884,2.367551803588867,5.603340148925782,0.8,0.6,7.198263168334961,225.40279408777673,676.0,0.902161729977377,2.2708787973970175,0.7683912075851346,15.804454803466797,0.019825,,
sample_00356,1,2,1279598,0.03905023193359375,9.850655555725098,0.059700943529605865,165.0,79.0,37471,bright,False,11.9,4.730645656585693,2.048794746398926,2.048794746398926,"[1.919938087463379, 2.170074796676636]",0.2501367092132569,True,31.161361694335938,6.587126569278158,80,80,0.0,0.0,64,34.0,-22.0,22.0,2.0,11.9,1.776789665222168,1.8708996057510376,2.1922354698181152,5.250930786132822,0.7,0.5625,8.979564666748047,179.19196399479426,423.0,0.6438387218499012,2.303130716085434,0.7738674997702839,14.251157760620117,0.032475,,
sample_00357,1,2,1587656,0.048451416015625,11.36034107208252,0.06762107461690903,168.0,77.0,35563,bright,False,12.25,5.762573719024658,0.5929155349731445,0.5929155349731445,"[0.5033646583557129, 0.6806936264038086]",0.17732896804809573,True,31.215103149414062,5.416868342414431,88,89,0.011235955056179775,0.0,64,39.0,-25.0,25.0,1.0,12.25,0.4428691864013672,0.3601447343826294,1.4551773071289062,3.651717376708984,0.6022727272727273,0.3409090909090909,-9.471370697021484,144.01687913142666,316.0,-0.12888989090323216,2.07609161734581,0.748573745330283,13.569372177124023,0.035375,,
sample_00358,1,2,1908518,0.05824334716796875,10.294694900512695,0.062016233801841736,166.0,76.0,35734,bright,False,12.3,5.2992329597473145,1.5446796417236328,1.5446796417236328,"[1.4232354164123535, 1.658588171005249]",0.2353527545928955,True,27.693618774414062,5.225967415430363,98,98,0.0,0.0,64,24.0,-36.0,24.0,1.5,12.3,1.235377311706543,1.570554139662762,1.6723542213439941,4.655358886718749,0.6836734693877551,0.4489795918367347,10.438021659851074,140.6557734648142,305.0,0.5662927124627067,2.1078890077769756,0.7447101840196607,13.48560619354248,0.039025,,
sample_00359,1,2,1188824,0.036280029296875,10.991120338439941,0.067019023001194,164.0,79.0,36026,bright,False,14.525,5.684259414672852,3.384490966796875,3.384490966796875,"[2.9229312419891356, 3.8014193058013914]",0.8784880638122559,True,22.65740966796875,3.9859914924858795,74,74,0.0,0.0,64,31.5,-24.5,24.5,3.5,14.525,2.1323328018188477,2.080936083922515,2.5781569480895996,6.198199844360352,0.7972972972972973,0.6486486486486487,12.737489700317383,130.13653416053432,400.0,-0.4870543566362109,2.3417568281292915,0.7688106606747184,11.23934268951416,0.0616,,
sample_00360,1,2,1212570,0.03700469970703125,12.153380393981934,0.07191349565982819,169.0,78.0,36527,bright,False,12.225,6.382220268249512,2.9155988693237305,2.9155988693237305,"[2.6593493223190308, 3.1797099828720095]",0.5203606605529787,True,24.55291748046875,3.847080866609297,70,70,0.0,0.0,64,28.0,-20.5,20.5,3.0,12.225,2.1373562812805176,2.35976163319179,2.8035778999328613,6.618110084533692,0.8142857142857143,0.6428571428571429,10.988395690917969,128.56700176004142,463.0,0.6220594128158261,2.350806426256895,0.7745495355072012,10.625314712524414,0.0693,,
sample_00361,1,2,1344930,0.04104400634765625,10.174721717834473,0.06204098463058472,164.0,79.0,37052,bright,False,8.525,4.920642375946045,1.7385807037353516,1.7385807037353516,"[1.663531494140625, 1.8163963079452514]",0.15286481380462646,True,31.495803833007812,6.40075043595348,70,70,0.0,0.0,64,14.5,-17.0,14.5,2.0,8.525,1.8341178894042969,1.81965149470738,1.8936450481414795,4.1106914520263675,0.7857142857142857,0.45714285714285713,7.703235626220703,167.09593797681876,478.5,0.5997947220313925,2.0755334086716175,0.7439602358108889,14.403436660766602,0.023275,,
sample_00362,1,2,1032208,0.03150048828125,9.676375389099121,0.05561135336756706,174.0,91.0,32821,bright,False,10.875,4.819355010986328,2.8879737854003906,2.8879737854003906,"[2.773111176490784, 3.004480314254761]",0.23136913776397705,True,24.57463836669922,5.099155034372489,50,50,0.0,0.0,64,17.5,-17.5,17.5,3.0,10.875,2.614881992340088,2.6043192291259767,2.614881992340088,5.225755786895754,0.76,0.66,7.793985366821289,171.4457147124785,560.0,0.7302511049747183,2.2998683974146843,0.7631209744276513,13.188732147216797,0.039075,,
sample_00363,1,2,2260402,0.06898199462890625,9.827625274658203,0.0588480569422245,167.0,84.0,36073,bright,False,10.1,4.873208045959473,1.8100290298461914,1.8100290298461914,"[1.6898560762405395, 1.9344235897064208]",0.24456751346588135,True,26.516830444335938,5.441349967876266,92,93,0.010752688172043012,0.0,64,18.0,-31.0,18.0,2.0,10.1,2.041067123413086,2.425107515376547,2.3189849853515625,6.43013553619385,0.7608695652173914,0.5543478260869565,8.639162063598633,133.40814798179736,323.0,0.5884290365891075,2.2624831050634384,0.7621834198521316,12.915523529052734,0.054275,,
sample_00364,1,2,1884280,0.057503662109375,10.879627227783203,0.06437649577856064,169.0,82.0,37970,bright,False,9.775,5.457590103149414,0.6844730377197266,0.6844730377197266,"[0.609812331199646, 0.7568141460418701]",0.1470018148422242,True,29.169044494628906,5.3446748369388,87,87,0.0,0.0,64,30.0,-19.5,19.5,1.0,9.775,0.5987167358398438,0.6460657941884008,1.2568683624267578,3.428268051147462,0.6206896551724138,0.26436781609195403,5.272158622741699,138.16465534154224,420.0,0.3423994116237659,1.977045999839902,0.7258548814972451,12.960638046264648,0.03335,,
sample_00365,1,2,1584943,0.048368621826171875,9.332404136657715,0.056219302117824554,166.0,82.0,35847,bright,False,12.35,4.551592826843262,1.6263446807861328,1.6263446807861328,"[1.5197586059570312, 1.716936993598938]",0.19717838764190687,True,29.588294982910156,6.500646281102212,85,85,0.0,0.0,64,30.0,-23.0,23.0,2.0,12.35,1.3148612976074219,1.4248671531677246,1.7608709335327148,4.391831588745118,0.6941176470588235,0.4470588235294118,10.46926498413086,176.1772610625724,335.0,0.5601857268934594,2.1614306420087814,0.7560723971229808,15.52774429321289,0.0326,,
sample_00366,1,2,1570773,0.04793618774414062,10.163257598876953,0.06013761833310127,169.0,82.0,36568,bright,False,12.075000000000001,5.058996677398682,1.329874038696289,1.329874038696289,"[1.2576687335968018, 1.3827473878860475]",0.1250786542892457,True,36.305633544921875,7.176449375252427,77,77,0.0,0.0,64,29.5,-23.5,23.5,1.5,12.075000000000001,1.2192411422729492,1.1233724123471742,1.3877134323120117,3.125204086303713,0.6493506493506493,0.35064935064935066,4.876069068908691,182.91825029190716,426.0,0.36670815928331124,2.04791147261858,0.7409388677518094,14.518665313720703,0.0196,,
sample_00367,1,2,284287,0.008675750732421874,8.420405387878418,0.053293704986572266,158.0,81.0,35576,bright,False,8.525,4.215210437774658,2.2085886001586914,2.2085886001586914,"[2.128682255744934, 2.26998827457428]",0.1413060188293458,True,32.26771545410156,7.655066320042779,21,22,0.045454545454545456,0.0,64,16.0,-14.5,14.5,2.0,8.525,2.123065948486328,1.3598790849958147,2.5996198654174805,5.076192855834961,0.8095238095238095,0.6666666666666666,5.805364608764648,370.93372846695854,1702.0,0.7555544355459969,2.183458011597395,0.7526752434772154,17.516084671020508,0.0222,,
sample_00368,1,2,1141597,0.034838775634765624,8.413487434387207,0.0513017512857914,164.0,81.0,33429,bright,False,14.725,4.198113441467285,0.6502828598022461,0.6502828598022461,"[0.5738466501235961, 0.7210233926773071]",0.14717674255371094,True,34.13202667236328,8.130325001516342,66,66,0.0,0.0,64,33.0,-30.5,30.5,1.0,14.725,0.6032896041870117,0.5878020922342936,1.0611605644226074,2.770954132080078,0.5151515151515151,0.18181818181818182,4.447151184082031,210.54455394758446,442.5,0.004942480562448305,2.0734044201672077,0.7397077583207701,17.174663543701172,0.026725,,
sample_00369,1,2,837049,0.025544708251953124,10.289375305175781,0.06088387593626976,169.0,83.0,33580,bright,False,16.0,5.282192230224609,2.6595706939697266,2.6595706939697266,"[2.4973469257354735, 2.8273526191711427]",0.3300056934356692,True,24.36914825439453,4.613453504201286,54,54,0.0,0.0,64,,-41.0,41.0,4.0,16.0,2.2510337829589844,2.9222615559895835,2.4195852279663086,6.372809600830078,0.8148148148148148,0.6481481481481481,10.584171295166016,173.72473390364132,577.5,0.7856049738635744,2.4304492101073265,0.7813161407964573,11.727136611938477,0.0648,,
sample_00370,1,2,1897870,0.05791839599609375,11.468847274780273,0.06667934358119965,172.0,82.0,38262,bright,False,7.525,5.620389938354492,0.7455544471740723,0.7455544471740723,"[0.6568496942520141, 0.8386218547821045]",0.18177216053009038,True,26.69713592529297,4.750050480146794,88,88,0.0,0.0,64,14.5,-15.0,14.5,1.0,7.525,0.6595940589904785,0.5625341805544767,1.2146387100219727,2.75513916015625,0.6136363636363636,0.23863636363636365,5.522313594818115,125.81819855021462,408.5,0.21339798929541529,2.085355632007122,0.7459212213028784,12.557222366333008,0.042775,,
sample_00371,1,2,1514928,0.04623193359375,10.801594734191895,0.06391476094722748,169.0,81.0,35710,bright,False,16.0,5.203029632568359,0.6413478851318359,0.6413478851318359,"[0.5491560935974121, 0.7385090827941895]",0.18935298919677734,True,31.700408935546875,6.092682758736985,83,83,0.0,0.0,64,38.0,-36.5,36.5,1.0,16.0,0.4526386260986328,0.7798633115837373,1.4267330169677734,4.35071563720703,0.6265060240963856,0.3132530120481928,9.890939712524414,153.45306166676582,381.0,0.25474326104880435,2.114073522388935,0.7439802428483226,14.052367210388184,0.033525,,
sample_00372,1,2,1054637,0.03218496704101562,11.012889862060547,0.06440286338329315,171.0,82.0,37369,bright,False,7.875,5.414625644683838,0.02493000030517578,0.02493000030517578,"[-0.04400578737258911, 0.09800436496734623]",0.14201015233993533,True,32.49034881591797,6.000479247871455,67,67,0.0,0.0,64,17.5,-25.5,17.5,0.0,7.875,-0.19858932495117188,0.18163932971100308,1.5667047500610352,4.545147132873535,0.6567164179104478,0.3880597014925373,6.427796363830566,183.9181782934812,475.0,0.15681677259947208,2.0111558325588703,0.7393680957014481,14.028053283691406,0.02875,,
sample_00373,1,2,1433632,0.0437509765625,11.313090324401855,0.06694136559963226,169.0,81.0,36953,bright,False,10.450000000000001,5.525843620300293,0.8892860412597656,0.8892860412597656,"[0.7327654600143433, 1.0374316215515138]",0.3046661615371705,True,25.581016540527344,4.629341381748546,78,78,0.0,0.0,64,21.0,-23.0,21.0,1.0,10.450000000000001,0.8914008140563965,0.8904747045957125,1.7798948287963867,3.8266714096069334,0.7435897435897436,0.44871794871794873,6.373053550720215,123.15289746743451,408.0,0.3079141675391474,2.1844561398029327,0.7568590068217701,12.413074493408203,0.046125,,
sample_00374,1,2,871503,0.026596160888671876,11.780967712402344,0.0701248049736023,168.0,83.0,36844,bright,False,11.1,5.962264060974121,2.8289594650268555,2.8289594650268555,"[2.6843975305557253, 2.976279449462891]",0.2918819189071655,True,18.86083984375,3.1633687557052776,49,51,0.0392156862745098,0.0,64,24.0,-18.0,18.0,3.0,11.1,2.188772201538086,2.1411765935469647,2.6555099487304688,6.76545753479004,0.7959183673469388,0.5918367346938775,8.653499603271484,118.35855323033843,628.0,-0.6546322387962513,2.3998696357011795,0.7751566879783314,9.658003807067871,0.086075,,
sample_00375,1,2,597006,0.01821917724609375,8.470569610595703,0.05228746682405472,162.0,81.0,36410,bright,False,15.275,4.26924467086792,1.7739143371582031,1.7739143371582031,"[1.711609411239624, 1.8459786891937255]",0.13436927795410147,True,36.46492004394531,8.541304810373434,46,46,0.0,0.0,64,31.0,-29.5,29.5,2.0,15.275,1.433579444885254,1.1999932994013247,1.6017112731933594,3.275259017944336,0.7608695652173914,0.391304347826087,5.895256042480469,323.7660240083485,762.0,-0.2983930896212936,2.0681013874709606,0.745852780745656,17.5047607421875,0.01615,,
sample_00376,1,2,904066,0.02758990478515625,9.714187622070312,0.05887386575341225,165.0,80.0,33264,bright,False,16.0,4.646449565887451,3.4635772705078125,3.4635772705078125,"[3.1652690410614013, 3.785188674926758]",0.6199196338653565,True,21.649497985839844,4.659363602003261,58,59,0.01694915254237288,0.0,64,31.0,-27.5,27.5,5.0,16.0,2.313129425048828,2.0111976327567267,2.67459774017334,7.541481018066408,0.8103448275862069,0.6551724137931034,-14.959126472473145,192.1820257378216,521.0,0.62055440040882,2.362862501293421,0.7789275934534802,13.134140014648438,0.057825,,
sample_00377,1,2,2131151,0.06503756713867187,9.655030250549316,0.05781455338001251,167.0,79.0,35827,bright,False,15.5,4.582767009735107,2.183429718017578,2.183429718017578,"[2.0914330005645754, 2.2665787220001223]",0.17514572143554696,True,32.42980194091797,7.076467529775744,96,96,0.0,0.0,64,30.0,-36.0,30.0,2.0,15.5,1.8864412307739258,2.156604051589966,2.109994888305664,5.9662628173828125,0.7604166666666666,0.5208333333333334,8.882087707519531,160.04558071170356,297.0,-0.7452802141446692,2.2448788231704384,0.7656495468277945,15.190441131591797,0.028875,,
sample_00378,1,2,1806821,0.05513980102539062,11.779980659484863,0.06970402598381042,169.0,80.0,36543,bright,False,11.950000000000001,5.745515823364258,1.9126291275024414,1.9126291275024414,"[1.795142936706543, 2.021981191635132]",0.226838254928589,True,26.990821838378906,4.6977195204336875,70,70,0.0,0.0,64,22.0,-21.0,21.0,2.5,11.950000000000001,1.9236865043640137,2.113019207545689,1.9236865043640137,5.644643020629883,0.6571428571428571,0.4714285714285714,7.144097328186035,137.0315651967947,485.0,0.7052174844097672,2.2293311152607203,0.7580878951426369,12.00174331665039,0.046425,,
sample_00379,1,2,2078214,0.06342205810546875,9.974626541137695,0.05972830206155777,167.0,80.0,35984,bright,False,16.0,4.905349254608154,2.314615249633789,2.314615249633789,"[2.2223207473754885, 2.443578290939331]",0.22125754356384242,True,37.79118347167969,7.704076001556488,96,96,0.0,0.0,64,35.0,-35.0,35.0,2.5,16.0,1.9110355377197266,1.993836631377538,2.132843494415283,4.616028785705566,0.7291666666666666,0.5208333333333334,7.401947021484375,178.71011211185237,361.5,0.7756772143162834,2.169032208621502,0.7571206783304473,13.95257568359375,0.02985,,
sample_00380,1,2,1357147,0.04141683959960937,10.76764965057373,0.0648653581738472,166.0,79.0,36664,bright,False,7.7,5.360218048095703,0.6357641220092773,0.6357641220092773,"[0.5403126955032349, 0.7274197578430176]",0.1871070623397827,True,27.303665161132812,5.093760163512909,56,57,0.017543859649122806,0.0,64,16.0,-18.5,16.0,0.5,7.7,0.9380378723144531,1.3140769345419747,1.5574359893798828,4.834870338439941,0.6785714285714286,0.4107142857142857,7.078279495239258,170.87355829653856,578.0,0.16078291314806936,2.0343292020261288,0.7396458321197646,13.466079711914062,0.033675,,
sample_00381,1,2,506070,0.01544403076171875,12.282188415527344,0.07099530845880508,173.0,77.0,31859,bright,False,10.05,6.2154316902160645,1.494333267211914,1.494333267211914,"[1.410332942008972, 1.5825523138046265]",0.17221937179565439,True,35.37712860107422,5.69182164076594,26,26,0.0,0.0,64,19.5,-19.0,19.0,1.5,10.05,1.7224922180175781,1.6657172716580904,1.7813796997070312,4.27991247177124,0.6923076923076923,0.3076923076923077,7.980780601501465,229.36196421642413,1304.5,-0.6189766649380259,2.112339772284031,0.7485904959153147,12.820354461669922,0.0252,,
sample_00382,1,2,915624,0.027942626953125,10.347050666809082,0.06270939856767654,165.0,83.0,37978,bright,False,14.8,5.423917770385742,4.128037452697754,4.128037452697754,"[4.013614511489868, 4.230661106109619]",0.2170465946197515,True,22.582229614257812,4.163453534925511,51,51,0.0,0.0,64,24.0,-43.0,24.0,4.0,14.8,3.681321144104004,3.7178903093525006,4.0823469161987305,8.021577835083008,0.9215686274509803,0.8235294117647058,11.131007194519043,166.8611025895026,586.0,-1.3155553148147214,2.6653130650520325,0.8063755637556376,9.562801361083984,0.075925,,
sample_00383,1,2,1979551,0.06041110229492187,10.636276245117188,0.06331116706132889,168.0,81.0,37559,bright,False,8.475000000000001,5.303960800170898,1.3387727737426758,1.3387727737426758,"[1.2745426654815675, 1.4280844449996948]",0.1535417795181273,True,29.47284698486328,5.556761841813318,86,86,0.0,0.0,64,17.5,-15.5,15.5,1.5,8.475000000000001,1.2323107719421387,0.8975200264952904,1.7011382579803467,3.2211155891418457,0.7325581395348837,0.4069767441860465,5.331333160400391,141.4680397118174,415.0,0.37673206280182503,2.0910480991005898,0.7477689460242761,13.662633895874023,0.044525,,
sample_00384,1,2,1262639,0.03853268432617187,8.901412010192871,0.052671078592538834,169.0,81.0,35961,bright,False,8.475000000000001,4.270293712615967,1.0709915161132812,1.0709915161132812,"[0.9379059314727783, 1.2133442401885985]",0.2754383087158202,True,21.56597137451172,5.0502313952780735,75,77,0.025974025974025976,0.0,64,37.5,-15.5,15.5,1.5,8.475000000000001,1.1313133239746094,1.2631853675842286,1.9470429420471191,5.147204780578614,0.6933333333333334,0.49333333333333335,7.865240097045898,157.28046556137704,428.0,0.38388542792603975,2.1444309800863266,0.754280173328081,16.96272087097168,0.0537,,
sample_00385,1,2,1008538,0.03077813720703125,9.34574031829834,0.05768975615501404,162.0,81.0,37844,bright,False,9.425,4.620433807373047,1.6561050415039062,1.6561050415039062,"[1.5064342021942139, 1.7851828336715698]",0.27874863147735596,True,19.048309326171875,4.122623571790073,59,60,0.016666666666666666,0.0,64,31.0,-16.5,16.5,2.0,9.425,1.301565170288086,1.5709206532623807,1.724618911743164,5.044695281982422,0.7288135593220338,0.4576271186440678,8.563214302062988,131.52177969576576,506.0,0.3694577797917598,2.3195750415325165,0.7703473945409429,12.580326080322266,0.05705,,
sample_00386,1,2,1098186,0.03351397705078125,11.937835693359375,0.07022256404161453,170.0,83.0,34650,bright,False,11.725,6.004370212554932,2.0000181198120117,2.0000181198120117,"[1.8855118036270142, 2.1154680967330934]",0.22995629310607923,True,19.002899169921875,3.164844687655579,47,48,0.020833333333333332,0.0,64,24.5,-20.5,20.5,2.5,11.725,1.5961589813232422,1.4039497071124138,1.760004997253418,4.838982009887695,0.7659574468085106,0.40425531914893614,-10.0829496383667,127.78122010877699,668.0,-0.5376615358477925,2.215253809466958,0.7611334797462177,10.758098602294922,0.072,,
sample_00387,1,2,916871,0.027980682373046874,11.62891674041748,0.06760998070240021,172.0,81.0,37530,bright,False,14.625,5.64371395111084,-0.04675006866455078,-0.04675006866455078,"[-0.14865374565124512, 0.059100437164306664]",0.20775418281555177,True,28.351036071777344,5.023471479485077,54,54,0.0,0.0,64,36.0,-32.5,32.5,0.0,14.625,0.032881736755371094,-0.11665365431043836,1.4380040168762207,3.123990154266358,0.6111111111111112,0.3333333333333333,7.185710906982422,170.20422374440307,629.5,-0.041242138086435884,2.1723188757896423,0.758791014935905,12.455042839050293,0.0292,,
sample_00388,1,2,1860164,0.0567677001953125,10.665728569030762,0.06503493338823318,164.0,75.0,35681,bright,False,12.475,5.476703643798828,0.9949464797973633,0.9949464797973633,"[0.9101479053497314, 1.092604112625122]",0.18245620727539058,True,28.088577270507812,5.12873784987654,94,94,0.0,0.0,64,40.0,-25.5,25.5,1.0,12.475,0.9676623344421387,0.9567948655879244,1.3928284645080566,3.9839466094970706,0.648936170212766,0.2872340425531915,-7.664662837982178,126.49309024580492,316.5,-0.3688401670521632,2.086589463055134,0.741336813107148,12.977035522460938,0.033175,,
sample_00389,1,2,1208486,0.03688006591796875,11.430459976196289,0.06969792395830154,164.0,76.0,37848,bright,False,8.425,5.960427761077881,1.0220346450805664,1.0220346450805664,"[0.9466437339782715, 1.1100268125534059]",0.16338307857513434,True,32.356468200683594,5.428547999855679,64,64,0.0,0.0,64,16.5,-31.5,16.5,1.0,8.425,0.9910869598388672,0.8596179708838463,1.2290055751800537,3.4183828353881838,0.671875,0.34375,7.09913444519043,161.1874413630532,579.0,-0.15853375855260676,2.0445184595882893,0.7394903009272428,12.145569801330566,0.02415,,
sample_00390,1,2,1428605,0.043597564697265626,12.667489051818848,0.07585322856903076,167.0,80.0,37009,bright,False,8.975000000000001,6.657407283782959,1.8481101989746094,1.8481101989746094,"[1.7708731412887573, 1.9461164712905883]",0.175243330001831,True,25.853424072265625,3.8834073041081623,68,69,0.014492753623188406,0.0,64,17.5,-15.5,15.5,2.0,8.975000000000001,1.4827022552490234,1.382030220592723,1.528432846069336,3.80837278366089,0.6176470588235294,0.38235294117647056,7.81599235534668,111.23758739962241,411.5,0.5156235486902032,2.116702787578106,0.747495345332033,10.138601303100586,0.0654,,
sample_00391,1,2,1148193,0.035040069580078125,10.114190101623535,0.06129812076687813,165.0,75.0,37848,bright,False,8.15,5.087648391723633,0.07227134704589844,0.07227134704589844,"[-0.01998615264892578, 0.15154998302459724]",0.17153613567352302,True,35.521888732910156,6.981985781622731,80,81,0.012345679012345678,0.0,64,41.0,-17.0,17.0,0.5,8.15,0.010256767272949219,0.060357439517974856,1.4480347633361816,3.0099085330963136,0.675,0.325,6.76009464263916,179.59106433873848,429.0,0.12787939911173582,2.0853017270565033,0.7441660208387152,14.63888931274414,0.016825,,
sample_00392,1,2,964785,0.029442901611328124,9.00722599029541,0.05773862823843956,156.0,76.0,37027,bright,False,16.0,4.877964496612549,1.252370834350586,1.252370834350586,"[1.1405038356781005, 1.3880956649780274]",0.24759182929992685,True,33.98188018798828,6.966405805451565,65,65,0.0,0.0,64,33.5,,33.5,2.0,16.0,1.2509117126464844,1.4456738545344425,1.6509475708007812,5.128996658325197,0.7692307692307693,0.38461538461538464,11.884206771850586,193.2293113389814,496.0,0.30874928085179226,2.160102143883705,0.7518865431482514,13.803586959838867,0.05505,,
sample_00393,1,2,1513073,0.04617532348632813,9.318750381469727,0.05717024952173233,163.0,86.0,37579,bright,False,12.025,4.714656829833984,0.6500425338745117,0.6500425338745117,"[0.5275569677352905, 0.8324270963668823]",0.3048701286315918,True,24.12128448486328,5.11623334538914,89,90,0.011111111111111112,0.0,64,35.0,-24.5,24.5,1.0,12.025,0.19941043853759766,0.2504741797286473,1.502263069152832,4.573266601562501,0.6404494382022472,0.4044943820224719,7.251506805419922,150.76697728776148,337.0,0.1194120958216137,2.2591526131145656,0.7664349493617786,12.209306716918945,0.0363,,
sample_00394,1,2,881810,0.02691070556640625,9.712116241455078,0.0578102171421051,168.0,91.0,37387,bright,False,11.975,4.8334431648254395,0.6706962585449219,0.6706962585449219,"[0.5574643611907959, 0.770406699180603]",0.2129423379898071,True,21.71448516845703,4.492550016203873,62,62,0.0,0.0,64,25.5,-27.5,25.5,0.5,11.975,0.8278083801269531,0.7381305079306325,1.5300679206848145,4.764361906051636,0.6129032258064516,0.3709677419354839,-7.316771984100342,150.00870051400625,551.0,-0.2908868056388796,2.16994109749794,0.7533250144565846,11.09769058227539,0.0572,,
sample_00395,1,2,1048676,0.0320030517578125,9.850019454956055,0.060429565608501434,163.0,76.0,37791,bright,False,9.55,5.109236240386963,0.6656522750854492,0.6656522750854492,"[0.5683770418167114, 0.7752874374389649]",0.20691039562225344,True,36.58478546142578,7.160519447551504,74,74,0.0,0.0,64,19.0,-34.0,19.0,1.0,9.55,0.6154298782348633,0.7678275688274486,1.0783109664916992,3.8373564243316656,0.5405405405405406,0.25675675675675674,8.442841529846191,190.48449583220128,455.5,0.3446156201823694,2.0785437785089016,0.7450171421930385,14.198034286499023,0.029825,,
sample_00396,1,2,1396432,0.04261572265625,8.03975772857666,0.050564512610435486,159.0,78.0,37044,bright,False,11.075000000000001,4.106067180633545,0.2732553482055664,0.2732553482055664,"[0.19555990695953368, 0.3426918268203735]",0.14713191986083984,True,34.493492126464844,8.400615627809255,84,84,0.0,0.0,64,26.0,-23.5,23.5,0.5,11.075000000000001,0.2022261619567871,0.30307668163662865,1.266432285308838,3.374796962738037,0.5952380952380952,0.30952380952380953,7.338238716125488,212.05957607116994,352.5,0.18288705599845637,2.0229253247380257,0.7354766740081805,17.111513137817383,0.017075,,
sample_00397,1,2,1402690,0.04280670166015625,11.035661697387695,0.06608180701732635,167.0,81.0,36974,bright,False,8.925,5.567306041717529,0.9472360610961914,0.9472360610961914,"[0.824982738494873, 1.0877846002578735]",0.26280186176300047,True,20.7952880859375,3.7352514717373246,81,81,0.0,0.0,64,16.5,-23.5,16.5,1.5,8.925,0.5554409027099609,0.6667901910381553,1.6442832946777344,4.415711879730225,0.691358024691358,0.48148148148148145,6.050684928894043,112.67803891886501,383.0,0.23837592925910725,2.2178112138062716,0.7667305733628902,12.314676284790039,0.045075,,
sample_00398,1,2,1279698,0.03905328369140625,11.410361289978027,0.0679188147187233,168.0,84.0,37673,bright,False,9.05,5.864564895629883,0.38535499572753906,0.38535499572753906,"[0.26415352821350097, 0.47329349517822267]",0.2091399669647217,True,21.96154022216797,3.7447859496845406,61,61,0.0,0.0,64,33.0,-19.0,19.0,0.5,9.05,0.13692474365234375,0.3458015410626521,1.3234686851501465,3.0584168434143066,0.5901639344262295,0.32786885245901637,8.490216255187988,116.09301778804843,578.0,0.1152103764506364,2.1679292619228363,0.7562877113328156,10.250436782836914,0.065475,,
sample_00399,1,2,899168,0.0274404296875,12.596152305603027,0.07281012833118439,173.0,84.0,39140,bright,False,9.925,6.4391188621521,1.909153938293457,1.909153938293457,"[1.7969484090805055, 1.997188639640808]",0.2002402305603026,True,20.03496551513672,3.1114452060977453,47,47,0.0,0.0,64,16.5,-17.0,16.5,2.5,9.925,2.171022415161133,1.6498468683121053,2.281094551086426,4.479211044311523,0.7659574468085106,0.5957446808510638,7.854104042053223,131.0649874157185,810.0,-0.42869114412473003,2.236677910666913,0.7631372312152694,9.948780059814453,0.0728,,
sample_00400,1,2,604521,0.018448516845703124,12.553258895874023,0.07384269684553146,170.0,85.0,39025,bright,False,8.25,6.4465813636779785,0.8661642074584961,0.8661642074584961,"[0.7825542688369751, 0.9453839778900146]",0.1628297090530395,True,22.67529296875,3.517413601030396,38,39,0.02564102564102564,0.0,64,36.5,-15.0,15.0,1.5,8.25,0.5713191032409668,1.178686129419427,1.0368421077728271,4.475603866577154,0.5,0.3684210526315789,7.497640609741211,154.185488066358,948.0,-0.23661856443148518,2.031850701197982,0.7306258873639375,10.371829986572266,0.0722,,
sample_00401,1,2,891923,0.027219329833984375,8.418505668640137,0.05164727568626404,163.0,81.0,37240,bright,False,12.15,4.263945579528809,0.46235179901123047,0.46235179901123047,"[0.3661811113357544, 0.561205792427063]",0.19502468109130866,True,38.281166076660156,8.977873981424137,68,68,0.0,0.0,64,27.0,-40.0,27.0,0.0,12.15,0.5611991882324219,0.4310531405841603,1.7918577194213867,3.9328214645385757,0.6323529411764706,0.39705882352941174,-6.296894550323486,255.4808654123176,517.0,-0.1950328123389747,2.156651806086302,0.7544826785817907,15.459439277648926,0.01925,,
sample_00402,1,2,1168422,0.03565740966796875,8.74487018585205,0.05569981038570404,157.0,80.0,35616,bright,False,12.125,4.503530979156494,1.3100194931030273,1.3100194931030273,"[1.2440647602081298, 1.3652334213256836]",0.12116866111755376,True,28.26263427734375,6.275661121939769,74,74,0.0,0.0,64,35.0,-22.5,22.5,2.0,12.125,1.0344533920288086,0.9875934188430374,1.6681876182556152,3.4543666839599614,0.6486486486486487,0.3918918918918919,-5.2980804443359375,189.17754133668342,414.0,0.5749567556823526,2.079914964735508,0.7447729120687653,13.591604232788086,0.0395,,
sample_00403,1,2,495566,0.01512347412109375,11.781620979309082,0.06849779933691025,172.0,81.0,31290,bright,False,10.725,5.606708526611328,1.4110937118530273,1.4110937118530273,"[1.2124361276626587, 1.6154740810394288]",0.40303795337677006,True,26.7137451171875,4.764603865243764,32,32,0.0,0.0,64,20.5,-25.5,20.5,1.5,10.725,0.6429920196533203,0.6441496908664703,1.9871063232421875,3.611402225494385,0.71875,0.5,4.607451438903809,209.4790442145163,995.5,0.3869807929405924,2.3358051739633083,0.7701363445251967,13.148351669311523,0.02305,,
sample_00404,1,2,473842,0.01446051025390625,12.315901756286621,0.07287515699863434,169.0,84.0,35554,bright,False,7.575,6.354898929595947,1.6168174743652344,1.6168174743652344,"[1.518516755104065, 1.715325689315796]",0.19680893421173096,True,25.90167236328125,4.075859057750288,30,30,0.0,0.0,64,13.5,-15.0,13.5,1.5,7.575,1.0782380104064941,1.047839911778768,1.4273104667663574,4.256253337860108,0.7333333333333333,0.43333333333333335,-6.454761981964111,173.16752537956438,1048.5,0.7767268806237472,2.1600245609879494,0.7479473322783865,11.003398895263672,0.04945,,
sample_00405,1,2,1184946,0.03616168212890625,8.560046195983887,0.05522610619664192,155.0,75.0,33735,bright,False,11.450000000000001,4.404409408569336,1.9636421203613281,1.9636421203613281,"[1.8974002599716187, 2.0375311851501463]",0.14013092517852765,True,33.847862243652344,7.684994537019434,72,72,0.0,0.0,64,37.5,-21.0,21.0,2.0,11.450000000000001,1.7496018409729004,1.6988716390397813,1.7677321434020996,3.551956272125244,0.7777777777777778,0.4861111111111111,5.899060249328613,207.98991251831228,408.5,0.6997878684198924,2.1053402051329613,0.7490074227515967,15.610219955444336,0.043925,,
sample_00406,1,2,2055982,0.06274359130859375,12.815183639526367,0.07719989866018295,166.0,79.0,37228,bright,False,9.25,6.957582473754883,2.167191505432129,2.167191505432129,"[2.087442898750305, 2.2537733554840087]",0.1663304567337036,True,24.439979553222656,3.5127114404197406,75,75,0.0,0.0,64,20.0,-15.0,15.0,2.5,9.25,2.1871566772460938,2.1896330070495607,2.1871566772460938,4.386364746093751,0.7733333333333333,0.5466666666666666,6.463739395141602,98.65017901350576,430.0,0.6254020471982275,2.208328254520893,0.7614354385222359,9.543259620666504,0.0839,,
sample_00407,1,2,794845,0.024256744384765626,11.068046569824219,0.0696103572845459,159.0,74.0,36978,bright,False,10.2,5.689833641052246,2.563929557800293,2.563929557800293,"[2.458787035942078, 2.668833923339844]",0.2100468873977661,True,29.16706085205078,5.126171113617443,51,52,0.019230769230769232,0.0,64,16.0,-18.0,16.0,3.0,10.2,2.1395606994628906,2.1367597112468646,2.4688282012939453,4.798139572143555,0.803921568627451,0.5686274509803921,9.695563316345215,170.7965645097387,729.0,-0.7783005738441245,2.1298513375222683,0.7489877337144218,12.4939546585083,0.044325,,
sample_00408,1,2,1519172,0.0463614501953125,7.84224796295166,0.050270821899175644,156.0,81.0,35552,bright,False,12.075000000000001,3.8924131393432617,1.1735000610351562,1.1735000610351562,"[1.1005678176879883, 1.254812240600586]",0.15424442291259766,True,33.04735565185547,8.490197332298417,83,84,0.011904761904761904,0.0,64,23.5,-37.5,23.5,1.5,12.075000000000001,1.2147207260131836,0.9223407262779144,1.7716655731201172,3.311703872680664,0.7228915662650602,0.3493975903614458,6.333647727966309,200.26529623437168,349.0,0.32862172620379565,2.0438031665980816,0.7400412087912088,16.372831344604492,0.01775,,
sample_00409,1,2,1204120,0.036746826171875,12.047262191772461,0.07301370799541473,165.0,78.0,36055,bright,False,9.925,6.182256698608398,2.127499580383301,2.127499580383301,"[1.975776767730713, 2.2637354135513306]",0.2879586458206176,True,18.93097686767578,3.062146686975497,55,56,0.017857142857142856,0.0,64,40.0,-16.5,16.5,2.5,9.925,1.913482666015625,2.018140931562944,2.0887222290039062,6.192917823791504,0.7636363636363637,0.5454545454545454,8.81164264678955,123.16888227938873,628.0,-0.6645103416299674,2.232981488108635,0.756422815610681,10.25920295715332,0.068825,,
sample_00411,1,2,1264318,0.03858392333984375,9.261442184448242,0.056129951030015945,165.0,80.0,37226,bright,False,8.925,4.380401134490967,1.30792236328125,1.30792236328125,"[1.2085439443588257, 1.3828580141067506]",0.17431406974792485,True,24.61993408203125,5.620474775283853,70,70,0.0,0.0,64,19.5,-16.5,16.5,1.5,8.925,1.0109634399414062,1.189491707938058,1.7331457138061523,3.833221483230591,0.6428571428571429,0.4714285714285714,5.606371879577637,176.19832685946704,475.5,-0.5222967213089471,2.159146010875702,0.7528788101899573,16.137413024902344,0.035725,,
sample_00412,1,2,1490717,0.04549307250976563,8.576589584350586,0.054282210767269135,158.0,80.0,35043,bright,False,12.700000000000001,4.158266544342041,0.9365825653076172,0.9365825653076172,"[0.8758187770843506, 1.0016911983489991]",0.12587242126464848,True,32.137596130371094,7.728604164179716,70,70,0.0,0.0,64,36.5,-26.0,26.0,1.0,12.700000000000001,0.7659692764282227,0.7924820763724191,1.2012152671813965,3.1180691719055176,0.6,0.32857142857142857,6.893404960632324,206.970355091469,482.5,-0.40434828375289456,1.9812317956238985,0.7272077736496142,16.049560546875,0.01705,,
sample_00413,1,2,791482,0.02415411376953125,8.861422538757324,0.056084953248500824,158.0,77.0,37238,bright,False,8.65,4.27889347076416,0.7449960708618164,0.7449960708618164,"[0.6766693830490113, 0.8052997112274171]",0.1286303281784058,True,31.02635955810547,7.251024072016573,54,54,0.0,0.0,64,17.0,-18.5,17.0,1.0,8.65,1.0736045837402344,0.9681004594873499,1.3011832237243652,3.5069622516632095,0.6296296296296297,0.2962962962962963,6.007200241088867,223.57555724103713,607.0,0.4630340113208394,1.8999136909842491,0.7133832945703047,16.450531005859375,0.01485,,
sample_00414,1,2,983204,0.0300050048828125,10.736860275268555,0.06587030738592148,163.0,73.0,37359,bright,False,9.375,5.380216121673584,1.1614656448364258,1.1614656448364258,"[1.081231141090393, 1.2539227724075317]",0.17269163131713872,True,24.363265991210938,4.52830619444195,61,62,0.016129032258064516,0.0,64,22.0,-17.5,17.5,1.5,9.375,1.0219926834106445,1.1811180896446354,1.5499916076660156,4.471108436584473,0.7049180327868853,0.39344262295081966,7.373817443847656,151.7341282065274,519.0,-0.3833938134870186,2.1218955144286156,0.753916698509744,12.946917533874512,0.0338,,
sample_00416,1,2,1081215,0.03299606323242187,8.563334465026855,0.05318841338157654,161.0,81.0,35644,bright,False,11.625,4.213208198547363,1.295644760131836,1.295644760131836,"[1.17234206199646, 1.4161716938018798]",0.24382963180541983,True,26.341461181640625,6.252114763928039,84,84,0.0,0.0,64,30.0,-22.5,22.5,1.5,11.625,1.3867688179016113,1.162962448029291,1.9299607276916504,5.106479835510254,0.75,0.4880952380952381,10.55626106262207,175.48372937866483,404.0,-0.07517959195639937,2.178819663822651,0.7565123336237719,15.758953094482422,0.085725,,
sample_00417,1,2,1769423,0.053998504638671875,12.577784538269043,0.07355429232120514,171.0,86.0,38282,bright,False,7.4750000000000005,6.275633335113525,0.5049667358398438,0.5049667358398438,"[0.4055399179458618, 0.6088306903839111]",0.20329077243804933,True,20.557952880859375,3.2758371598661102,65,67,0.029850746268656716,0.0,64,16.5,-15.5,15.5,0.5,7.4750000000000005,0.3113579750061035,0.6224032622117263,1.2904915809631348,3.4833716392517093,0.5384615384615384,0.27692307692307694,5.841745853424072,105.52666664063912,552.0,0.20947997071793586,2.1462595611810684,0.7502183669166591,10.477251052856445,0.060575,,
sample_00418,1,2,1032565,0.03151138305664063,13.438092231750488,0.07549490034580231,178.0,84.0,36906,bright,False,10.0,6.568840026855469,1.4075746536254883,1.4075746536254883,"[1.30909321308136, 1.4972551822662354]",0.1881619691848755,True,21.932754516601562,3.338908304500279,64,65,0.015384615384615385,0.0,64,20.0,-21.0,20.0,1.0,10.0,1.2585711479187012,0.8732490092515945,2.2156081199645996,4.19768009185791,0.75,0.5625,8.644021987915039,129.39237788699808,477.0,0.22931215905540786,2.2043511644005775,0.7595462341648361,11.531201362609863,0.049125,,
sample_00419,1,2,2052152,0.062626708984375,14.162467956542969,0.08092838525772095,175.0,93.0,38033,bright,False,6.45,7.472910404205322,1.3038663864135742,1.3038663864135742,"[1.2285191774368287, 1.368927252292633]",0.1404080748558043,True,20.12427520751953,2.69296353348419,79,79,0.0,0.0,64,11.0,-17.5,11.0,1.5,6.45,1.1780118942260742,1.0064200328875192,1.4570879936218262,3.237912940979004,0.6582278481012658,0.3924050632911392,-5.776640892028809,65.00520685332148,433.0,-0.30344846250141905,2.1738321781158447,0.7573944832170156,8.51266098022461,0.09295,,
sample_00420,1,2,1709973,0.052184234619140624,8.87738037109375,0.051914505660533905,171.0,91.0,36056,bright,False,15.625,4.3409247398376465,0.6255111694335938,0.6255111694335938,"[0.5182940483093261, 0.722121286392212]",0.20382723808288583,True,31.910057067871094,7.350981410717697,93,93,0.0,0.0,64,32.5,,32.5,1.0,15.625,0.24190139770507812,0.4405845211398217,1.3960094451904297,3.425189208984375,0.6129032258064516,0.3225806451612903,4.894571304321289,185.6557468030406,342.0,-0.21168909594566396,2.163008149713278,0.7535149384885764,14.840414047241211,0.027575,,
sample_00421,1,2,1604121,0.04895388793945313,9.41607666015625,0.05848494917154312,161.0,78.0,36096,bright,False,15.875,4.864068508148193,3.229825973510742,3.229825973510742,"[3.08412561416626, 3.3866963386535645]",0.3025707244873046,True,23.196426391601562,4.7689349672487875,93,93,0.0,0.0,64,27.5,-35.0,27.5,3.5,15.875,2.3654537200927734,2.366511252618605,2.557666778564453,6.375453948974608,0.8709677419354839,0.6451612903225806,9.242143630981445,139.47564638137342,327.0,-0.8427956531062826,2.4061005748808384,0.7844952452925247,13.536040306091309,0.061675,,
sample_00422,1,2,1927289,0.058816192626953125,12.422391891479492,0.07394281029701233,168.0,79.0,36032,bright,False,10.725,6.388922214508057,1.4164676666259766,1.4164676666259766,"[1.3261422872543336, 1.529535460472107]",0.2033931732177734,True,28.468719482421875,4.455950241149391,92,92,0.0,0.0,64,26.0,-20.5,20.5,1.5,10.725,1.2226371765136719,1.2086280273354573,1.7114462852478027,3.8186887741088875,0.6956521739130435,0.41304347826086957,10.14808464050293,117.79749973442736,373.0,0.49316619910630993,2.1523754224181175,0.7552355638636563,11.64634895324707,0.040825,,
sample_00423,1,2,919382,0.02805731201171875,9.822118759155273,0.060258395969867706,163.0,77.0,37120,bright,False,9.05,4.990551948547363,0.34020328521728516,0.34020328521728516,"[0.2546951532363892, 0.4694841861724854]",0.2147890329360962,True,32.346656799316406,6.48157901827508,61,63,0.031746031746031744,0.0,64,27.0,-19.0,19.0,0.5,9.05,0.049457550048828125,0.1853691632630395,1.2437329292297363,3.417928695678711,0.6229508196721312,0.29508196721311475,5.913825988769531,198.76520653112283,526.0,0.16663064696279695,2.0357048995792866,0.7382891765983595,15.333282470703125,0.01895,,
sample_00424,1,2,2083510,0.06358367919921876,8.771018981933594,0.05481886863708496,160.0,82.0,37400,bright,False,8.25,4.246152877807617,1.369420051574707,1.369420051574707,"[1.2906150341033935, 1.436890959739685]",0.14627592563629155,True,29.849403381347656,7.029752399484864,99,99,0.0,0.0,64,15.0,-16.5,15.0,1.5,8.25,1.177689552307129,1.158065945211083,1.6835694313049316,4.338982582092285,0.7272727272727273,0.41414141414141414,7.498928070068359,156.98520209933218,319.0,0.5840615824575677,2.041597291827202,0.739497504932111,15.662782669067383,0.0229,,
sample_00425,1,2,1026834,0.03133648681640625,19.16683006286621,0.10707726329565048,179.0,56.0,30855,bright,False,16.0,14.182516098022461,1.2868690490722656,1.2868690490722656,"[1.2422496795654296, 1.3359813690185547]",0.09373168945312504,True,50.07426452636719,3.530703873718803,44,44,0.0,0.0,64,,-36.0,36.0,2.0,16.0,1.369903564453125,1.8098783926530317,1.4043669700622559,3.891880226135254,0.6818181818181818,0.3409090909090909,8.340957641601562,102.31456540773469,572.5,-0.9988618710539572,1.8652237243950367,0.7062013676019807,7.129987716674805,0.080425,,
sample_00426,1,2,1226166,0.03741961669921875,19.4976806640625,0.11078227311372757,176.0,61.0,35152,bright,False,12.675,14.52474594116211,1.629903793334961,1.629903793334961,"[1.5586299896240234, 1.7296060800552369]",0.17097609043121342,True,40.48804473876953,2.787521716578137,56,56,0.0,0.0,64,29.0,-21.5,21.5,3.0,12.675,1.86480712890625,2.1546933480671475,2.1194162368774414,5.011619567871094,0.7321428571428571,0.5178571428571429,7.876221656799316,83.60752151251252,606.5,0.6012718424163157,2.079003617167473,0.7325085453280499,6.60031795501709,0.101875,,
sample_00427,1,2,3360826,0.10256427001953125,20.76225471496582,0.11664187908172607,178.0,66.0,35459,bright,False,11.1,15.325847625732422,1.9792594909667969,1.9792594909667969,"[1.9115176677703858, 2.0535757303237916]",0.1420580625534058,True,43.4493293762207,2.8350359756460297,91,91,0.0,0.0,64,31.0,-18.0,18.0,3.0,11.1,2.0733776092529297,2.2846629279000417,2.0733776092529297,3.745253562927246,0.9010989010989011,0.5494505494505495,7.312170028686523,58.012413892518325,347.0,1.0447537543377075,2.0541912838816643,0.7352593445902932,6.108300685882568,0.134625,,
sample_00428,1,2,1634460,0.0498797607421875,19.916715621948242,0.11189165711402893,178.0,59.0,34977,bright,False,14.5,14.89460563659668,,0.8438739776611328,"[0.7041089534759521, 0.9591761589050293]",0.2550672054290771,False,25.87702178955078,1.7373418552264208,67,67,0.0,0.0,64,32.0,-30.0,30.0,1.0,14.5,0.8572673797607422,0.8678626729481256,2.091094970703125,4.072931098937987,0.7313432835820896,0.5223880597014925,11.164152145385742,70.8152213777763,429.0,0.42122421418505823,2.2045188024640083,0.756199609088688,6.193319320678711,0.131025,,
sample_00429,1,2,978348,0.0298568115234375,19.33196449279785,0.10860653966665268,178.0,60.0,36978,bright,False,12.425,14.517166137695312,0.10328292846679688,0.10328292846679688,"[-0.017621994018554677, 0.21083908081054686]",0.22846107482910155,True,29.58920669555664,2.0382219515092017,56,57,0.017543859649122806,0.0,64,26.5,-28.5,26.5,0.5,12.425,-0.30135345458984375,0.055790492466517856,1.7147068977355957,4.363193035125732,0.7321428571428571,0.42857142857142855,8.155503273010254,80.65275423637415,585.5,-0.0230624047513411,2.3547070175409317,0.7726568791426625,5.478215217590332,0.185075,,
sample_00430,1,2,2261212,0.0690067138671875,19.220487594604492,0.10920731723308563,176.0,57.0,37266,bright,False,12.175,14.423315048217773,1.9155149459838867,1.9155149459838867,"[1.837240958213806, 1.9859735488891601]",0.14873259067535405,True,42.97355651855469,2.9794507278591786,89,89,0.0,0.0,64,29.5,-21.5,21.5,2.5,12.175,1.936614990234375,2.134383126591029,1.936614990234375,4.005340003967286,0.8314606741573034,0.4943820224719101,10.851666450500488,66.2477081500127,412.0,1.0129330987657155,2.051571987569332,0.7355649539578272,6.345684051513672,0.115775,,
sample_00431,1,2,1822684,0.0556239013671875,19.229291915893555,0.11051317304372787,174.0,54.0,35705,bright,False,13.700000000000001,14.610163688659668,1.4297828674316406,1.4297828674316406,"[1.3707639217376708, 1.4892810106277465]",0.11851708889007573,True,48.38410186767578,3.311674180983425,69,69,0.0,0.0,64,26.0,-26.0,26.0,2.0,13.700000000000001,1.5134515762329102,1.730245134104853,1.5438165664672852,3.268882560729981,0.6956521739130435,0.34782608695652173,6.420716285705566,78.81575923208736,485.0,-0.9203208147437169,1.9073214456439018,0.712910481331534,6.5883331298828125,0.082925,,
sample_00432,1,2,435437,0.013288482666015625,20.417686462402344,0.11535415798425674,177.0,62.0,20055,bright,False,15.575000000000001,15.074583053588867,2.123915672302246,2.123915672302246,"[2.064069080352783, 2.197161865234375]",0.13309278488159215,True,58.878787994384766,3.905831941425886,16,16,0.0,0.0,64,29.0,-23.5,23.5,5.0,15.575000000000001,1.9451675415039062,2.1836324334144592,1.9451675415039062,3.704854965209961,0.9375,0.375,6.130681037902832,164.5469929435542,1160.5,0.9415038993115611,1.7539497296093032,0.6822814232075809,6.830231666564941,0.087125,,
sample_00433,1,2,2769291,0.08451205444335938,19.395265579223633,0.1127631738781929,172.0,67.0,36697,bright,False,9.2,14.320069313049316,1.3881244659423828,1.3881244659423828,"[1.3232240200042724, 1.4596245527267455]",0.1364005327224731,True,40.2332649230957,2.809571940160423,95,95,0.0,0.0,64,23.5,-16.0,16.0,2.0,9.2,1.2216100692749023,1.647332783749229,1.3175554275512695,3.628717422485352,0.6210526315789474,0.3263157894736842,5.962052345275879,61.544382241285575,333.0,0.8119217650123972,1.9547426588833332,0.7132655204488852,6.083839416503906,0.137675,,
sample_00434,1,2,1612126,0.04919818115234375,19.425466537475586,0.11100266873836517,175.0,59.0,37154,bright,False,11.725,14.474867820739746,1.6703662872314453,1.6703662872314453,"[1.6010872840881347, 1.7365572452545166]",0.13546996116638188,True,46.43081283569336,3.2076847547558804,61,61,0.0,0.0,64,27.0,-20.5,20.5,2.5,11.725,1.589742660522461,1.8408393781693255,1.6885290145874023,4.92005729675293,0.7049180327868853,0.4426229508196721,-5.90613317489624,85.23595114580537,579.0,0.9987428445445101,1.991975525394082,0.7232289950576606,6.520261764526367,0.10315,,
sample_00435,1,2,1580415,0.048230438232421874,18.69801139831543,0.10808099061250687,173.0,59.0,36987,bright,False,8.975000000000001,13.723348617553711,1.4181709289550781,1.4181709289550781,"[1.3503277540206908, 1.4777969360351562]",0.12746918201446533,True,41.054901123046875,2.991609574833144,54,54,0.0,0.0,64,19.5,-15.5,15.5,2.0,8.975000000000001,1.497344970703125,1.3922622115523726,1.5847978591918945,3.2039015769958503,0.7037037037037037,0.3333333333333333,-7.527494430541992,84.66309866583182,697.5,0.7616861803706831,1.9534862115979195,0.71517769952357,6.516631603240967,0.103525,,
sample_00436,1,2,2043971,0.062377044677734375,20.73773956298828,0.1120958924293518,185.0,58.0,37461,bright,False,14.125,15.064123153686523,3.049121856689453,3.049121856689453,"[2.987132024765015, 3.1100302219390867]",0.12289819717407191,True,54.32316589355469,3.6061286368507024,85,85,0.0,0.0,64,23.0,-22.5,22.5,4.0,14.125,2.958860397338867,3.0910321067361273,2.958860397338867,4.702349090576172,0.9764705882352941,0.8705882352941177,6.232151031494141,83.67652313878384,439.0,1.668541702301789,2.484737009741366,0.7973745173745174,6.237760543823242,0.12185,,
sample_00437,1,2,1195205,0.03647476196289062,18.26124382019043,0.10555632412433624,173.0,53.0,38912,bright,False,12.275,14.020572662353516,1.6567354202270508,1.6567354202270508,"[1.5749468564987184, 1.7451209783554078]",0.17017412185668945,True,29.98553466796875,2.138681164463601,64,64,0.0,0.0,64,31.5,-19.5,19.5,3.5,12.275,1.449476718902588,0.8779899626970291,2.2246108055114746,3.3497874259948732,0.796875,0.5625,4.792242050170898,93.48073871081195,600.0,-0.7156261292170707,2.244589645881206,0.7664314667467347,6.731026649475098,0.102025,,
sample_00438,1,2,984116,0.0300328369140625,18.449268341064453,0.10306853801012039,179.0,54.0,32894,bright,False,12.450000000000001,12.369065284729004,2.5238285064697266,2.5238285064697266,"[2.3956438541412353, 2.665021800994873]",0.2693779468536377,True,39.16657638549805,3.1664944346161366,50,50,0.0,0.0,64,33.5,-21.0,21.0,3.0,12.450000000000001,2.4575934410095215,2.5581368446350097,2.5504817962646484,5.458209609985352,0.82,0.6,10.840157508850098,98.31481556053419,628.5,-0.7993775921975382,2.213173935189843,0.7578878990348924,7.608057975769043,0.085375,,
sample_00439,1,2,596358,0.01819940185546875,20.03664207458496,0.11131467670202255,180.0,55.0,39100,bright,False,10.475000000000001,14.825066566467285,2.6215438842773438,2.6215438842773438,"[2.573291063308716, 2.66076397895813]",0.08747291564941406,True,62.06149673461914,4.186254170014697,41,41,0.0,0.0,64,23.0,-15.5,15.5,3.5,10.475000000000001,2.726099967956543,3.0396757591061476,2.726099967956543,5.744983673095703,0.9512195121951219,0.7560975609756098,7.477460861206055,151.67192362745251,831.0,-1.7142188226161827,2.338525801897049,0.7860820861814568,6.971530437469482,0.091325,,
sample_00440,1,2,1502697,0.04585867309570312,17.923973083496094,0.10420914739370346,172.0,55.0,35331,bright,False,13.575000000000001,13.326624870300293,2.8850202560424805,2.8850202560424805,"[2.7653568744659425, 3.007024145126343]",0.2416672706604004,True,30.78976821899414,2.3103950564116347,51,51,0.0,0.0,64,24.0,-23.5,23.5,3.0,13.575000000000001,2.804734230041504,3.1465975443522134,2.804734230041504,6.1743364334106445,0.9215686274509803,0.7450980392156863,9.430846214294434,69.83174114232794,693.0,0.9645634780647727,2.3498856499791145,0.7704346156308007,5.988827705383301,0.153675,,
sample_00441,1,2,930969,0.028410919189453127,19.40824317932129,0.10903507471084595,178.0,54.0,37932,bright,False,12.725,14.64063835144043,2.446352005004883,2.446352005004883,"[2.4010355949401854, 2.488286781311035]",0.08725118637084961,True,52.603790283203125,3.5929984076157213,44,44,0.0,0.0,64,22.5,-20.5,20.5,3.5,12.725,2.3641676902770996,2.6171939806504683,2.3641676902770996,4.45697822570801,1.0,0.6363636363636364,6.05961799621582,113.62250678116553,837.5,-1.4602592965777634,2.2177965082228184,0.7655676562733105,6.2631683349609375,0.1153,,
sample_00442,1,2,1373898,0.04192803955078125,18.15366554260254,0.10433141142129898,174.0,51.0,35623,bright,False,15.65,13.566205024719238,3.164266586303711,3.164266586303711,"[3.105970764160156, 3.209150505065918]",0.10317974090576199,True,55.839454650878906,4.116070378498097,72,72,0.0,0.0,64,31.0,-27.0,27.0,3.5,15.65,3.2042198181152344,3.246213846736484,3.2042198181152344,5.335127830505371,0.9444444444444444,0.8333333333333334,7.406391143798828,99.73011835555641,492.5,1.7949097376238736,2.5386778376996517,0.801862406178953,7.120674133300781,0.076775,,
sample_00443,1,2,1360294,0.04151287841796875,19.17999839782715,0.11022987216711044,174.0,68.0,37042,bright,False,8.3,14.083220481872559,,1.6892156600952148,"[1.6050900936126709, 1.7699394226074219]",0.16484932899475102,False,24.04308319091797,1.7072148534396239,61,65,0.06153846153846154,0.0,64,19.0,-14.0,14.0,2.0,8.3,1.802159309387207,1.7201905875909524,1.819631576538086,4.473485946655273,0.7049180327868853,0.4426229508196721,6.675806045532227,61.11083381746069,532.0,-0.6797164781727402,2.2043731473386288,0.7561336650814148,5.888178825378418,0.166875,,
sample_00444,1,2,917416,0.027997314453125,19.458463668823242,0.10810257494449615,180.0,59.0,33398,bright,False,9.975000000000001,14.48073959350586,,2.9409103393554688,"[2.8379266977310182, 3.0585445880889894]",0.2206178903579712,False,26.05724334716797,1.7994414704380013,34,35,0.02857142857142857,0.0,64,17.0,-15.5,15.5,3.0,9.975000000000001,2.8865981101989746,2.5121453790103687,2.949592113494873,5.730396175384522,0.9411764705882353,0.7352941176470589,-7.461660385131836,67.36323756854739,945.5,0.6597903259225096,2.4020822644233704,0.7777885673593578,5.5063090324401855,0.196875,,
sample_00445,1,2,2136004,0.0651856689453125,19.179607391357422,0.10835936665534973,177.0,63.0,37474,bright,False,15.025,14.145325660705566,3.285276412963867,3.285276412963867,"[3.2045021533966063, 3.3709556579589846]",0.16645350456237828,True,36.93555450439453,2.611149109631188,78,78,0.0,0.0,64,24.5,-25.5,24.5,4.0,15.025,3.146237373352051,3.2675681114196777,3.341721534729004,5.812636375427245,0.9743589743589743,0.8846153846153846,-8.0867338180542,67.52392486430122,450.5,-1.29788943305667,2.534658446907997,0.7966041397153946,5.80628776550293,0.175,,
sample_00446,1,2,1241420,0.0378851318359375,19.227859497070312,0.10741820931434631,179.0,56.0,36623,bright,False,13.4,14.010220527648926,2.8804969787597656,2.8804969787597656,"[2.799038314819336, 2.953747367858887]",0.15470905303955096,True,39.34209442138672,2.808099582996983,54,54,0.0,0.0,64,24.0,-22.0,22.0,3.5,13.4,2.823976516723633,3.178429886146828,2.823976516723633,6.013478660583498,0.9074074074074074,0.6851851851851852,8.996429443359375,86.64476078375384,649.5,-1.2346960717258708,2.377456486225128,0.7781124809788516,6.824245452880859,0.126275,,
sample_00447,1,2,1339254,0.04087078857421875,17.207551956176758,0.09889397770166397,174.0,50.0,37721,bright,False,7.2,12.986405372619629,1.057093620300293,1.057093620300293,"[0.9804075241088868, 1.1247334241867066]",0.14432590007781987,True,34.63978958129883,2.667388595025142,72,74,0.02702702702702703,0.0,64,16.0,-20.0,16.0,0.0,7.2,0.5754423141479492,0.6042016645272573,1.5350806713104248,3.7864025354385373,0.6111111111111112,0.4027777777777778,4.919251441955566,91.83060183593915,462.5,-0.13819210390586173,2.160114601254463,0.7463140294877642,7.593808174133301,0.090175,,
sample_00448,1,2,1894323,0.05781015014648438,18.31989288330078,0.10713387280702591,171.0,65.0,36524,bright,False,7.875,13.48660659790039,-0.37483787536621094,-0.37483787536621094,"[-0.4209705710411072, -0.32199182510375973]",0.09897874593734746,True,38.713844299316406,2.8705400441756357,72,74,0.02702702702702703,0.0,64,18.5,-17.5,17.5,0.0,7.875,-0.29310059547424316,-0.4395186768637763,0.7744495868682861,2.4788705348968505,0.4305555555555556,0.16666666666666666,-4.028956890106201,73.39625138603667,494.5,0.06661620936072117,1.8373301178216934,0.6987547469751832,6.785872459411621,0.106225,,
sample_00449,1,2,2825119,0.08621578979492188,17.59515953063965,0.10289566963911057,171.0,57.0,37672,bright,False,6.625,12.020866394042969,1.9867210388183594,1.9867210388183594,"[1.9141680240631103, 2.085997462272644]",0.17182943820953378,True,43.04646682739258,3.580978726186041,93,93,0.0,0.0,64,19.5,-12.5,12.5,1.0,6.625,1.9961919784545898,2.156156575807961,1.9961919784545898,4.3703163146972654,0.7956989247311828,0.4946236559139785,5.397611618041992,79.86902986095134,364.0,1.0462473817009512,2.0569076277315617,0.7285919408547948,7.48018741607666,0.09845,,
sample_00450,1,2,2033168,0.06204736328125,18.87112808227539,0.10908166319131851,173.0,63.0,35755,bright,False,10.1,12.899328231811523,1.509140968322754,1.509140968322754,"[1.4438639879226685, 1.595581841468811]",0.15171785354614253,True,27.822845458984375,2.156922047333395,64,64,0.0,0.0,64,18.0,-24.0,18.0,2.0,10.1,1.7954111099243164,1.3399117141962051,2.039673328399658,4.040473747253419,0.75,0.53125,4.99205207824707,78.68543731876215,557.0,0.5358835293653688,2.185195330530405,0.7498330196126055,6.923072814941406,0.10775,,
sample_00451,1,2,2633743,0.08037545776367187,19.702558517456055,0.11131388694047928,177.0,64.0,37249,bright,False,11.325000000000001,12.971536636352539,2.2967185974121094,2.2967185974121094,"[2.238097834587097, 2.365209627151489]",0.1271117925643921,True,45.850399017333984,3.534692943690181,91,91,0.0,0.0,64,26.5,-18.5,18.5,3.0,11.325000000000001,2.3571014404296875,2.509405859224089,2.3571014404296875,4.648556709289551,0.9120879120879121,0.6373626373626373,7.472704887390137,75.38734750567002,376.0,1.199811730707721,2.1843751445412636,0.7487765089722676,7.136676788330078,0.101525,,
sample_00452,1,2,1078029,0.032898834228515625,19.578466415405273,0.11124128848314285,176.0,66.0,32878,bright,False,11.375,13.118996620178223,2.6531667709350586,2.6531667709350586,"[2.568342447280884, 2.730518412590027]",0.16217596530914324,True,37.417747497558594,2.852180588262875,42,44,0.045454545454545456,0.0,64,26.5,-17.5,17.5,3.5,11.375,2.549358367919922,2.805414608546666,2.549358367919922,4.539930057525634,0.9047619047619048,0.6428571428571429,7.273481369018555,87.22004190687039,796.0,1.011137942578184,2.2902166582643986,0.7606198491742769,6.498389720916748,0.1374,,
sample_00453,1,2,1826520,0.055740966796875,18.940319061279297,0.10885240882635117,174.0,61.0,34466,bright,False,12.225,12.906779289245605,2.324665069580078,2.324665069580078,"[2.252646565437317, 2.376598882675171]",0.12395231723785427,True,43.00729751586914,3.332147900886813,67,67,0.0,0.0,64,20.5,-20.5,20.5,3.0,12.225,2.1627492904663086,1.8993460384767447,2.2890233993530273,4.401531219482422,0.9104477611940298,0.5970149253731343,6.041707992553711,88.60747636276173,466.0,1.0457832543813443,2.18215661495924,0.7538489792170426,7.205262184143066,0.09835,,
sample_00454,1,2,2069249,0.06314846801757812,17.75864028930664,0.10570619255304337,168.0,64.0,37457,bright,False,11.775,12.031128883361816,2.1113176345825195,2.1113176345825195,"[2.053121304512024, 2.1847318410873413]",0.1316105365753173,True,45.591529846191406,3.7894640052639783,80,80,0.0,0.0,64,30.5,-19.5,19.5,3.0,11.775,2.0938539505004883,2.602736401557922,2.0938539505004883,4.530416679382328,0.9375,0.55,8.320793151855469,90.66294330531704,467.0,1.2203858961664835,2.0508007630705833,0.7310526794650168,7.220276832580566,0.10305,,
sample_00455,1,2,1859145,0.056736602783203124,18.823944091796875,0.10880892723798752,173.0,58.0,36829,bright,False,9.425,12.841336250305176,1.459610939025879,1.459610939025879,"[1.3971635341644286, 1.5498223781585694]",0.15265884399414076,True,36.688323974609375,2.857048772765955,92,93,0.010752688172043012,0.0,64,17.5,-16.5,16.5,2.0,9.425,1.3909783363342285,1.7357574079347693,1.5096650123596191,5.7394681930542015,0.6195652173913043,0.391304347826087,-8.343446731567383,70.46165400884612,363.0,0.23724131742592097,2.0408711917698383,0.7308908313185791,7.098468780517578,0.10225,,
sample_00456,1,2,947088,0.02890283203125,18.820192337036133,0.10693290829658508,176.0,66.0,33186,bright,False,13.025,11.987838745117188,1.8679609298706055,1.8679609298706055,"[1.816034197807312, 1.9231472253799438]",0.10711302757263175,True,41.66876220703125,3.475919479147441,52,52,0.0,0.0,64,28.5,-24.5,24.5,2.0,13.025,1.8471598625183105,1.9494592409867506,1.8471598625183105,3.3014806747436523,0.7307692307692307,0.4423076923076923,6.05817985534668,109.85702166247063,665.0,0.9353356494219986,2.075357608497143,0.7400114069582445,7.739092826843262,0.073975,,
sample_00457,1,2,1754893,0.053555084228515626,18.37312889099121,0.10559269785881042,174.0,56.0,34462,bright,False,14.25,12.613779067993164,2.413484573364258,2.413484573364258,"[2.34894380569458, 2.490112781524658]",0.14116897583007804,True,44.38140106201172,3.5184856832182287,78,78,0.0,0.0,64,29.0,-25.0,25.0,3.0,14.25,2.4095849990844727,2.4864696722764235,2.4095849990844727,4.883537673950195,0.8333333333333334,0.6666666666666666,7.658504486083984,82.4785981633887,415.5,1.1805420569943914,2.234475421719253,0.7652634170359429,7.395586013793945,0.085525,,
sample_00458,1,2,1263707,0.03856527709960938,17.53827667236328,0.10377678275108337,169.0,63.0,38251,bright,False,11.1,11.75410270690918,2.5270442962646484,2.5270442962646484,"[2.4563196420669557, 2.6058270215988157]",0.14950737953186,True,30.386585235595703,2.585189698719764,50,50,0.0,0.0,64,18.0,-18.5,18.0,3.0,11.1,2.4219956398010254,2.703720645904541,2.4219956398010254,5.4754430770874025,0.86,0.64,8.230554580688477,88.20910195724704,729.0,0.9044704264962412,2.3275950998067856,0.7659379251431645,6.719378471374512,0.12925,,
sample_00459,1,2,1838898,0.05611871337890625,17.660120010375977,0.1038830578327179,170.0,56.0,34673,bright,False,16.0,12.043015480041504,1.1988964080810547,1.1988964080810547,"[1.13771333694458, 1.2602288246154785]",0.12251548767089848,True,41.19478988647461,3.4206374603391807,82,82,0.0,0.0,64,37.5,-31.5,31.5,2.0,16.0,1.2330236434936523,1.325156223483202,1.3181681632995605,3.1676668167114257,0.6097560975609756,0.2926829268292683,6.158660888671875,81.8759643214869,364.5,0.7397029003004337,1.8886310756206512,0.7122321114884647,7.5156450271606445,0.07785,,
sample_00460,1,2,1217342,0.03715032958984375,18.167272567749023,0.1044096127152443,174.0,61.0,37691,bright,False,10.925,11.657150268554688,2.9711828231811523,2.9711828231811523,"[2.8930505752563476, 3.04891951084137]",0.15586893558502224,True,36.714332580566406,3.1495118219076055,61,61,0.0,0.0,64,16.5,-20.5,16.5,3.5,10.925,2.9757308959960938,3.1258644666828093,2.9757308959960938,5.279784202575684,0.9180327868852459,0.819672131147541,6.812596321105957,90.67469941661462,582.0,-1.1569058582943539,2.3490451499819756,0.7789353635607065,6.719658851623535,0.129925,,
sample_00461,1,2,1016196,0.0310118408203125,16.842815399169922,0.09849599748849869,171.0,54.0,31973,bright,False,9.3,11.474409103393555,1.8142385482788086,1.8142385482788086,"[1.7359681606292725, 1.9060007333755493]",0.1700325727462768,True,28.044700622558594,2.444108482611482,35,35,0.0,0.0,64,16.5,-14.0,14.0,3.0,9.3,2.194021224975586,2.5060610362461637,2.194021224975586,5.049686050415042,0.7428571428571429,0.6,7.6410417556762695,100.25662629781174,896.0,0.570727487650406,2.071414902806282,0.7289292403415765,7.441034317016602,0.11225,,
sample_00462,1,2,2269714,0.06926617431640625,17.86514663696289,0.10386712849140167,172.0,55.0,37790,bright,False,12.4,12.173332214355469,1.8637847900390625,1.8637847900390625,"[1.7890437602996827, 1.934735321998596]",0.1456915616989134,True,41.18852233886719,3.3835043366593904,92,92,0.0,0.0,64,33.0,-22.0,22.0,2.5,12.4,2.112372398376465,2.078115401060685,2.112372398376465,4.217578506469727,0.7717391304347826,0.532608695652174,8.673894882202148,74.08263691152297,380.0,0.9143406188283745,2.0689329728484154,0.7372380114653159,7.385446071624756,0.0865,,
sample_00463,1,2,1796204,0.0548157958984375,18.263639450073242,0.10496344417333603,174.0,57.0,35970,bright,False,12.225,11.531065940856934,2.251278877258301,2.251278877258301,"[2.180389380455017, 2.314658999443054]",0.13426961898803702,True,39.73030471801758,3.4455014759082205,76,76,0.0,0.0,64,21.0,-20.5,20.5,3.0,12.225,2.341820240020752,2.8703880937475907,2.341820240020752,5.790705680847168,0.868421052631579,0.618421052631579,11.495668411254883,83.3988450413431,463.0,-1.0671723997906715,2.215014962479472,0.7604205433569036,7.550082206726074,0.095375,,
sample_00464,1,2,2078406,0.06342791748046875,16.477262496948242,0.09692507237195969,170.0,51.0,35990,bright,False,12.9,11.537988662719727,2.486170768737793,2.486170768737793,"[2.4435296773910524, 2.5237988948822023]",0.0802692174911499,True,59.715118408203125,5.175522368222463,100,100,0.0,0.0,64,31.0,-22.0,22.0,3.0,12.9,2.6422243118286133,2.6041116237640383,2.6422243118286133,4.054302406311036,0.94,0.66,7.230705261230469,104.78314817274361,320.0,-0.849413654976469,2.2309538554400206,0.7685585612454889,8.476959228515625,0.041975,,
sample_00465,1,2,908505,0.027725372314453125,15.817414283752441,0.09528563171625137,166.0,54.0,35155,bright,False,15.15,10.876164436340332,2.356922149658203,2.356922149658203,"[2.260870933532715, 2.4782220363616942]",0.2173511028289794,True,41.70808792114258,3.8348158641096024,57,57,0.0,0.0,64,27.0,-37.5,27.0,3.0,15.15,2.247669219970703,2.9355708841691937,2.317720413208008,6.482756423950195,0.7894736842105263,0.543859649122807,13.876941680908203,116.27609752048787,596.0,1.1197378635944115,2.210774142295122,0.7480849972757283,8.113174438476562,0.077,,
sample_00466,1,2,1547714,0.04723248291015625,17.273944854736328,0.10101722180843353,171.0,50.0,34028,bright,False,15.65,11.943463325500488,2.3248977661132812,2.3248977661132812,"[2.2270779609680176, 2.4260559558868406]",0.19897799491882306,True,36.99604797363281,3.097597988570246,82,82,0.0,0.0,64,27.0,-28.5,27.0,3.5,15.65,2.0479984283447266,2.2621915282272713,2.153423309326172,5.365298271179203,0.7560975609756098,0.5365853658536586,8.056087493896484,82.27573418854136,367.0,-0.9410731207969386,2.225116283632815,0.761259035028109,7.807958602905273,0.08835,,
sample_00467,1,2,2417655,0.07378097534179688,17.34133529663086,0.09966284781694412,174.0,51.0,39143,bright,False,7.425,11.65927505493164,-0.045511722564697266,-0.045511722564697266,"[-0.10884714126586914, 0.006548035144805921]",0.11539517641067507,True,36.924869537353516,3.1669953203252574,88,88,0.0,0.0,64,20.5,-16.5,16.5,0.0,7.425,-0.020256996154785156,0.2417250167239796,0.9383814334869385,2.9139793395996088,0.4431818181818182,0.20454545454545456,5.321377754211426,76.28969235126976,419.5,-0.02215668669839562,1.9411329440772533,0.721245247148289,8.327507019042969,0.073675,,
sample_00468,1,2,1451710,0.04430267333984375,18.098976135253906,0.10646456480026245,170.0,54.0,35650,bright,False,10.2,12.71243667602539,2.278580665588379,2.278580665588379,"[2.199919581413269, 2.3489078521728515]",0.14898827075958243,True,38.83233642578125,3.054672948657895,85,85,0.0,0.0,64,25.5,-16.0,16.0,3.0,10.2,2.058635711669922,2.2965061860926013,2.058635711669922,4.48685169219971,0.8235294117647058,0.5294117647058824,9.226611137390137,71.38386888073677,359.0,0.09336441769668424,2.24446104420349,0.7642597180169435,7.028402328491211,0.0958,,
sample_00469,1,2,1465509,0.044723785400390625,17.278043746948242,0.09987308830022812,173.0,51.0,36039,bright,False,13.625,11.664596557617188,2.707212448120117,2.707212448120117,"[2.6532238006591795, 2.7708332538604736]",0.11760945320129412,True,45.259803771972656,3.8801002287916426,77,77,0.0,0.0,64,35.0,-22.5,22.5,3.5,13.625,2.7242202758789062,2.2803453841766754,2.8625011444091797,4.1901599884033205,0.922077922077922,0.7792207792207793,5.980670928955078,123.74813486263845,408.0,1.335503303813499,2.416266869753599,0.788964594232875,8.428657531738281,0.0597,,
sample_00470,1,2,2446921,0.07467410278320312,17.91500473022461,0.10538238286972046,170.0,68.0,37785,bright,False,9.350000000000001,11.943923950195312,2.619457244873047,2.619457244873047,"[2.514714217185974, 2.7565414905548096]",0.24182727336883536,True,24.688949584960938,2.0670719009858742,80,82,0.024390243902439025,0.0,64,13.0,-17.0,13.0,3.5,9.350000000000001,2.757404327392578,2.5880581617355345,2.8452391624450684,5.373057365417482,0.8375,0.7,7.141607284545898,61.68266082221652,433.0,-0.8135959317940005,2.3737422600388527,0.7746611019444175,6.62321138381958,0.142775,,
sample_00471,1,2,528849,0.016139190673828126,18.919475555419922,0.10688969492912292,177.0,62.0,32863,bright,False,16.0,12.915911674499512,,1.6583633422851562,"[1.5510496616363525, 1.7591695308685302]",0.20811986923217773,False,14.144676208496094,1.0951357182491879,34,34,0.0,0.0,64,15.5,-11.5,11.5,-28.0,16.0,1.9331579208374023,1.778872574076933,2.595505714416504,7.76481237411499,0.7941176470588235,0.5882352941176471,-9.781208038330078,84.58116837643315,922.5,-0.4164711338721311,2.2588753970339894,0.7652693081319243,5.753976821899414,0.170625,,
sample_00472,1,2,1478942,0.04513372802734375,15.942513465881348,0.09546415507793427,167.0,50.0,35278,bright,False,15.875,11.181513786315918,2.872730255126953,2.872730255126953,"[2.804150629043579, 2.933224821090698]",0.12907419204711923,True,56.84246826171875,5.083611159276421,75,75,0.0,0.0,64,31.0,-27.5,27.5,3.5,15.875,2.78558349609375,3.0009056599934896,2.78558349609375,4.72814102172852,0.96,0.7733333333333333,8.092323303222656,117.32479208318226,443.0,1.6629935088889338,2.2906705513596535,0.7741824869852552,8.069908142089844,0.0523,,
sample_00473,1,2,2905861,0.08867984008789062,17.272159576416016,0.10100678354501724,171.0,60.0,36651,bright,False,11.6,11.653635025024414,2.9420595169067383,2.9420595169067383,"[2.8577966928482055, 3.025462532043457]",0.16766583919525146,True,36.83948516845703,3.1612012122698046,94,94,0.0,0.0,64,23.0,-18.0,18.0,3.5,11.6,2.826119899749756,2.9196053565816675,2.893026828765869,5.266963386535645,0.8723404255319149,0.7446808510638298,9.271804809570312,68.32276196604381,339.0,1.0737291739255883,2.3568099588155746,0.7730342112842833,7.493956565856934,0.0985,,
sample_00474,1,2,1396359,0.04261349487304687,17.371492385864258,0.101587675511837,171.0,56.0,36889,bright,False,13.175,11.72643756866455,2.8261003494262695,2.8261003494262695,"[2.7736917972564696, 2.8724491119384767]",0.0987573146820071,True,53.40242004394531,4.554019047237973,65,65,0.0,0.0,64,28.5,-21.5,21.5,3.5,13.175,2.7475290298461914,3.0058425023005557,2.7475290298461914,4.6767068862915036,0.9538461538461539,0.8153846153846154,8.287701606750488,123.16268484785513,549.0,-1.6597950749149188,2.3892128132283688,0.7911936176741332,7.695703983306885,0.07965,,
sample_00475,1,2,660409,0.020154083251953125,17.5797119140625,0.09988472610712051,176.0,58.0,36595,bright,False,14.125,11.822813034057617,,3.684284210205078,"[3.506581974029541, 3.925144577026367]",0.4185626029968259,False,22.692462921142578,1.9193793267112567,39,41,0.04878048780487805,0.0,64,29.5,-22.5,22.5,4.0,14.125,2.3357467651367188,2.370148805471567,2.9787368774414062,7.958903884887697,0.8205128205128205,0.7435897435897436,10.877641677856445,95.77652020336222,734.0,0.6979253241493859,2.4166092090308666,0.7765418284736392,6.553081035614014,0.161425,,
sample_00476,1,2,606149,0.018498199462890625,16.96245765686035,0.0997791662812233,170.0,57.0,34578,bright,False,13.675,11.550806045532227,5.531991004943848,5.531991004943848,"[5.328394985198974, 5.732515335083008]",0.40412034988403356,True,26.367061614990234,2.2827031733589567,35,36,0.027777777777777776,0.0,64,23.5,-21.5,21.5,4.0,13.675,2.035909652709961,2.6884590557643344,3.621079444885254,8.254194450378419,0.8571428571428571,0.6857142857142857,10.400534629821777,116.71653933171346,933.0,0.7688819195354031,2.3849614672362804,0.7766850161117078,7.0937700271606445,0.12465,,
sample_00477,1,2,692279,0.041263043880462646,17.931930541992188,0.10673768073320389,168.0,60.0,35783,bright,False,10.25,12.871097564697266,3.1344919204711914,3.1344919204711914,"[3.0515798330307007, 3.2175689935684204]",0.16598916053771973,True,36.03874969482422,2.799974867230514,32,32,0.0,0.0,64,15.0,-15.0,15.0,3.5,10.25,3.1104812622070312,3.334984302520752,3.1104812622070312,5.945100021362307,0.9375,0.75,9.113632202148438,110.92647964885482,1085.5,1.153518901231959,2.3362051472067833,0.7734044221420731,6.309103965759277,0.14535,,
sample_00478,1,2,1068273,0.06367403268814087,18.39280128479004,0.10756023973226547,171.0,65.0,35491,bright,False,12.275,13.020343780517578,1.7318572998046875,1.7318572998046875,"[1.5576658964157104, 1.9004083156585694]",0.342742419242859,True,33.872154235839844,2.6014792548352648,47,47,0.0,0.0,64,19.5,-23.5,19.5,3.5,12.275,1.6253814697265625,1.6427381190847843,2.0239171981811523,5.446435928344726,0.723404255319149,0.5106382978723404,6.602609634399414,107.7149598380179,797.0,0.46748031888194685,2.226780319586396,0.7564381296506109,6.627163410186768,0.121575,,
sample_00479,1,2,560567,0.033412396907806396,19.066728591918945,0.1102123036980629,173.0,72.0,37003,bright,False,11.825000000000001,13.39554214477539,3.0219411849975586,3.0219411849975586,"[2.9511234045028685, 3.108665370941162]",0.15754196643829355,True,44.575191497802734,3.3276138446690804,29,29,0.0,0.0,64,22.0,-18.5,18.5,3.5,11.825000000000001,3.050642967224121,3.326366128592656,3.050642967224121,5.05331974029541,1.0,0.8275862068965517,7.6275739669799805,128.9507839018386,1321.0,1.435686357237379,2.4169353917241096,0.7814807801552737,6.561986446380615,0.1276,,
sample_00480,1,2,1736612,0.10351014137268066,18.33908462524414,0.10724610835313797,171.0,69.0,34881,bright,False,10.475000000000001,12.919178009033203,2.9574670791625977,2.9574670791625977,"[2.8692872524261475, 3.0604053497314454]",0.19111809730529794,True,35.04022979736328,2.7122646481736568,64,64,0.0,0.0,64,15.5,-23.0,15.5,3.5,10.475000000000001,2.8577494621276855,3.0646776854991913,2.8577494621276855,5.343491935729981,0.890625,0.75,8.180763244628906,76.06661084401154,552.5,-1.0471938136792387,2.350565515458584,0.7695768715297722,6.565952301025391,0.137825,,
sample_00481,1,2,381848,0.02275991439819336,17.55599594116211,0.10388163477182388,169.0,53.0,32818,bright,False,12.3,12.377612113952637,0.9398889541625977,0.9398889541625977,"[0.9055110216140747, 0.975013256072998]",0.06950223445892334,True,54.09507369995117,4.3703965839236965,29,29,0.0,0.0,64,34.5,-24.0,24.0,1.5,12.3,1.0810956954956055,1.4242033136302028,1.1774635314941406,3.8198354721069334,0.5517241379310345,0.3448275862068966,5.4416093826293945,172.66852195666732,948.0,-0.48131754936262433,1.6921697817742825,0.6747450474739186,7.685517311096191,0.085125,,
sample_00482,1,2,476686,0.028412699699401855,18.360809326171875,0.10737315565347672,171.0,62.0,32820,bright,False,11.950000000000001,12.972535133361816,1.8289546966552734,1.8289546966552734,"[1.7650871753692627, 1.9017533302307128]",0.13666615486145006,True,48.611019134521484,3.7472258610043943,24,24,0.0,0.0,64,30.0,-21.0,21.0,2.5,11.950000000000001,1.752580165863037,2.019758701324463,1.752580165863037,3.765073299407958,0.75,0.375,7.8740739822387695,145.8123919408442,1395.5,0.4807449315756576,2.0276747792959213,0.7280625281827747,7.409361839294434,0.0828,,
sample_00483,1,2,1121052,0.06681990623474121,19.473527908325195,0.11127730458974838,175.0,65.0,37584,bright,False,10.875,13.595520973205566,2.20865535736084,2.20865535736084,"[2.1357731103897093, 2.308643126487732]",0.17287001609802255,True,39.12409210205078,2.8777192267333955,50,50,0.0,0.0,64,17.5,-20.5,17.5,3.0,10.875,1.879899024963379,2.3757786178588867,1.879899024963379,5.070804214477539,0.76,0.5,7.818538665771484,93.8995062924932,708.5,1.0661671067428702,2.1730001494288445,0.7493132504089632,6.631324768066406,0.120075,,
sample_00484,1,2,874239,0.052108705043792725,19.27862548828125,0.11079669743776321,174.0,70.0,33823,bright,False,9.925,13.231287002563477,2.129269599914551,2.129269599914551,"[2.0462302446365355, 2.2048608541488646]",0.1586306095123291,True,30.58197021484375,2.3113375296687835,27,27,0.0,0.0,64,19.5,-16.5,16.5,2.5,9.925,2.0482749938964844,2.1226992077297635,2.157236099243164,4.3019741058349625,0.8888888888888888,0.5925925925925926,5.4173784255981445,106.2381765642576,1200.0,0.6405909215317117,2.13821928948164,0.7415414983190944,6.210942268371582,0.15305,,
sample_00485,1,2,1322384,0.07882022857666016,18.328765869140625,0.10656259208917618,172.0,55.0,36512,bright,False,9.475000000000001,12.724185943603516,1.8139848709106445,1.8139848709106445,"[1.762849473953247, 1.8649290323257446]",0.1020795583724976,True,50.595924377441406,3.976358456383304,51,51,0.0,0.0,64,21.0,-15.5,15.5,2.5,9.475000000000001,1.8644695281982422,2.0014299878887103,1.8644695281982422,3.938929557800293,0.7647058823529411,0.45098039215686275,6.6625518798828125,112.77525973480154,675.0,1.1015918932053148,1.936055451631546,0.7219465818948869,7.535640239715576,0.090975,,
sample_00486,1,2,610992,0.03641796112060547,19.716291427612305,0.11076568067073822,178.0,60.0,34018,bright,False,11.9,13.783417701721191,1.4615840911865234,1.4615840911865234,"[1.400438952445984, 1.5156676530838014]",0.11522870063781743,True,54.1959342956543,3.931966328560632,36,36,0.0,0.0,64,22.0,-35.5,22.0,2.0,11.9,1.3661460876464844,1.5957686371273465,1.3661460876464844,3.1367530822753906,0.6111111111111112,0.3611111111111111,6.192626953125,134.47696303226235,920.5,0.9637391966407447,1.8628892824053764,0.7055260047281324,7.0667033195495605,0.0824,,
sample_00487,1,2,597704,0.03562593460083008,17.937700271606445,0.1048988327383995,171.0,57.0,37678,bright,False,12.725,12.731224060058594,3.325023651123047,3.325023651123047,"[3.2108630895614625, 3.4512597560882567]",0.24039666652679426,True,39.376399993896484,3.0928997720989964,31,31,0.0,0.0,64,20.5,-26.5,20.5,3.5,12.725,3.1064672470092773,3.5303921853342364,3.1064672470092773,6.580156326293945,0.9032258064516129,0.7419354838709677,9.563180923461914,125.24652299032634,1175.0,1.1274692686735517,2.280076784081757,0.7628233368997419,6.650209426879883,0.13255,,
sample_00488,1,2,1098114,0.0654526948928833,18.477075576782227,0.10558328777551651,175.0,57.0,37082,bright,False,14.475,13.017163276672363,2.381855010986328,2.381855010986328,"[2.2865227699279784, 2.4698590278625487]",0.1833362579345703,True,51.75594711303711,3.9759774086714628,47,47,0.0,0.0,64,25.5,-31.0,25.5,3.0,14.475,2.4160804748535156,2.648092716298205,2.4321670532226562,4.857900619506835,0.8085106382978723,0.6382978723404256,10.117193222045898,121.88896959126845,804.0,1.320995256087271,2.090141348540783,0.7420774378877242,7.358386039733887,0.06805,,
sample_00489,1,2,965606,0.05755460262298584,20.379711151123047,0.11385313421487808,179.0,69.0,35083,bright,False,12.55,14.087157249450684,3.073824882507324,3.073824882507324,"[2.964545559883118, 3.168976926803589]",0.20443136692047092,True,45.29411315917969,3.215277032628133,40,40,0.0,0.0,64,20.5,-19.0,19.0,4.0,12.55,2.6786012649536133,3.219490122795105,2.6786012649536133,5.435696601867677,0.925,0.7,8.634329795837402,109.91319862655419,966.5,1.4318944303541061,2.3509081192314625,0.771642166101269,6.649888038635254,0.1182,,
sample_00490,1,2,410298,0.024455666542053223,19.786243438720703,0.11178668588399887,177.0,74.0,38313,bright,False,7.0,13.700970649719238,,1.9338054656982422,"[1.8470703601837157, 2.0145969152450562]",0.1675265550613405,False,24.489639282226562,1.7874382704942446,24,27,0.1111111111111111,0.0,64,10.0,-13.0,10.0,2.5,7.0,1.5104808807373047,1.4410824179649353,1.9227676391601562,4.854050922393799,0.7916666666666666,0.5,5.452226638793945,95.02637980934252,1588.5,-0.4659706044247857,2.2069461420178413,0.7592317592317592,4.933687210083008,0.244625,,
sample_00491,1,2,980135,0.05842059850692749,18.302875518798828,0.10579697042703629,173.0,60.0,36406,bright,False,9.25,12.80225944519043,2.0256595611572266,2.0256595611572266,"[1.971663522720337, 2.082591938972473]",0.11092841625213601,True,44.89139175415039,3.5065210126650923,47,47,0.0,0.0,64,27.0,-15.0,15.0,2.5,9.25,1.923074722290039,1.9560019716303398,1.923074722290039,3.4340476989746094,0.8297872340425532,0.46808510638297873,4.738960266113281,111.59940346512208,767.0,-1.0003824504459842,2.0453935973346233,0.7432239657631954,7.205008029937744,0.103225,,
sample_00492,1,2,853241,0.05085712671279907,16.972932815551758,0.09925691783428192,171.0,53.0,33183,bright,False,9.850000000000001,12.69787311553955,3.2370691299438477,3.2370691299438477,"[3.1466389894485474, 3.3327775239944457]",0.18613853454589835,True,51.98212814331055,4.093766544232928,52,52,0.0,0.0,64,13.0,-25.5,13.0,4.0,9.850000000000001,2.8729610443115234,2.9734703394082875,2.8729610443115234,5.316927433013915,0.8846153846153846,0.7307692307692307,8.200197219848633,122.51441932212805,570.5,-0.8872556832493451,2.3411756977438927,0.7674462231115557,7.52531623840332,0.083475,,
sample_00493,1,2,441304,0.026303768157958984,18.867525100708008,0.1084340512752533,174.0,62.0,37433,bright,False,10.65,12.974023818969727,2.4958343505859375,2.4958343505859375,"[2.4277655124664306, 2.5830159902572634]",0.15525047779083279,True,33.221744537353516,2.5606353896760203,27,30,0.1,0.0,64,28.0,-17.0,17.0,3.0,10.65,2.2125062942504883,2.5389930407206216,2.3511648178100586,5.8475867271423345,0.8888888888888888,0.6296296296296297,6.997100830078125,133.55442490724514,1311.0,-1.0208880150071826,2.3663884699344635,0.7711281446540881,6.473239898681641,0.14595,,
sample_00494,1,2,929360,0.05539417266845703,18.62301254272461,0.10521475970745087,177.0,54.0,32697,bright,False,13.85,12.957374572753906,2.651163101196289,2.651163101196289,"[2.601275157928467, 2.701097822189331]",0.09982266426086417,True,56.501853942871094,4.360594318364482,35,35,0.0,0.0,64,25.0,-23.0,23.0,3.5,13.85,2.4747467041015625,2.806423350742885,2.4747467041015625,3.754469680786133,0.9428571428571428,0.7428571428571429,9.299140930175781,143.74783149612534,899.0,1.4549402978320014,2.259063151665032,0.7720864805357635,7.4955902099609375,0.066,,
sample_00495,1,2,1046576,0.06238079071044922,17.592147827148438,0.10287805646657944,171.0,51.0,32422,bright,False,11.950000000000001,12.521268844604492,1.9977912902832031,1.9977912902832031,"[1.9337255477905273, 2.0667420625686646]",0.13301651477813725,True,49.91315460205078,3.986269700099821,60,60,0.0,0.0,64,36.5,-21.0,21.0,2.5,11.950000000000001,1.931673526763916,2.444937515258789,1.931673526763916,5.541632270812989,0.8,0.48333333333333334,7.385096549987793,113.00227280113627,524.5,0.5162149478555622,2.0734825804829597,0.7396787950276744,7.880043983459473,0.065275,,
sample_00496,1,2,876881,0.05226618051528931,16.465534210205078,0.09572985023260117,172.0,49.0,34364,bright,False,14.925,12.177703857421875,2.637425422668457,2.637425422668457,"[2.5931175708770753, 2.6827870845794677]",0.0896695137023924,True,63.76350784301758,5.236086259739023,48,48,0.0,0.0,64,31.0,-26.5,26.5,3.0,14.925,2.744915008544922,2.666679322719574,2.744915008544922,4.138904571533203,0.9166666666666666,0.7083333333333334,5.714098930358887,152.87453772770863,679.0,-1.6660509630995466,2.305147919803858,0.7741296262423023,8.1939697265625,0.055775,,
sample_00497,1,2,662244,0.03947281837463379,18.162883758544922,0.10261516273021698,177.0,52.0,32047,bright,False,16.0,12.687268257141113,2.7234573364257812,2.7234573364257812,"[2.6746201038360597, 2.782199573516846]",0.10757946968078613,True,57.32006072998047,4.517919820739779,34,34,0.0,0.0,64,34.0,-30.5,30.5,3.5,16.0,2.7902755737304688,2.868806109708898,2.7902755737304688,4.298993110656738,0.9705882352941176,0.7647058823529411,6.262357711791992,148.7807102543687,773.0,1.4891595296218967,2.2550238121766597,0.7666447132079991,7.431708335876465,0.070975,,
sample_00498,1,2,656447,0.03912729024887085,18.048320770263672,0.10372598469257355,174.0,53.0,36462,bright,False,9.350000000000001,12.90391731262207,2.940305709838867,2.940305709838867,"[2.885345792770386, 2.989987921714783]",0.10464212894439706,True,54.022178649902344,4.186494483892896,33,33,0.0,0.0,64,13.0,-18.5,13.0,3.5,9.350000000000001,2.8212528228759766,2.8013096578193433,2.8212528228759766,4.315676689147949,1.0,0.9393939393939394,4.872486114501953,147.66019596882518,1199.0,-1.5807920314938007,2.4333880580961704,0.7991702519975414,7.12952184677124,0.091075,,
sample_00499,1,2,526324,0.031371355056762695,19.141849517822266,0.10753848403692245,178.0,56.0,35753,bright,False,9.75,13.487110137939453,2.884042739868164,2.884042739868164,"[2.818986010551453, 2.9593390226364136]",0.14035301208496076,True,43.78071594238281,3.2461154016401905,33,33,0.0,0.0,64,41.0,-15.0,15.0,3.0,9.75,2.999648094177246,3.258951851815888,2.999648094177246,5.496243858337403,0.9696969696969697,0.7878787878787878,8.166204452514648,122.55243596651785,961.0,1.221376963748425,2.343800500035286,0.7767212810109332,7.088853359222412,0.100475,,
sample_00500,1,2,775842,0.04624378681182861,19.647844314575195,0.11038114875555038,178.0,57.0,37249,bright,False,10.475000000000001,13.582064628601074,3.025808334350586,3.025808334350586,"[2.944683647155762, 3.1050596475601195]",0.16037600040435773,True,46.60803985595703,3.4315872535174035,44,44,0.0,0.0,64,19.5,-15.5,15.5,3.5,10.475000000000001,3.1918015480041504,3.382093451239846,3.1918015480041504,6.245170211791993,0.9545454545454546,0.7727272727272727,8.757448196411133,112.6849136425244,794.5,-1.3597631637709626,2.4027915447950363,0.7810654644739349,6.995187759399414,0.11935,,
sample_00502,1,2,1058517,0.06309252977371216,17.566452026367188,0.10037972778081894,175.0,50.0,33622,bright,False,14.025,12.819374084472656,2.903820037841797,2.903820037841797,"[2.8473657608032226, 2.966811275482178]",0.11944551467895526,True,61.70833206176758,4.813677458442468,54,54,0.0,0.0,64,35.0,-24.5,24.5,3.0,14.025,2.684518814086914,2.616509684809932,2.684518814086914,4.358657836914063,0.8888888888888888,0.6111111111111112,6.503025054931641,140.50342262911454,570.5,-0.23724404191678322,2.415249977260828,0.7838176046880723,8.12702465057373,0.0511,,
sample_00503,1,2,876270,0.05222976207733154,18.823808670043945,0.10756462067365646,175.0,57.0,36644,bright,False,10.925,13.300458908081055,3.1969547271728516,3.1969547271728516,"[3.136989212036133, 3.2670800924301147]",0.13009088039398176,True,55.9432373046875,4.2061133146840275,42,43,0.023255813953488372,0.0,64,33.0,-16.5,16.5,3.5,10.925,3.026836395263672,3.104455243973505,3.026836395263672,4.6389340400695795,0.9285714285714286,0.8809523809523809,5.623242378234863,135.132248326499,803.5,-1.5928851439049632,2.3790150731801987,0.7822810716943687,7.0787129402160645,0.100075,,
sample_00504,1,2,1291454,0.07697665691375732,17.470399856567383,0.09983085840940475,175.0,51.0,34665,bright,False,11.375,12.493134498596191,3.121187210083008,3.121187210083008,"[3.071585988998413, 3.1780940532684325]",0.10650806427001935,True,56.99393844604492,4.562020720456434,61,61,0.0,0.0,64,25.5,-17.5,17.5,3.5,11.375,3.3790149688720703,3.498893253138808,3.3790149688720703,5.305763244628906,0.9672131147540983,0.8688524590163934,7.295766830444336,121.57255310347176,559.0,1.7274237456707349,2.5056953290477395,0.7990090005331326,7.925589084625244,0.06875,,
sample_00505,1,2,797831,0.04755443334579468,18.43329620361328,0.10655084252357483,173.0,55.0,34864,bright,False,13.625,13.13846206665039,3.024951934814453,3.024951934814453,"[2.950525140762329, 3.086962080001831]",0.13643693923950195,True,56.11753845214844,4.271241045372628,48,48,0.0,0.0,64,25.0,-22.5,22.5,3.5,13.625,2.5960006713867188,2.9262993931770325,2.5960006713867188,5.066654777526855,0.9375,0.7708333333333334,7.891626358032227,131.3730015345617,757.5,-1.5580900151448793,2.355178415775299,0.7830806605369168,7.475506782531738,0.075725,,
sample_00506,1,2,1790134,0.10670030117034912,19.362340927124023,0.11001329869031906,176.0,63.0,36109,bright,False,9.65,14.076934814453125,1.658660888671875,1.658660888671875,"[1.5921698331832885, 1.7380211353302002]",0.14585130214691167,True,37.32904052734375,2.6517875531409816,60,60,0.0,0.0,64,21.5,-17.0,17.0,2.0,9.65,1.6750636100769043,1.6919574419657388,1.732370376586914,3.702936363220215,0.7166666666666667,0.4166666666666667,5.447522163391113,76.8053208562636,609.5,-0.7951082484054851,2.045520879328251,0.7360435417173438,6.627201557159424,0.1238,,
sample_00507,1,2,775801,0.04624134302139282,19.806974411010742,0.11003874987363815,180.0,61.0,35396,bright,False,13.175,14.755165100097656,2.5347042083740234,2.5347042083740234,"[2.3986243486404417, 2.6513445377349854]",0.25272018909454363,True,40.712432861328125,2.759198733808724,35,35,0.0,0.0,64,21.5,-23.0,21.5,3.5,13.175,2.3839845657348633,2.7542836325509206,2.3839845657348633,4.794792747497559,0.8,0.6,8.416254997253418,101.1416896466146,1050.0,1.147024643410424,2.1639185287058353,0.745893065895527,6.256163597106934,0.12605,,
sample_00508,1,2,1153277,0.06874066591262817,20.40077018737793,0.11333761364221573,180.0,65.0,38778,bright,False,9.25,14.941985130310059,1.9652442932128906,1.9652442932128906,"[1.9068037509918212, 2.0486522197723387]",0.1418484687805175,True,38.763206481933594,2.594247427224499,49,49,0.0,0.0,64,15.0,-19.5,15.0,2.5,9.25,1.761662483215332,2.0378419428455588,1.799321174621582,4.0232883453369155,0.7551020408163265,0.4489795918367347,7.44244384765625,87.97705738729503,801.0,0.9861098537508647,2.1078970171511173,0.739075810504382,5.9541802406311035,0.14615,,
sample_00509,1,2,1134095,0.06759732961654663,20.79039764404297,0.11486407369375229,181.0,64.0,36619,bright,False,12.85,15.095132827758789,2.037461280822754,2.037461280822754,"[1.9861522436141967, 2.101465106010437]",0.11531286239624028,True,47.50470733642578,3.14702148556575,35,36,0.027777777777777776,0.0,64,28.5,-23.0,23.0,2.5,12.85,2.0889530181884766,2.630630656651088,2.0889530181884766,5.22829704284668,0.8285714285714286,0.5714285714285714,11.29843521118164,112.11739807029298,1072.0,1.143912888178604,2.066492184996605,0.7416458701077363,6.44561243057251,0.125175,,
sample_00510,1,2,573436,0.0341794490814209,20.765304565429688,0.11472544074058533,181.0,62.0,38221,bright,False,11.950000000000001,15.112772941589355,1.8808536529541016,1.8808536529541016,"[1.8235405683517456, 1.947023344039917]",0.12348277568817134,True,43.93305587768555,2.907014883865864,31,32,0.03125,0.0,64,29.0,-21.0,21.0,2.5,11.950000000000001,1.5901927947998047,1.8931030765656502,1.5901927947998047,3.4749202728271484,0.7096774193548387,0.41935483870967744,6.543215751647949,126.87885013434342,1273.0,1.132567940122445,2.098074585199356,0.7451040863531226,6.146433353424072,0.123975,,
sample_00511,1,2,1130065,0.0673571228981018,21.47236442565918,0.11669763177633286,184.0,67.0,37694,bright,False,9.525,15.42875862121582,2.6326656341552734,2.6326656341552734,"[2.5663337469100953, 2.7035747528076173]",0.13724100589752197,True,40.200660705566406,2.605566766096604,41,41,0.0,0.0,64,15.0,-14.5,14.5,3.0,9.525,2.683316230773926,3.1301262553145244,2.683316230773926,5.442070007324219,0.975609756097561,0.7317073170731707,8.588951110839844,91.42755858965077,981.0,1.2375582855299092,2.3981624506413937,0.7828918252513118,5.942415237426758,0.175775,,
sample_00512,1,2,858267,0.051156699657440186,19.569324493408203,0.10994002223014832,178.0,67.0,30570,bright,False,16.0,14.469949722290039,3.8254871368408203,3.8254871368408203,"[3.693871831893921, 3.9938464164733887]",0.2999745845794677,True,36.59373092651367,2.528946653501038,35,35,0.0,0.0,64,36.0,-26.0,26.0,4.5,16.0,3.330617904663086,3.658714621407645,3.330617904663086,5.904501724243164,0.9142857142857143,0.8285714285714286,7.075021743774414,95.18003516798103,917.0,0.8830051875417052,2.448150347918272,0.7812941137848396,5.971606731414795,0.16205,,
sample_00513,1,2,864725,0.05154162645339966,22.01222038269043,0.11834526807069778,186.0,74.0,35168,bright,False,9.350000000000001,15.746055603027344,3.23622989654541,3.23622989654541,"[3.15876944065094, 3.299637842178345]",0.14086840152740487,True,34.71138000488281,2.2044492208073487,32,32,0.0,0.0,64,38.5,-13.0,13.0,3.5,9.350000000000001,2.9317221641540527,2.559976726770401,3.137241840362549,4.681102085113526,1.0,0.875,5.1242570877075195,93.29412992641258,1176.0,0.8401399340833564,2.4872419890016317,0.7843240227130994,5.170290946960449,0.228625,,
sample_00514,1,2,600407,0.03578704595565796,19.593931198120117,0.11070017516613007,177.0,64.0,37581,bright,False,10.425,14.244384765625,2.681624412536621,2.681624412536621,"[2.6184711694717406, 2.7463791370391846]",0.12790796756744394,True,52.11232376098633,3.6584467927843,34,34,0.0,0.0,64,34.5,-16.5,16.5,3.0,10.425,2.8219852447509766,2.809422717374914,2.8219852447509766,5.145926094055175,0.8823529411764706,0.6764705882352942,5.830142021179199,143.73957534408476,982.0,1.2936675555289652,2.191903781145811,0.7475643229873616,6.885847568511963,0.098875,,
sample_00515,1,2,831953,0.04958826303482056,18.416927337646484,0.10288786143064499,179.0,57.0,33751,bright,False,16.0,13.615015983581543,3.1359710693359375,3.1359710693359375,"[3.0651097774505613, 3.2057871341705324]",0.14067735671997106,True,57.10668182373047,4.194389627790072,49,49,0.0,0.0,64,31.5,-31.0,31.0,4.0,16.0,3.1861801147460938,3.236067479970504,3.1861801147460938,5.120785522460937,0.9591836734693877,0.8571428571428571,7.77128791809082,126.46250975042943,681.0,1.5970926648086854,2.4070374965667725,0.7857031078839473,7.337372779846191,0.079225,,
sample_00516,1,2,960343,0.05724090337753296,18.46967124938965,0.10318252444267273,179.0,49.0,37939,bright,False,11.9,13.990570068359375,0.704132080078125,0.704132080078125,"[0.6606585264205933, 0.749929666519165]",0.08927114009857173,True,51.41742706298828,3.6751488189371417,48,48,0.0,0.0,64,25.0,-22.0,22.0,2.0,11.9,0.7487244606018066,0.3510336677233378,1.2068467140197754,2.7370742797851566,0.6041666666666666,0.20833333333333334,-3.70572566986084,132.5693492462858,773.5,-0.5844973672697564,1.877597626298666,0.7056778679026651,7.774828910827637,0.05155,,
sample_00517,1,2,1135507,0.06768149137496948,18.80080795288086,0.10444892942905426,180.0,53.0,36794,bright,False,12.8,13.31236743927002,1.8450164794921875,1.8450164794921875,"[1.7505430936813355, 1.9355418682098389]",0.18499877452850333,True,46.851524353027344,3.51939837649166,61,61,0.0,0.0,64,24.0,-24.5,24.0,2.0,12.8,1.7238140106201172,2.561195013953037,1.7238140106201172,5.916029930114746,0.6721311475409836,0.45901639344262296,8.053767204284668,98.59739724476823,593.0,-0.08591976431658535,2.092999182641506,0.7420365694119079,7.599072456359863,0.087275,,
sample_00518,1,2,978797,0.05834084749221802,17.557920455932617,0.09919729083776474,177.0,49.0,36475,bright,False,12.175,13.55606746673584,1.9628934860229492,1.9628934860229492,"[1.909607434272766, 2.0321082353591917]",0.12250080108642569,True,56.8668327331543,4.194935800717672,47,47,0.0,0.0,64,31.0,-21.5,21.5,2.5,12.175,2.12429141998291,2.4298238348453602,2.12429141998291,4.116132164001464,0.8297872340425532,0.574468085106383,6.904894828796387,126.31196627714898,783.0,1.3279986161625754,2.0443707928061485,0.7357646705688129,7.859280586242676,0.06,,
sample_00519,1,2,806715,0.024618988037109376,17.231672286987305,0.09846670180559158,175.0,52.0,33709,bright,False,13.85,11.32392406463623,2.7764968872070312,2.7764968872070312,"[2.721245288848877, 2.8222200870513916]",0.10097479820251465,True,51.934898376464844,4.586298714122753,40,40,0.0,0.0,64,32.0,-23.0,23.0,3.5,13.85,3.019070625305176,3.1678735256195067,3.019070625305176,6.053208351135254,0.925,0.75,7.118989944458008,148.0470574743038,881.5,-1.524312474931533,2.3607263639569283,0.7800866070594099,8.563810348510742,0.068175,,
sample_00520,1,2,2291917,0.06994375610351562,18.79832649230957,0.10501858592033386,179.0,58.0,35095,bright,False,10.7,13.04061222076416,2.675872802734375,2.675872802734375,"[2.6298811435699463, 2.734193468093872]",0.10431232452392569,True,46.701507568359375,3.581235817594363,82,82,0.0,0.0,64,16.5,-16.0,16.0,3.5,10.7,2.699815273284912,2.8354461600140826,2.699815273284912,4.174519634246827,0.9512195121951219,0.7804878048780488,7.326224327087402,88.37749951809474,401.5,1.313698553867756,2.347024243324995,0.7759375,7.251086235046387,0.101925,,
sample_00521,1,2,1843652,0.0562637939453125,18.551076889038086,0.10027609020471573,185.0,62.0,36099,bright,False,12.05,12.1433744430542,2.677949905395508,2.677949905395508,"[2.6179919481277465, 2.7324582815170286]",0.11446633338928214,True,50.89552688598633,4.191217780910782,69,69,0.0,0.0,64,22.5,-19.0,19.0,3.5,12.05,2.5709924697875977,2.832648083783578,2.5709924697875977,4.781236076354982,0.9420289855072463,0.7536231884057971,6.867306709289551,108.89590952436713,510.0,1.3985691953615456,2.3130505308508873,0.7758653181732521,7.803549766540527,0.091575,,
sample_00522,1,2,1508706,0.04604205322265625,18.260299682617188,0.10201285034418106,179.0,59.0,38293,bright,False,10.425,11.572449684143066,2.6744613647460938,2.6744613647460938,"[2.632256197929382, 2.7290345191955567]",0.09677832126617458,True,48.192962646484375,4.1644564428324875,65,65,0.0,0.0,64,31.0,-16.5,16.5,3.0,10.425,2.7571401596069336,2.9699843626755933,2.7571401596069336,4.322794342041016,0.9692307692307692,0.8,7.7469987869262695,110.06613153976274,584.0,-1.4758072985011639,2.3878049179911613,0.786133449250163,7.719570159912109,0.09635,,
sample_00523,1,2,665982,0.02032415771484375,18.49151039123535,0.09835910052061081,188.0,51.0,35661,bright,False,15.875,13.303705215454102,2.4582462310791016,2.4582462310791016,"[2.4157995700836183, 2.5072092533111574]",0.09140968322753906,True,62.78923034667969,4.719679918474236,58,58,0.0,0.0,64,,-27.5,27.5,3.5,15.875,2.509672164916992,2.9088227666657547,2.572564125061035,4.774557590484622,0.9827586206896551,0.7241379310344828,11.375228881835938,132.0293901855107,618.0,1.8615674752659557,2.312583342194557,0.780106183635228,7.320215225219727,0.047625,,
sample_00524,1,2,1232288,0.0376064453125,18.557876586914062,0.1048467606306076,177.0,54.0,38811,bright,False,7.65,13.636892318725586,0.1830277442932129,0.1830277442932129,"[0.13386330604553223, 0.2530259251594544]",0.11916261911392215,True,42.962650299072266,3.150472211332037,57,57,0.0,0.0,64,17.0,-18.5,17.0,0.0,7.65,-0.08142423629760742,-0.014290968577067057,1.375732421875,3.1215396881103517,0.631578947368421,0.3684210526315789,-5.10227108001709,93.79644732375823,703.0,0.005714562555548494,2.049015937373042,0.7372426663556307,7.256028175354004,0.0743,,
sample_00525,1,2,1228549,0.037492340087890624,18.0532169342041,0.10375411808490753,174.0,79.0,38913,bright,False,8.2,12.142293930053711,1.0495843887329102,1.0495843887329102,"[0.9940536737442016, 1.0906924724578857]",0.09663879871368408,True,26.24078369140625,2.1611059526781013,48,48,0.0,0.0,64,16.0,-16.5,16.0,1.0,8.2,1.2169723510742188,1.3164995114008586,1.2955312728881836,2.823352146148683,0.5625,0.3125,6.199863433837891,88.60467042403353,756.0,-0.47595555279184615,2.1352994702756405,0.7424498217970362,6.55870246887207,0.135725,,
sample_00526,1,2,1749409,0.05338772583007813,18.707380294799805,0.1075136810541153,174.0,60.0,38402,bright,False,9.25,13.000421524047852,2.2125024795532227,2.2125024795532227,"[2.1376027345657347, 2.2710875034332276]",0.13348476886749294,True,41.79155731201172,3.214630943674153,72,74,0.02702702702702703,0.0,64,18.5,-15.0,15.0,2.5,9.25,2.235903739929199,2.218756847911411,2.316305160522461,4.2699895858764645,0.875,0.6111111111111112,6.217585563659668,86.88586880992173,508.5,1.0760822778291528,2.13929271325469,0.7426519807704011,7.036828994750977,0.113025,,
sample_00527,1,2,1340649,0.04091336059570312,16.50164794921875,0.09650086611509323,171.0,62.0,37909,bright,False,8.875,11.347095489501953,0.9689550399780273,0.9689550399780273,"[0.8954266786575318, 1.0401350021362306]",0.14470832347869877,True,26.944244384765625,2.3745498933796547,64,65,0.015384615384615385,0.0,64,17.5,-23.5,17.5,1.0,8.875,1.281529426574707,0.9078751504421234,1.541776180267334,3.2823684215545654,0.703125,0.328125,7.438488006591797,79.36096479508609,572.5,0.2835776803512139,2.138611536473036,0.7520769567118496,6.879520893096924,0.13865,,
sample_00528,1,2,1214167,0.03705343627929687,18.763568878173828,0.10845993459224701,173.0,56.0,36678,bright,False,11.675,13.085959434509277,1.2999286651611328,1.2999286651611328,"[1.2540212869644165, 1.351413083076477]",0.0973917961120605,True,53.04946517944336,4.053922484242571,67,67,0.0,0.0,64,24.5,-21.5,21.5,2.0,11.675,1.1750993728637695,1.4686998822795811,1.2006235122680664,3.240345764160156,0.5522388059701493,0.29850746268656714,5.439202308654785,100.32170571817291,540.0,-0.9201250246671845,1.8317959606647491,0.7045521465166952,7.4067182540893555,0.067375,,
sample_00529,1,2,956839,0.029200408935546877,16.76679801940918,0.0974813848733902,172.0,62.0,36701,bright,False,10.9,11.289057731628418,0.7675800323486328,0.7675800323486328,"[0.7054743766784668, 0.8266155242919921]",0.12114114761352535,True,34.70787048339844,3.074470102686942,58,58,0.0,0.0,64,22.0,-27.0,22.0,1.0,10.9,0.6544942855834961,0.5808076858520508,1.0753912925720215,2.930439758300782,0.5517241379310345,0.25862068965517243,-9.907997131347656,114.2296095158887,591.0,-0.392390326877882,1.9760078666731715,0.7258906081324218,7.616669654846191,0.09125,,
sample_00530,1,2,809472,0.024703125,18.547870635986328,0.10479023307561874,177.0,73.0,32709,bright,False,11.1,12.317364692687988,,2.1353673934936523,"[2.01106059551239, 2.257031464576721]",0.24597086906433097,False,20.85974884033203,1.6935236847144013,29,29,0.0,0.0,64,19.5,-18.0,18.0,3.0,11.1,2.1113967895507812,1.476021487137367,2.4027490615844727,4.198633193969727,0.8275862068965517,0.7241379310344828,6.365507125854492,87.56769993519477,1112.0,0.4562206857763627,2.327706314623356,0.7668789808917198,6.5861496925354,0.14115,,
sample_00531,1,2,1169481,0.035689727783203125,17.989091873168945,0.10106231272220612,178.0,52.0,36748,bright,False,16.0,12.275323867797852,2.262655258178711,2.262655258178711,"[2.207662296295166, 2.312374305725098]",0.10471200942993164,True,60.88291549682617,4.9597807888834415,62,62,0.0,0.0,64,31.5,-33.0,31.5,3.0,16.0,2.18637752532959,2.4783553461874686,2.18637752532959,4.229412078857422,0.9193548387096774,0.5645161290322581,7.8368682861328125,133.43351752163935,568.5,1.3976561654856365,2.073262505233288,0.7420867176301958,8.503857612609863,0.05125,,
sample_00532,1,2,1332686,0.04067034912109375,15.527856826782227,0.09354130923748016,166.0,54.0,35332,bright,False,11.825000000000001,9.909582138061523,2.746626853942871,2.746626853942871,"[2.6970736026763915, 2.8050798892974855]",0.10800628662109402,True,49.650142669677734,5.010316477319206,69,69,0.0,0.0,64,18.5,-21.5,18.5,3.5,11.825000000000001,2.860971450805664,2.809632315151933,2.890774726867676,4.459099388122559,0.9565217391304348,0.6956521739130435,7.3838605880737305,126.32789467910092,446.0,-1.5299357618639726,2.2633736920543015,0.7652163210043695,8.676546096801758,0.064675,,
sample_00533,1,2,2967577,0.09056326293945313,15.652824401855469,0.09429412335157394,166.0,67.0,37932,bright,False,12.05,9.68896198272705,3.214982032775879,3.214982032775879,"[3.1428866386413574, 3.275615191459656]",0.13272855281829843,True,38.82683563232422,4.007326657029161,89,90,0.011111111111111112,0.0,64,23.5,-19.0,19.0,3.5,12.05,3.3201560974121094,3.101660760600915,3.4083070755004883,5.725406455993653,0.9662921348314607,0.898876404494382,-8.563743591308594,86.5016921348994,382.0,1.3564078040407985,2.481540022417903,0.7971219779158485,7.722940444946289,0.112575,,
sample_00534,1,2,2872443,0.08766000366210938,15.958674430847168,0.09556092321872711,167.0,56.0,37300,bright,False,14.975,10.337967872619629,3.0185165405273438,3.0185165405273438,"[2.9690274238586425, 3.070620632171631]",0.10159320831298846,True,52.69749450683594,5.097471297662532,97,97,0.0,0.0,64,26.0,-25.5,25.5,3.5,14.975,3.113676071166992,3.1884667603010985,3.113676071166992,4.476128005981446,0.9690721649484536,0.8969072164948454,6.191740036010742,107.34292767739869,329.0,-1.63708976746127,2.456092258915305,0.7918696140876733,8.401664733886719,0.072825,,
sample_00535,1,2,2520266,0.07691241455078125,15.471710205078125,0.09264497458934784,167.0,52.0,36684,bright,False,16.0,10.55890941619873,3.090251922607422,3.090251922607422,"[3.047309732437134, 3.1300519466400147]",0.08274221420288086,True,59.256717681884766,5.612011179012229,94,94,0.0,0.0,64,39.0,-37.5,37.5,3.5,16.0,3.0038700103759766,3.2549534858541285,3.0038700103759766,5.076167678833008,1.0,0.851063829787234,7.987531661987305,112.20472501864847,343.5,1.871015397907797,2.4443521574139595,0.7991912908242613,8.610921859741211,0.050025,,
sample_00536,1,2,1344814,0.04104046630859375,16.413101196289062,0.09598305076360703,171.0,54.0,36349,bright,False,11.1,10.335051536560059,2.5519418716430664,2.5519418716430664,"[2.495761775970459, 2.6200074672698976]",0.12424569129943874,True,47.04338836669922,4.551829103152905,59,59,0.0,0.0,64,26.0,-18.0,18.0,3.0,11.1,2.6575965881347656,2.9003421815775208,2.6575965881347656,4.67074146270752,0.9152542372881356,0.6610169491525424,9.65365982055664,120.57299262660155,577.0,-1.3427521942021552,2.2301498763263226,0.7592552832561421,8.680381774902344,0.0644,,
sample_00537,1,2,1120647,0.03419943237304687,16.882535934448242,0.09815427660942078,172.0,55.0,32911,bright,False,13.8,10.770284652709961,2.5094690322875977,2.5094690322875977,"[2.4566014766693116, 2.5624760150909425]",0.10587453842163086,True,47.96196365356445,4.4531751202598455,56,56,0.0,0.0,64,36.0,-24.0,24.0,3.0,13.8,2.440601348876953,2.7172227587018694,2.440601348876953,4.2158403396606445,0.8928571428571429,0.6785714285714286,8.526846885681152,129.04022734955385,518.5,-1.2879279920314448,2.1898036673665047,0.7587750222249471,8.78695297241211,0.0683,,
sample_00538,1,2,830921,0.025357696533203126,17.05461883544922,0.09858161211013794,173.0,54.0,34934,bright,False,11.325000000000001,11.326788902282715,2.755586624145508,2.755586624145508,"[2.700650453567505, 2.808638000488281]",0.10798754692077628,True,53.80633544921875,4.750360928716084,45,45,0.0,0.0,64,18.5,-27.5,18.5,3.0,11.325000000000001,2.76486873626709,2.5911724302503796,2.76486873626709,4.207559585571289,0.8444444444444444,0.7555555555555555,6.449095726013184,154.44967090718242,728.0,-1.4163465284596213,2.281032470986247,0.7695498168387273,8.519050598144531,0.053475,,
sample_00539,1,2,1385333,0.04227700805664063,19.07915687561035,0.105995312333107,180.0,58.0,37252,bright,False,14.3,13.130905151367188,2.928521156311035,2.928521156311035,"[2.868798351287842, 2.998078536987305]",0.12928018569946298,True,42.17629623413086,3.211986968753595,58,58,0.0,0.0,64,27.5,-24.0,24.0,3.5,14.3,2.3509864807128906,2.7580384714850066,2.440380096435547,4.362860488891601,0.9137931034482759,0.6724137931034483,9.5447359085083,94.1952375669087,546.0,1.4012039744286977,2.418910212814808,0.7879320629140112,6.912060737609863,0.102775,,
sample_00540,1,2,936112,0.02856787109375,15.265454292297363,0.0892716646194458,171.0,49.0,38678,bright,False,8.825000000000001,10.756844520568848,0.26087284088134766,0.26087284088134766,"[0.21806480884552001, 0.31979520320892335]",0.10173039436340334,True,44.31254577636719,4.119474413861272,55,55,0.0,0.0,64,25.0,-18.5,18.5,0.5,8.825000000000001,0.40230369567871094,0.5441348249262029,0.9537811279296875,2.329512596130371,0.45454545454545453,0.18181818181818182,4.658794403076172,119.33451411769032,710.0,0.14445229171212257,1.9691108968108892,0.7185107559747329,8.692384719848633,0.069125,,
sample_00541,1,2,1342734,0.04097698974609375,16.456890106201172,0.09795767813920975,168.0,53.0,36946,bright,False,13.75,11.376083374023438,1.8876819610595703,1.8876819610595703,"[1.8421174526214599, 1.9447584629058838]",0.10264101028442396,True,50.26809310913086,4.4187521712362665,66,66,0.0,0.0,64,25.0,-32.0,25.0,2.5,13.75,1.9274606704711914,1.9492258592085405,1.9767146110534668,4.110121726989746,0.8333333333333334,0.5,-11.395549774169922,113.69921459005687,527.5,1.1977161609864737,2.0130913867615163,0.7296590294064585,8.393420219421387,0.06035,,
sample_00542,1,2,1790783,0.05465036010742187,18.43057632446289,0.10715451091527939,172.0,62.0,39060,bright,False,10.825000000000001,12.6824312210083,1.179152488708496,1.179152488708496,"[1.1269198894500732, 1.2284927845001221]",0.10157289505004896,True,39.980838775634766,3.1524585530104803,76,76,0.0,0.0,64,27.5,-18.5,18.5,2.5,10.825000000000001,1.2850770950317383,1.2343988481320833,1.5579280853271484,3.8274612426757812,0.7236842105263158,0.35526315789473684,7.915143013000488,86.73112704911975,510.0,0.8509969016932972,1.9591823369264603,0.7192070297059807,7.192719459533691,0.09385,,
sample_00543,1,2,1786199,0.05451046752929688,19.195037841796875,0.11095397919416428,173.0,66.0,39018,bright,False,12.225,13.15371036529541,2.2156906127929688,2.2156906127929688,"[2.1448721885681152, 2.286910057067871]",0.14203786849975586,True,40.83652114868164,3.104562896293066,73,73,0.0,0.0,64,30.0,-20.5,20.5,3.0,12.225,2.2711095809936523,2.346384773515675,2.2778873443603516,4.767737960815429,0.8493150684931506,0.5616438356164384,11.225885391235352,83.39335541596121,503.0,1.1193438704140404,2.180478483438492,0.7505518763796909,6.608889102935791,0.13375,,
sample_00544,1,2,621719,0.018973358154296877,18.49457550048828,0.10815541446208954,171.0,74.0,38317,bright,False,12.15,12.833616256713867,,4.0227508544921875,"[3.5725690603256224, 4.451998281478882]",0.8794292211532593,False,12.524726867675781,0.9759312275776915,36,38,0.05263157894736842,0.0,64,26.0,-17.0,17.0,4.5,12.15,1.2361998558044434,0.8964222139782376,3.594107151031494,7.684226036071777,0.8333333333333334,0.7222222222222222,9.704849243164062,79.58116201655059,991.0,0.44360310687517907,2.4459506385028362,0.7789169383844835,5.109650135040283,0.247375,,
sample_00545,1,2,1650079,0.050356414794921874,18.532394409179688,0.10712366551160812,173.0,77.0,35949,bright,False,11.875,12.599481582641602,3.333773612976074,3.333773612976074,"[3.238164186477661, 3.437924838066101]",0.19976065158844003,True,28.201278686523438,2.238288813833146,54,54,0.0,0.0,64,23.5,-17.5,17.5,4.0,11.875,3.2140555381774902,3.408131484632139,3.303818702697754,5.831543922424317,0.9444444444444444,0.8333333333333334,9.96735954284668,70.7045449245472,671.0,-1.0429025755602546,2.4842760618776083,0.7903293850397534,6.130433082580566,0.1775,,
sample_00546,1,2,944933,0.028837066650390625,18.60327911376953,0.10630445182323456,175.0,59.0,38622,bright,False,10.325000000000001,12.264015197753906,1.7529830932617188,1.7529830932617188,"[1.6969406843185424, 1.800616717338562]",0.10367603302001971,True,54.22309494018555,4.421316678579805,52,52,0.0,0.0,64,34.5,-18.5,18.5,2.0,10.325000000000001,1.8573050498962402,2.0598205144588766,1.8801283836364746,4.807714176177977,0.8653846153846154,0.4807692307692308,7.607405662536621,124.47645831572692,727.5,1.0869464734918073,2.026325670070946,0.7312880506147785,8.101255416870117,0.06995,,
sample_00547,1,2,1477082,0.04507696533203125,17.458084106445312,0.10209406167268753,171.0,54.0,37370,bright,False,13.475,12.012080192565918,1.3491973876953125,1.3491973876953125,"[1.2965652227401734, 1.3938526153564452]",0.09728739261627184,True,56.172767639160156,4.6763563628158735,73,73,0.0,0.0,64,29.5,-25.5,25.5,2.0,13.475,1.6825904846191406,1.9969892109910103,1.6825904846191406,4.191390991210937,0.726027397260274,0.3835616438356164,10.286649703979492,106.43253979724449,519.0,1.0774857107971723,1.8132123500108719,0.7006309611151871,8.214376449584961,0.055925,,
sample_00548,1,2,1248529,0.038102081298828125,18.922239303588867,0.10812707990407944,175.0,66.0,36592,bright,False,10.15,12.809587478637695,2.259885787963867,2.259885787963867,"[2.204941201210022, 2.328244352340698]",0.12330315113067636,True,37.66094207763672,2.940058931674666,55,55,0.0,0.0,64,22.0,-17.0,17.0,2.5,10.15,2.1728248596191406,2.2744292519309304,2.263974189758301,4.348628234863281,0.9090909090909091,0.5818181818181818,5.328336715698242,83.51298411407757,644.0,-1.0102603587427141,2.188062522560358,0.7594079047764383,6.796332359313965,0.1248,,
sample_00549,1,2,1904183,0.058111053466796875,17.797550201416016,0.10228477418422699,174.0,59.0,36960,bright,False,9.65,11.901874542236328,1.0151433944702148,1.0151433944702148,"[0.9573399782180786, 1.063351535797119]",0.10601155757904046,True,37.09159851074219,3.1164501338940163,62,62,0.0,0.0,64,25.0,-17.0,17.0,2.0,9.65,0.923316478729248,0.8944752754703644,1.4325356483459473,3.307511234283447,0.5806451612903226,0.2903225806451613,5.672331809997559,88.11267857239193,568.5,-0.5352547125906548,1.9417956788092852,0.7176789652500447,7.820984840393066,0.084675,,
sample_00550,1,2,597935,0.018247528076171873,17.43500328063965,0.09906251728534698,176.0,50.0,38897,bright,False,9.825000000000001,12.245246887207031,0.8904790878295898,0.8904790878295898,"[0.8551621198654175, 0.9267199754714966]",0.07155785560607919,True,67.28661346435547,5.494916850933546,40,40,0.0,0.0,64,32.5,-18.5,18.5,1.5,9.825000000000001,0.9967784881591797,1.1468785524368286,1.097883701324463,2.415793895721436,0.55,0.15,4.87657356262207,189.99601252250108,825.5,1.0314607489106355,1.6420736461877823,0.6739680600401431,8.562222480773926,0.0351,,
sample_00551,1,2,1590451,0.048536712646484376,20.50644874572754,0.11267279833555222,182.0,70.0,37637,bright,False,9.25,13.797389030456543,2.1530141830444336,2.1530141830444336,"[2.0931806325912476, 2.212851333618164]",0.11967070102691624,True,40.774688720703125,2.955246723180489,62,62,0.0,0.0,64,20.5,-15.0,15.0,2.5,9.25,2.172499179840088,2.2561683193329842,2.172499179840088,3.6482278823852536,0.8709677419354839,0.5483870967741935,6.08266544342041,80.22088870592879,594.0,-1.0868226429999497,2.1661544293165207,0.7511310824536025,6.542227268218994,0.12935,,
sample_00552,1,2,1751137,0.05344046020507812,17.658679962158203,0.10148666799068451,174.0,57.0,36230,bright,False,11.5,11.926939964294434,2.334549903869629,2.334549903869629,"[2.267913031578064, 2.4148772239685057]",0.1469641923904419,True,49.629661560058594,4.161139546994823,75,76,0.013157894736842105,0.0,64,33.0,-20.0,20.0,2.5,11.5,2.486557960510254,2.6971949259440104,2.486557960510254,4.949416732788087,0.8266666666666667,0.6,8.522224426269531,101.62254237596275,472.0,1.2314927978757706,2.1589105278253555,0.7486580742987111,8.154661178588867,0.072325,,
sample_00553,1,2,1507522,0.04600592041015625,18.35341453552246,0.10253304243087769,179.0,51.0,38419,bright,False,14.15,12.71670913696289,1.307734489440918,1.307734489440918,"[1.2672505617141723, 1.3477499723434447]",0.08049941062927246,True,63.24935531616211,4.973720373325126,75,75,0.0,0.0,64,33.0,-27.0,27.0,2.0,14.15,1.3821134567260742,1.587610944112142,1.3821134567260742,2.901069259643555,0.64,0.28,9.226226806640625,126.0180041208828,469.0,1.1104608491905301,1.771508863195777,0.6932480128554621,8.432043075561523,0.04235,,
sample_00554,1,2,668653,0.020405670166015626,18.248149871826172,0.10309689491987228,177.0,54.0,37132,bright,False,12.175,12.289653778076172,1.888601303100586,1.888601303100586,"[1.848161792755127, 1.9346725225448609]",0.08651072978973384,True,62.22863006591797,5.063497409254052,49,49,0.0,0.0,64,21.5,-26.0,21.5,2.5,12.175,1.765955924987793,2.438562179098324,1.765955924987793,5.583182334899906,0.8163265306122449,0.3877551020408163,8.690125465393066,154.38725948339038,717.0,-1.445228855910311,1.9598331078886986,0.7296259635861904,8.265218734741211,0.0432,,
sample_00555,1,2,1033721,0.031546661376953125,16.357383728027344,0.09621990472078323,170.0,53.0,35886,bright,False,10.925,10.61037826538086,2.9647912979125977,2.9647912979125977,"[2.9093090295791626, 3.0222016096115114]",0.11289258003234881,True,53.6688346862793,5.058145274743685,49,49,0.0,0.0,64,16.5,-17.0,16.5,3.5,10.925,3.11151123046875,3.1753316606794084,3.11151123046875,4.952641105651856,1.0,0.8367346938775511,6.667454719543457,146.38787374799753,735.0,1.6467037246384042,2.3579557426273823,0.7791671916341187,8.710760116577148,0.061775,,
sample_00556,1,2,1192224,0.0363837890625,16.468135833740234,0.09687139093875885,170.0,53.0,37923,bright,False,10.925,10.645550727844238,3.0177688598632812,3.0177688598632812,"[2.949425792694092, 3.0894100427627564]",0.13998425006866455,True,49.27943801879883,4.629111191955974,58,58,0.0,0.0,64,16.5,-24.0,16.5,3.5,10.925,2.9387621879577637,3.12291406763011,2.9387621879577637,4.996359348297122,0.9655172413793104,0.7758620689655172,7.269436836242676,128.3703192023704,648.5,-1.606074343222585,2.384319342672825,0.7782528056332715,8.398015975952148,0.0656,,
sample_00557,1,2,1309676,0.0399681396484375,19.01864242553711,0.10116299241781235,188.0,53.0,35822,bright,False,16.0,12.83814811706543,2.6475257873535156,2.6475257873535156,"[2.5939163684844972, 2.7006885528564455]",0.10677218437194824,True,56.31433868408203,4.3864845747670405,68,68,0.0,0.0,64,30.0,-41.0,30.0,3.0,16.0,2.546267509460449,2.7984633445739746,2.546267509460449,3.8969516754150395,0.9558823529411765,0.7941176470588235,13.614442825317383,106.67595887036077,500.5,1.5889630979819012,2.3127955570816994,0.7877659735464149,7.624210357666016,0.0765,,
sample_00558,1,2,1397872,0.04265966796875,18.543415069580078,0.10244980454444885,181.0,63.0,36739,bright,False,10.875,11.851454734802246,2.328343391418457,2.328343391418457,"[2.283145546913147, 2.377128076553345]",0.09398252964019793,True,50.74053192138672,4.281375835861333,54,54,0.0,0.0,64,27.0,-17.5,17.5,3.0,10.875,2.078798770904541,2.4818682317380554,2.078798770904541,4.0216114044189455,0.9259259259259259,0.5740740740740741,8.108022689819336,116.20168721709513,693.5,1.4761609991579077,2.2088826317340136,0.7650384024577573,7.7029643058776855,0.089325,,
sample_00559,1,2,1492132,0.0455362548828125,17.581750869750977,0.1016286164522171,173.0,65.0,38901,bright,False,13.175,11.31964111328125,2.86037540435791,2.86037540435791,"[2.8060127973556517, 2.9139850616455076]",0.10797226428985596,True,51.0053596496582,4.5059166752039514,61,62,0.016129032258064516,0.0,64,26.5,-21.5,21.5,3.5,13.175,2.843510627746582,2.996326368363177,2.843510627746582,4.504822731018066,1.0,0.819672131147541,7.4830427169799805,124.58417389540583,643.0,-1.6250546149524898,2.4329686537384987,0.7899562080589774,7.906983375549316,0.083675,,
sample_00560,1,2,1490584,0.045489013671875,17.25621795654297,0.09974692761898041,173.0,57.0,38962,bright,False,12.275,11.280355453491211,2.906369209289551,2.906369209289551,"[2.869722080230713, 2.9497047662734985]",0.07998268604278547,True,56.33089065551758,4.993715923914744,60,60,0.0,0.0,64,23.5,-19.5,19.5,3.5,12.275,2.939453601837158,2.8004889488220215,2.9451398849487305,3.8114238739013673,0.9666666666666667,0.9,7.354394912719727,134.93992777408357,658.5,-1.7776429367418034,2.511152337305248,0.8142207472959685,8.146818161010742,0.06925,,
sample_00561,1,2,1307199,0.03989254760742188,18.813932418823242,0.10569624602794647,178.0,59.0,36594,bright,False,12.05,12.50783634185791,2.787785530090332,2.787785530090332,"[2.7480011701583864, 2.830919647216797]",0.08291847705841038,True,55.14334487915039,4.4087037415585035,54,54,0.0,0.0,64,,-19.0,19.0,3.5,12.05,2.6608633995056152,2.811166869269477,2.6608633995056152,3.681733512878418,1.0,0.8333333333333334,5.441637992858887,120.65196379653898,654.5,1.7769989341668833,2.384151976555586,0.7865226650441132,7.195033073425293,0.091175,,
sample_00562,1,2,1602180,0.0488946533203125,17.998796463012695,0.10168811678886414,177.0,52.0,38340,bright,False,7.9750000000000005,12.44986629486084,0.462709903717041,0.462709903717041,"[0.37991292476654054, 0.5272785425186157]",0.14736561775207518,True,30.601993560791016,2.4580178482256603,70,70,0.0,0.0,64,15.5,-18.5,15.5,1.0,7.9750000000000005,0.39545536041259766,0.6155568735940116,1.3251595497131348,3.4833131790161134,0.6142857142857143,0.35714285714285715,6.886117458343506,83.60781768443891,524.5,-0.18573904780957323,2.1475527957081795,0.7501128872031066,8.260080337524414,0.073,,
sample_00563,1,2,1898959,0.05795162963867188,18.352643966674805,0.10252873599529266,179.0,53.0,37269,bright,False,9.975000000000001,12.380143165588379,2.427732467651367,2.427732467651367,"[2.3738619089126587, 2.5043298959732057]",0.13046798706054696,True,50.36240768432617,4.067998811541421,85,85,0.0,0.0,64,15.5,-22.5,15.5,3.0,9.975000000000001,2.441743850708008,2.527846706614775,2.441743850708008,4.2803489685058596,0.8823529411764706,0.6705882352941176,6.638339996337891,89.28414591185559,416.0,-1.2290483866561484,2.2293421905487776,0.7610996854585047,8.005800247192383,0.065475,,
sample_00564,1,2,903565,0.027574615478515627,18.526416778564453,0.10292454063892365,180.0,52.0,38065,bright,False,12.950000000000001,12.388053894042969,3.1250123977661133,3.1250123977661133,"[3.077160692214966, 3.195709228515625]",0.11854853630065909,True,52.68355941772461,4.252771247876028,51,51,0.0,0.0,64,21.0,-27.5,21.0,3.5,12.950000000000001,2.5642099380493164,2.644259808110256,2.5642099380493164,4.530787467956543,0.9019607843137255,0.6470588235294118,7.129889488220215,128.85107551074324,614.0,-1.5848984796732035,2.4392529148608446,0.7874595320994442,7.6468963623046875,0.07355,,
sample_00565,1,2,988110,0.03015472412109375,18.678142547607422,0.10552623122930527,177.0,56.0,37781,bright,False,11.925,12.302292823791504,3.802964210510254,3.802964210510254,"[3.7207517862319945, 3.897818350791931]",0.17706656455993652,True,39.61136245727539,3.2198357675790854,48,48,0.0,0.0,64,27.5,-16.5,16.5,4.5,11.925,3.5209598541259766,3.6205577154954276,3.5689845085144043,6.360439491271973,0.9791666666666666,0.8125,9.866122245788574,109.38651361082069,789.0,1.4304555650775839,2.625587645918131,0.8120967216320146,7.092626571655273,0.128825,,
sample_00566,1,2,1178510,0.03596527099609375,17.447263717651367,0.10027162730693817,174.0,52.0,36741,bright,False,9.350000000000001,12.273355484008789,2.760385513305664,2.760385513305664,"[2.6861514329910277, 2.8372801542282104]",0.1511287212371828,True,42.12530517578125,3.4322565846534134,58,58,0.0,0.0,64,13.0,-25.0,13.0,3.5,9.350000000000001,2.9510979652404785,2.6594527178797227,2.9510979652404785,4.499385070800782,0.8793103448275862,0.6206896551724138,6.021482467651367,105.74710590321422,631.0,-1.1577983356091968,2.3099668584764004,0.7727564592569943,8.091804504394531,0.077575,,
sample_00567,1,2,1278324,0.0390113525390625,18.011701583862305,0.10233921557664871,176.0,53.0,35383,bright,False,9.7,12.443280220031738,2.593320846557617,2.593320846557617,"[2.4832566499710085, 2.7123377561569213]",0.22908110618591282,True,29.208900451660156,2.3473633909359677,54,54,0.0,0.0,64,16.5,-16.0,16.0,2.5,9.7,2.1210546493530273,1.8147248250466805,2.851665496826172,5.229255294799805,0.8518518518518519,0.6666666666666666,7.5932416915893555,82.92266566911158,578.5,-0.8595472400512862,2.3844618126749992,0.7768574683622256,7.840235710144043,0.1031,,
sample_00568,1,2,514948,0.0157149658203125,18.677730560302734,0.10434486716985703,179.0,63.0,35404,bright,False,14.975,12.392829895019531,2.204122543334961,2.204122543334961,"[2.1277162075042724, 2.2800459384918215]",0.1523297309875491,True,39.00244140625,3.1471779840958214,35,35,0.0,0.0,64,33.5,-25.5,25.5,3.5,14.975,1.9686832427978516,2.2789352416992186,2.056917190551758,5.946004867553711,0.8857142857142857,0.5142857142857142,11.051172256469727,121.56720000299707,1000.0,1.030343960912161,2.106809452176094,0.7406880336592006,7.227998733520508,0.09765,,
sample_00569,1,2,775409,0.023663604736328125,18.159528732299805,0.10201982408761978,178.0,62.0,36354,bright,False,11.725,12.033496856689453,2.2847957611083984,2.2847957611083984,"[2.2037338733673097, 2.3634063959121705]",0.15967252254486075,True,36.55971145629883,3.038161881928376,36,37,0.02702702702702703,0.0,64,20.5,-23.5,20.5,2.5,11.725,2.4218578338623047,3.1277570724487305,2.4218578338623047,6.286897659301758,0.8055555555555556,0.6111111111111112,9.39303207397461,124.8422189052761,1121.0,-1.1316469014478785,2.214144393801689,0.7559848267508208,7.592277526855469,0.0976,,
sample_00570,1,2,2015469,0.06150723266601563,18.214191436767578,0.1058964654803276,172.0,58.0,37184,bright,False,9.55,12.591475486755371,0.1963367462158203,0.1963367462158203,"[0.12863583564758302, 0.2803055047988892]",0.1516696691513062,True,29.958232879638672,2.3792472066638193,78,78,0.0,0.0,64,20.0,-19.0,19.0,1.0,9.55,0.6545314788818359,0.39729073108770907,1.705803394317627,3.9994095802307124,0.717948717948718,0.358974358974359,-6.240412712097168,71.43632960668155,443.5,0.07656492056155471,2.1546122916042805,0.750565023517195,7.567473411560059,0.075875,,
sample_00571,1,2,1049209,0.03201931762695313,17.232135772705078,0.10318644344806671,167.0,55.0,36901,bright,False,8.25,12.263882637023926,1.321305274963379,1.321305274963379,"[1.2720425128936768, 1.371343183517456]",0.09930067062377934,True,39.204647064208984,3.1967565431401397,68,71,0.04225352112676056,0.0,64,26.5,-15.0,15.0,1.5,8.25,1.0496234893798828,0.7626610783969655,1.3112330436706543,2.91373691558838,0.6176470588235294,0.29411764705882354,-7.534368991851807,96.88681695943313,475.0,0.8516093746450043,1.8800334818661213,0.705972114176291,7.428104400634766,0.08385,,
sample_00572,1,2,1585837,0.048395904541015625,17.384864807128906,0.10286901891231537,169.0,53.0,34612,bright,False,16.0,12.341062545776367,1.5711040496826172,1.5711040496826172,"[1.5134906768798828, 1.628497838973999]",0.11500716209411621,True,45.3597297668457,3.675512509445122,79,79,0.0,0.0,64,34.0,-35.0,34.0,2.0,16.0,1.7491207122802734,2.159308614610117,1.8588619232177734,4.705502700805665,0.7468354430379747,0.4177215189873418,12.786434173583984,90.98512708339561,417.0,0.9284631697970002,1.9155792072415352,0.718266253869969,7.543054580688477,0.07755,,
sample_00573,1,2,1120473,0.034194122314453124,18.779573440551758,0.10491381585597992,179.0,60.0,35042,bright,False,11.950000000000001,12.786169052124023,1.7903976440429688,1.7903976440429688,"[1.7276390552520753, 1.8506941556930543]",0.123055100440979,True,48.99998474121094,3.832264733983876,54,54,0.0,0.0,64,36.0,-21.0,21.0,2.5,11.950000000000001,1.9614834785461426,2.1900456746419272,2.0417003631591797,4.758631706237793,0.8148148148148148,0.5185185185185185,7.383780479431152,106.16041620612879,635.0,1.1542310760563652,1.9810003051534295,0.7244360677317059,7.766208648681641,0.06965,,
sample_00574,1,2,2415214,0.07370648193359375,18.339027404785156,0.10600593686103821,173.0,56.0,36280,bright,False,12.4,12.73912239074707,1.9100666046142578,1.9100666046142578,"[1.855000638961792, 1.9714291572570801]",0.11642851829528822,True,50.13755798339844,3.935715227904187,86,86,0.0,0.0,64,22.5,-22.0,22.0,2.5,12.4,2.066542625427246,2.080516160920609,2.066542625427246,3.565025806427002,0.7906976744186046,0.5232558139534884,9.940450668334961,86.5812576286823,362.0,1.0396619106047686,1.9946832640562207,0.7289481481481481,7.524862289428711,0.081925,,
sample_00575,1,2,1473560,0.044969482421875,18.49803352355957,0.10570304840803146,175.0,62.0,38025,bright,False,8.350000000000001,12.83281135559082,1.9372005462646484,1.9372005462646484,"[1.876159381866455, 1.98805091381073]",0.11189153194427504,True,44.2240104675293,3.4461669576606373,54,54,0.0,0.0,64,13.0,-20.0,13.0,2.5,8.350000000000001,1.8906340599060059,2.0522889914336027,1.8906340599060059,3.6835348129272463,0.7407407407407407,0.46296296296296297,6.8308000564575195,90.81213113049722,709.5,1.0597255266238925,2.0309888049960136,0.7331811629024507,7.050232410430908,0.098675,,
sample_00576,1,2,730587,0.022295745849609375,18.777915954589844,0.10669270157814026,176.0,65.0,34241,bright,False,10.525,13.430468559265137,3.2634830474853516,3.2634830474853516,"[3.170945477485657, 3.349799370765686]",0.1788538932800292,True,35.159324645996094,2.617877737537392,34,34,0.0,0.0,64,14.5,-22.5,14.5,4.0,10.525,3.254323959350586,3.290552111232982,3.254323959350586,5.1102276802062985,0.9411764705882353,0.7352941176470589,7.154457092285156,96.67080356517693,1052.0,0.7689226190175461,2.402814596891403,0.7831510266743428,6.478368759155273,0.143925,,
sample_00577,1,2,2578199,0.07868038940429688,19.24118423461914,0.10809653997421265,178.0,54.0,37228,bright,False,13.975,14.047601699829102,1.8725042343139648,1.8725042343139648,"[1.788018250465393, 1.9683493852615357]",0.1803311347961427,True,44.21326446533203,3.147388814837334,89,89,0.0,0.0,64,33.5,-25.5,25.5,2.5,13.975,2.035938262939453,2.2276207034507496,2.035938262939453,4.5445602416992195,0.7640449438202247,0.5280898876404494,7.491920471191406,69.61126666122115,356.0,0.9818871764563782,2.064506374299526,0.7348942137674532,6.863790035247803,0.097325,,
sample_00578,1,2,790256,0.02411669921875,20.762792587280273,0.11471156030893326,181.0,62.0,33493,bright,False,11.5,14.598313331604004,2.2687454223632812,2.2687454223632812,"[2.2106579542160034, 2.34621148109436]",0.13555352687835676,True,41.31507110595703,2.830126341822908,37,37,0.0,0.0,64,27.5,-20.0,20.0,2.5,11.5,2.3282651901245117,2.2134724436579525,2.3282651901245117,3.7996778488159175,0.7567567567567568,0.5405405405405406,6.085956573486328,98.22059701584365,944.0,-1.1800028126229365,2.080432191491127,0.7357274124062302,6.267444610595703,0.13,,
sample_00579,1,2,604428,0.0184456787109375,18.384319305419922,0.10328269004821777,178.0,51.0,38613,bright,False,9.925,13.291308403015137,1.63824462890625,1.63824462890625,"[1.5793111324310303, 1.6911997079849244]",0.11188857555389409,True,42.76483917236328,3.2175040918215445,37,37,0.0,0.0,64,16.5,-17.0,16.5,2.5,9.925,1.789571762084961,2.3568992614746094,1.789571762084961,5.7140310287475575,0.7297297297297297,0.4594594594594595,7.564230918884277,120.0076532220572,1080.0,0.8973405614696321,2.030615230090916,0.7338080495356037,6.940152168273926,0.0878,,
sample_00580,1,2,987071,0.030123016357421876,17.10337257385254,0.09829524159431458,174.0,51.0,36904,bright,False,16.0,12.622106552124023,3.0799789428710938,3.0799789428710938,"[2.995989274978638, 3.1502605438232423]",0.1542712688446044,True,57.10801315307617,4.524443912531078,61,61,0.0,0.0,64,38.5,-29.0,29.0,4.0,16.0,2.833597183227539,3.1331920311099193,2.833597183227539,5.493688583374023,0.9344262295081968,0.7704918032786885,8.537086486816406,125.1523421925381,548.0,1.5288917352851223,2.4070784375071526,0.7923482118103687,7.840058326721191,0.058475,,
sample_00581,1,2,1552455,0.04737716674804687,18.483610153198242,0.10622764378786087,174.0,56.0,36861,bright,False,12.05,12.39451789855957,2.7343053817749023,2.7343053817749023,"[2.6747568130493162, 2.7973323345184324]",0.12257552146911621,True,49.97325134277344,4.031883430381837,78,78,0.0,0.0,64,25.0,-19.0,19.0,3.5,12.05,2.8988547325134277,2.6832546454209547,2.954158306121826,4.460709953308105,0.9230769230769231,0.7692307692307693,6.582091331481934,93.74064833058313,457.0,-1.4217280104825891,2.301588200032711,0.774370948416234,7.994001388549805,0.078775,,
sample_00582,1,2,2214574,0.06758343505859375,17.36923599243164,0.09982319176197052,174.0,54.0,34755,bright,False,12.725,11.792351722717285,3.2084226608276367,3.2084226608276367,"[3.125015711784363, 3.280731773376465]",0.15571606159210205,True,42.03120040893555,3.5642763544751523,90,91,0.01098901098901099,0.0,64,33.0,-20.5,20.5,3.5,12.725,3.363943099975586,3.295207733578152,3.363943099975586,5.162407302856446,0.9444444444444444,0.8555555555555555,7.48529052734375,78.92416663358574,358.5,1.4274142894133133,2.4711302844807506,0.7917620137299771,7.597634315490723,0.0991,,
sample_00583,1,2,1476731,0.045066253662109375,18.9212646484375,0.10629923641681671,178.0,51.0,36618,bright,False,12.0,13.852602005004883,2.4257726669311523,2.4257726669311523,"[2.369922137260437, 2.4721911430358885]",0.1022690057754514,True,45.202842712402344,3.2631301105792803,64,64,0.0,0.0,64,22.0,-20.0,20.0,3.0,12.0,2.4141292572021484,2.448510892689228,2.432490348815918,4.186768913269043,0.921875,0.609375,5.433925628662109,84.35946974803812,560.0,1.2614069944119193,2.225618944503367,0.7656568686262748,7.060851097106934,0.088075,,
sample_00584,1,2,338794,0.01033917236328125,19.327051162719727,0.10447054356336594,185.0,50.0,29984,bright,False,10.6,13.906943321228027,2.1836652755737305,2.1836652755737305,"[2.1201974630355833, 2.252029538154602]",0.13183207511901873,True,46.70619583129883,3.3584803470080242,19,19,0.0,0.0,64,34.0,-18.0,18.0,2.5,10.6,2.1890926361083984,1.7740232066104287,2.343994140625,5.300453567504882,0.8421052631578947,0.5789473684210527,-6.150674819946289,158.0290216902334,1557.0,0.926022150397033,2.140375427901745,0.7416525526252117,7.119630813598633,0.08595,,
sample_00585,1,2,940461,0.028700592041015625,18.133216857910156,0.1042138934135437,174.0,53.0,38761,bright,False,7.925,13.410176277160645,0.5269441604614258,0.5269441604614258,"[0.45120317935943605, 0.5897876977920532]",0.13858451843261715,True,35.61152648925781,2.655559908627681,47,48,0.020833333333333332,0.0,64,16.5,-20.5,16.5,0.5,7.925,0.24833106994628906,0.3676522437562334,1.1618146896362305,3.192566680908203,0.574468085106383,0.3191489361702128,7.192840576171875,92.27335306178895,780.0,0.19583153824287394,2.1802271008491516,0.7502483967121308,7.373953819274902,0.0801,,
sample_00586,1,2,1189722,0.03630743408203125,18.47314453125,0.1061674952507019,174.0,64.0,39264,bright,False,9.475000000000001,12.93460464477539,1.9689712524414062,1.9689712524414062,"[1.9036326646804809, 2.035525393486023]",0.13189272880554226,True,32.220924377441406,2.4910637211054025,40,40,0.0,0.0,64,17.0,-15.5,15.5,2.5,9.475000000000001,1.9092469215393066,2.086247110366821,1.9092469215393066,3.598000717163086,0.9,0.475,5.546481132507324,83.50078596982647,1144.0,0.8167027033921479,2.119341090321541,0.7471797866781422,6.019409656524658,0.15185,,
sample_00587,1,2,1125544,0.034348876953125,18.59541893005371,0.10748796910047531,173.0,68.0,34838,bright,False,11.225,13.07617473602295,1.3499011993408203,1.3499011993408203,"[1.270852518081665, 1.4385581493377686]",0.1677056312561036,True,31.078582763671875,2.3767335165730787,49,49,0.0,0.0,64,31.5,-20.5,20.5,2.0,11.225,1.1631717681884766,1.5901330636472117,1.2853050231933594,3.4736440658569347,0.6326530612244898,0.3877551020408163,8.163433074951172,87.24145831374375,786.0,0.3665313154193605,2.083931550383568,0.7332541864533867,6.4419965744018555,0.13275,,
sample_00588,1,2,1187258,0.03623223876953125,18.818300247192383,0.10753314197063446,175.0,77.0,38011,bright,False,10.925,13.298674583435059,3.0331287384033203,3.0331287384033203,"[2.958206629753113, 3.104227900505066]",0.14602127075195304,True,39.72218322753906,2.9869279813055467,43,43,0.0,0.0,64,19.5,-16.5,16.5,3.5,10.925,2.882181167602539,2.7534945510154545,2.9360570907592773,4.6631111145019535,0.9534883720930233,0.8372093023255814,-9.232916831970215,101.085556366271,919.0,1.187198786209252,2.357426978647709,0.7723987755230852,6.379853248596191,0.144825,,
sample_00589,1,2,2643225,0.08066482543945312,19.23646354675293,0.11055438965559006,174.0,62.0,37711,bright,False,9.925,13.777441024780273,2.005361557006836,2.005361557006836,"[1.9247906684875489, 2.0763994216918946]",0.15160875320434575,True,43.8712043762207,3.184278146958744,88,88,0.0,0.0,64,21.5,-16.5,16.5,2.5,9.925,2.0666356086730957,2.13942994854667,2.0666356086730957,3.7181662559509276,0.8295454545454546,0.5340909090909091,7.984808921813965,70.50144847634573,386.5,1.1164020945721602,2.1015885546803474,0.7386548184464532,6.625030517578125,0.115,,
sample_00590,1,2,1792474,0.05470196533203125,20.159231185913086,0.11199572682380676,180.0,68.0,38544,bright,False,7.5,14.329126358032227,2.4263648986816406,2.4263648986816406,"[2.3699711322784425, 2.4820242404937742]",0.11205310821533176,True,41.986385345458984,2.930142724432283,55,55,0.0,0.0,64,10.0,-15.0,10.0,3.0,7.5,2.415739059448242,2.409240705316717,2.415739059448242,3.8426584243774418,0.9090909090909091,0.7272727272727273,5.0724029541015625,79.62520132289636,735.0,1.2454849966987318,2.292851533740759,0.7706293706293706,6.2981367111206055,0.140625,,
sample_00591,1,2,1446494,0.04414349365234375,19.771827697753906,0.111077681183815,178.0,75.0,33515,bright,False,10.65,14.118792533874512,2.6805877685546875,2.6805877685546875,"[2.6119595050811766, 2.763870358467102]",0.15191085338592547,True,38.52040100097656,2.7283070353613095,43,43,0.0,0.0,64,25.5,-17.0,17.0,3.0,10.65,2.389206886291504,2.8777387530304663,2.389206886291504,4.907608985900879,1.0,0.7209302325581395,6.837635040283203,81.01583899878585,849.0,0.9933504252106022,2.2419283068738878,0.7574451907236092,6.015676975250244,0.153625,,
sample_00592,1,2,1532444,0.0467664794921875,18.132740020751953,0.10542290657758713,172.0,54.0,38170,bright,False,8.475000000000001,13.010461807250977,1.1160697937011719,1.1160697937011719,"[1.070482087135315, 1.1539604187011718]",0.08347833156585693,True,52.27130889892578,4.017636704470704,64,64,0.0,0.0,64,18.0,-15.5,15.5,1.5,8.475000000000001,1.2079839706420898,1.2897932976484299,1.2734298706054688,2.5076388359069828,0.609375,0.21875,6.323790550231934,103.76052899351609,564.0,-0.8892876345074622,1.7382659716531634,0.6896240951245748,7.461509704589844,0.068075,,
sample_00593,1,2,1687154,0.05148785400390625,19.525070190429688,0.10969140380620956,178.0,58.0,35571,bright,False,10.6,13.746493339538574,2.420538902282715,2.420538902282715,"[2.328961658477783, 2.515355634689331]",0.18639397621154785,True,33.7254524230957,2.453385862858008,60,60,0.0,0.0,64,32.0,-18.0,18.0,2.5,10.6,2.377565860748291,2.356191937128703,2.4476423263549805,5.464366531372071,0.8166666666666667,0.6666666666666666,6.69415283203125,75.9345123582651,562.5,0.8753032881154418,2.218620788305998,0.7561798442004539,6.72922420501709,0.107475,,
sample_00594,1,2,1196091,0.03650180053710937,16.878089904785156,0.09870228171348572,171.0,52.0,35220,bright,False,9.425,11.95815372467041,1.343191146850586,1.343191146850586,"[1.2977261781692504, 1.3874892234802247]",0.08976304531097434,True,48.79884338378906,4.080800808164393,53,53,0.0,0.0,64,16.5,-19.5,16.5,2.0,9.425,1.3927764892578125,1.175920639397963,1.4615964889526367,2.5835422515869144,0.7358490566037735,0.2641509433962264,5.221122741699219,125.86652588387345,638.0,0.628680655536827,1.9110848531126976,0.7162193631018222,8.077949523925781,0.0545,,
sample_00595,1,2,1441392,0.04398779296875,17.931133270263672,0.10188143700361252,176.0,55.0,34242,bright,False,11.325000000000001,12.925251007080078,2.65419864654541,2.65419864654541,"[2.59776611328125, 2.7191606760025024]",0.12139456272125226,True,49.90974426269531,3.861413928082031,70,71,0.014084507042253521,0.0,64,23.0,-18.5,18.5,3.0,11.325000000000001,2.522270679473877,2.406097616468157,2.614161968231201,3.968125152587891,0.9,0.6857142857142857,-10.04881763458252,98.28372349631604,380.0,1.25895295585302,2.2571085933595896,0.7671178343949044,7.100998401641846,0.088625,,
sample_00596,1,2,1222629,0.03731167602539062,17.885210037231445,0.1022012010216713,175.0,56.0,35778,bright,False,10.65,12.586119651794434,2.695132255554199,2.695132255554199,"[2.6448567867279054, 2.751026463508606]",0.10616967678070077,True,44.99321746826172,3.574828359576808,50,50,0.0,0.0,64,21.5,-17.0,17.0,3.0,10.65,2.560792922973633,2.4820743465423583,2.626394271850586,3.9969438552856444,0.92,0.76,6.601634979248047,115.37417009366031,741.0,1.3215515587704496,2.2755020949989557,0.768661091739439,7.412131309509277,0.095675,,
sample_00597,1,2,2442864,0.07455029296875,18.55929183959961,0.10545051842927933,176.0,54.0,34488,bright,False,16.0,13.038949012756348,0.6037273406982422,0.6037273406982422,"[0.5503331661224365, 0.6653914451599121]",0.11505827903747556,True,37.3885383605957,2.8674503078444062,95,95,0.0,0.0,64,38.5,-31.0,31.0,2.5,16.0,0.9338035583496094,0.5844595055831107,1.6417207717895508,3.16954460144043,0.7263157894736842,0.3368421052631579,-6.711066246032715,85.00483983685885,322.0,0.31597904830129253,1.9375280514359474,0.7197587170810652,7.789129257202148,0.059225,,
sample_00598,1,2,1426231,0.043525115966796875,18.636642456054688,0.1041153222322464,179.0,51.0,35445,bright,False,16.0,13.417451858520508,2.8438186645507812,2.8438186645507812,"[2.784087610244751, 2.898739957809448]",0.114652347564697,True,55.16510009765625,4.111443862764796,64,64,0.0,0.0,64,28.0,-29.5,28.0,3.5,16.0,2.8134164810180664,2.9072148203849792,2.8134164810180664,4.323459434509277,0.953125,0.71875,6.4415740966796875,109.61722422972662,541.5,1.575350664717668,2.275643367320299,0.765482571696799,7.737384796142578,0.065475,,
sample_00599,1,2,1307400,0.039898681640625,17.422189712524414,0.10012752562761307,174.0,50.0,36744,bright,False,9.925,12.342137336730957,2.2073707580566406,2.2073707580566406,"[2.146762561798096, 2.292050361633301]",0.1452877998352049,True,45.55955123901367,3.6913826184242544,77,79,0.02531645569620253,0.0,64,38.0,-16.5,16.5,2.5,9.925,1.9218406677246094,2.051063413743849,1.9218406677246094,4.152864646911623,0.8051948051948052,0.4675324675324675,5.705476760864258,91.3938786727071,415.0,1.0827019877107682,2.1550336442887783,0.7539930347063768,8.247321128845215,0.064425,,
sample_00600,1,2,1939454,0.05918743896484375,18.429399490356445,0.10238555073738098,180.0,49.0,36674,bright,False,11.775,13.15178394317627,2.5515708923339844,2.5515708923339844,"[2.5051106929779055, 2.5965912342071533]",0.09148054122924787,True,58.928688049316406,4.480661201850965,95,95,0.0,0.0,64,19.5,-19.5,19.5,3.0,11.775,2.461606979370117,2.651444535506399,2.461606979370117,3.8118885040283206,0.9263157894736842,0.7052631578947368,7.589967727661133,94.77511943244376,358.0,1.6586167241624494,2.2361499704420567,0.7734733106609493,7.789587020874023,0.055575,,
sample_00601,1,2,524621,0.016010162353515624,17.289554595947266,0.09823610633611679,176.0,51.0,33289,bright,False,9.925,11.72286319732666,2.430323600769043,2.430323600769043,"[2.3934926748275758, 2.471683144569397]",0.0781904697418212,True,59.904296875,5.110039745977832,34,34,0.0,0.0,64,16.5,-29.5,16.5,2.5,9.925,2.396712303161621,2.425729246700511,2.396712303161621,3.7636643409729,0.8823529411764706,0.5882352941176471,5.311633110046387,178.89058203738946,923.0,-1.429612134501057,2.143030345439911,0.7517100684027361,8.692005157470703,0.0449,,
sample_00602,1,2,1724012,0.0526126708984375,20.11814308166504,0.10933773219585419,184.0,55.0,34572,bright,False,12.5,14.17584228515625,2.5442848205566406,2.5442848205566406,"[2.5066916227340696, 2.591045928001404]",0.08435430526733434,True,66.4563217163086,4.6879981012412975,87,87,0.0,0.0,64,27.5,-20.0,20.0,3.5,12.5,2.48486328125,2.636344865820874,2.48486328125,3.641360473632813,0.9655172413793104,0.7011494252873564,8.232738494873047,99.46030757952497,342.0,1.6441280427028535,2.270641515031457,0.7781459919390954,7.269243240356445,0.0639,,
sample_00603,1,2,1529946,0.04669024658203125,17.341909408569336,0.09966614842414856,174.0,49.0,35728,bright,False,12.85,12.759220123291016,2.1442947387695312,2.1442947387695312,"[2.103288006782532, 2.191698670387268]",0.08841066360473615,True,58.78535461425781,4.607284304700526,84,84,0.0,0.0,64,23.5,-23.0,23.0,2.5,12.85,2.3565521240234375,2.53789066133045,2.3565521240234375,3.976790428161622,0.9404761904761905,0.6785714285714286,8.622735977172852,103.2278401691284,375.0,-1.3846981841800912,2.1218211874365807,0.7530350126092311,8.32417106628418,0.039575,,
sample_00604,1,2,624295,0.019051971435546874,18.892986297607422,0.10674003511667252,177.0,53.0,38364,bright,False,11.325000000000001,13.46475887298584,2.5206966400146484,2.5206966400146484,"[2.448525810241699, 2.5989731550216675]",0.15044734477996835,True,44.26128005981445,3.287194407069201,41,41,0.0,0.0,64,18.5,-20.0,18.5,3.0,11.325000000000001,2.734055519104004,2.6454778531702554,2.734055519104004,4.130283355712891,0.8780487804878049,0.6829268292682927,5.980219841003418,117.74360962141444,831.0,-1.2405629037003474,2.2814996242523193,0.765949656750572,6.893370151519775,0.100675,,
sample_00605,1,2,1148187,0.03503988647460937,18.88550567626953,0.10491947829723358,180.0,53.0,35843,bright,False,12.5,13.243758201599121,2.298238754272461,2.298238754272461,"[2.2214632987976075, 2.3902255058288575]",0.16876220703125,True,41.0863151550293,3.102315409992031,62,62,0.0,0.0,64,37.0,-20.0,20.0,3.5,12.5,2.3807473182678223,1.737155806633734,2.6461081504821777,5.132699966430663,0.8064516129032258,0.5967741935483871,-11.585578918457031,95.51103197262715,541.0,1.1545374045765104,2.1955457478761673,0.7591792987291379,6.865299224853516,0.107425,,
sample_00606,1,2,1315966,0.04016009521484375,18.132171630859375,0.10186613351106644,178.0,50.0,37197,bright,False,6.2250000000000005,13.046834945678711,1.438718318939209,1.438718318939209,"[1.3826526880264283, 1.488695740699768]",0.1060430526733398,True,35.01999282836914,2.684175355492501,76,79,0.0379746835443038,0.0,64,10.5,-14.5,10.5,1.5,6.2250000000000005,1.4106945991516113,0.8629393640317415,1.8125190734863281,3.4419145584106445,0.75,0.40789473684210525,4.608493328094482,87.93951305464383,393.0,0.621179580009144,2.111636698246002,0.7458189977561706,7.184047222137451,0.07695,,
sample_00607,1,2,1951013,0.05954019165039062,18.022132873535156,0.10357547551393509,174.0,51.0,37190,bright,False,13.625,12.87404727935791,2.8985214233398438,2.8985214233398438,"[2.8390858650207518, 2.9584853649139404]",0.11939949989318865,True,50.76650619506836,3.9433214041761953,83,83,0.0,0.0,64,27.0,-22.5,22.5,3.5,13.625,2.684267044067383,2.7705849452191087,2.684267044067383,4.063055038452148,0.9518072289156626,0.7831325301204819,6.873565673828125,90.71353816656567,440.0,1.6058077404185955,2.4273542687296867,0.7910182030266752,7.536565780639648,0.0879,,
sample_00608,1,2,907494,0.02769451904296875,17.741451263427734,0.09967107325792313,178.0,58.0,38736,bright,False,10.925,12.318643569946289,2.874429702758789,2.874429702758789,"[2.791287136077881, 2.9463385343551636]",0.15505139827728254,True,44.123809814453125,3.5818724329439715,52,52,0.0,0.0,64,16.5,-24.5,16.5,3.5,10.925,2.841832160949707,3.435095401910635,2.841832160949707,7.540860176086425,0.8653846153846154,0.7115384615384616,9.167634010314941,118.24815488223152,710.5,1.4196189715298742,2.3678127266466618,0.7772618042475807,7.466574668884277,0.08915,,
sample_00609,1,2,1214720,0.0370703125,18.172224044799805,0.10443806648254395,174.0,62.0,37432,bright,False,10.6,12.469285011291504,2.4288759231567383,2.4288759231567383,"[2.368163561820984, 2.5023441076278687]",0.13418054580688477,True,37.60881423950195,3.0161163375001423,48,48,0.0,0.0,64,19.0,-18.0,18.0,2.5,10.6,2.4232702255249023,2.7048038641611734,2.4232702255249023,4.53681173324585,0.8958333333333334,0.6666666666666666,7.100399017333984,88.67542851642328,753.5,1.0548854680733517,2.2365625421516597,0.7588351188277306,6.799931526184082,0.122,,
sample_00610,1,2,2728898,0.08327935791015625,17.323001861572266,0.10190001130104065,170.0,56.0,36593,bright,False,11.950000000000001,11.675016403198242,1.974257469177246,1.974257469177246,"[1.9021405458450318, 2.057495617866516]",0.15535507202148424,True,48.18236541748047,4.126963402319626,94,94,0.0,0.0,64,32.5,-21.0,21.0,2.5,11.950000000000001,1.9216032028198242,2.1728561939077173,1.9450740814208984,4.633528709411621,0.8297872340425532,0.4574468085106383,6.499007225036621,85.81334626495345,367.5,1.0970501015300482,1.9996534308302216,0.7224323097867191,7.934679985046387,0.073025,,
sample_00611,1,2,2195353,0.06699685668945313,18.341032028198242,0.10480589419603348,175.0,64.0,33734,bright,False,16.0,12.019673347473145,2.3269805908203125,2.3269805908203125,"[2.2376137256622313, 2.410516881942749]",0.17290315628051767,True,37.97595977783203,3.1594835134030985,89,89,0.0,0.0,64,33.5,-29.0,29.0,3.0,16.0,2.2854671478271484,2.1467135354374234,2.538705825805664,4.43118896484375,0.8876404494382022,0.6853932584269663,6.899053573608398,75.81778582565829,341.0,1.0431706839110693,2.23450220329687,0.7651942258843938,7.28732967376709,0.093675,,
sample_00612,1,2,1772147,0.05408163452148437,18.059999465942383,0.10261363536119461,176.0,51.0,35664,bright,False,13.75,12.022308349609375,-0.1030721664428711,-0.1030721664428711,"[-0.1689677953720093, -0.029961681365966795]",0.13900611400604249,True,29.68444061279297,2.4691132309676176,91,91,0.0,0.0,64,25.0,-27.0,25.0,2.5,13.75,0.47382354736328125,0.534372057233538,1.6679258346557617,4.152534484863281,0.7472527472527473,0.42857142857142855,5.390655517578125,92.29896647052384,319.0,0.061741274877146805,2.0455820839852095,0.736130106439912,8.480533599853516,0.058775,,
sample_00613,1,2,2024700,0.0617889404296875,17.534460067749023,0.10077276080846786,174.0,57.0,34232,bright,False,14.975,11.649895668029785,2.4833812713623047,2.4833812713623047,"[2.423892879486084, 2.548356533050537]",0.12446365356445321,True,55.18289566040039,4.73677166155539,92,92,0.0,0.0,64,26.0,-25.5,25.5,3.5,14.975,2.461001396179199,2.6541321070297905,2.461001396179199,4.25238380432129,0.9565217391304348,0.7065217391304348,10.132623672485352,96.24018680759426,336.5,1.1376577581862193,2.1862412840127945,0.761607060770433,8.216442108154297,0.0591,,
sample_00614,1,2,2593509,0.07914761352539063,17.44196128845215,0.10082058608531952,173.0,54.0,36097,bright,False,15.325000000000001,11.664209365844727,1.8011178970336914,1.8011178970336914,"[1.7572853565216064, 1.8532937526702882]",0.09600839614868173,True,57.36171340942383,4.917754098052377,88,88,0.0,0.0,64,30.5,-28.5,28.5,2.5,15.325000000000001,1.8010644912719727,2.073360183022239,1.8010644912719727,4.117886161804199,0.7954545454545454,0.4090909090909091,7.105782508850098,95.24323279980973,330.5,1.192517855479457,1.935679156333208,0.7241705041917582,8.486482620239258,0.055275,,
sample_00615,1,2,1262457,0.03852713012695313,16.763259887695312,0.09803076088428497,171.0,50.0,34253,bright,False,13.25,11.250699996948242,1.8403949737548828,1.8403949737548828,"[1.7920634031295777, 1.8961934089660644]",0.10413000583648668,True,54.8653564453125,4.8766171402841385,75,75,0.0,0.0,64,34.5,-25.0,25.0,2.0,13.25,1.672898292541504,1.7412599690755208,1.690988540649414,3.610989379882813,0.7466666666666667,0.4,5.258209228515625,114.21834619141039,423.0,1.1296193160979404,1.9581477120518684,0.7259850258722863,9.267892837524414,0.03595,,
sample_00616,1,2,2069815,0.06316574096679688,17.147083282470703,0.09798333048820496,175.0,50.0,37315,bright,False,14.025,11.528238296508789,2.7513504028320312,2.7513504028320312,"[2.695858335494995, 2.8255260944366456]",0.1296677589416504,True,50.2271728515625,4.356881906819474,91,91,0.0,0.0,64,36.0,-24.5,24.5,3.0,14.025,2.828432083129883,2.8900414351578596,2.828432083129883,4.208822250366211,0.9560439560439561,0.7692307692307693,12.627765655517578,97.82723339076756,359.0,1.5355849212984047,2.3432949259877205,0.7787945819823642,8.186506271362305,0.0668,,
sample_00617,1,2,2168472,0.066176513671875,17.342248916625977,0.09853550791740417,176.0,52.0,37553,bright,False,12.950000000000001,11.636594772338867,2.7987232208251953,2.7987232208251953,"[2.7253005027771, 2.8688114166259764]",0.1435109138488766,True,57.838470458984375,4.970394826884505,85,86,0.011627906976744186,0.0,64,27.5,-21.0,21.0,3.5,12.950000000000001,2.975214958190918,3.3943671731387868,2.975214958190918,5.8481836318969735,0.9764705882352941,0.8117647058823529,8.298432350158691,105.83100652660612,413.0,1.7129787280044777,2.3265665397047997,0.7780907668231611,8.43841552734375,0.056025,,
sample_00618,1,2,2118991,0.06466647338867187,16.442846298217773,0.09672262519598007,170.0,53.0,35309,bright,False,13.675,11.279303550720215,3.0168561935424805,3.0168561935424805,"[2.967526006698608, 3.077179431915283]",0.10965342521667498,True,53.00107955932617,4.698967389342218,91,91,0.0,0.0,64,31.5,-21.5,21.5,4.0,13.675,3.134730339050293,3.197939809862074,3.134730339050293,4.562788963317871,0.978021978021978,0.8021978021978022,11.08202838897705,101.05114216935897,384.0,0.25670454029786144,2.4480914659798145,0.7941903778132532,8.17638874053955,0.0808,,
sample_00619,1,2,1982349,0.06049649047851562,18.2387638092041,0.10362934321165085,176.0,55.0,35826,bright,False,14.525,12.053576469421387,2.6112117767333984,2.6112117767333984,"[2.5111095905303955, 2.706799554824829]",0.19568996429443342,True,52.47003936767578,4.353068112255857,90,90,0.0,0.0,64,32.0,-24.5,24.5,3.5,14.525,2.5911197662353516,2.8927171177334254,2.5911197662353516,5.552411270141602,0.8777777777777778,0.6666666666666666,7.764835357666016,93.67332723416085,359.5,-1.4440419361544057,2.191463641822338,0.7575518449543891,8.126882553100586,0.0683,,
sample_00620,1,2,1073148,0.0327498779296875,18.52952003479004,0.10294178128242493,180.0,52.0,35283,bright,False,13.35,12.192109107971191,2.168513298034668,2.168513298034668,"[2.1229871988296507, 2.219925785064697]",0.09693858623504648,True,60.69712829589844,4.978394448275951,54,54,0.0,0.0,64,25.0,-23.0,23.0,3.0,13.35,2.030643939971924,2.2818783124287925,2.030643939971924,3.250520706176758,0.9629629629629629,0.5,6.61909294128418,134.8529481085829,590.5,1.5669721631424263,2.1083495505154133,0.7515550026657188,8.404167175292969,0.045925,,
sample_00621,1,2,1367014,0.04171795654296875,17.81562042236328,0.10065322369337082,177.0,52.0,35411,bright,False,14.25,11.684981346130371,2.292417526245117,2.292417526245117,"[2.2274537563323973, 2.35907301902771]",0.13161926269531277,True,51.462989807128906,4.404199568891184,79,79,0.0,0.0,64,25.0,-25.5,25.0,3.0,14.25,2.2242584228515625,2.502485202837594,2.2242584228515625,5.160074615478516,0.8354430379746836,0.5569620253164557,8.583110809326172,106.8665302323366,388.0,-1.0591259382019438,2.211767513304949,0.75948943929494,8.497867584228516,0.0564,,
sample_00622,1,2,2313304,0.070596435546875,18.176963806152344,0.10506915301084518,173.0,58.0,35615,bright,False,14.075000000000001,12.002426147460938,2.5359983444213867,2.5359983444213867,"[2.465954303741455, 2.59887900352478]",0.1329246997833251,True,42.027061462402344,3.501547182716304,83,83,0.0,0.0,64,28.5,-23.5,23.5,3.5,14.075000000000001,2.5416574478149414,2.669090374406562,2.5529794692993164,4.554733848571777,0.9156626506024096,0.6506024096385542,8.598692893981934,85.5070689986741,407.0,-1.2953449944651443,2.2543327379971743,0.7648909590055214,7.282197952270508,0.09835,,
sample_00623,1,2,1753873,0.053523956298828126,18.124000549316406,0.10297727584838867,176.0,56.0,36594,bright,False,13.450000000000001,12.054505348205566,2.8724679946899414,2.8724679946899414,"[2.7959359645843507, 2.956156301498413]",0.16022033691406223,True,47.123069763183594,3.90916660634261,77,77,0.0,0.0,64,25.5,-21.0,21.0,4.0,13.450000000000001,2.74332332611084,3.0665185854032444,2.74332332611084,5.0611768722534185,0.948051948051948,0.7792207792207793,7.562203407287598,96.97190311993882,464.0,1.501521140965171,2.314058616757393,0.7789070870962804,7.333772659301758,0.0884,,
sample_00624,1,2,909898,0.02776788330078125,18.062206268310547,0.10147307068109512,178.0,53.0,33766,bright,False,15.025,11.956515312194824,2.9407501220703125,2.9407501220703125,"[2.872268486022949, 3.0163527488708497]",0.14408426284790066,True,56.73432540893555,4.7450552211538115,57,57,0.0,0.0,64,24.5,-26.5,24.5,4.0,15.025,2.9673118591308594,3.1309275878103158,3.0693092346191406,6.148641967773437,0.9298245614035088,0.7543859649122807,-9.702350616455078,123.45223332036673,548.0,0.37381605863190287,2.2723355758935213,0.7673957494268542,8.154224395751953,0.06355,,
sample_00625,1,2,1386009,0.042297637939453125,18.2628231048584,0.10376603901386261,176.0,52.0,33050,bright,False,16.0,11.971515655517578,2.458669662475586,2.458669662475586,"[2.3974841117858885, 2.5192580223083496]",0.12177391052246112,True,49.48858642578125,4.133861396486781,65,65,0.0,0.0,64,36.5,-29.5,29.5,3.0,16.0,2.2460975646972656,2.480327855623685,2.2460975646972656,4.039996337890625,0.9230769230769231,0.5692307692307692,6.837827682495117,98.7355912700112,487.0,1.2919400245739536,2.2090104296803474,0.7655017594952069,7.701505184173584,0.0673,,
sample_00627,1,2,1592480,0.0485986328125,18.6724796295166,0.1066998839378357,175.0,57.0,36179,bright,False,12.275,12.155344009399414,2.504535675048828,2.504535675048828,"[2.4235357522964476, 2.5839796543121336]",0.16044390201568604,True,27.60340118408203,2.270886053306022,59,59,0.0,0.0,64,22.0,-19.5,19.5,3.5,12.275,2.341686248779297,1.973013764720852,2.618086814880371,4.3566276550293,0.9491525423728814,0.6779661016949152,8.249759674072266,92.6524357670402,542.0,-0.6176076512025931,2.3665468022227287,0.7806098514464426,7.024397850036621,0.1221,,
sample_00628,1,2,1309111,0.03995089721679688,18.5313777923584,0.10238330066204071,181.0,60.0,36477,bright,False,10.925,12.446084976196289,2.507465362548828,2.507465362548828,"[2.4270039081573485, 2.598228430747986]",0.17122452259063747,True,40.47184753417969,3.2517733577734655,50,50,0.0,0.0,64,17.0,-16.5,16.5,3.5,10.925,2.49501895904541,2.6849443435668947,2.49501895904541,5.17765350341797,0.84,0.64,6.41379451751709,103.61534947637386,750.5,1.1405281876867273,2.2347409687936306,0.7533454796758183,7.569705009460449,0.082625,,
sample_00629,1,2,1617092,0.0493497314453125,18.38091278076172,0.10812301933765411,170.0,63.0,36239,bright,False,8.25,13.001077651977539,0.2748689651489258,0.2748689651489258,"[0.194801926612854, 0.3571098566055298]",0.1623079299926758,True,27.62369155883789,2.124723218973788,58,60,0.03333333333333333,0.0,64,15.0,-20.5,15.0,1.5,8.25,0.2660398483276367,0.44045804286825246,1.0151138305664062,2.6949841022491454,0.5,0.25862068965517243,4.35955810546875,66.32163609736276,599.0,0.11205315938290447,2.0717553421854973,0.7348877110205583,6.446032524108887,0.1155,,
sample_00630,1,2,2105848,0.064265380859375,17.99846076965332,0.10587330162525177,170.0,59.0,37548,bright,False,15.1,12.734306335449219,1.8516712188720703,1.8516712188720703,"[1.7731425285339355, 1.9196009635925293]",0.1464584350585938,True,44.11935043334961,3.4646057092667895,90,90,0.0,0.0,64,29.0,-28.0,28.0,2.5,15.1,1.6765365600585938,1.960734134250217,1.8089466094970703,3.675175285339356,0.8222222222222222,0.4666666666666667,6.641307830810547,76.34934467514722,358.0,1.0538196686567056,2.0488762967288494,0.7331574371121039,6.818401336669922,0.093125,,
sample_00631,1,2,2345847,0.07158956909179688,18.168508529663086,0.10750596970319748,169.0,59.0,36871,bright,False,10.6,12.859978675842285,1.5933399200439453,1.5933399200439453,"[1.5345055103302, 1.6589879274368287]",0.12448241710662855,True,47.46449279785156,3.690868701595479,89,89,0.0,0.0,64,21.0,-18.0,18.0,2.5,10.6,1.6599607467651367,1.7926000959417794,1.6599607467651367,3.4877532958984374,0.7528089887640449,0.3595505617977528,6.228675842285156,77.19125977951835,353.0,0.9761023425663213,1.9266658872365952,0.7158848774046397,6.890399932861328,0.0955,,
sample_00632,1,2,1839052,0.0561234130859375,19.181434631347656,0.11087534576654434,173.0,74.0,36792,bright,False,9.525,13.36983871459961,2.7993717193603516,2.7993717193603516,"[2.739622187614441, 2.8540289402008057]",0.11440675258636457,True,34.05219268798828,2.5469411722075552,50,50,0.0,0.0,64,20.5,-14.5,14.5,3.0,9.525,2.7175216674804688,2.9866632270812987,2.7175216674804688,4.68800983428955,1.0,0.92,5.435762405395508,74.30265804053147,774.5,1.015602428288906,2.3588340878486633,0.771351265319115,5.832503318786621,0.166225,,
sample_00633,1,2,1750609,0.05342434692382812,18.833404541015625,0.10886360704898834,173.0,57.0,33781,bright,False,13.35,13.215751647949219,2.421499252319336,2.421499252319336,"[2.3153008699417112, 2.520772385597229]",0.20547151565551758,True,42.545223236083984,3.2192813825073676,79,79,0.0,0.0,64,38.0,-23.0,23.0,3.0,13.35,2.0474395751953125,2.676170795778685,2.051241874694824,5.594945526123048,0.8354430379746836,0.5443037974683544,7.757013320922852,79.61132978545216,378.0,1.093137242078815,2.1183607652783394,0.7403236286006002,6.755609512329102,0.0918,,
sample_00634,1,2,2726956,0.0832200927734375,19.475555419921875,0.11192847788333893,174.0,65.0,37205,bright,False,9.525,13.618291854858398,2.6348915100097656,2.6348915100097656,"[2.5214343309402465, 2.728768467903137]",0.2073341369628907,True,31.801692962646484,2.3352189321233454,89,89,0.0,0.0,64,14.5,-28.5,14.5,3.0,9.525,2.7607479095458984,2.8466783695006637,2.7607479095458984,5.070788002014161,0.8876404494382022,0.6292134831460674,7.470691680908203,56.77283331238384,389.0,-1.0079252540050614,2.315339956432581,0.7689537528430629,6.252620220184326,0.1322,,
sample_00635,1,2,1164055,0.03552413940429688,17.685344696044922,0.10342306643724442,171.0,53.0,34757,bright,False,9.55,12.678988456726074,0.4067354202270508,0.4067354202270508,"[0.3393728017807007, 0.46611175537109384]",0.12673895359039317,True,39.960548400878906,3.151714234717222,47,48,0.020833333333333332,0.0,64,19.5,-19.0,19.0,1.0,9.55,0.6082944869995117,1.0361001745183418,0.9995326995849609,4.17452278137207,0.48936170212765956,0.3404255319148936,5.706530570983887,101.23016399221083,728.0,0.07993908523408706,2.1106662526726723,0.7415854937809081,7.6754679679870605,0.064275,,
sample_00636,1,2,1932396,0.0589720458984375,18.157838821411133,0.10495860874652863,173.0,57.0,36954,bright,False,11.950000000000001,12.852314949035645,1.8122215270996094,1.8122215270996094,"[1.7243330478668213, 1.887057638168335]",0.16272459030151376,True,51.564842224121094,4.0121054011355515,84,84,0.0,0.0,64,31.0,-21.0,21.0,2.5,11.950000000000001,1.8328800201416016,2.139442829858689,1.8328800201416016,4.0455827713012695,0.7738095238095238,0.4166666666666667,9.530291557312012,93.76349113868699,447.0,1.0988352533818901,1.9787202095612884,0.7199746774388038,7.408421993255615,0.076575,,
sample_00637,1,2,2009798,0.06133416748046875,16.95107650756836,0.09971221536397934,170.0,50.0,36852,bright,False,11.450000000000001,12.364680290222168,1.418990135192871,1.418990135192871,"[1.3534787178039551, 1.4978543281555177]",0.14437561035156254,True,45.75018310546875,3.7000700407634004,96,96,0.0,0.0,64,,-21.0,21.0,2.0,11.450000000000001,1.3445954322814941,1.588440015912056,1.383894443511963,3.5708627700805664,0.65625,0.3125,-7.355437755584717,82.9651944054255,365.5,0.8719807695053577,1.948621015995741,0.7156771938211479,7.579133033752441,0.06935,,
sample_00638,1,2,2820075,0.08606185913085937,20.198984146118164,0.11284348368644714,179.0,71.0,36748,bright,False,10.925,13.966320991516113,2.609619140625,2.609619140625,"[2.5483325719833374, 2.68082435131073]",0.13249177932739276,True,39.44978332519531,2.824636734982621,87,87,0.0,0.0,64,18.5,-16.5,16.5,3.5,10.925,2.603818893432617,2.833154470071025,2.603818893432617,4.716443061828614,0.9655172413793104,0.6896551724137931,8.031340599060059,63.19526869323605,397.0,-1.1418897928719822,2.3294955641031265,0.7715218148981338,6.104875087738037,0.1443,,
sample_00639,1,2,1608731,0.049094573974609375,17.483135223388672,0.10345050692558289,169.0,56.0,35870,bright,False,9.925,12.390419006347656,2.0460872650146484,2.0460872650146484,"[1.980493140220642, 2.1120065450668335]",0.13151340484619145,True,40.935279846191406,3.30378495071233,83,83,0.0,0.0,64,16.5,-21.0,16.5,2.5,9.925,1.8776893615722656,2.089719622968191,2.1062917709350586,4.6740026473999015,0.7831325301204819,0.5180722891566265,9.131148338317871,85.92039884940503,347.0,1.0147066480553342,2.138364341109991,0.7487218502738893,7.524846076965332,0.079775,,
sample_00640,1,2,927039,0.028290985107421875,17.35107421875,0.1014682725071907,171.0,57.0,38908,bright,False,7.7,12.430913925170898,0.5028438568115234,0.5028438568115234,"[0.4269649267196655, 0.5844215154647827]",0.1574565887451172,True,27.81047821044922,2.2372030228716175,45,46,0.021739130434782608,0.0,64,16.0,-29.5,16.0,0.5,7.7,0.3097715377807617,0.21264797846476238,1.489039421081543,2.95033712387085,0.6222222222222222,0.3111111111111111,3.972287178039551,82.35799440177001,829.0,-0.2654591572194516,2.12829502671957,0.7472373588237085,7.0085062980651855,0.1068,,
sample_00641,1,2,2542108,0.0775789794921875,18.33959197998047,0.10361351072788239,177.0,51.0,34713,bright,False,12.0,13.021732330322266,2.4700613021850586,2.4700613021850586,"[2.401471400260925, 2.5430260419845583]",0.14155464172363308,True,43.45143127441406,3.336839536567153,94,94,0.0,0.0,64,24.0,-20.0,20.0,3.0,12.0,2.3854823112487793,2.7809550609994442,2.3854823112487793,5.45339469909668,0.8723404255319149,0.6595744680851063,8.040399551391602,70.39341157243373,322.5,1.35368505592242,2.2515964838676155,0.7654271294547481,7.208274841308594,0.08195,,
sample_00642,1,2,1540323,0.04700692749023438,17.456676483154297,0.10208582878112793,171.0,52.0,36051,bright,False,14.75,12.585270881652832,2.7757701873779297,2.7757701873779297,"[2.6681491851806642, 2.8780466079711915]",0.20989742279052725,True,35.216732025146484,2.7982498236479314,73,73,0.0,0.0,64,25.0,-29.5,25.0,3.5,14.75,2.3267898559570312,2.1057794910587675,2.369539260864258,5.5630638122558596,0.821917808219178,0.6164383561643836,11.677263259887695,90.68175592722213,468.0,0.6673700375779056,2.4549998193979263,0.7872513449268109,7.109231948852539,0.1127,,
sample_00643,1,2,884613,0.026996246337890627,18.41852378845215,0.10524870455265045,175.0,55.0,36282,bright,False,11.775,12.906097412109375,2.3881874084472656,2.3881874084472656,"[2.326307678222656, 2.450059723854065]",0.12375204563140896,True,42.537132263183594,3.2958942509818945,58,58,0.0,0.0,64,35.5,-19.5,19.5,3.0,11.775,2.7330880165100098,2.7359015366126753,2.7330880165100098,4.4393718719482465,0.8620689655172413,0.6206896551724138,8.516206741333008,97.75738918472719,560.0,1.2787544837444969,2.238664702977985,0.7656908955594145,7.10200309753418,0.10745,,
sample_00644,1,2,1127343,0.03440377807617188,18.43686866760254,0.10475493222475052,176.0,52.0,33180,bright,False,15.25,12.73799991607666,3.3627147674560547,3.3627147674560547,"[3.275532913208008, 3.4464183330535887]",0.1708854198455807,True,45.910884857177734,3.604245969513118,54,54,0.0,0.0,64,25.0,-25.5,25.0,4.0,15.25,3.4264297485351562,3.250451370521828,3.4264297485351562,4.8112537384033205,0.9074074074074074,0.8518518518518519,8.047216415405273,101.12203601501487,534.0,-1.536548461260775,2.386955536901951,0.7861951295176051,7.212241172790527,0.078675,,
sample_00645,1,2,1815899,0.05541683959960937,17.623876571655273,0.10306360572576523,171.0,52.0,38250,bright,False,16.0,12.553329467773438,2.8327465057373047,2.8327465057373047,"[2.7741074085235597, 2.9018546104431153]",0.12774720191955558,True,53.25798416137695,4.242538547092178,94,94,0.0,0.0,64,34.0,-28.5,28.5,3.5,16.0,2.8377227783203125,2.9056052958711667,2.8377227783203125,4.75966739654541,0.9148936170212766,0.7659574468085106,7.05671501159668,96.70390180240253,384.5,1.6212930762697042,2.362318642437458,0.7815044058907827,7.534729957580566,0.068475,,
sample_00646,1,2,636309,0.019418609619140624,16.363460540771484,0.09798479080200195,167.0,49.0,38666,bright,False,7.7,12.029558181762695,0.05753326416015625,0.05753326416015625,"[-0.03973722457885742, 0.16567667722702026]",0.20541390180587768,True,25.26978302001953,2.100640990982492,39,47,0.1702127659574468,0.0,64,29.5,-16.0,16.0,0.5,7.7,-0.04025411605834961,0.2806081038254958,1.5893783569335938,3.3205257415771485,0.6666666666666666,0.41025641025641024,6.221559524536133,107.09513698795196,769.0,-0.03724902571388007,2.2914135083556175,0.7642921889163254,7.167553901672363,0.148325,,
sample_00647,1,2,1672335,0.051035614013671876,19.865705490112305,0.11098159849643707,179.0,59.0,35244,bright,False,11.0,13.779354095458984,1.6703805923461914,1.6703805923461914,"[1.6031431198120116, 1.7247967004776001]",0.12165358066558851,True,42.996070861816406,3.1203255656218207,74,74,0.0,0.0,64,20.0,-20.5,20.0,2.0,11.0,1.8101511001586914,1.9353435619457349,1.8101511001586914,3.587267684936524,0.7837837837837838,0.43243243243243246,8.650976181030273,74.34668832838712,418.5,0.4055100546203827,2.0391151532530785,0.7375937378626274,6.767683982849121,0.107875,,
sample_00648,1,2,1686338,0.05146295166015625,18.55335807800293,0.10662849247455597,174.0,54.0,35145,bright,False,12.05,12.967686653137207,2.3038787841796875,2.3038787841796875,"[2.2269946813583372, 2.3913320541381835]",0.16433737277984628,True,37.94572067260742,2.9261750139086993,82,83,0.012048192771084338,0.0,64,23.0,-19.0,19.0,3.5,12.05,2.204878330230713,2.3076939931729945,2.2448267936706543,4.917960357666017,0.7682926829268293,0.5609756097560976,8.481873512268066,72.18900804527874,390.5,-1.0670000406303346,2.196977447718382,0.754606024586318,7.180840492248535,0.095175,,
sample_00649,1,2,2687190,0.08200653076171875,17.290945053100586,0.10353859513998032,167.0,55.0,35813,bright,False,13.85,12.300268173217773,3.115659713745117,3.115659713745117,"[3.034372663497925, 3.1917835235595704]",0.1574108600616455,True,39.08104705810547,3.177251626366923,93,93,0.0,0.0,64,26.5,-23.0,23.0,3.5,13.85,3.198873519897461,3.501520423478978,3.198873519897461,6.16634521484375,0.946236559139785,0.8494623655913979,7.211772918701172,66.84276368929731,321.0,1.3564130591699926,2.427373006939888,0.7871847739888977,6.746335029602051,0.100925,,
sample_00650,1,2,2057282,0.06278326416015625,18.204818725585938,0.1058419719338417,172.0,53.0,36520,bright,False,12.950000000000001,12.824010848999023,2.789447784423828,2.789447784423828,"[2.7416399240493776, 2.8394771814346313]",0.09783725738525373,True,53.288780212402344,4.155391073812277,92,92,0.0,0.0,64,27.0,-21.0,21.0,3.5,12.950000000000001,2.827159881591797,3.0539105145827583,2.827159881591797,4.943091773986818,0.8913043478260869,0.7717391304347826,8.717423439025879,91.09263736143755,394.0,1.635247545977727,2.3490294739603996,0.7819481954333415,7.392876625061035,0.07595,,
sample_00651,1,2,2272926,0.06936419677734375,19.166431427001953,0.10767658054828644,178.0,58.0,35896,bright,False,12.9,13.441415786743164,2.3867435455322266,2.3867435455322266,"[2.3391502141952514, 2.4508159875869753]",0.1116657733917239,True,47.81489562988281,3.5572811963038227,96,96,0.0,0.0,64,22.0,-24.0,22.0,3.0,12.9,2.420836925506592,2.430681566397349,2.420836925506592,3.904722213745117,0.875,0.6145833333333334,8.000789642333984,74.54132404384484,338.5,-1.240920137058772,2.2012965194880962,0.7581089675641297,7.152065753936768,0.087175,,
sample_00652,1,2,1999338,0.06101495361328125,19.083784103393555,0.10843059420585632,176.0,60.0,37795,bright,False,13.625,13.342684745788574,2.7294273376464844,2.7294273376464844,"[2.6446320056915282, 2.830935478210449]",0.186303472518921,True,40.53972625732422,3.038348505544958,83,84,0.011904761904761904,0.0,64,22.5,-26.5,22.5,3.5,13.625,2.7179489135742188,2.6824333351778695,2.726543426513672,4.95320816040039,0.891566265060241,0.7469879518072289,11.354207992553711,77.02854835579149,431.0,1.2990668877090046,2.30716023594141,0.7736738580661275,6.4284563064575195,0.11085,,
sample_00653,1,2,2246659,0.06856259155273438,18.941917419433594,0.10701648145914078,177.0,56.0,36502,bright,False,12.325000000000001,13.297523498535156,2.7727575302124023,2.7727575302124023,"[2.691166615486145, 2.8640252590179442]",0.17285864353179914,True,43.05741500854492,3.2380025508725807,94,94,0.0,0.0,64,18.5,-28.5,18.5,4.0,12.325000000000001,2.7186384201049805,2.8289536263080355,2.735133171081543,5.151084327697754,0.925531914893617,0.723404255319149,7.730267524719238,75.15819637975085,375.5,-0.10795074902580731,2.2770631071180105,0.7655800130026934,6.781399250030518,0.099075,,
sample_00654,1,2,807694,0.02464886474609375,17.502758026123047,0.10418308526277542,168.0,60.0,33261,bright,False,9.5,12.664385795593262,-0.3724031448364258,-0.3724031448364258,"[-0.4384200096130371, -0.31366381645202634]",0.12475619316101078,True,35.86033630371094,2.8315890626286047,31,31,0.0,0.0,64,21.5,-20.0,20.0,0.5,9.5,-0.477752685546875,-0.43373223273984846,1.0912342071533203,2.1936569213867188,0.5483870967741935,0.16129032258064516,4.731379508972168,104.34376205597846,1205.0,0.06569693026090909,1.9370442181825638,0.7168558641334953,6.913484573364258,0.10335,,
sample_00655,1,2,1262748,0.0385360107421875,19.28835678100586,0.10959293693304062,176.0,66.0,36690,bright,False,11.15,13.642210006713867,2.519123077392578,2.519123077392578,"[2.406029391288757, 2.6085517168045045]",0.20252232551574734,True,41.2982292175293,3.0272389295579543,50,50,0.0,0.0,64,21.0,-17.0,17.0,3.5,11.15,2.5970702171325684,2.984185466766357,2.69370698928833,6.796611785888672,0.92,0.7,10.358449935913086,90.11124725891392,691.0,1.2380661917944114,2.2156039141118526,0.7593042709681492,6.483565330505371,0.116125,,
sample_00656,1,2,1597715,0.04875839233398437,18.695512771606445,0.10622450709342957,176.0,61.0,37960,bright,False,9.25,13.251517295837402,1.8597440719604492,1.8597440719604492,"[1.79885733127594, 1.9281280994415284]",0.12927076816558847,True,38.80482864379883,2.92833098108609,57,57,0.0,0.0,64,15.0,-17.0,15.0,2.5,9.25,1.687912940979004,1.9861054002192982,1.687912940979004,4.159808731079101,0.6666666666666666,0.45614035087719296,6.477968215942383,81.45893972458337,641.0,1.0090728052249283,2.0791701078414917,0.7360448289664091,6.581284046173096,0.118925,,
sample_00657,1,2,1728877,0.052761138916015624,18.419103622436523,0.10585691779851913,174.0,60.0,36470,bright,False,9.275,13.30591106414795,0.04819297790527344,0.04819297790527344,"[-0.0118201732635498, 0.13512058258056645]",0.14694075584411626,True,34.631107330322266,2.602685916309323,62,63,0.015873015873015872,0.0,64,23.0,-19.5,19.5,0.5,9.275,-0.04125404357910156,0.2233432492902202,1.3459644317626953,3.6025924205780018,0.6451612903225806,0.3064516129032258,5.7649078369140625,81.21045582608102,604.5,-0.009975493530621575,2.1234649792313576,0.7416935265234811,6.722817420959473,0.1105,,
sample_00658,1,2,2699628,0.0823861083984375,18.871416091918945,0.10783666372299194,175.0,60.0,37209,bright,False,12.4,13.665915489196777,1.5041875839233398,1.5041875839233398,"[1.4464272499084472, 1.5649505376815795]",0.11852328777313237,True,47.29463195800781,3.4607730448351823,95,95,0.0,0.0,64,27.5,-22.0,22.0,2.5,12.4,1.5427589416503906,1.9581898337916324,1.5427589416503906,3.9798107147216806,0.7894736842105263,0.3263157894736842,7.693483352661133,73.65556817696186,353.0,-0.9789473772300574,1.8650273606181145,0.7074254031657078,6.629072666168213,0.09325,,
sample_00659,1,2,2457368,0.074992919921875,19.302047729492188,0.11029741913080215,175.0,60.0,35783,bright,False,13.3,14.109748840332031,1.8676834106445312,1.8676834106445312,"[1.797659945487976, 1.9515947341918947]",0.15393478870391863,True,45.810447692871094,3.2467231140163286,84,84,0.0,0.0,64,31.0,-24.0,24.0,2.5,13.3,2.0509748458862305,2.678193217232114,2.0509748458862305,5.043271064758302,0.8571428571428571,0.5238095238095238,11.217812538146973,74.74599344663953,371.5,1.0207711174675351,2.0492086224257946,0.7303336394245485,6.381137847900391,0.111625,,
sample_00660,1,2,3710385,0.11323196411132813,20.214183807373047,0.11356282979249954,178.0,63.0,36155,bright,False,10.15,14.584609985351562,2.240584373474121,2.240584373474121,"[2.1569534063339235, 2.343213701248169]",0.18626029491424534,True,44.08546829223633,3.022738923873503,114,114,0.0,0.0,64,36.0,-17.0,17.0,2.5,10.15,2.3576602935791016,2.6380459467569985,2.3576602935791016,4.84240951538086,0.9035087719298246,0.5701754385964912,7.72186279296875,58.915707864542924,294.0,1.1228047735276858,2.1445226594805717,0.7416302088181451,6.3459391593933105,0.120025,,
sample_00661,1,2,2526374,0.07709881591796874,18.37295150756836,0.10620202869176865,173.0,56.0,36001,bright,False,10.65,13.034751892089844,2.140897750854492,2.140897750854492,"[2.079598641395569, 2.212909197807312]",0.13331055641174316,True,43.55479431152344,3.3414363903585094,83,83,0.0,0.0,64,17.0,-20.5,17.0,3.0,10.65,2.2291908264160156,2.470383437283068,2.2291908264160156,4.658433723449707,0.8795180722891566,0.5903614457831325,7.095052719116211,75.68846852947873,371.0,1.075503836496987,2.1670535318553448,0.7458656251907,7.241494178771973,0.09045,,
sample_00662,1,2,698446,0.02131488037109375,17.458324432373047,0.1033036932349205,169.0,53.0,35173,bright,False,11.05,13.090100288391113,1.8770227432250977,1.8770227432250977,"[1.8043996810913085, 1.9653666257858275]",0.160966944694519,True,52.13393783569336,3.982699649897111,45,45,0.0,0.0,64,29.0,-19.0,19.0,2.5,11.05,1.7464017868041992,1.9311397340562608,1.7464017868041992,3.6010179519653334,0.7555555555555555,0.4222222222222222,7.1539812088012695,119.1961376697841,743.0,0.631691946427812,1.9955027983523905,0.7277568828042726,7.496458530426025,0.0563,,
sample_00663,1,2,2993362,0.09135015869140625,19.401607513427734,0.10961360484361649,177.0,55.0,36017,bright,False,10.6,13.902578353881836,2.0216569900512695,2.0216569900512695,"[1.9374244689941407, 2.1099922895431518]",0.1725678205490111,True,39.523475646972656,2.8428881780721653,92,92,0.0,0.0,64,18.0,-18.0,18.0,2.5,10.6,1.6941161155700684,2.1768953281900156,1.7704124450683594,4.254132843017579,0.782608695652174,0.45652173913043476,7.163928985595703,62.06691958589232,336.0,0.9529349616596524,2.1080636084079742,0.7424438752448396,6.794703483581543,0.097175,,
sample_00664,1,2,1953697,0.05962210083007812,20.506263732910156,0.11456013470888138,179.0,66.0,35560,bright,False,10.65,14.65524673461914,2.210969924926758,2.210969924926758,"[2.1193477392196653, 2.326919507980347]",0.2075717687606815,True,32.66493606567383,2.228890216396805,69,69,0.0,0.0,64,17.5,-17.0,17.0,3.0,10.65,2.390981674194336,2.566204195437224,2.390981674194336,5.193658065795899,0.8260869565217391,0.6231884057971014,7.760587692260742,57.34745966440149,433.0,0.8535039964244008,2.230733689852059,0.7538295986833776,5.979947090148926,0.163975,,
sample_00665,1,2,1738026,0.05304034423828125,20.39350128173828,0.1132972314953804,180.0,65.0,35962,bright,False,10.65,14.703278541564941,2.5992431640625,2.5992431640625,"[2.5066901206970216, 2.698131966590881]",0.1914418458938596,True,36.46513366699219,2.4800682081828413,71,71,0.0,0.0,64,24.5,-17.0,17.0,3.0,10.65,2.529529571533203,2.6944271611495756,2.5461835861206055,4.801632881164551,0.8873239436619719,0.6338028169014085,9.564245223999023,63.046265056654384,446.0,1.0570197505402998,2.312363788485527,0.7638468499391519,6.059211730957031,0.159275,,
sample_00666,1,2,1283155,0.039158782958984374,19.316146850585938,0.10975083708763123,176.0,60.0,36666,bright,False,13.85,14.037548065185547,2.7438888549804688,2.7438888549804688,"[2.6528359413146974, 2.838430404663086]",0.18559446334838858,True,43.23274230957031,3.0797930029384277,69,69,0.0,0.0,64,,-23.0,23.0,3.5,13.85,2.637105941772461,2.815103586169257,2.637105941772461,5.075602340698243,0.927536231884058,0.6956521739130435,7.065174102783203,76.59158878094358,509.0,1.2601506174316341,2.199481997638941,0.7558704328187359,6.2867751121521,0.1141,,
sample_00667,1,2,1753281,0.05350588989257812,18.451366424560547,0.10543637722730637,175.0,55.0,36098,bright,False,12.4,13.318735122680664,1.6737241744995117,1.6737241744995117,"[1.5909598112106322, 1.7512828826904296]",0.1603230714797974,True,47.82631301879883,3.590905035520582,82,82,0.0,0.0,64,40.0,-22.0,22.0,2.5,12.4,1.3112969398498535,1.590362705835482,1.4021339416503906,3.714651584625245,0.6585365853658537,0.36585365853658536,-7.542271137237549,83.25507130814306,418.0,1.0711544115243519,1.9600092247128487,0.7166124750171524,7.1896748542785645,0.079725,,
sample_00668,1,2,1159543,0.03538644409179687,19.95499610900879,0.11024859547615051,181.0,59.0,35879,bright,False,11.325000000000001,14.109355926513672,2.4741601943969727,2.4741601943969727,"[2.405827856063843, 2.5579316139221193]",0.15210375785827646,True,44.40936279296875,3.147511695379139,67,67,0.0,0.0,64,,-18.5,18.5,3.0,11.325000000000001,2.4608421325683594,2.7254466014121896,2.4608421325683594,5.0255125045776365,0.8507462686567164,0.6417910447761194,7.696911811828613,89.31147094005743,499.0,-1.2743200247758861,2.2181219588965178,0.7553424657534247,7.049226760864258,0.088125,,
sample_00669,1,2,827358,0.02524896240234375,19.915882110595703,0.10882996022701263,183.0,58.0,35366,bright,False,14.25,14.397459983825684,2.305826187133789,2.305826187133789,"[2.239211320877075, 2.366191339492798]",0.12698001861572283,True,48.95817184448242,3.4004728542036404,42,42,0.0,0.0,64,29.5,-25.0,25.0,3.0,14.25,2.4553346633911133,2.173119681222098,2.5340003967285156,4.368425750732421,0.8571428571428571,0.6190476190476191,-12.723453521728516,111.18122225564545,862.5,-1.366274877267489,2.169828712940216,0.7575867598559801,6.644104957580566,0.117475,,
sample_00670,1,2,2171428,0.0662667236328125,18.019556045532227,0.1035606637597084,174.0,54.0,33909,bright,False,15.200000000000001,13.353543281555176,2.43912410736084,2.43912410736084,"[2.3608097076416015, 2.5046630859375]",0.14385337829589862,True,45.45949172973633,3.404301822462962,83,83,0.0,0.0,64,26.0,-29.0,26.0,3.5,15.200000000000001,2.5072011947631836,2.4023215052593185,2.5072011947631836,4.414541816711425,0.8795180722891566,0.6746987951807228,6.990504264831543,75.96262083131859,345.0,1.2035643312169368,2.229455081745982,0.7624543417538906,7.035342216491699,0.08875,,
sample_00671,1,2,2323619,0.07091122436523438,18.963855743408203,0.10653851181268692,178.0,51.0,37967,bright,False,12.575000000000001,13.979719161987305,1.346602439880371,1.346602439880371,"[1.3009777545928956, 1.3949953317642212]",0.09401757717132564,True,50.657833099365234,3.6236660059030763,86,86,0.0,0.0,64,23.5,-23.5,23.5,2.0,12.575000000000001,1.369518756866455,1.536356482394906,1.369518756866455,2.7803268432617188,0.686046511627907,0.2558139534883721,7.3231916427612305,78.54695192598547,415.5,0.9498373647135049,1.8606283478438854,0.7078170237405906,7.268464088439941,0.06315,,
sample_00672,1,2,2536550,0.07740936279296876,17.363523483276367,0.09979036450386047,174.0,51.0,34606,bright,False,12.9,12.364173889160156,2.5361080169677734,2.5361080169677734,"[2.4726057291030883, 2.6012799024581907]",0.12867417335510245,True,47.90869903564453,3.874799842280345,96,96,0.0,0.0,64,22.0,-25.0,22.0,3.0,12.9,2.5444107055664062,2.708001355330149,2.5444107055664062,4.50616455078125,0.8958333333333334,0.6979166666666666,6.636857986450195,76.17973317025843,318.0,1.3290798732100064,2.221969563513994,0.7617129531481874,7.6097493171691895,0.067375,,
sample_00673,1,2,898871,0.027431365966796874,17.640378952026367,0.10080216825008392,175.0,57.0,38785,bright,False,10.675,12.42330551147461,1.5045499801635742,1.5045499801635742,"[1.4420661449432373, 1.5723637104034425]",0.1302975654602052,True,39.199249267578125,3.155299467711898,51,51,0.0,0.0,64,21.5,-35.5,21.5,1.0,10.675,1.400303840637207,0.8779329879611146,1.8851861953735352,3.3642711639404297,0.7647058823529411,0.4117647058823529,5.528775215148926,119.69126309389429,785.0,-0.5134358968688085,2.398040622472763,0.7841844639547954,6.954068183898926,0.124125,,
sample_00674,1,2,1350552,0.041215576171875,17.06016731262207,0.09748666733503342,175.0,52.0,35738,bright,False,14.475,11.631470680236816,2.4363174438476562,2.4363174438476562,"[2.351090431213379, 2.52091326713562]",0.16982283592224112,True,45.494476318359375,3.911326225982724,67,68,0.014705882352941176,0.0,64,25.5,-26.0,25.5,3.0,14.475,2.3983535766601562,2.5200077313095774,2.4493770599365234,4.719045639038086,0.9253731343283582,0.6268656716417911,8.73237419128418,105.86567457629566,518.0,1.2750206075230017,2.1649094857275486,0.7490921832197235,7.713663101196289,0.078575,,
sample_00675,1,2,1588375,0.048473358154296875,17.492923736572266,0.09939160943031311,176.0,50.0,34843,bright,False,15.025,12.104013442993164,2.9116992950439453,2.9116992950439453,"[2.831881952285767, 3.0075934886932374]",0.17571153640747061,True,46.33538818359375,3.828101183282858,72,72,0.0,0.0,64,29.0,-24.5,24.5,4.0,15.025,2.63193416595459,3.1707986328336926,2.63193416595459,5.4820415496826165,0.9861111111111112,0.7083333333333334,9.007186889648438,97.79045746164078,388.0,1.423387461397234,2.23974019754678,0.7632781620553359,7.528141975402832,0.087475,,
sample_00676,1,2,1212482,0.03700201416015625,18.0978946685791,0.10282894968986511,176.0,52.0,38471,bright,False,15.25,13.061433792114258,2.7778263092041016,2.7778263092041016,"[2.732313871383667, 2.8305914878845213]",0.09827761650085431,True,54.93142318725586,4.205619693943577,70,70,0.0,0.0,64,32.0,-25.0,25.0,4.0,15.25,2.813396453857422,3.0342002051217216,2.849839210510254,6.884412384033204,0.9571428571428572,0.7285714285714285,-14.046330451965332,109.29371278768828,437.0,1.6549032089793436,2.383263122290373,0.7859945198654876,7.291355609893799,0.0839,,
sample_00678,1,2,640984,0.019561279296875,18.719968795776367,0.1045808345079422,179.0,51.0,30510,bright,False,15.75,13.285745620727539,3.038114547729492,3.038114547729492,"[2.972337341308594, 3.1245616912841796]",0.15222434997558576,True,58.95622253417969,4.437554670789429,41,41,0.0,0.0,64,25.0,-35.5,25.0,-4.5,15.75,2.6560497283935547,2.816933934281512,2.6560497283935547,5.922983169555664,0.8780487804878049,0.7317073170731707,8.317054748535156,140.84633432472873,743.0,-1.6804893310607034,2.276027664542198,0.7724558233546688,7.78562068939209,0.04835,,
sample_00679,1,2,1418283,0.04328256225585937,18.00202751159668,0.1017063707113266,177.0,53.0,36511,bright,False,11.275,12.228995323181152,1.9126672744750977,1.9126672744750977,"[1.840200138092041, 1.9764326333999633]",0.13623249530792236,True,38.180458068847656,3.1221254943546497,65,65,0.0,0.0,64,25.5,-19.5,19.5,2.5,11.275,2.0596351623535156,2.6013928633469803,2.0596351623535156,5.373321533203127,0.8307692307692308,0.5230769230769231,7.981344223022461,80.73379877915944,586.0,-0.8722188409982313,2.0930052921175957,0.7374904711084007,7.184638023376465,0.09785,,
sample_00680,1,2,1391523,0.04246591186523437,17.128442764282227,0.09900833666324615,173.0,50.0,33914,bright,False,12.05,12.071175575256348,2.6086788177490234,2.6086788177490234,"[2.5636899709701537, 2.6600781679153442]",0.09638819694519052,True,49.956512451171875,4.13849605116948,75,75,0.0,0.0,64,35.0,-19.0,19.0,3.5,12.05,2.426115036010742,2.520977439880371,2.4864416122436523,4.088150215148927,0.9733333333333334,0.68,5.653569221496582,99.4395708920324,370.0,0.11942128904493754,2.2611585166305304,0.7705887624339098,7.656837463378906,0.05635,,
sample_00681,1,2,1545180,0.0471551513671875,18.330686569213867,0.10415162891149521,176.0,51.0,34133,bright,False,16.0,13.738029479980469,2.663219451904297,2.663219451904297,"[2.5877320766448975, 2.7363915920257567]",0.1486595153808592,True,56.07840347290039,4.081983049652046,79,79,0.0,0.0,64,29.0,-32.5,29.0,3.5,16.0,2.5675411224365234,3.1540365822707552,2.5675411224365234,6.870409774780273,0.9113924050632911,0.6962025316455697,11.396997451782227,97.060799653445,397.0,-1.5562497387328023,2.2711886782199144,0.7732330643189044,7.219050884246826,0.072825,,
sample_00682,1,2,3123341,0.09531680297851562,19.44076156616211,0.10800422728061676,180.0,55.0,36265,bright,False,9.75,13.887407302856445,2.540066719055176,2.540066719055176,"[2.447457480430603, 2.6316744565963743]",0.18421697616577148,True,37.48678207397461,2.699336258846826,84,84,0.0,0.0,64,15.0,-17.5,15.0,3.0,9.75,2.1598405838012695,2.3521847951979864,2.1598405838012695,4.507340335845948,0.8214285714285714,0.5357142857142857,6.853170394897461,59.95315649270112,358.5,-1.0336527397105115,2.226228689774871,0.7609436918256381,6.556967258453369,0.118875,,
sample_00683,1,2,2404628,0.0733834228515625,19.556230545043945,0.10986646264791489,178.0,57.0,34936,bright,False,12.05,14.077225685119629,2.9392356872558594,2.9392356872558594,"[2.850937557220459, 3.032118892669678]",0.18118133544921866,True,40.7061767578125,2.891633455933088,90,90,0.0,0.0,64,19.5,-19.0,19.0,3.5,12.05,2.7767624855041504,2.6841690169440375,2.789952278137207,5.243502044677737,0.8555555555555555,0.6888888888888889,-8.778185844421387,61.99052306545396,340.5,-1.2150805568960186,2.3569265827536583,0.7713412733054811,6.590153694152832,0.119225,,
sample_00684,1,2,929333,0.028360992431640624,19.16461181640625,0.10827464610338211,177.0,55.0,35334,bright,False,14.75,14.151806831359863,2.817760467529297,2.817760467529297,"[2.72355375289917, 2.915917682647705]",0.1923639297485349,True,46.916038513183594,3.315197774549851,50,51,0.0196078431372549,0.0,64,25.0,-26.0,25.0,3.5,14.75,2.851694107055664,2.8732454109191896,3.0366926193237305,5.248083686828614,0.92,0.6,8.490276336669922,99.56008356682048,628.5,1.4633126754795043,2.203288745135069,0.7580006004202942,6.462198257446289,0.100875,,
sample_00685,1,2,1238852,0.0378067626953125,19.830074310302734,0.11203432083129883,177.0,61.0,38036,bright,False,16.0,14.359977722167969,3.3662643432617188,3.3662643432617188,"[3.2878029346466064, 3.4637839794158936]",0.1759810447692871,True,38.70820999145508,2.6955619806916515,55,55,0.0,0.0,64,35.0,-29.0,29.0,4.0,16.0,3.017801284790039,2.9375172701748933,3.0881385803222656,6.1903846740722654,0.9454545454545454,0.8,9.086580276489258,76.28331555532708,657.0,1.3627249254257137,2.5125302067026496,0.7977389383405886,5.934248447418213,0.15085,,
sample_00686,1,2,2076856,0.063380615234375,19.087297439575195,0.10907027125358582,175.0,56.0,33726,bright,False,12.55,13.934110641479492,,3.2082958221435547,"[3.010973906517029, 3.421151304244995]",0.41017739772796613,False,22.89832305908203,1.6433286377759622,84,85,0.011764705882352941,0.0,64,29.0,-19.0,19.0,4.0,12.55,2.93265438079834,1.870922185125805,3.575230598449707,6.339885139465332,0.9523809523809523,0.8452380952380952,-11.51563549041748,69.38204755268296,355.0,0.5524822053925532,2.4496677592396736,0.7899269979508197,6.519396781921387,0.124125,,
sample_00687,1,2,1019027,0.031098236083984376,15.87259578704834,0.09504548460245132,167.0,48.0,37378,bright,False,16.0,11.962010383605957,0.3736991882324219,0.3736991882324219,"[0.31381959915161134, 0.43250656127929693]",0.11868696212768559,True,36.296112060546875,3.034281938953257,59,59,0.0,0.0,64,36.0,-42.0,36.0,0.5,16.0,0.04974365234375,-0.11458571482512911,1.2189826965332031,3.126451492309571,0.5423728813559322,0.2542372881355932,-7.9938459396362305,97.39683700094955,600.0,-0.11447290951897456,2.0271306578069925,0.7329980121679417,7.858673095703125,0.10415,,
sample_00688,1,2,947221,0.028906890869140625,16.447031021118164,0.09452316910028458,174.0,60.0,38160,bright,False,7.7,11.247357368469238,-0.02573251724243164,-0.02573251724243164,"[-0.09563584327697754, 0.039127051830291755]",0.1347628951072693,True,22.55413055419922,2.0052826468755502,41,43,0.046511627906976744,0.0,64,18.0,-16.0,16.0,0.5,7.7,0.25543880462646484,0.39777133522964103,1.1518926620483398,2.9665756225585938,0.6097560975609756,0.2926829268292683,5.768280029296875,84.37080234810107,791.0,-0.07438393011158446,2.09487497061491,0.7419912884989651,7.2939252853393555,0.113075,,
sample_00689,1,2,713000,0.021759033203125,18.89618682861328,0.10497881472110748,180.0,67.0,36884,bright,False,6.8500000000000005,13.099594116210938,-0.08035898208618164,-0.08035898208618164,"[-0.14435503482818604, -0.02259593009948729]",0.12175910472869875,True,26.65283203125,2.034630370590394,34,35,0.02857142857142857,0.0,64,16.5,-13.0,13.0,-1.0,6.8500000000000005,-0.13259577751159668,-0.316598001648398,1.2243881225585938,3.153309845924377,0.6470588235294118,0.14705882352941177,-5.399374485015869,76.41961905278933,1120.5,0.06760639338762649,2.0259792041033506,0.7321357529760995,6.630687236785889,0.12955,,
sample_00690,1,2,905021,0.027619049072265624,17.70490264892578,0.10293547809123993,172.0,53.0,38434,bright,False,12.425,12.940505027770996,0.027729034423828125,0.027729034423828125,"[-0.04007201194763184, 0.09267156124114992]",0.13274357318878177,True,36.31056594848633,2.80596204480134,52,52,0.0,0.0,64,33.0,-26.5,26.5,0.5,12.425,0.07979249954223633,0.41737807714022124,1.5612602233886719,4.237627601623535,0.6538461538461539,0.36538461538461536,7.367131233215332,103.44130983187026,706.5,0.0070615755436898055,2.1434352919459343,0.7485202656010576,7.084372520446777,0.0909,,
sample_00692,1,2,1457469,0.04447842407226563,17.167598724365234,0.10098587721586227,170.0,61.0,36800,bright,False,16.0,12.430359840393066,3.023426055908203,3.023426055908203,"[2.9004022121429442, 3.1397094249725344]",0.2393072128295901,True,38.07853317260742,3.0633492241205564,65,65,0.0,0.0,64,30.5,-29.5,29.5,3.5,16.0,2.849008560180664,3.287965334378756,2.9339332580566406,6.651298141479493,0.8461538461538461,0.7076923076923077,9.810890197753906,88.05104680286738,581.0,1.2739118640980962,2.341775692999363,0.7722274481819067,6.462767601013184,0.117875,,
sample_00693,1,2,1602221,0.048895904541015625,18.20874786376953,0.10345879197120667,176.0,60.0,38044,bright,False,11.05,12.80091667175293,2.1258106231689453,2.1258106231689453,"[2.0439428806304933, 2.218082857131958]",0.17413997650146484,True,39.866085052490234,3.1143148631269906,59,59,0.0,0.0,64,23.0,-19.0,19.0,2.5,11.05,2.1282453536987305,2.603730912935936,2.1282453536987305,4.94107646942139,0.847457627118644,0.5254237288135594,9.082858085632324,84.9237774879567,645.0,1.0171559966106787,2.070374444127083,0.7436212726713802,6.785159111022949,0.10505,,
sample_00694,1,2,1346365,0.041087799072265625,17.790136337280273,0.104035884141922,171.0,65.0,37453,bright,False,9.05,12.35221004486084,0.5600709915161133,0.5600709915161133,"[0.43006329536437987, 0.6666349649429322]",0.2365716695785523,True,32.883079528808594,2.662121143453973,75,77,0.025974025974025976,0.0,64,19.0,-25.0,19.0,-0.5,9.05,0.8192634582519531,0.01859084447224935,2.0534772872924805,3.9050562858581572,0.8266666666666667,0.52,-7.236092567443848,77.29461013275834,397.0,-0.16337334057824557,2.352138966321945,0.7740929086200979,6.6743574142456055,0.127225,,
sample_00695,1,2,1239130,0.03781524658203125,18.62184715270996,0.10764073580503464,173.0,72.0,37726,bright,False,7.425,13.047978401184082,,1.2012338638305664,"[1.0817345142364503, 1.3184828996658324]",0.23674838542938215,False,21.10350799560547,1.6173776003254543,54,54,0.0,0.0,64,16.5,-20.5,16.5,0.0,7.425,0.48194122314453125,0.15774137885482223,1.5759317874908447,3.648218631744385,0.7222222222222222,0.3333333333333333,-5.9265971183776855,48.041122596498816,671.0,0.027041284690819373,2.4198728650808334,0.7789655062382335,5.394309043884277,0.21355,,
sample_00696,1,2,1521274,0.04642559814453125,18.79009246826172,0.10615871101617813,177.0,58.0,38563,bright,False,12.450000000000001,13.179147720336914,1.8433637619018555,1.8433637619018555,"[1.750414824485779, 1.9408769607543945]",0.19046213626861563,True,42.59302520751953,3.231849745624573,74,74,0.0,0.0,64,28.0,-21.0,21.0,3.0,12.450000000000001,1.7874841690063477,2.0120314520758553,2.0594496726989746,5.158495521545412,0.7027027027027027,0.527027027027027,7.095913887023926,83.65740791198957,562.5,0.9187609487450743,2.0433196015655994,0.7279760266642205,6.639044761657715,0.111275,,
sample_00697,1,2,2588966,0.07900897216796875,18.818828582763672,0.1063210666179657,177.0,57.0,37229,bright,False,11.950000000000001,13.421945571899414,2.084933280944824,2.084933280944824,"[2.0142313480377196, 2.1444223880767823]",0.13019104003906268,True,51.47156524658203,3.8348810886511444,95,95,0.0,0.0,64,31.0,-21.0,21.0,2.5,11.950000000000001,2.062811851501465,2.467291269804302,2.062811851501465,4.948056983947755,0.8210526315789474,0.5052631578947369,7.821551322937012,81.16956775082296,359.0,1.2052099756320127,2.042051173746586,0.7297074703352348,7.165504455566406,0.08845,,
sample_00698,1,2,1791234,0.05466412353515625,19.56352424621582,0.1105283871293068,177.0,61.0,38856,bright,False,11.1,13.900060653686523,2.535106658935547,2.535106658935547,"[2.4790250062942505, 2.631347155570984]",0.1523221492767335,True,45.7331428527832,3.2901398053003477,70,70,0.0,0.0,64,28.0,-18.0,18.0,3.0,11.1,2.52616548538208,2.850669016156878,2.52616548538208,4.784478473663331,0.9285714285714286,0.6142857142857143,8.172941207885742,82.60692268266607,544.0,1.181518480868571,2.2292696442455053,0.7598054596799498,6.572371482849121,0.12815,,
sample_00699,1,2,2038630,0.06221405029296875,20.282243728637695,0.1126791313290596,180.0,65.0,36767,bright,False,11.55,14.22808837890625,2.260103225708008,2.260103225708008,"[2.175732064247131, 2.342970442771912]",0.16723837852478063,True,40.3835563659668,2.838298110787472,72,72,0.0,0.0,64,21.5,-19.0,19.0,3.0,11.55,2.000401496887207,2.2739709284570484,2.4016294479370117,5.3427325725555415,0.8472222222222222,0.5416666666666666,7.631657600402832,69.75013935816949,479.0,1.126102252926811,2.181159995496273,0.7491916428304937,6.274423122406006,0.132325,,
sample_00700,1,2,2116267,0.06458334350585937,18.15843391418457,0.10618967562913895,171.0,58.0,37853,bright,False,10.65,12.589969635009766,2.052313804626465,2.052313804626465,"[1.9720037221908568, 2.131865954399109]",0.15986223220825213,True,39.321998596191406,3.1232798597739353,83,83,0.0,0.0,64,18.0,-17.0,17.0,3.0,10.65,2.000027656555176,2.500187896820436,2.000027656555176,5.116444206237793,0.8433734939759037,0.5060240963855421,8.841331481933594,75.06642736548744,416.0,1.02494584510527,2.1319709718227386,0.7430660140562249,7.056976795196533,0.11855,,
sample_00701,1,2,663305,0.020242462158203123,17.45500946044922,0.10207607597112656,171.0,52.0,36894,bright,False,16.0,12.572342872619629,1.8974170684814453,1.8974170684814453,"[1.841914463043213, 1.970881748199463]",0.12896728515625,True,51.20439529418945,4.072780691155321,53,53,0.0,0.0,64,40.0,-44.0,40.0,2.5,16.0,1.754556655883789,2.0297236532535194,1.856180191040039,4.7788406372070344,0.7735849056603774,0.4716981132075472,6.753559112548828,129.43960505614206,685.0,1.0990006331289883,1.9963565076468512,0.7337133069517453,8.073716163635254,0.06525,,
sample_00702,1,2,1479213,0.045141998291015624,19.00200080871582,0.10735593736171722,177.0,53.0,30597,bright,False,16.0,13.263060569763184,1.6993885040283203,1.6993885040283203,"[1.634834098815918, 1.7551594257354737]",0.12032532691955566,True,56.159507751464844,4.234279671427874,74,74,0.0,0.0,64,40.0,-32.0,32.0,2.5,16.0,1.5933704376220703,1.7596514933818095,1.7073888778686523,4.561370658874512,0.7297297297297297,0.40540540540540543,-12.636366844177246,94.66640493423472,330.0,1.2055411221576515,1.9647889640182257,0.7242819372671554,7.618190288543701,0.052775,,
sample_00703,1,2,3181916,0.0971043701171875,19.240415573120117,0.10870291292667389,177.0,57.0,37217,bright,False,9.475000000000001,13.477575302124023,2.1519861221313477,2.1519861221313477,"[2.0987253189086914, 2.205460000038147]",0.10673468112945539,True,45.783451080322266,3.3970094808601767,97,97,0.0,0.0,64,15.5,-19.5,15.5,2.5,9.475000000000001,2.205423355102539,2.3967658072402798,2.205423355102539,3.963094520568848,0.9072164948453608,0.5876288659793815,7.674192428588867,68.73992489422179,352.0,1.122811980950947,2.1142094619572163,0.749759239195859,7.0954484939575195,0.095475,,
sample_00704,1,2,916974,0.02798382568359375,20.57452392578125,0.11367139965295792,181.0,65.0,34424,bright,False,10.925,14.242433547973633,2.4897947311401367,2.4897947311401367,"[2.4043657541275025, 2.577323794364929]",0.17295804023742667,True,36.64676284790039,2.5730689017758746,47,50,0.06,0.0,64,16.5,-17.5,16.5,3.5,10.925,2.734434127807617,2.8829621254129614,2.734434127807617,5.5357568740844725,0.8723404255319149,0.5957446808510638,8.385722160339355,80.24883417579935,717.0,1.0681438498473501,2.216993508860469,0.7607142857142857,6.392992973327637,0.1317,,
sample_00705,1,2,1588474,0.04847637939453125,20.401268005371094,0.11271418631076813,181.0,66.0,36425,bright,False,11.375,14.333404541015625,3.0275373458862305,3.0275373458862305,"[2.9537079334259033, 3.1024433374404907]",0.1487354040145874,True,47.49530029296875,3.3136091398982703,83,83,0.0,0.0,64,24.0,-17.5,17.5,3.5,11.375,2.6663312911987305,2.8965231654155685,2.6663312911987305,4.641755104064941,0.9397590361445783,0.7349397590361446,7.557872772216797,75.84658688338351,393.0,1.3388952934819762,2.408610515296459,0.7834163455815556,6.5995588302612305,0.131475,,
sample_00706,1,2,2058456,0.062819091796875,19.998369216918945,0.11235038936138153,178.0,71.0,37586,bright,False,6.4,13.920687675476074,1.8692021369934082,1.8692021369934082,"[1.8141247987747193, 1.934782862663269]",0.12065806388854972,True,33.970558166503906,2.440293106090547,76,78,0.02564102564102564,0.0,64,12.0,-16.5,12.0,1.0,6.4,1.8577990531921387,1.8581857806757878,1.8577990531921387,3.3049440383911133,0.8026315789473685,0.4605263157894737,5.180714130401611,60.60885020556526,436.5,-0.8439453177891691,2.1435330025851727,0.7512277470841007,6.641424179077148,0.11805,,
sample_00707,1,2,1756777,0.053612579345703126,18.193885803222656,0.10639699548482895,171.0,63.0,38251,bright,False,8.475000000000001,12.461946487426758,1.2996406555175781,1.2996406555175781,"[1.2339720249176025, 1.3569161891937256]",0.12294416427612309,True,37.969058990478516,3.0468000347126085,63,63,0.0,0.0,64,15.5,-17.0,15.5,1.5,8.475000000000001,1.3831701278686523,1.4953019959586007,1.4179229736328125,3.587683868408204,0.6349206349206349,0.2857142857142857,4.538871765136719,85.0448665803907,568.0,-0.7042151560440358,1.9491514209657907,0.7197316073867348,7.326429843902588,0.094675,,
sample_00708,1,2,2374454,0.07246258544921876,18.281200408935547,0.10506436973810196,174.0,56.0,35653,bright,False,13.3,12.817231178283691,1.7225837707519531,1.7225837707519531,"[1.6386383771896362, 1.7918325901031493]",0.1531942129135131,True,44.78492736816406,3.49411871762471,98,98,0.0,0.0,64,28.0,-24.0,24.0,2.5,13.3,1.5538902282714844,1.9089501925877161,1.5538902282714844,3.8034061431884765,0.7244897959183674,0.40816326530612246,7.018206596374512,70.7126939758972,325.5,0.95772136737302,1.9558093175292015,0.719364870522098,7.3870344161987305,0.083475,,
sample_00709,1,2,1824609,0.05568264770507812,18.932279586791992,0.10756976902484894,176.0,53.0,37657,bright,False,8.075,13.497020721435547,1.4454450607299805,1.4454450607299805,"[1.3797274351119995, 1.4978715419769286]",0.11814410686492915,True,51.72336196899414,3.8322058650209163,90,90,0.0,0.0,64,13.5,-26.5,13.5,2.0,8.075,1.5158729553222656,1.7265000608232286,1.5158729553222656,3.637181282043459,0.6555555555555556,0.36666666666666664,7.498873710632324,87.69818523702973,381.5,1.0279199702279203,1.879018321633339,0.7112121122686893,7.509987831115723,0.075525,,
sample_00710,1,2,1353980,0.0413201904296875,20.018308639526367,0.11059839278459549,181.0,59.0,35721,bright,False,12.725,13.808074951171875,2.678781509399414,2.678781509399414,"[2.6153536558151247, 2.7431426763534548]",0.12778902053833008,True,48.326271057128906,3.4998557893131594,57,57,0.0,0.0,64,23.0,-20.5,20.5,3.5,12.725,2.6323184967041016,2.800615427786844,2.6323184967041016,4.6453002929687495,0.9473684210526315,0.7017543859649122,6.225959777832031,96.81593666802631,612.0,-1.4184761210868475,2.2356909243389964,0.7651938738300718,7.070383071899414,0.097675,,
sample_00711,1,2,1617918,0.04937493896484375,18.20951271057129,0.10465237498283386,174.0,55.0,34689,bright,False,10.05,12.92417049407959,1.182037353515625,1.182037353515625,"[1.1153945207595826, 1.246414852142334]",0.13102033138275138,True,36.393638610839844,2.815936127391026,68,68,0.0,0.0,64,37.0,-19.0,19.0,1.5,10.05,1.4545211791992188,0.9977921177359188,1.9982471466064453,3.915886020660401,0.7941176470588235,0.4852941176470588,-8.584539413452148,92.79713706368489,480.5,0.5979852811825448,2.0277494825422764,0.7357205292823341,7.468759536743164,0.081675,,
sample_00712,1,2,2493985,0.07611038208007813,17.590299606323242,0.10109367221593857,174.0,52.0,34079,bright,False,15.275,12.599180221557617,1.509185791015625,1.509185791015625,"[1.448245143890381, 1.5680417537689209]",0.1197966098785399,True,50.596492767333984,4.015855942814573,89,89,0.0,0.0,64,29.5,-30.0,29.5,2.0,15.275,1.5021858215332031,1.6588543023955955,1.5350532531738281,3.2781204223632816,0.7303370786516854,0.3146067415730337,9.652158737182617,76.81343276825763,338.0,0.9491010938376865,1.9308296218514442,0.718578995113101,7.744562149047852,0.065525,,
sample_00713,1,2,2780374,0.08485028076171874,18.2482967376709,0.10427597910165787,175.0,53.0,34994,bright,False,14.700000000000001,12.409209251403809,2.5764970779418945,2.5764970779418945,"[2.509985017776489, 2.6415438652038574]",0.13155884742736834,True,51.88053512573242,4.180809113188527,92,92,0.0,0.0,64,35.5,-26.0,26.0,3.0,14.700000000000001,2.3106021881103516,2.5248047787210215,2.3106021881103516,3.9818901062011722,0.8695652173913043,0.6521739130434783,9.575348854064941,81.27340270769254,305.0,1.423479589964849,2.2212374303489923,0.7617540687160941,7.856480598449707,0.059425,,
sample_00714,1,2,1650246,0.05036151123046875,17.839962005615234,0.10079074651002884,177.0,50.0,35828,bright,False,13.8,12.904367446899414,2.724362373352051,2.724362373352051,"[2.6646527290344237, 2.7743781089782713]",0.10972537994384757,True,50.496517181396484,3.9131338586866953,77,77,0.0,0.0,64,33.0,-24.0,24.0,3.0,13.8,2.6809377670288086,2.938478965263862,2.6809377670288086,5.237361717224122,0.922077922077922,0.7272727272727273,7.327727317810059,95.37083189310881,417.0,1.4391239871411166,2.3130190297961235,0.7732134025717112,7.162922382354736,0.088125,,
sample_00715,1,2,827954,0.02526715087890625,16.554967880249023,0.09569345414638519,173.0,50.0,37479,bright,False,13.225,10.710756301879883,3.3033390045166016,3.3033390045166016,"[3.2492343902587892, 3.3543989658355713]",0.10516457557678205,True,57.751644134521484,5.391929617928595,54,54,0.0,0.0,64,29.0,-20.5,20.5,4.0,13.225,3.3320388793945312,3.807354785777904,3.3320388793945312,7.240114402770999,1.0,0.9074074074074074,8.316947937011719,160.8079600532746,655.5,1.8743982589203947,2.493258090224117,0.8010330912025827,8.277321815490723,0.069625,,
sample_00716,1,2,2099200,0.0640625,17.628459930419922,0.10131298750638962,174.0,51.0,36828,bright,False,10.7,11.83286190032959,2.8940467834472656,2.8940467834472656,"[2.8378908157348635, 2.9657998085021973]",0.1279089927673338,True,56.47896194458008,4.773060179381196,99,99,0.0,0.0,64,16.0,-35.0,16.0,3.5,10.7,3.008075714111328,3.179959094885624,3.008075714111328,5.143954277038574,0.9797979797979798,0.8383838383838383,8.860800743103027,99.31318176525856,363.0,1.7132678616377692,2.3215894401073456,0.7759721416134648,8.216367721557617,0.0469,,
sample_00718,1,2,1898091,0.05792514038085937,17.85206413269043,0.10319112241268158,173.0,54.0,32626,bright,False,13.625,12.514324188232422,2.6628189086914062,2.6628189086914062,"[2.5815508365631104, 2.738459062576294]",0.15690822601318377,True,38.62142562866211,3.0861774913086353,72,72,0.0,0.0,64,23.0,-22.5,22.5,3.5,13.625,2.401287078857422,2.2064458396699695,2.429393768310547,5.183275985717772,0.8888888888888888,0.625,8.796432495117188,89.00239182803932,417.5,0.9772208318076644,2.296188075095415,0.7660993703634437,7.552646636962891,0.086825,,
sample_00719,1,2,1562266,0.04767657470703125,16.202129364013672,0.09701874107122421,167.0,54.0,38603,bright,False,9.275,11.498893737792969,1.6423521041870117,1.6423521041870117,"[1.5629697799682618, 1.728778338432312]",0.1658085584640503,True,30.275177001953125,2.6328773612759697,72,74,0.02702702702702703,0.0,64,35.0,-19.5,19.5,0.5,9.275,1.4990921020507812,1.5945893327395122,1.8932085037231445,4.059826755523681,0.7222222222222222,0.4722222222222222,6.993440628051758,82.84126397924602,506.0,-0.6941829540091825,2.2791118379682302,0.7659607843137255,7.512701511383057,0.102475,,
sample_00720,1,2,1608347,0.049082855224609374,18.17841148376465,0.10155536979436874,179.0,51.0,32716,bright,False,11.775,13.126770973205566,2.1107702255249023,2.1107702255249023,"[2.0381051301956177, 2.204109859466553]",0.16600472927093524,True,48.544742584228516,3.698148058141511,68,68,0.0,0.0,64,24.0,-19.5,19.5,3.0,11.775,1.996243953704834,2.4150360892800724,1.996243953704834,4.872351264953616,0.8382352941176471,0.5,10.019935607910156,91.74003903175439,463.0,-1.1357157865351668,2.06159670650959,0.7394832372410848,7.751069068908691,0.079825,,
sample_00721,1,2,2233523,0.06816171264648438,17.84935188293457,0.1019962951540947,175.0,51.0,34082,bright,False,13.35,12.53538703918457,2.4209213256835938,2.4209213256835938,"[2.357207417488098, 2.4816781759262083]",0.12447075843811017,True,53.220149993896484,4.245592882575923,88,88,0.0,0.0,64,27.0,-23.0,23.0,3.0,13.35,2.3067855834960938,2.651472124186429,2.3067855834960938,4.21038761138916,0.8636363636363636,0.6136363636363636,12.259525299072266,89.53159254202042,361.0,1.2643406214490198,2.1330534406006336,0.7521760154738878,8.189882278442383,0.0546,,
sample_00722,1,2,1180740,0.0360333251953125,15.766459465026855,0.09440993517637253,167.0,52.0,36185,bright,False,11.825000000000001,10.287650108337402,2.866776466369629,2.866776466369629,"[2.807346296310425, 2.9166304588317873]",0.1092841625213623,True,53.39460372924805,5.19016521430638,56,57,0.017543859649122806,0.0,64,18.5,-22.0,18.5,3.5,11.825000000000001,2.9249982833862305,3.3030825001852855,2.9249982833862305,6.240231513977051,0.9821428571428571,0.7678571428571429,8.913626670837402,145.62085995303676,632.0,1.6626164764863396,2.4170118644833565,0.7868791119703159,8.808672904968262,0.0453,,
sample_00723,1,2,1491379,0.04551327514648437,16.29332160949707,0.09584306925535202,170.0,50.0,36646,bright,False,11.325000000000001,10.81303596496582,2.4634323120117188,2.4634323120117188,"[2.420297622680664, 2.515078043937683]",0.09478042125701913,True,55.60174560546875,5.142103086091465,83,84,0.011904761904761904,0.0,64,29.5,-18.5,18.5,3.0,11.325000000000001,2.29024600982666,2.537679798631783,2.29024600982666,4.066011810302734,0.9397590361445783,0.6265060240963856,8.020203590393066,114.37666301948667,398.0,0.7523881181094134,2.256250101607293,0.7706966292134831,8.628471374511719,0.049975,,
sample_00724,1,2,2033896,0.062069580078125,18.136655807495117,0.10132209956645966,179.0,50.0,36270,bright,False,14.3,12.236082077026367,2.961117744445801,2.961117744445801,"[2.896289348602295, 3.002672004699707]",0.10638265609741193,True,58.93021774291992,4.816101867571097,96,96,0.0,0.0,64,,-24.0,24.0,3.5,14.3,2.963080406188965,3.0498860478401184,2.963080406188965,4.3729400634765625,0.9895833333333334,0.84375,5.6553144454956055,102.60553153676625,345.5,1.159493495582252,2.4142893329262733,0.7958789439793947,8.240545272827148,0.055575,,
sample_00725,1,2,1013377,0.030925811767578124,19.539926528930664,0.1085551455616951,180.0,60.0,34751,bright,False,12.0,13.750568389892578,2.2795610427856445,2.2795610427856445,"[2.2294804573059084, 2.3343323707580566]",0.10485191345214817,True,56.989967346191406,4.144553572642288,50,50,0.0,0.0,64,35.5,-20.0,20.0,3.0,12.0,2.2425851821899414,2.417865447998047,2.2425851821899414,4.107331848144532,0.9,0.56,7.539190292358398,115.31971093954728,710.5,-1.4404356499856228,2.076704852283001,0.7420176885024734,7.435236930847168,0.078475,,
sample_00726,1,2,1935866,0.05907794189453125,19.480897903442383,0.10762926936149597,181.0,55.0,35619,bright,False,10.875,13.670309066772461,2.229001998901367,2.229001998901367,"[2.1886292457580567, 2.280414915084839]",0.09178566932678223,True,47.83706283569336,3.4993402564663167,70,70,0.0,0.0,64,29.5,-17.5,17.5,3.0,10.875,2.0723514556884766,2.2758839743477957,2.0723514556884766,3.6202739715576175,0.9,0.5285714285714286,7.004659652709961,85.43660436752239,485.0,-1.1069393850143872,2.1381248272955418,0.7493362297851798,7.015528202056885,0.096875,,
sample_00727,1,2,2758348,0.0841781005859375,16.821998596191406,0.09780231863260269,172.0,51.0,35715,bright,False,13.625,11.40279769897461,2.850099563598633,2.850099563598633,"[2.7892079830169676, 2.9163113117218016]",0.12710332870483398,True,51.40985870361328,4.508530280094006,95,95,0.0,0.0,64,22.5,-24.0,22.5,3.5,13.625,2.925495147705078,3.0118609779759455,2.925495147705078,4.541096115112307,0.9473684210526315,0.7894736842105263,8.854686737060547,90.40335501301288,327.0,1.485851902994998,2.305463917553425,0.7715197251365115,8.398962020874023,0.05535,,
sample_00728,1,2,2397200,0.07315673828125,17.029273986816406,0.09900740534067154,172.0,53.0,37009,bright,False,15.025,11.3928804397583,3.1469860076904297,3.1469860076904297,"[3.067826271057129, 3.2211336135864257]",0.1533073425292968,True,44.84176254272461,3.9359460304909444,97,97,0.0,0.0,64,25.5,-24.5,24.5,4.0,15.025,3.051778793334961,3.566381139853566,3.051778793334961,6.291881561279297,0.979381443298969,0.7938144329896907,12.133617401123047,83.91352346549336,344.0,1.4583905060538418,2.4600668344646692,0.7933299805117244,8.069698333740234,0.0678,,
sample_00729,1,2,1692394,0.05164776611328125,17.387060165405273,0.09992562979459763,174.0,51.0,35968,bright,False,16.0,11.851383209228516,3.0109920501708984,3.0109920501708984,"[2.947239303588867, 3.083864212036133]",0.1366249084472657,True,49.76026916503906,4.198688734180108,78,78,0.0,0.0,64,34.0,-30.5,30.5,3.5,16.0,3.0168724060058594,3.0886534544137807,3.0168724060058594,5.033913040161132,0.9615384615384616,0.8205128205128205,6.371343612670898,98.50949242044953,467.0,1.553408701514807,2.3906167298555374,0.7847103188207062,8.055292129516602,0.056275,,
sample_00730,1,2,1271160,0.038792724609375,19.17557716369629,0.10653098672628403,180.0,53.0,36484,bright,False,16.0,13.681830406188965,2.4857234954833984,2.4857234954833984,"[2.391120100021362, 2.5646979808807373]",0.1735778808593751,True,47.34552764892578,3.460467367546748,81,81,0.0,0.0,64,28.5,-30.5,28.5,3.5,16.0,2.674551010131836,3.2043274067066334,2.674551010131836,6.839845657348633,0.8888888888888888,0.6296296296296297,11.982683181762695,89.97969488066907,389.0,-1.3337633704012484,2.227027968503535,0.764455151964418,6.874006271362305,0.0842,,
sample_00731,1,2,1312341,0.04004946899414062,18.457473754882812,0.10197499394416809,181.0,53.0,35125,bright,False,13.075000000000001,12.970996856689453,2.251972198486328,2.251972198486328,"[2.1576555252075194, 2.357059860229492]",0.19940433502197275,True,34.20163345336914,2.6367775608341577,65,65,0.0,0.0,64,34.5,-23.5,23.5,2.5,13.075000000000001,1.8780717849731445,2.077887094937838,1.9520759582519531,4.647097969055176,0.8153846153846154,0.47692307692307695,7.752152442932129,70.03252312528707,508.0,-0.8988168511407305,2.1945823952555656,0.7563809349556307,6.635213851928711,0.116325,,
sample_00732,1,2,1695329,0.051737335205078124,17.786739349365234,0.10222263634204865,174.0,51.0,34792,bright,False,14.975,12.728917121887207,2.716245651245117,2.716245651245117,"[2.66937460899353, 2.7768615245819093]",0.10748691558837908,True,52.18782424926758,4.099942182790341,81,81,0.0,0.0,64,33.5,-25.5,25.5,3.5,14.975,2.8784523010253906,2.940836211781443,2.8784523010253906,4.1972808837890625,0.8641975308641975,0.7654320987654321,12.845863342285156,92.09755935523744,363.0,-1.4183998163310572,2.324515722692013,0.7804841057995632,7.595189094543457,0.0744,,
sample_00733,1,2,1127706,0.03441485595703125,18.09564208984375,0.10399794578552246,174.0,59.0,35770,bright,False,11.825000000000001,12.476374626159668,2.3192081451416016,2.3192081451416016,"[2.1759472608566286, 2.460663652420044]",0.28471639156341544,True,33.56428909301758,2.690227738324089,51,51,0.0,0.0,64,20.5,-18.5,18.5,3.5,11.825000000000001,2.119198799133301,2.665529868182014,2.119198799133301,6.84615421295166,0.6862745098039216,0.5294117647058824,10.635457038879395,99.50123740259028,732.0,0.9947547082095912,2.1949954219162464,0.7524146504733671,7.247574806213379,0.0961,,
sample_00734,1,2,1439963,0.043944183349609374,16.82806396484375,0.1007668524980545,167.0,62.0,37303,bright,False,12.725,11.898404121398926,2.714872360229492,2.714872360229492,"[2.6304956912994384, 2.8254305839538576]",0.1949348926544192,True,34.141414642333984,2.869411249944996,58,58,0.0,0.0,64,28.5,-20.5,20.5,3.5,12.725,2.4345946311950684,3.1838518340012123,2.4345946311950684,5.7050796508789094,0.8793103448275862,0.6896551724137931,9.668937683105469,92.15961049414929,671.5,1.1399380989236287,2.2750221891328692,0.7609146934803762,6.623361110687256,0.1179,,
sample_00735,1,2,1583984,0.04833935546875,18.714143753051758,0.10396746546030045,180.0,65.0,37651,bright,False,10.15,12.642707824707031,2.079500198364258,2.079500198364258,"[2.0069530963897706, 2.1415283203125]",0.13457522392272958,True,38.879905700683594,3.075283099139765,59,59,0.0,0.0,64,20.0,-17.0,17.0,2.5,10.15,2.120309829711914,2.165658708346092,2.120309829711914,4.159440803527833,0.711864406779661,0.5254237288135594,7.496162414550781,83.49602768831417,640.0,1.034446079823279,2.0984738394618034,0.7412827185060462,6.989697456359863,0.099625,,
sample_00736,1,2,774880,0.0236474609375,18.047779083251953,0.10554257035255432,171.0,64.0,37755,bright,False,9.075,12.202017784118652,2.562716484069824,2.562716484069824,"[2.489565134048462, 2.6385843753814697]",0.1490192413330078,True,26.943626403808594,2.2081287603822912,43,44,0.022727272727272728,0.0,64,25.5,-13.5,13.5,3.0,9.075,2.367690086364746,1.9169331816739814,2.684141159057617,5.110274600982668,0.8604651162790697,0.6511627906976745,6.544618606567383,86.33632052505382,842.0,1.044204144313914,2.4291122034192085,0.7905357941120122,6.723827362060547,0.1324,,
sample_00737,1,2,1257780,0.0383843994140625,17.869998931884766,0.10153408348560333,176.0,57.0,36371,bright,False,11.375,12.194951057434082,3.313408851623535,3.313408851623535,"[3.2199336290359497, 3.4052294492721558]",0.18529582023620605,True,38.825904846191406,3.1837688124646477,63,63,0.0,0.0,64,17.5,-21.5,17.5,3.5,11.375,3.2483654022216797,3.248439894782172,3.2483654022216797,5.577713012695314,0.8888888888888888,0.7777777777777778,6.656528472900391,97.69501620600587,622.0,0.937721440028682,2.3927596360445023,0.7746919553577188,7.441829681396484,0.08665,,
sample_00738,1,2,1247119,0.03805905151367187,17.343168258666992,0.10083237290382385,172.0,64.0,34403,bright,False,13.625,11.894257545471191,2.962331771850586,2.962331771850586,"[2.880852746963501, 3.0369834899902344]",0.15613074302673358,True,37.858097076416016,3.182888627700071,44,44,0.0,0.0,64,26.5,-22.5,22.5,3.5,13.625,2.988579750061035,2.810075889934193,2.988579750061035,4.484922981262208,0.9318181818181818,0.7727272727272727,6.1251373291015625,103.51457517844412,784.5,1.3390199307823123,2.4247264564037323,0.7819957996563355,7.103430271148682,0.1075,,
sample_00739,1,2,1506300,0.0459686279296875,18.500198364257812,0.10393369942903519,178.0,60.0,36799,bright,False,11.55,12.3579683303833,2.427950859069824,2.427950859069824,"[2.321420931816101, 2.5360116958618164]",0.21459076404571542,True,33.61992645263672,2.7205059564668708,62,64,0.03125,0.0,64,26.5,-19.0,19.0,3.0,11.55,2.36623477935791,2.377229459824101,2.4747323989868164,5.551678085327148,0.8225806451612904,0.5645161290322581,9.64616870880127,75.28386621199942,563.5,0.9661773906278264,2.250926578475628,0.7612727101572061,7.222562313079834,0.116875,,
sample_00740,1,2,2121937,0.06475637817382812,18.20928382873535,0.10648704320192337,171.0,58.0,36152,bright,False,12.0,12.433296203613281,,0.3140993118286133,"[0.2530828475952148, 0.3831506252288819]",0.13006777763366706,False,24.283111572265625,1.953071106373918,77,77,0.0,0.0,64,30.0,-20.0,20.0,3.0,12.0,0.10296249389648438,-0.30641004017421175,1.8359336853027344,4.453300857543946,0.8051948051948052,0.42857142857142855,-6.579989910125732,84.38478035562085,445.0,-0.16200255399204985,2.03073444403708,0.7317492386092935,7.415468692779541,0.0803,,
sample_00741,1,2,2349088,0.0716884765625,18.61199951171875,0.10696551203727722,174.0,60.0,37223,bright,False,13.125,12.5479097366333,2.0607404708862305,2.0607404708862305,"[1.9778053522109986, 2.1512303352355957]",0.17342498302459708,True,46.28351593017578,3.68854390106523,88,88,0.0,0.0,64,37.5,-22.5,22.5,3.0,13.125,2.0406622886657715,2.492195497859608,2.0406622886657715,4.439119720458984,0.8522727272727273,0.5454545454545454,9.048379898071289,81.18236746643221,384.0,1.1553627008661405,2.069379273802042,0.7379449086969978,7.443530082702637,0.089575,,
sample_00742,1,2,1494967,0.04562277221679688,18.730308532714844,0.10826767981052399,173.0,61.0,38762,bright,False,12.9,12.593534469604492,2.081104278564453,2.081104278564453,"[1.9963678121566772, 2.1761770725250242]",0.179809260368347,True,44.972530364990234,3.571080896593014,67,68,0.014705882352941176,0.0,64,36.0,-22.0,22.0,3.0,12.9,1.8620967864990234,2.3890654578137753,1.9597768783569336,5.402140426635742,0.8656716417910447,0.44776119402985076,9.109416961669922,90.90555186610095,583.0,1.036014449546048,2.069514974951744,0.7380394067667571,6.983709335327148,0.101775,,
sample_00743,1,2,1708805,0.05214859008789063,18.693370819091797,0.10868238657712936,172.0,62.0,36724,bright,False,14.025,12.58730697631836,2.03936767578125,2.03936767578125,"[1.9710219860076905, 2.107263517379761]",0.1362415313720704,True,47.878021240234375,3.803674712177246,66,66,0.0,0.0,64,27.5,-24.5,24.5,3.0,14.025,2.146455764770508,2.20280223904234,2.146455764770508,3.373856544494629,0.8787878787878788,0.5606060606060606,7.554607391357422,95.30631872692973,574.0,-1.23451301164403,2.0619277507066727,0.7360286807459404,7.265298366546631,0.086875,,
sample_00744,1,2,1840975,0.05618209838867187,17.14574432373047,0.10145410895347595,169.0,52.0,35583,bright,False,11.225,11.900568008422852,1.5252962112426758,1.5252962112426758,"[1.4758689880371094, 1.569418978691101]",0.09354999065399161,True,55.41591262817383,4.656577113710217,77,77,0.0,0.0,64,22.0,-20.5,20.5,2.0,11.225,1.5748491287231445,1.8105176207307097,1.5748491287231445,3.595150947570805,0.6493506493506493,0.33766233766233766,8.220443725585938,106.77368185443686,399.0,1.0394635783419646,1.8022376671433449,0.7012680367293398,8.4197998046875,0.054025,,
sample_00745,1,2,2022177,0.06171194458007812,17.87664794921875,0.10454180091619492,171.0,52.0,36437,bright,False,9.65,12.231868743896484,1.5397157669067383,1.5397157669067383,"[1.4757550716400147, 1.6094105243682861]",0.1336554527282714,True,43.01155090332031,3.5163515734079813,87,87,0.0,0.0,64,17.5,-17.0,17.0,2.0,9.65,1.4519786834716797,1.5997810254151794,1.4605016708374023,3.9117502212524418,0.6666666666666666,0.27586206896551724,8.725000381469727,78.32268665212641,376.0,0.9058299710086428,1.9467755630612373,0.7160437969414533,7.630277633666992,0.0769,,
sample_00746,1,2,3190330,0.09736114501953125,18.97136688232422,0.10840781033039093,175.0,57.0,34865,bright,False,11.725,12.690905570983887,2.316288948059082,2.316288948059082,"[2.235180306434631, 2.3906779766082766]",0.15549767017364546,True,44.57441329956055,3.5123114777147326,83,83,0.0,0.0,64,22.5,-20.5,20.5,2.5,11.725,2.4351863861083984,2.585676262177617,2.4351863861083984,4.563816452026366,0.891566265060241,0.6144578313253012,6.438413619995117,75.09489428912941,354.0,1.0853284608357967,2.1384512670338154,0.7431144719045862,7.503964424133301,0.0961,,
sample_00747,1,2,2357299,0.07193905639648437,19.221303939819336,0.10921195149421692,176.0,57.0,34889,bright,False,10.875,12.81169319152832,2.1101598739624023,2.1101598739624023,"[2.053484296798706, 2.1770283699035646]",0.12354407310485849,True,49.930503845214844,3.8972603463710156,79,80,0.0125,0.0,64,20.5,-17.5,17.5,3.0,10.875,2.128817558288574,2.4362917791439007,2.128817558288574,3.7732685089111335,0.9240506329113924,0.5316455696202531,7.921709060668945,85.71435005783033,401.0,0.18894818713731448,2.0546661503612995,0.7361343515166267,7.610329627990723,0.07785,,
sample_00748,1,2,2025957,0.06182730102539063,19.91957664489746,0.11253998428583145,177.0,69.0,37318,bright,False,9.75,13.225608825683594,2.3468751907348633,2.3468751907348633,"[2.2506715297698974, 2.4416884899139406]",0.19101696014404324,True,32.06791687011719,2.4246836038158484,66,68,0.029411764705882353,0.0,64,19.0,-15.0,15.0,3.0,9.75,2.4547815322875977,2.499262072823264,2.4720354080200195,4.380895614624023,0.8787878787878788,0.696969696969697,8.52297592163086,65.64491442272984,539.0,0.903778641132071,2.256233905442059,0.7608812466415905,6.23244047164917,0.152425,,
sample_00749,1,2,2812754,0.08583843994140625,19.076839447021484,0.10839113593101501,176.0,62.0,36236,bright,False,11.725,12.789644241333008,2.284396171569824,2.284396171569824,"[2.228675055503845, 2.344681191444397]",0.11600613594055176,True,45.2640495300293,3.5391171697917083,102,102,0.0,0.0,64,20.5,-20.5,20.5,2.5,11.725,2.311788558959961,2.4917094286750343,2.311788558959961,3.9742077827453617,0.9313725490196079,0.6666666666666666,6.82054328918457,72.98908189902616,340.0,1.2306964911541278,2.1729267835617065,0.7616093366093366,7.14763069152832,0.09955,,
sample_00750,1,2,2139843,0.06530282592773437,18.003000259399414,0.10528070479631424,171.0,57.0,38420,bright,False,10.825000000000001,12.300304412841797,2.0797462463378906,2.0797462463378906,"[2.0215769052505492, 2.127358889579773]",0.10578198432922381,True,49.87834548950195,4.055049681325596,68,68,0.0,0.0,64,23.5,-18.5,18.5,2.5,10.825000000000001,2.07444429397583,2.0650683290818157,2.07444429397583,3.2419434547424317,0.8970588235294118,0.5882352941176471,3.543182373046875,96.20415119412664,522.5,1.2023396237232482,2.097875714302063,0.7420854945448041,7.65962553024292,0.0735,,
sample_00751,1,2,1436425,0.043836212158203124,18.055419921875,0.10497336834669113,172.0,54.0,37326,bright,False,9.975000000000001,12.388413429260254,1.967966079711914,1.967966079711914,"[1.8732510328292846, 2.0464882373809816]",0.173237204551697,True,41.84311294555664,3.3776006253332804,68,68,0.0,0.0,64,15.5,-21.0,15.5,3.0,9.975000000000001,1.6270732879638672,2.1232248684939217,1.6817903518676758,4.38937683105469,0.7058823529411765,0.4411764705882353,8.460922241210938,92.73608371323121,568.0,1.096098316913988,2.0484865978360176,0.7349775921465809,7.236729145050049,0.09175,,
sample_00752,1,2,2774580,0.0846734619140625,19.01746368408203,0.10683968663215637,178.0,62.0,35858,bright,False,12.5,12.793499946594238,2.706827163696289,2.706827163696289,"[2.629841685295105, 2.7907204627990723]",0.16087877750396729,True,41.66271209716797,3.256553114557132,93,93,0.0,0.0,64,26.5,-20.0,20.0,3.5,12.5,2.7057714462280273,2.966312757102392,2.7057714462280273,4.861548995971679,0.967741935483871,0.7419354838709677,7.146923065185547,70.85446537592658,356.0,1.2122259700751112,2.3077741265296936,0.7761897331877048,6.989469528198242,0.12105,,
sample_00753,1,2,2574571,0.07856967163085937,17.381818771362305,0.10224599391222,170.0,54.0,37441,bright,False,11.275,12.070789337158203,2.048336982727051,2.048336982727051,"[1.981460690498352, 2.1108420848846436]",0.1293813943862916,True,43.8458137512207,3.6323899395914085,79,79,0.0,0.0,64,21.5,-19.5,19.5,2.5,11.275,2.0526676177978516,2.221280991276608,2.0526676177978516,3.9274490356445315,0.8481012658227848,0.5443037974683544,7.237176895141602,87.32060926960742,416.0,0.9893383189591383,2.1105063185095787,0.7422927986071504,7.714536666870117,0.084725,,
sample_00754,1,2,2105283,0.06424813842773437,17.97821617126465,0.10392032563686371,173.0,54.0,38603,bright,False,13.125,12.299430847167969,1.8574180603027344,1.8574180603027344,"[1.7765738248825074, 1.9461467266082764]",0.169572901725769,True,48.284767150878906,3.925772480927182,95,95,0.0,0.0,64,22.5,-25.5,22.5,3.0,13.125,1.7775306701660156,2.036969014217979,1.7775306701660156,4.559195709228517,0.7263157894736842,0.4105263157894737,8.888015747070312,87.2478991305692,412.0,1.0430338624139823,2.0245490819215775,0.7293406363173806,7.618890285491943,0.075475,,
sample_00755,1,2,1787608,0.054553466796875,18.48958396911621,0.10687620937824249,173.0,53.0,38527,bright,False,9.875,12.535082817077637,1.0231246948242188,1.0231246948242188,"[0.9707058191299438, 1.0734293937683106]",0.10272357463836679,True,42.78076171875,3.412882255589571,71,71,0.0,0.0,64,17.5,-18.5,17.5,2.0,9.875,0.9608869552612305,0.926889137482979,1.1712608337402344,2.5854883193969727,0.6056338028169014,0.19718309859154928,6.056605339050293,98.82303285645715,504.0,0.6818860501094215,1.8525505997240543,0.7098190913850271,8.173770904541016,0.0591,,
sample_00756,1,2,2339579,0.07139828491210938,18.52597999572754,0.10526125133037567,176.0,53.0,36758,bright,False,14.75,12.469045639038086,2.9213199615478516,2.9213199615478516,"[2.8573631763458254, 2.9968683242797853]",0.13950514793395996,True,51.09910202026367,4.098076428582683,94,94,0.0,0.0,64,30.0,-25.0,25.0,3.5,14.75,2.8961181640625,2.943814531285712,2.8961181640625,4.533675956726075,0.925531914893617,0.7446808510638298,6.755279541015625,87.00503968450778,368.5,1.5223161916481245,2.3453857637941837,0.7795669243037664,7.931905746459961,0.067175,,
sample_00757,1,2,1913051,0.05838168334960937,18.917896270751953,0.10394448786973953,182.0,53.0,34092,bright,False,14.075000000000001,12.69356918334961,2.790146827697754,2.790146827697754,"[2.7036218643188477, 2.8676455497741697]",0.1640236854553221,True,52.443885803222656,4.131531884035758,81,81,0.0,0.0,64,31.5,-23.5,23.5,3.5,14.075000000000001,2.542300224304199,2.768043824184088,2.622147560119629,5.590609550476074,0.9259259259259259,0.7407407407407407,7.3559675216674805,97.10253756421889,373.0,1.3772808893884472,2.3560369834303856,0.7724161857003186,7.653955459594727,0.083025,,
sample_00758,1,2,1221025,0.03726272583007813,15.985957145690918,0.096884585916996,165.0,50.0,38289,bright,False,12.85,11.510895729064941,1.0351219177246094,1.0351219177246094,"[0.9757383584976196, 1.0958588123321533]",0.12012045383453374,True,34.537269592285156,3.000398092832929,60,61,0.01639344262295082,0.0,64,26.5,-23.0,23.0,2.5,12.85,1.366567611694336,0.9569513082504273,1.9098453521728516,3.9845275878906263,0.7833333333333333,0.45,8.121492385864258,113.44586607991272,601.0,0.5134713254116576,2.0759011805057526,0.7414747798723108,8.121343612670898,0.06465,,
sample_00759,1,2,3164935,0.09658615112304687,18.115436553955078,0.10351677983999252,175.0,55.0,36793,bright,False,9.2,12.341192245483398,1.2524194717407227,1.2524194717407227,"[1.1845246076583862, 1.3034643888473512]",0.11893978118896498,True,51.173282623291016,4.14654286274645,101,101,0.0,0.0,64,16.0,-19.5,16.0,2.0,9.2,1.155226707458496,1.3829450040760607,1.155226707458496,2.8178043365478516,0.5742574257425742,0.2376237623762376,5.300106048583984,81.87162511570398,311.0,-0.7847219922229927,1.8306060284376144,0.699850846664522,7.807492256164551,0.060775,,
sample_00760,1,2,2651484,0.0809168701171875,17.664955139160156,0.10270322859287262,172.0,50.0,35852,bright,False,12.175,12.098538398742676,1.9045639038085938,1.9045639038085938,"[1.825671911239624, 1.9726457595825195]",0.1469738483428955,True,45.72792053222656,3.7796235400615643,97,97,0.0,0.0,64,33.0,-21.5,21.5,2.5,12.175,1.9374198913574219,2.1488065129702854,1.9374198913574219,3.8608976364135756,0.8350515463917526,0.4948453608247423,7.913945198059082,76.92278658635358,322.0,1.0246633440573403,2.0183334220200777,0.7286766452839154,8.225526809692383,0.070475,,
sample_00761,1,2,2283740,0.0696942138671875,18.148290634155273,0.10490341484546661,173.0,52.0,36006,bright,False,12.225,12.321062088012695,2.3978452682495117,2.3978452682495117,"[2.3320415735244753, 2.4754911184310915]",0.1434495449066162,True,47.29008483886719,3.8381500313090915,96,96,0.0,0.0,64,25.5,-20.5,20.5,3.0,12.225,2.343822956085205,2.6779653628667197,2.343822956085205,5.313838958740234,0.875,0.6458333333333334,9.168682098388672,81.6919763574777,319.5,1.2217220302047307,2.2040847688913345,0.759018759018759,7.920496940612793,0.06575,,
sample_00762,1,2,1180327,0.036020721435546875,18.53373146057129,0.10354039818048477,179.0,55.0,35799,bright,False,10.7,12.450703620910645,2.711885452270508,2.711885452270508,"[2.6300299167633057, 2.8043896913528443]",0.17435977458953866,True,43.98471450805664,3.532709142171324,57,57,0.0,0.0,64,16.0,-24.0,16.0,3.5,10.7,2.3385276794433594,2.624152049683688,2.3385276794433594,4.4623569488525385,0.8947368421052632,0.631578947368421,6.112494468688965,103.26636637614868,694.0,-0.31277235595835634,2.2338682552799582,0.759189040425662,7.282289505004883,0.099225,,
sample_00763,1,2,1235494,0.03770428466796875,16.48204231262207,0.09869486093521118,167.0,49.0,35414,bright,False,14.200000000000001,11.725555419921875,2.205552101135254,2.205552101135254,"[2.1337660789489745, 2.2721829414367676]",0.13841686248779306,True,49.463096618652344,4.218401162866356,68,68,0.0,0.0,64,26.0,-27.0,26.0,2.5,14.200000000000001,2.157266616821289,2.373039217556224,2.157266616821289,4.546863174438477,0.8235294117647058,0.5735294117647058,9.426238059997559,107.86764802490447,453.5,1.1269879167947416,2.1359082721173763,0.7471033052811319,8.174694061279297,0.06515,,
sample_00764,1,2,1871335,0.057108612060546876,17.997703552246094,0.10284402221441269,175.0,53.0,36290,bright,False,14.025,12.297080993652344,1.7823905944824219,1.7823905944824219,"[1.6920491933822632, 1.8833575963974]",0.19130840301513685,True,36.3006591796875,2.951973659311963,82,82,0.0,0.0,64,29.5,-24.5,24.5,3.0,14.025,2.397843360900879,2.1308910904861076,2.478841781616211,4.712994003295899,0.8170731707317073,0.5609756097560976,7.049100875854492,84.67266447492099,434.5,0.9296192303129709,2.1930905748158693,0.7579883128186,7.72493839263916,0.0751,,
sample_00766,1,2,2397871,0.07317721557617188,17.083465576171875,0.09990330785512924,171.0,52.0,35849,bright,False,11.0,11.962027549743652,1.3057746887207031,1.3057746887207031,"[1.2077393293380738, 1.393425750732422]",0.1856864213943481,True,38.923221588134766,3.253898340082731,90,90,0.0,0.0,64,20.0,-20.0,20.0,2.0,11.0,1.3729543685913086,1.1050057358211942,1.9080009460449219,3.6519279479980473,0.8222222222222222,0.45555555555555555,6.378812789916992,79.18684119310913,344.5,-0.5949007978111914,2.210740126669407,0.760019343528985,8.033105850219727,0.072475,,
sample_00767,1,2,1844010,0.05627471923828125,18.040773391723633,0.10368260741233826,174.0,56.0,36373,bright,False,14.025,12.266579627990723,2.2959442138671875,2.2959442138671875,"[2.2184025287628173, 2.39638090133667]",0.17797837257385263,True,41.071006774902344,3.348203657455066,80,80,0.0,0.0,64,30.0,-24.5,24.5,3.0,14.025,2.1309404373168945,2.45535295009613,2.1861658096313477,4.985496902465822,0.85,0.5625,10.066614151000977,85.88744662697303,421.5,-1.135239744067685,2.2011689580976963,0.7578466983328677,7.342097759246826,0.0963,,
sample_00768,1,2,2599193,0.07932107543945313,17.879770278930664,0.10335127264261246,173.0,53.0,36535,bright,False,10.425,12.102975845336914,2.6206398010253906,2.6206398010253906,"[2.554928112030029, 2.680604338645935]",0.12567622661590594,True,46.346797943115234,3.829372092894982,94,94,0.0,0.0,64,16.5,-18.5,16.5,3.0,10.425,2.8991971015930176,2.9922334589856736,2.8991971015930176,5.147897243499756,0.9361702127659575,0.7340425531914894,8.817748069763184,81.00120346296593,336.0,-1.3396481526881943,2.2677920293062925,0.766016713091922,7.865638732910156,0.083775,,
sample_00769,1,2,2505272,0.076454833984375,17.14232063293457,0.10083717852830887,170.0,53.0,35934,bright,False,13.625,11.943861961364746,2.7804412841796875,2.7804412841796875,"[2.7184398651123045, 2.8617825508117676]",0.14334268569946307,True,48.507450103759766,4.061286898715727,88,88,0.0,0.0,64,31.5,-22.5,22.5,3.5,13.625,2.7571020126342773,2.9765941121361474,2.7571020126342773,4.81935749053955,0.8977272727272727,0.7727272727272727,7.779376983642578,84.04063958269609,336.5,1.31306544385575,2.2531448353547603,0.7633064516129032,7.6885271072387695,0.08415,,
sample_00770,1,2,2267334,0.06919354248046874,16.29878044128418,0.09759748727083206,167.0,51.0,34646,bright,False,14.3,11.560548782348633,2.811507225036621,2.811507225036621,"[2.7553141117095947, 2.87109112739563]",0.11577701568603516,True,49.17039108276367,4.253292123799529,94,94,0.0,0.0,64,24.0,-31.5,24.0,3.5,14.3,2.947878837585449,2.919005373690991,2.947878837585449,4.342800521850586,0.9574468085106383,0.8085106382978723,6.935402870178223,87.37536232526966,322.5,1.4890624651115978,2.3562081530690193,0.7821473349438856,8.04842758178711,0.053925,,
sample_00771,1,2,1763935,0.05383102416992187,17.25444793701172,0.10031655430793762,172.0,50.0,36667,bright,False,13.175,11.87998104095459,2.9448633193969727,2.9448633193969727,"[2.898196887969971, 3.0128520011901854]",0.11465511322021449,True,56.07807159423828,4.720383929984139,77,77,0.0,0.0,64,28.5,-21.5,21.5,3.5,13.175,2.900162696838379,3.145044685958268,2.900162696838379,4.550366401672363,0.987012987012987,0.8571428571428571,8.29914379119873,109.74864350843487,450.0,1.7506202012751266,2.418437857180834,0.7869802317655078,8.19134521484375,0.058425,,
sample_00772,1,2,1518056,0.046327392578125,16.778175354003906,0.09987009316682816,168.0,53.0,35514,bright,False,13.85,11.705877304077148,3.253704071044922,3.253704071044922,"[3.172974634170532, 3.3298373222351074]",0.15686268806457537,True,39.119869232177734,3.3418998180129833,63,63,0.0,0.0,64,26.0,-23.0,23.0,3.5,13.85,3.1053466796875,3.0835071745372953,3.1053466796875,5.65073585510254,0.9523809523809523,0.7619047619047619,6.194492340087891,90.8515300744808,535.0,1.2029500872147585,2.405980207026005,0.7802437459910199,7.670125961303711,0.0916,,
sample_00773,1,2,1570559,0.047929656982421874,18.549943923950195,0.10599967837333679,175.0,58.0,36246,bright,False,9.75,12.557275772094727,2.4755077362060547,2.4755077362060547,"[2.382016634941101, 2.57385630607605]",0.19183967113494882,True,31.729522705078125,2.5267839363366313,53,54,0.018518518518518517,0.0,64,15.0,-20.0,15.0,3.0,9.75,2.0653810501098633,2.062612443600061,2.0958328247070312,3.9725883483886735,0.8113207547169812,0.5471698113207547,-7.451737403869629,81.80343333441176,654.0,-0.889274195302071,2.256458661518991,0.7668374591024137,6.52227783203125,0.13335,,
sample_00774,1,2,1898175,0.057927703857421874,17.483259201049805,0.10224128514528275,171.0,53.0,35498,bright,False,12.725,12.102746963500977,2.2866439819335938,2.2866439819335938,"[2.2237847089767455, 2.3525357007980348]",0.12875099182128924,True,41.19497299194336,3.403770492449165,76,76,0.0,0.0,64,29.5,-20.5,20.5,3.5,12.725,2.346858024597168,2.65566675286544,2.346858024597168,4.810869216918945,0.868421052631579,0.6578947368421053,7.492071151733398,86.67755458387487,389.5,-1.1007571049596452,2.159616097807884,0.7562865631412907,7.177302837371826,0.08405,,
sample_00775,1,2,1638947,0.05001669311523437,16.501554489135742,0.09764233231544495,169.0,50.0,35779,bright,False,15.700000000000001,11.728667259216309,3.219740867614746,3.219740867614746,"[3.148946237564087, 3.295149087905884]",0.1462028503417967,True,55.907657623291016,4.766752810670722,83,83,0.0,0.0,64,,-26.0,26.0,4.0,15.700000000000001,3.096306800842285,3.2435902629990174,3.096306800842285,4.9700620651245115,0.9879518072289156,0.8192771084337349,8.630391120910645,101.88427737886629,380.0,1.7119434461294567,2.4569070544093847,0.7917741022577196,8.273208618164062,0.05615,,
sample_00776,1,2,1631633,0.049793487548828126,18.82686424255371,0.10882580280303955,173.0,60.0,34753,bright,False,16.0,13.05548095703125,1.837575912475586,1.837575912475586,"[1.7604125022888184, 1.9034583568572998]",0.1430458545684814,True,46.541290283203125,3.5648851571521405,70,70,0.0,0.0,64,31.0,-30.0,30.0,3.0,16.0,1.7041387557983398,2.3026210239955356,1.7041387557983398,5.427582740783691,0.7428571428571429,0.44285714285714284,6.784307479858398,88.7056612209098,477.0,1.200966666981295,1.9955423288047314,0.7220416223606259,7.044968605041504,0.097525,,
sample_00777,1,2,1500040,0.045777587890625,19.722335815429688,0.11205872893333435,176.0,62.0,38869,bright,False,12.05,13.6910400390625,2.6015214920043945,2.6015214920043945,"[2.461572289466858, 2.8203334331512453]",0.3587611436843874,True,46.119075775146484,3.368558973135872,61,61,0.0,0.0,64,20.5,-19.0,19.0,3.5,12.05,2.571139335632324,2.9640882992353594,2.571139335632324,6.170502662658691,0.8360655737704918,0.5737704918032787,8.659337043762207,92.7483771895567,614.0,1.257477115431072,2.23747253511101,0.7544146809783122,6.505166053771973,0.113175,,
sample_00778,1,2,3006007,0.09173605346679688,18.787479400634766,0.10922953486442566,172.0,64.0,35748,bright,False,11.450000000000001,13.19983196258545,1.140432357788086,1.140432357788086,"[1.0576788663864136, 1.2245593309402465]",0.16688046455383287,True,29.840869903564453,2.260700741353947,90,90,0.0,0.0,64,27.0,-21.0,21.0,2.0,11.450000000000001,0.5723028182983398,0.7735834492577447,2.0312280654907227,4.005306339263919,0.7111111111111111,0.5333333333333333,9.30871868133545,64.54120499709617,365.0,0.3217113855375794,2.1606643348932266,0.7492669517409896,6.645136833190918,0.1187,,
sample_00779,1,2,1243173,0.037938629150390625,18.285654067993164,0.10693364590406418,171.0,57.0,38521,bright,False,11.275,12.792303085327148,1.9801721572875977,1.9801721572875977,"[1.9200887203216552, 2.0488054752349854]",0.12871675491333012,True,46.64725112915039,3.6465092187078554,50,50,0.0,0.0,64,25.0,-19.5,19.5,2.5,11.275,1.9504480361938477,2.3140747261047365,1.9504480361938477,4.110153198242188,0.84,0.48,8.892036437988281,114.99674746810075,810.0,1.0940443862672253,2.098236933350563,0.7400961827472197,7.345902442932129,0.103775,,
sample_00780,1,2,2512190,0.07666595458984375,18.05258560180664,0.10375048965215683,174.0,56.0,36676,bright,False,13.075000000000001,12.681443214416504,1.7867822647094727,1.7867822647094727,"[1.7456890106201173, 1.8340579509735109]",0.0883689403533936,True,50.80732727050781,4.006431004063408,102,102,0.0,0.0,64,23.5,-28.5,23.5,2.5,13.075000000000001,1.8175735473632812,2.006642407062007,1.8175735473632812,3.4651414871215827,0.7745098039215687,0.43137254901960786,10.01303768157959,81.73892555664122,337.0,1.1865258178304579,1.9016328006982803,0.7158940592022105,7.327376365661621,0.06625,,
sample_00781,1,2,1773922,0.05413580322265625,18.80605125427246,0.10933750867843628,172.0,55.0,34501,bright,False,12.125,13.283514976501465,1.5536203384399414,1.5536203384399414,"[1.4990713357925416, 1.6084942102432251]",0.10942287445068355,True,46.0042839050293,3.463261342077821,71,72,0.013888888888888888,0.0,64,27.0,-22.5,22.5,2.0,12.125,1.6410789489746094,1.8537233782486178,1.6410789489746094,3.7128610610961914,0.7183098591549296,0.39436619718309857,5.02924919128418,79.07668556393138,473.0,0.9465744332161239,1.9207776859402657,0.7123984646969562,6.854368209838867,0.09065,,
sample_00782,1,2,2641464,0.080611083984375,19.270217895507812,0.11074838042259216,174.0,61.0,34563,bright,False,13.575000000000001,13.375198364257812,2.182790756225586,2.182790756225586,"[2.0763253211975097, 2.2995110750198364]",0.22318575382232675,True,43.49081802368164,3.2516017212799624,86,86,0.0,0.0,64,28.5,-23.5,23.5,3.0,13.575000000000001,2.369680881500244,2.7834085087443508,2.369680881500244,5.25592041015625,0.8372093023255814,0.5697674418604651,9.112309455871582,71.95218682397552,362.5,1.0851128438385593,2.0973316244781017,0.7363709328888066,6.804065704345703,0.107325,,
sample_00783,1,2,1610106,0.04913653564453125,19.756471633911133,0.11289412528276443,175.0,66.0,35368,bright,False,12.05,13.5476655960083,2.7323665618896484,2.7323665618896484,"[2.652191710472107, 2.81117696762085]",0.15898525714874268,True,44.483253479003906,3.2834626130800353,69,69,0.0,0.0,64,24.0,-19.0,19.0,3.5,12.05,2.6604232788085938,2.766688485076462,2.7050628662109375,4.891500663757325,0.9130434782608695,0.7246376811594203,6.0455427169799805,87.24818910976744,523.0,1.161324875421499,2.2237348295748234,0.7601394751330519,6.648711204528809,0.112575,,
sample_00784,1,2,1253190,0.03824432373046875,18.451723098754883,0.10604438930749893,174.0,56.0,35574,bright,False,10.2,13.162917137145996,2.605093002319336,2.605093002319336,"[2.541761374473572, 2.6755351543426515]",0.13377377986907968,True,49.85151672363281,3.787269660989577,66,66,0.0,0.0,64,16.0,-33.0,16.0,3.0,10.2,2.4870333671569824,2.726572369084214,2.4870333671569824,4.467729091644287,0.9393939393939394,0.6818181818181818,7.888409614562988,104.34285728681675,505.0,1.3510103120557775,2.267125114798546,0.7725695501308821,6.881381034851074,0.091975,,
sample_00785,1,2,2012232,0.061408447265625,17.460861206054688,0.10211029648780823,171.0,55.0,38066,bright,False,9.65,12.377459526062012,1.7875032424926758,1.7875032424926758,"[1.7140888214111327, 1.8606901168823242]",0.1466012954711915,True,43.52197265625,3.5162282344458506,72,72,0.0,0.0,64,18.0,-17.0,17.0,2.0,9.65,2.1235971450805664,1.9769551356633503,2.1779375076293945,3.721486854553222,0.7361111111111112,0.5416666666666666,6.621469497680664,88.96972328897073,487.5,-0.981894478144376,2.0298124412074685,0.7273138105567607,7.245398998260498,0.088275,,
sample_00786,1,2,2890621,0.08821475219726563,18.434141159057617,0.10717523843050003,172.0,59.0,36613,bright,False,13.975,12.873396873474121,1.7399892807006836,1.7399892807006836,"[1.6799343585968018, 1.8044512033462525]",0.12451684474945068,True,47.32897186279297,3.6764944270703883,96,96,0.0,0.0,64,29.5,-25.5,25.5,2.5,13.975,1.6242294311523438,1.8826641937096913,1.6242294311523438,3.41355037689209,0.7916666666666666,0.3645833333333333,7.085601806640625,75.50814110837871,351.5,-1.0417019336070314,1.911071103066206,0.712759626257216,7.1140642166137695,0.08275,,
sample_00787,1,2,2106881,0.06429690551757812,18.539936065673828,0.10655135661363602,174.0,54.0,36357,bright,False,14.075000000000001,12.68181324005127,2.6263322830200195,2.6263322830200195,"[2.54914813041687, 2.694878101348877]",0.145729970932007,True,50.20046615600586,3.9584612393963083,90,90,0.0,0.0,64,27.5,-23.5,23.5,3.5,14.075000000000001,2.727315902709961,2.941936567094591,2.727315902709961,5.217824745178224,0.9666666666666667,0.7111111111111111,8.25043773651123,80.54048585095552,371.5,1.5067330311284763,2.253265273408033,0.7645117927410485,7.381353378295898,0.07625,,
sample_00788,1,2,1248433,0.038099151611328125,19.299083709716797,0.10781610757112503,179.0,56.0,37602,bright,False,13.625,13.505675315856934,2.89776611328125,2.89776611328125,"[2.803053617477417, 2.9896669387817383]",0.1866133213043213,True,49.98543167114258,3.701068662035358,70,71,0.014084507042253521,0.0,64,27.5,-22.5,22.5,3.5,13.625,2.683302879333496,2.712182113102504,2.683302879333496,4.638043785095215,0.8857142857142857,0.6571428571428571,7.709440231323242,103.41817187996222,518.0,-1.569903173943736,2.3484537601470947,0.7740354404926479,6.920928001403809,0.0923,,
sample_00789,1,2,1238013,0.03778115844726562,16.627357482910156,0.10077186673879623,165.0,52.0,35300,bright,False,16.0,11.971701622009277,1.8650054931640625,1.8650054931640625,"[1.797162914276123, 1.9389790534973144]",0.1418161392211914,True,47.123661041259766,3.936254220922584,72,72,0.0,0.0,64,40.0,-42.0,40.0,2.5,16.0,2.008275032043457,2.4628190994262695,2.008275032043457,4.969058609008789,0.7638888888888888,0.5,8.77154541015625,101.00234935854056,432.5,0.7269101136163552,2.0511332005262375,0.7295706994896427,7.665319442749023,0.07075,,
sample_00790,1,2,3205893,0.09783609008789063,18.193729400634766,0.10577749460935593,172.0,57.0,35908,bright,False,12.575000000000001,12.778579711914062,1.6345329284667969,1.6345329284667969,"[1.5846346855163573, 1.6980942249298097]",0.11345953941345233,True,49.671913146972656,3.8871231597562623,113,113,0.0,0.0,64,39.0,-23.5,23.5,2.0,12.575000000000001,1.5787725448608398,1.7902492084334383,1.5787725448608398,3.236739540100097,0.7433628318584071,0.36283185840707965,6.590083122253418,73.48806615306127,294.0,0.9794953133715721,1.8994519412517548,0.7117193681680978,7.364025592803955,0.074175,,
sample_00791,1,2,2702087,0.08246115112304687,18.030412673950195,0.10482797771692276,172.0,53.0,32513,bright,False,16.0,12.424140930175781,2.6993637084960938,2.6993637084960938,"[2.6316624164581297, 2.7707955837249756]",0.13913316726684588,True,45.59857940673828,3.6701595436661822,86,86,0.0,0.0,64,33.0,-28.0,28.0,3.5,16.0,2.7334861755371094,2.683283439902372,2.7408065795898438,4.606387138366699,0.9069767441860465,0.7441860465116279,-13.360095977783203,74.23394869978804,298.5,1.3753083669684378,2.2916909232735634,0.7688338174402076,7.561639785766602,0.07595,,
sample_00792,1,2,1384940,0.0422650146484375,15.948736190795898,0.09784501045942307,163.0,50.0,35109,bright,False,13.3,11.808589935302734,2.3456735610961914,2.3456735610961914,"[2.2764785051345826, 2.4117401123046873]",0.13526160717010471,True,43.968467712402344,3.7234308205550484,71,71,0.0,0.0,64,24.0,-31.0,24.0,2.5,13.3,2.1430587768554688,2.3625904942902043,2.16416072845459,4.690079689025879,0.8450704225352113,0.6197183098591549,8.060038566589355,95.66967085294857,479.0,1.1111584096096878,2.1800934821367264,0.7541183648566199,7.450526237487793,0.082375,,
sample_00793,1,2,2755716,0.0840977783203125,17.65288734436035,0.10323326289653778,171.0,55.0,35413,bright,False,14.700000000000001,12.557448387145996,2.239302635192871,2.239302635192871,"[2.1683650493621824, 2.318266725540161]",0.14990167617797878,True,48.76434326171875,3.8833003137512163,104,104,0.0,0.0,64,26.0,-28.0,26.0,3.0,14.700000000000001,2.254150390625,2.533984266794645,2.254150390625,4.651871681213379,0.8846153846153846,0.5673076923076923,6.432372093200684,76.81668175996893,305.5,1.24250403230537,2.0667708590626717,0.736023437735963,7.298796653747559,0.084875,,
sample_00794,1,2,761931,0.023252288818359376,18.88041877746582,0.10547719895839691,179.0,55.0,34585,bright,False,11.6,12.868609428405762,2.691227912902832,2.691227912902832,"[2.6370024919509887, 2.739969825744629]",0.10296733379364031,True,47.52116775512695,3.6927974245787762,44,44,0.0,0.0,64,26.0,-18.0,18.0,3.5,11.6,2.734029769897461,2.451032367619601,2.744145393371582,4.030456924438477,0.8863636363636364,0.75,6.301551818847656,113.48989967688725,772.5,-1.2142272648161516,2.3362986519932747,0.7789002829930317,6.949946403503418,0.107375,,
sample_00795,1,2,551778,0.01683892822265625,18.48308753967285,0.10561764240264893,175.0,51.0,37060,bright,False,11.925,12.719978332519531,3.5252742767333984,3.5252742767333984,"[3.4036670446395876, 3.637148141860962]",0.23348109722137433,True,43.99496841430664,3.4587298236059385,39,39,0.0,0.0,64,16.5,-17.5,16.5,4.5,11.925,3.0018692016601562,3.016802836687137,3.0018692016601562,5.3076261520385755,0.8974358974358975,0.717948717948718,7.809565544128418,124.98819278770382,816.0,-1.517967539599105,2.4671678952872753,0.7893315542000254,7.541866302490234,0.079,,
sample_00796,1,2,1304986,0.03982501220703125,18.274715423583984,0.1056341901421547,173.0,52.0,35367,bright,False,16.0,12.801583290100098,2.7091522216796875,2.7091522216796875,"[2.6395320892333984, 2.7772101879119875]",0.13767809867858904,True,47.47618103027344,3.708617907207493,76,76,0.0,0.0,64,37.5,-29.0,29.0,3.5,16.0,2.624044418334961,2.3003515444303813,2.746126174926758,4.821035385131836,0.9210526315789473,0.6973684210526315,-10.59844970703125,99.73140839706933,448.0,-0.5092305045857991,2.3375547602772713,0.7861134265691087,7.507871627807617,0.059275,,
sample_00797,1,2,1761033,0.05374246215820312,18.018068313598633,0.10536882281303406,171.0,54.0,34818,bright,False,14.3,12.522896766662598,2.786208152770996,2.786208152770996,"[2.718332052230835, 2.8597998142242433]",0.14146776199340838,True,46.55485153198242,3.7175784803973495,86,86,0.0,0.0,64,33.0,-24.0,24.0,3.5,14.3,2.838642120361328,3.0500365079835405,2.838642120361328,5.328039169311523,0.8837209302325582,0.7441860465116279,9.06149959564209,83.88325906190067,355.0,-0.2980053753239627,2.297822877764702,0.7691692553747732,7.313680648803711,0.083,,
sample_00798,1,2,1667881,0.05089968872070313,17.695127487182617,0.1028786450624466,172.0,54.0,33004,bright,False,15.475,12.243278503417969,3.039794921875,3.039794921875,"[2.967255973815918, 3.1107019901275637]",0.14344601631164577,True,50.912010192871094,4.158364132504046,72,72,0.0,0.0,64,26.5,-25.5,25.5,4.0,15.475,2.8859472274780273,3.126784748501248,2.8859472274780273,5.311141014099121,0.9583333333333334,0.7916666666666666,8.661174774169922,96.97471071014257,378.0,-0.18638822669769967,2.3732500448822975,0.7817080443175042,7.208165168762207,0.0768,,
sample_00799,1,2,1590184,0.048528564453125,18.19070816040039,0.10514859855175018,173.0,52.0,34382,bright,False,14.075000000000001,12.969807624816895,2.745314598083496,2.745314598083496,"[2.657736873626709, 2.840905714035034]",0.18316884040832493,True,45.32341384887695,3.494532468018532,87,87,0.0,0.0,64,,-23.5,23.5,3.5,14.075000000000001,2.8711957931518555,2.9159767874355973,2.8864965438842773,5.949106788635254,0.8850574712643678,0.6781609195402298,12.335942268371582,82.29432019812165,352.0,1.4345943506689245,2.281461825594306,0.7695649532142423,7.291900157928467,0.069475,,
sample_00800,1,2,677589,0.020678375244140627,17.9920597076416,0.10460499674081802,172.0,58.0,37006,bright,False,12.675,12.577362060546875,2.559596061706543,2.559596061706543,"[2.4279212474823, 2.6868693351745607]",0.25894808769226074,True,30.43416976928711,2.419757785677023,45,45,0.0,0.0,64,21.5,-22.5,21.5,3.0,12.675,2.0900697708129883,2.483302201165093,2.133213996887207,5.233435249328614,0.7333333333333333,0.6,10.334328651428223,94.40174535925861,868.0,0.8292378933019239,2.247070588869974,0.7615553925165077,6.844884872436523,0.121975,,
sample_00801,1,2,1942678,0.05928582763671875,18.49051284790039,0.10750298202037811,172.0,54.0,36869,bright,False,12.450000000000001,13.270103454589844,2.5217504501342773,2.5217504501342773,"[2.4734516382217406, 2.5725171327590943]",0.0990654945373537,True,49.08681869506836,3.699053203544565,97,97,0.0,0.0,64,,-21.0,21.0,3.0,12.450000000000001,2.3883466720581055,2.674848979281396,2.3883466720581055,4.979888725280762,0.9381443298969072,0.711340206185567,6.383406639099121,79.9799617041823,341.0,1.4666569581803177,2.235609484836459,0.7718878146607202,6.996038436889648,0.0883,,
sample_00802,1,2,1524996,0.0465391845703125,18.08016014099121,0.10573193430900574,171.0,61.0,37147,bright,False,11.15,12.615259170532227,2.933685302734375,2.933685302734375,"[2.8525352478027344, 3.011576199531555]",0.1590409517288207,True,37.32956314086914,2.959080161275374,58,58,0.0,0.0,64,26.0,-17.0,17.0,3.5,11.15,2.7031373977661133,2.847062061572897,2.761989116668701,5.6998542785644535,0.9137931034482759,0.7241379310344828,-8.748258590698242,85.31232303937307,589.0,-1.2198184301280302,2.323582962155342,0.7701642364751103,6.943118572235107,0.1164,,
sample_00803,1,2,1112219,0.03394223022460938,18.17224884033203,0.10565260797739029,172.0,58.0,36778,bright,False,12.1,12.685354232788086,3.3562965393066406,3.3562965393066406,"[3.254729890823364, 3.4547823905944823]",0.20005249977111816,True,37.59074401855469,2.963318432321988,52,52,0.0,0.0,64,32.0,-18.0,18.0,4.0,12.1,3.2246527671813965,3.1798279193731456,3.2996578216552734,6.251778411865233,0.9807692307692307,0.8076923076923077,7.716962814331055,94.26053812826962,691.0,1.2545636687502926,2.5093189775943756,0.7955889040472942,6.68220329284668,0.129425,,
sample_00804,1,2,713809,0.021783721923828124,19.271486282348633,0.11012277752161026,175.0,62.0,36531,bright,False,12.55,13.37347412109375,3.3876829147338867,3.3876829147338867,"[3.317748260498047, 3.4586373805999755]",0.14088912010192844,True,41.90155029296875,3.1331836375170576,44,45,0.022222222222222223,0.0,64,23.0,-19.0,19.0,4.0,12.55,2.896333694458008,2.966261560266668,3.006499767303467,6.223993873596192,0.9318181818181818,0.75,-10.508440017700195,104.45965180829816,842.5,-1.4639476621171388,2.525786381214857,0.7972951471758154,6.559359550476074,0.130525,,
sample_00805,1,2,1444490,0.04408233642578125,17.084123611450195,0.10049484670162201,170.0,51.0,36052,bright,False,13.85,12.23077392578125,2.9707908630371094,2.9707908630371094,"[2.9276825904846193, 3.0202183723449707]",0.09253578186035138,True,55.71479415893555,4.555295886999786,69,69,0.0,0.0,64,23.0,-23.5,23.0,3.5,13.85,2.9615516662597656,3.333171568055084,2.9615516662597656,4.880379867553711,1.0,0.782608695652174,10.891094207763672,111.91724313140406,493.0,1.7385413595705907,2.4099776223301888,0.7919519221833277,7.7516655921936035,0.058,,
sample_00806,1,2,1060807,0.032373260498046875,18.504663467407227,0.10514013469219208,176.0,59.0,35574,bright,False,11.775,13.078319549560547,2.6204280853271484,2.6204280853271484,"[2.544313597679138, 2.7290475606918334]",0.1847339630126954,True,38.969825744628906,2.9797272957700716,50,50,0.0,0.0,64,28.5,-19.5,19.5,3.0,11.775,2.510862350463867,2.610201473236084,2.5190014839172363,6.423469924926758,0.9,0.66,8.788820266723633,104.70925127408839,699.0,1.1071669300419977,2.2821833081543446,0.7677572309151256,7.157412528991699,0.093775,,
sample_00807,1,2,2075998,0.06335443115234375,13.884708404541016,0.0797971710562706,174.0,54.0,38629,bright,False,10.775,5.412506580352783,1.434758186340332,1.434758186340332,"[1.3901570081710815, 1.481700873374939]",0.0915438652038576,True,51.67036437988281,9.546476038928894,90,90,0.0,0.0,64,22.5,-19.5,19.5,2.0,10.775,1.258072853088379,1.249967998928494,1.3356428146362305,3.118577861785889,0.6,0.34444444444444444,5.657016754150391,218.41988329192583,436.5,0.9082908066782475,1.9431598037481308,0.7285961086408564,18.417709350585938,0.00825,,
sample_00808,1,2,3064655,0.09352584838867188,18.099332809448242,0.09999631345272064,181.0,59.0,36087,bright,False,11.725,9.049253463745117,1.7808637619018555,1.7808637619018555,"[1.7235254526138306, 1.8448982000350953]",0.12137274742126469,True,39.655067443847656,4.3821368914818795,85,85,0.0,0.0,64,28.5,-20.5,20.5,2.5,11.725,1.7545881271362305,1.9891562517951518,1.7545881271362305,3.5730113983154324,0.8235294117647058,0.4117647058823529,10.33340835571289,100.22330754463383,339.0,0.8202892276748501,2.020228249952197,0.7321724951227324,10.11387825012207,0.045975,,
sample_00809,1,2,3796883,0.11587167358398437,17.890424728393555,0.09939125180244446,180.0,56.0,37866,bright,False,8.525,8.403669357299805,1.8027544021606445,1.8027544021606445,"[1.7304501056671142, 1.8568448781967164]",0.12639477252960218,True,39.71923828125,4.726416115687379,105,105,0.0,0.0,64,14.5,-14.5,14.5,2.0,8.525,1.6527719497680664,1.8290860039847239,1.6527719497680664,2.9541074752807623,0.8095238095238095,0.4,6.495266914367676,93.01218606588789,322.0,-0.998609336553238,2.078071266412735,0.7415334994868787,11.090951919555664,0.037175,,
sample_00810,1,2,1192224,0.0363837890625,10.80321216583252,0.0679447278380394,159.0,61.0,39249,bright,False,10.475000000000001,5.1807990074157715,3.540637969970703,3.540637969970703,"[3.507825827598572, 3.571823525428772]",0.06399769783019993,True,45.46090316772461,8.774882619968867,51,51,0.0,0.0,64,16.0,-15.5,15.5,3.5,10.475000000000001,3.671175956726074,3.6213684830011106,3.671175956726074,5.5675506591796875,0.9215686274509803,0.8823529411764706,9.465583801269531,283.0958368469305,741.0,-2.1421013370092132,2.8772556856274605,0.8406029203956665,13.680671691894531,0.03095,,
sample_00811,1,2,2635667,0.08043417358398437,18.28301429748535,0.09829577803611755,186.0,54.0,36240,bright,False,11.6,8.339995384216309,2.586928367614746,2.586928367614746,"[2.5145044565200805, 2.664505457878113]",0.1500010013580324,True,41.67927169799805,4.997517357968485,84,84,0.0,0.0,64,27.0,-18.0,18.0,3.5,11.6,2.6419272422790527,2.621129490080334,2.6419272422790527,4.338973808288575,0.8690476190476191,0.7738095238095238,7.687568664550781,116.97142250301903,389.0,1.1087513774810278,2.267969940789044,0.7671611314635758,11.720890998840332,0.05275,,
sample_00812,1,2,995668,0.0303853759765625,16.511056900024414,0.09072009474039078,182.0,52.0,36221,bright,False,12.4,6.423975944519043,2.0323076248168945,2.0323076248168945,"[2.000520634651184, 2.0740343809127806]",0.07351374626159668,True,57.48542404174805,8.94857398879191,46,46,0.0,0.0,64,22.0,-23.5,22.0,2.5,12.4,2.0640149116516113,2.2194275648697563,2.0640149116516113,2.8456945419311523,0.9347826086956522,0.5217391304347826,10.082599639892578,271.4336405237101,634.5,1.0450209454597728,1.9241063445806503,0.7323331039229181,16.669328689575195,0.00565,,
sample_00813,1,2,1039920,0.03173583984375,14.293001174926758,0.08309884369373322,172.0,53.0,35158,bright,False,11.775,5.629713535308838,2.5501537322998047,2.5501537322998047,"[2.5078307390213013, 2.5916271924972536]",0.08379645347595233,True,51.46289825439453,9.141299629479523,43,43,0.0,0.0,64,24.0,-19.5,19.5,3.0,11.775,2.6045312881469727,2.502499314241631,2.6045312881469727,3.7824665069580092,0.8837209302325582,0.6976744186046512,7.183168411254883,308.7343956161286,852.0,1.3230855246032365,2.224358300678432,0.7666686545801527,17.76148796081543,0.014375,,
sample_00814,1,2,1754789,0.053551910400390625,14.938133239746094,0.08634758740663528,173.0,52.0,34679,bright,False,12.225,5.509472370147705,2.4747133255004883,2.4747133255004883,"[2.409971284866333, 2.534087634086609]",0.12411634922027615,True,58.51250457763672,10.620346313864541,68,68,0.0,0.0,64,25.5,-20.5,20.5,3.0,12.225,2.4284653663635254,2.7337592629825367,2.4284653663635254,4.405857849121095,0.9264705882352942,0.6764705882352942,8.82717514038086,271.3416835884001,517.0,1.5532962991559445,2.2685887664556503,0.7668636213670855,17.78261947631836,0.011275,,
sample_00815,1,2,2225112,0.067905029296875,12.958724021911621,0.07239510864019394,179.0,50.0,37243,bright,False,9.025,4.2668776512146,2.0720205307006836,2.0720205307006836,"[2.014810347557068, 2.1291984796524046]",0.11438813209533683,True,47.69634246826172,11.17827750572707,91,93,0.021505376344086023,0.0,64,38.0,-14.5,14.5,2.5,9.025,2.0994529724121094,2.012817377572531,2.099781036376953,3.533536911010742,0.8351648351648352,0.5604395604395604,6.315855979919434,252.35979116012209,342.0,0.32157818016879536,2.043739277869463,0.7491298072841498,24.29122543334961,0.012375,,
sample_00816,1,2,1986248,0.060615478515625,12.980608940124512,0.0741749107837677,175.0,50.0,34572,bright,False,15.25,4.08186674118042,2.9907894134521484,2.9907894134521484,"[2.9198958396911623, 3.0647743225097654]",0.14487848281860316,True,48.6671257019043,11.922762007617727,90,90,0.0,0.0,64,34.5,-25.0,25.0,4.0,15.25,2.763608932495117,3.0958566347757976,2.763608932495117,5.839395713806155,0.9444444444444444,0.7444444444444445,6.710142135620117,264.3500829800764,324.0,1.5919337018297657,2.4651308618485928,0.7949323799160578,22.823928833007812,0.026275,,
sample_00817,1,2,949007,0.028961395263671873,15.290665626525879,0.0859026163816452,178.0,53.0,37457,bright,False,8.975000000000001,5.721782207489014,1.9761552810668945,1.9761552810668945,"[1.8932498216629028, 2.054212141036987]",0.16096231937408434,True,39.698551177978516,6.938144399487743,66,66,0.0,0.0,64,20.5,-15.5,15.5,2.0,8.975000000000001,1.7431769371032715,1.8045356996131665,2.1526992321014404,4.166423797607422,0.8333333333333334,0.5303030303030303,7.480190277099609,214.23891677765755,482.0,-0.7160524362951715,2.1705087572336197,0.7601160261058738,16.621200561523438,0.012375,,
sample_00818,1,2,905195,0.027624359130859377,12.954649925231934,0.07445201277732849,174.0,54.0,35092,bright,False,9.65,4.8880720138549805,1.5224418640136719,1.5224418640136719,"[1.4741041660308838, 1.5744560480117797]",0.10035188198089595,True,57.056880950927734,11.672676014020055,61,61,0.0,0.0,64,17.0,-24.5,17.0,2.0,9.65,1.3088569641113281,1.46979471112861,1.398819923400879,2.6868515014648438,0.7049180327868853,0.3114754098360656,7.786310195922852,303.66682487908645,473.0,0.09041671364524954,1.8425535708665848,0.7131182309193225,19.709110260009766,0.01,,
sample_00819,1,2,1132516,0.0345616455078125,16.29087257385254,0.09639569371938705,169.0,86.0,38337,bright,False,9.475000000000001,8.547905921936035,2.2352819442749023,2.2352819442749023,"[2.195252776145935, 2.2808197259902956]",0.08556694984436053,True,44.001564025878906,5.1476425252833025,58,58,0.0,0.0,64,19.0,-15.5,15.5,2.5,9.475000000000001,2.1078548431396484,2.0599110455348573,2.164405345916748,3.6215265274047854,0.8620689655172413,0.5517241379310345,-7.464540958404541,156.82907441438064,721.5,1.3244092762732644,2.1769742593169212,0.7627253212573882,9.97916030883789,0.051375,,
sample_00820,1,2,1241509,0.037887847900390625,6.345241069793701,0.04120286554098129,154.0,66.0,37761,bright,False,15.4,2.517989158630371,0.5647525787353516,0.5647525787353516,"[0.507892656326294, 0.6210287094116211]",0.11313605308532715,True,28.72016143798828,11.405990903316779,60,60,0.0,0.0,64,,-32.0,32.0,1.0,15.4,0.6658611297607422,1.3441063086191813,1.3595471382141113,6.295054435729982,0.6,0.36666666666666664,13.412490844726562,388.8705117000608,592.5,-0.4785236166523678,1.9950657892040908,0.7246058944482522,21.413103103637695,0.021375,,
sample_00821,1,2,1814639,0.05537838745117187,5.811869144439697,0.03773941099643707,154.0,55.0,38207,bright,False,12.875,2.2482335567474365,0.3165168762207031,0.3165168762207031,"[0.27655954360961915, 0.35583460330963135]",0.0792750597000122,True,34.21845245361328,15.220150215673227,71,71,0.0,0.0,64,27.5,-34.0,27.5,0.5,12.875,0.3603944778442383,0.48206016379342953,0.8448123931884766,3.682149887084961,0.43661971830985913,0.2112676056338028,6.170560836791992,411.08152807302315,546.0,-0.27340926825859224,1.8383795246481895,0.705112540192926,25.995243072509766,0.020925,,
sample_00822,1,2,1795392,0.054791015625,6.144505977630615,0.03888927772641182,158.0,68.0,38181,bright,False,12.025,2.3243165016174316,0.4178009033203125,0.4178009033203125,"[0.37168476581573484, 0.4694831132888794]",0.09779834747314453,True,30.946533203125,13.314250955749834,78,79,0.012658227848101266,0.0,64,28.5,-24.5,24.5,1.0,12.025,0.6798181533813477,1.0091126331916223,0.9677624702453613,3.3446712493896467,0.48717948717948717,0.28205128205128205,9.494617462158203,344.7816838292182,484.0,-0.298431850886808,1.926787693053484,0.7244635193133048,23.0100154876709,0.0252,,
sample_00823,1,2,1585411,0.04838290405273438,5.995221138000488,0.03747013211250305,160.0,55.0,36138,bright,False,14.0,2.1421444416046143,0.18383121490478516,0.18383121490478516,"[0.13827168941497803, 0.24500505924224855]",0.10673336982727052,True,33.575439453125,15.673751405845758,72,72,0.0,0.0,64,30.0,-30.0,30.0,0.5,14.0,0.1093754768371582,0.1126696334944831,1.0231046676635742,4.188671874999999,0.5138888888888888,0.2638888888888889,10.938106536865234,448.0873751151335,467.5,0.19827888588907333,1.9239649139344692,0.7163586630195476,28.53773307800293,0.02015,,
sample_00824,1,2,2079176,0.063451416015625,12.706462860107422,0.07430680096149445,171.0,102.0,39324,bright,False,9.025,6.5777363777160645,2.2536401748657227,2.2536401748657227,"[2.1980172872543333, 2.3027262926101684]",0.10470900535583505,True,22.791526794433594,3.4649498681106032,70,70,0.0,0.0,64,15.5,-14.5,14.5,2.5,9.025,2.246123790740967,2.3122069086347308,2.246123790740967,3.496892547607422,0.9571428571428572,0.5714285714285714,4.7738237380981445,95.7675050337272,478.0,0.9983783355771148,2.2754488894715905,0.7688148381012261,7.574047088623047,0.1029,,
sample_00826,1,2,799794,0.02440777587890625,12.675654411315918,0.07873076945543289,161.0,102.0,37130,bright,False,11.5,6.817718029022217,2.052274703979492,2.052274703979492,"[1.9398710966110229, 2.154051113128662]",0.21418001651763907,True,22.37615203857422,3.282058885879644,41,41,0.0,0.0,64,21.5,-20.0,20.0,2.5,11.5,1.9956111907958984,2.452659932578482,1.9956111907958984,4.944067001342773,0.8048780487804879,0.4878048780487805,7.626256942749023,114.32441655597954,979.0,0.8190018059575314,2.2441450904589146,0.7566961580414495,8.27524185180664,0.0835,,
sample_00827,1,2,864720,0.02638916015625,13.518409729003906,0.08502144366502762,159.0,96.0,32486,bright,False,12.675,7.346924781799316,2.1057634353637695,2.1057634353637695,"[1.9845605850219727, 2.22646222114563]",0.24190163612365723,True,18.646690368652344,2.5380265788001752,33,34,0.029411764705882353,0.0,64,23.5,-21.5,21.5,3.0,12.675,1.4235363006591797,1.970965847824559,1.4235363006591797,4.271751594543457,0.6666666666666666,0.36363636363636365,8.980101585388184,111.84667992313612,1072.0,0.3930845043673462,2.1910801827907562,0.747846225104215,7.229816436767578,0.131375,,
sample_00828,1,2,713454,0.02177288818359375,12.047484397888184,0.07301505655050278,165.0,107.0,33750,bright,False,10.775,6.466433048248291,2.0589513778686523,2.0589513778686523,"[1.9306711196899413, 2.196175217628479]",0.2655040979385377,True,13.403129577636719,2.0727237841374584,28,28,0.0,0.0,64,20.5,-19.5,19.5,2.0,10.775,2.120626926422119,2.1528479712350026,2.120626926422119,4.616183280944824,0.8214285714285714,0.5714285714285714,5.661489486694336,97.14326031697539,1254.5,-0.7822208933297112,2.2306575383991003,0.7531515504708156,6.578930854797363,0.146875,,
sample_00829,1,2,1857840,0.05669677734375,12.594524383544922,0.07871577888727188,160.0,101.0,38356,bright,False,7.95,6.865038871765137,2.2348289489746094,2.2348289489746094,"[2.101187324523926, 2.368518352508545]",0.26733102798461905,True,13.913856506347656,2.0267702435849615,58,58,0.0,0.0,64,11.0,-17.5,11.0,3.0,7.95,1.7092986106872559,1.9867412961762527,1.7376279830932617,3.9319446563720706,0.7931034482758621,0.41379310344827586,7.448486328125,66.86520009072754,637.0,0.5846648824684018,2.2576456158421934,0.7660059310129546,6.266443252563477,0.16335,,
sample_00830,1,2,1069963,0.032652679443359374,12.319122314453125,0.0751165971159935,164.0,106.0,37091,bright,False,9.3,6.685047149658203,,2.8953065872192383,"[2.7775168418884277, 3.0289136171340942]",0.2513967752456665,False,12.305694580078125,1.8407790258752772,40,40,0.0,0.0,64,14.0,-15.0,14.0,3.0,9.3,2.4748477935791016,2.565245735645294,2.690345287322998,5.3626184463500985,0.85,0.65,7.843083381652832,82.21818132918281,865.0,-0.6152418901621144,2.368394300341606,0.7809671990601086,6.3425445556640625,0.165275,,
sample_00831,1,2,1753740,0.0535198974609375,12.840904235839844,0.07877855002880096,163.0,99.0,37600,bright,False,9.925,6.9837260246276855,2.275546073913574,2.275546073913574,"[2.1567697763442992, 2.3888389348983767]",0.2320691585540775,True,14.373374938964844,2.0581241143020232,58,58,0.0,0.0,64,16.5,-17.5,16.5,2.5,9.925,2.3863282203674316,2.126344853434069,2.4241085052490234,4.905229377746584,0.7758620689655172,0.5689655172413793,7.460955619812012,72.53841065278132,669.5,0.4483857074850077,2.3591369576752186,0.7824730041820112,6.857877731323242,0.15595,,
sample_00832,1,2,934145,0.028507843017578124,12.752041816711426,0.07823338359594345,163.0,103.0,36771,bright,False,9.525,6.8700103759765625,2.7002477645874023,2.7002477645874023,"[2.5997169494628904, 2.79345326423645]",0.19373631477355957,True,14.379051208496094,2.0930173932164013,31,31,0.0,0.0,64,15.5,-14.5,14.5,3.0,9.525,2.6700572967529297,2.7767746525426067,2.6700572967529297,5.010428428649902,0.9032258064516129,0.7096774193548387,6.422733306884766,94.1171402823523,1212.0,-0.6904929590479931,2.4169369861483574,0.7850539539378322,6.709453582763672,0.1608,,
sample_00833,1,,1201747,0.03667440795898438,12.170796394348145,0.07559500634670258,161.0,105.0,34067,bright,False,11.775,6.595337867736816,,1.4437952041625977,"[1.2861338615417481, 1.601101875305176]",0.31496801376342787,False,9.83026123046875,1.4904863750129596,38,38,0.0,0.0,64,19.5,-25.5,19.5,3.0,11.775,1.318863868713379,1.2394108019377057,1.7842154502868652,5.574740028381349,0.7368421052631579,0.4473684210526316,-8.806523323059082,73.20241527380176,878.0,0.43581159376516043,2.499163108295761,0.787926201186518,6.908596038818359,0.1528,,
sample_00834,1,2,1597454,0.04875042724609375,13.415321350097656,0.08490709960460663,158.0,100.0,37324,bright,False,10.275,7.359706401824951,,1.644810676574707,"[1.473271107673645, 1.8039594411849975]",0.3306883335113524,False,13.804290771484375,1.8756578072273904,50,50,0.0,0.0,64,19.5,-20.0,19.5,1.5,10.275,1.4587993621826172,1.3424545955657958,1.7561864852905273,4.697916126251221,0.72,0.48,5.783721923828125,69.92638860361863,724.0,0.3438580457392915,2.46350771933794,0.7821750217889538,6.042422294616699,0.1743,,
sample_00835,1,2,1817674,0.05547100830078125,12.727749824523926,0.08055537939071655,158.0,103.0,38498,bright,False,10.325000000000001,6.963532447814941,,2.1252899169921875,"[1.9938126802444458, 2.2423023223876952]",0.24848964214324942,False,10.701950073242188,1.5368564953840789,57,57,0.0,0.0,64,20.5,-18.5,18.5,2.0,10.325000000000001,1.7264747619628906,1.4779679231476366,2.071361541748047,4.382292366027832,0.7368421052631579,0.5263157894736842,6.810025215148926,60.346321007605226,655.0,0.34894476420262927,2.4250463396310806,0.7819337068452846,5.907711029052734,0.177225,,
sample_00836,1,2,1339382,0.04087469482421875,12.19571304321289,0.07528217881917953,162.0,106.0,36612,bright,False,11.725,6.627608299255371,,2.384183883666992,"[2.26614773273468, 2.5359700679779054]",0.2698223352432252,False,12.930389404296875,1.9509887761094207,47,47,0.0,0.0,64,28.5,-20.5,20.5,2.5,11.725,1.9374094009399414,1.788203422059404,2.3222856521606445,4.651000595092773,0.6808510638297872,0.5319148936170213,-8.57873249053955,69.11436382989193,776.0,0.6624605897917087,2.2913349606096745,0.7674981151042976,6.151917934417725,0.160125,,
sample_00837,1,2,1399648,0.0427138671875,13.194379806518555,0.08195266872644424,161.0,99.0,37023,bright,False,7.95,7.184595584869385,2.4537744522094727,2.4537744522094727,"[2.349193739891052, 2.5747989416122437]",0.22560520172119158,True,14.553764343261719,2.025690127070152,50,53,0.05660377358490566,0.0,64,11.0,-15.5,11.0,3.0,7.95,2.485294818878174,2.387569923400879,2.485294818878174,4.694282150268555,0.82,0.56,6.912738800048828,72.46092320634892,748.0,0.49469168873514824,2.243154091760516,0.7587003339679765,6.240015029907227,0.164075,,
sample_00838,1,2,1666074,0.05084454345703125,12.966580390930176,0.0810411274433136,160.0,100.0,37859,bright,False,10.75,7.0622239112854,3.532072067260742,3.532072067260742,"[3.3364068031311036, 3.7132158756256106]",0.376809072494507,True,14.611282348632812,2.068935017096251,56,56,0.0,0.0,64,21.5,-15.0,15.0,4.0,10.75,3.1850266456604004,2.9785654970577786,3.3109421730041504,5.989254951477051,0.8571428571428571,0.6785714285714286,9.067401885986328,71.20386264162,654.5,0.5810831621852177,2.4261329509317875,0.7817788399431598,6.364284038543701,0.170625,,
sample_00839,1,2,1185069,0.036165435791015624,13.54436206817627,0.08360717445611954,162.0,95.0,34866,bright,False,11.775,7.369513511657715,3.0304431915283203,3.0304431915283203,"[2.9055230617523193, 3.1687021255493164]",0.26317906379699707,True,15.997245788574219,2.170732947740503,42,42,0.0,0.0,64,21.5,-19.5,19.5,3.0,11.775,3.0942540168762207,2.5256089255923317,3.181135654449463,4.673967552185059,0.8333333333333334,0.6428571428571429,7.401430130004883,93.68265207368201,879.5,0.49760473047808484,2.4021011479198933,0.7840894690153339,7.109555721282959,0.13935,,
sample_00840,1,2,1227011,0.037445404052734374,13.595200538635254,0.08239515125751495,165.0,101.0,38350,bright,False,9.975000000000001,7.465667724609375,2.494269371032715,2.494269371032715,"[2.412441301345825, 2.6014376401901247]",0.18899633884429967,True,16.037200927734375,2.148126801152738,48,48,0.0,0.0,64,17.0,-15.5,15.5,3.0,9.975000000000001,2.426845073699951,2.3037106096744537,2.540215015411377,5.615843296051025,0.875,0.7083333333333334,6.740474700927734,80.30143518153906,775.5,-0.4939244010072544,2.365850754082203,0.7812441152470027,6.448101997375488,0.16295,,
sample_00841,1,2,477707,0.014578460693359375,13.228683471679688,0.08066270500421524,164.0,105.0,36357,bright,False,8.850000000000001,7.329375267028809,,2.3760948181152344,"[2.1807996034622192, 2.5718959093093874]",0.39109630584716815,False,6.46307373046875,0.8818041777097817,26,27,0.037037037037037035,0.0,64,20.0,-13.0,13.0,3.0,8.850000000000001,1.7837047576904297,1.250903423015888,2.8905186653137207,5.324924468994141,0.8846153846153846,0.6538461538461539,5.492205619812012,92.64784069714256,1395.5,0.3833805294867158,2.5430168602615595,0.8000587582424756,6.42282772064209,0.1701,,
sample_00842,1,2,1374751,0.041954071044921874,13.583982467651367,0.08437256515026093,161.0,103.0,37363,bright,False,10.1,7.499733924865723,,2.2139225006103516,"[1.9853363275527953, 2.421834635734558]",0.4364983081817626,False,8.411422729492188,1.1215628199293468,46,46,0.0,0.0,64,18.0,-19.5,18.0,2.0,10.1,0.8563957214355469,0.7450551883034084,1.982922077178955,3.6212258338928223,0.782608695652174,0.5,6.525304794311523,49.889179551404396,734.5,0.031422729905084656,2.508381448686123,0.7978430619559652,5.559028625488281,0.2055,,
sample_00843,1,2,1843102,0.05624700927734375,12.960049629211426,0.08049720525741577,161.0,103.0,37830,bright,False,10.1,7.125366687774658,,1.8847589492797852,"[1.7570850849151611, 2.0056586980819704]",0.24857361316680926,False,9.858741760253906,1.383611846555074,62,62,0.0,0.0,64,18.0,-19.0,18.0,2.0,10.1,1.6947541236877441,1.9444917632687477,1.8370909690856934,4.622633838653563,0.8225806451612904,0.45161290322580644,9.31527328491211,53.06496672904423,579.5,0.34051761737682085,2.340074025094509,0.7736916548797736,5.872369766235352,0.17335,,
sample_00844,1,2,1016542,0.03102239990234375,13.837577819824219,0.0848931148648262,163.0,100.0,36650,bright,False,9.525,7.569373607635498,2.3067684173583984,2.3067684173583984,"[2.1647345304489134, 2.4615830898284914]",0.296848559379578,True,16.437957763671875,2.1716404309981896,42,42,0.0,0.0,64,14.5,-24.5,14.5,3.0,9.525,2.1371803283691406,2.0329149337041947,2.214967727661133,4.010084724426269,0.7857142857142857,0.5476190476190477,6.6817626953125,89.57770131741285,860.5,0.6505521347490958,2.2854555808007717,0.7654649543555624,6.736604690551758,0.147725,,
sample_00845,1,2,1790199,0.05463253784179688,13.385717391967773,0.08262788504362106,162.0,95.0,36448,bright,False,11.825000000000001,7.2377448081970215,3.140721321105957,3.140721321105957,"[2.9701709747314453, 3.322017550468445]",0.3518465757369995,True,17.65240478515625,2.438937162465887,67,67,0.0,0.0,64,21.0,-18.5,18.5,3.5,11.825000000000001,2.570218086242676,2.5869056217706023,2.677663803100586,5.649615287780762,0.8059701492537313,0.6417910447761194,-9.025321960449219,72.8539276679458,516.0,0.5855232692166985,2.3376576229929924,0.7734131359269176,7.462597846984863,0.127575,,
sample_00846,1,2,901904,0.02752392578125,14.062357902526855,0.08574608713388443,164.0,97.0,36766,bright,False,9.7,7.578134059906006,1.9114274978637695,1.9114274978637695,"[1.8273449897766114, 2.0167941093444823]",0.18944911956787092,True,20.50031280517578,2.705192682409481,38,40,0.05,0.0,64,33.0,-16.0,16.0,2.5,9.7,1.895761489868164,2.3534511014034876,1.895761489868164,4.902505207061771,0.7105263157894737,0.47368421052631576,6.347472190856934,105.14611663351161,891.5,0.6044035518272144,2.1715851426124573,0.7529771086567533,7.636800765991211,0.127475,,
sample_00847,1,2,1797078,0.05484246826171875,13.865274429321289,0.08352574706077576,166.0,101.0,38008,bright,False,11.325000000000001,7.613005638122559,2.658074378967285,2.658074378967285,"[2.5093765258789062, 2.792236018180847]",0.28285949230194074,True,15.960502624511719,2.096478497873244,61,61,0.0,0.0,64,22.0,-18.5,18.5,3.0,11.325000000000001,2.7137155532836914,2.7341836710445215,2.9850234985351562,5.305480003356934,0.8524590163934426,0.6721311475409836,8.113057136535645,65.7960409929202,583.0,-0.5664614730777157,2.396153099834919,0.7821178098562758,6.605757713317871,0.157975,,
sample_00848,1,2,1187578,0.03624200439453125,12.103487968444824,0.07036911696195602,172.0,117.0,39250,bright,False,10.7,6.495944499969482,,3.4782276153564453,"[2.8545952081680297, 4.054439830780029]",1.1998446226119994,False,8.779136657714844,1.351479628213586,41,42,0.023809523809523808,0.0,64,16.0,-19.0,16.0,3.5,10.7,1.1757659912109375,1.4553830565475836,3.023491859436035,8.261462211608887,0.6829268292682927,0.5121951219512195,9.951821327209473,81.29116690693141,1079.0,0.5130660073951387,2.397488556802273,0.7716437459070072,5.60200309753418,0.201975,,
sample_00850,1,2,1781488,0.05436669921875,12.573160171508789,0.0748402401804924,168.0,113.0,39380,bright,False,7.525,6.737220764160156,0.4350733757019043,0.4350733757019043,"[0.34859892129898074, 0.5120652675628662]",0.16346634626388545,True,14.916313171386719,2.2140157927934765,56,58,0.034482758620689655,0.0,64,20.5,-14.5,14.5,1.0,7.525,0.23537158966064453,0.7293238724981036,0.9031252861022949,4.5915937423706055,0.4642857142857143,0.19642857142857142,6.3583807945251465,77.45371775693624,613.5,0.2736741009196628,2.0526482332497835,0.7392587128895445,6.310641288757324,0.1512,,
sample_00851,1,2,1794786,0.05477252197265625,13.550494194030762,0.07924265414476395,171.0,109.0,39436,bright,False,6.3500000000000005,7.291301250457764,0.10365819931030273,0.10365819931030273,"[0.024949872493743898, 0.17153332233428958]",0.1465834498405457,True,16.249038696289062,2.228551274749334,49,49,0.0,0.0,64,15.0,-13.0,13.0,0.5,6.3500000000000005,0.023461341857910156,-0.08747944539907027,0.9405145645141602,2.2003503322601325,0.46938775510204084,0.20408163265306123,-3.800882577896118,78.85629626010795,790.0,0.03049659952842895,2.09399776160717,0.7425892316999395,6.8662567138671875,0.123925,,
sample_00852,1,2,1555090,0.04745758056640625,12.460023880004883,0.07886090874671936,158.0,88.0,37789,bright,False,9.025,6.452774524688721,1.7695417404174805,1.7695417404174805,"[1.6812217712402344, 1.8703167676925658]",0.1890949964523314,True,23.286354064941406,3.608735122519213,59,59,0.0,0.0,64,30.0,-14.5,14.5,2.5,9.025,1.5567398071289062,1.873081433570991,1.564387321472168,4.16332778930664,0.6949152542372882,0.3898305084745763,6.659427642822266,112.71675659003039,611.0,0.7451324134555698,2.2538939777296036,0.7648671380953864,9.5509033203125,0.07985,,
sample_00853,1,2,1940721,0.059226104736328125,19.04839324951172,0.10701344162225723,178.0,104.0,39165,bright,False,8.350000000000001,10.795594215393066,1.9890146255493164,1.9890146255493164,"[1.929896640777588, 2.0545543909072874]",0.12465775012969948,True,24.451766967773438,2.2649764783589683,54,54,0.0,0.0,64,17.0,-13.0,13.0,2.5,8.350000000000001,2.0391035079956055,1.808055595115379,2.0719032287597656,3.2219170570373548,0.9074074074074074,0.5370370370370371,-5.302364349365234,63.55314252511979,638.5,-0.6173103458294288,2.257054705172777,0.7620869033047736,6.159269332885742,0.200375,,
sample_00854,1,2,1191816,0.036371337890625,12.659710884094238,0.07072464376688004,179.0,59.0,39386,bright,False,6.95,4.594408988952637,1.7692251205444336,1.7692251205444336,"[1.7221638679504394, 1.8143357515335083]",0.09217188358306894,True,29.525222778320312,6.42633750049558,41,41,0.0,0.0,64,37.0,-11.0,11.0,2.0,6.95,1.829054832458496,1.8551087495757312,1.829054832458496,2.934506416320801,0.8536585365853658,0.3902439024390244,3.7232160568237305,239.46216441858547,955.0,-0.667352834141276,2.25421275338158,0.766898563052526,18.502906799316406,0.031775,,
sample_00856,1,2,1970828,0.0601448974609375,12.953705787658691,0.05681449919939041,228.0,133.0,37285,bright,False,11.325000000000001,6.34145975112915,3.014115333557129,3.014115333557129,"[2.955425500869751, 3.0777421236038207]",0.12231662273406974,True,41.10565948486328,6.482050048105102,80,82,0.024390243902439025,0.0,64,27.5,-18.5,18.5,3.0,11.325000000000001,2.805452346801758,2.9732553124427796,2.919501781463623,6.907986450195313,0.9375,0.7375,-10.27254581451416,186.1642324077974,425.5,1.1566648333027056,2.3782333433628082,0.7818607162137844,13.582457542419434,0.079825,,
sample_00857,1,2,5060997,0.15444937133789063,10.898527145385742,0.05368732661008835,203.0,134.0,37940,bright,False,9.7,5.686425685882568,2.3673248291015625,2.3673248291015625,"[2.2636991262435915, 2.448766851425171]",0.18506772518157932,True,16.66168212890625,2.9300799921243064,102,108,0.05555555555555555,0.0,64,18.5,-16.0,16.0,2.5,9.7,2.206707000732422,2.0037534564149144,2.3162240982055664,5.058006763458252,0.8137254901960784,0.5588235294117647,9.068926811218262,70.53601644956635,327.5,0.6518547369530828,2.342523403465748,0.7707238172260412,9.036125183105469,0.1142,,
sample_00858,1,2,3758520,0.114700927734375,11.508061408996582,0.056412067264318466,204.0,139.0,38284,bright,False,7.9750000000000005,5.820711135864258,1.1278882026672363,1.1278882026672363,"[1.0356258392333983, 1.2350894451141357]",0.1994636058807373,True,15.271240234375,2.623603865218701,92,94,0.02127659574468085,0.0,64,16.5,-15.5,15.5,1.0,7.9750000000000005,0.9380125999450684,0.6964199283848638,1.389772891998291,4.252602767944336,0.717391304347826,0.391304347826087,6.621057033538818,78.9335656931436,400.5,-0.22530485504684528,2.3027822226285934,0.7711303732531399,9.391258239746094,0.113225,,
sample_00859,1,2,1889056,0.0576494140625,11.938467025756836,0.05712185055017471,209.0,141.0,34818,bright,False,7.075,6.187749862670898,0.5385136604309082,0.5385136604309082,"[0.47413471937179563, 0.6106237888336181]",0.1364890694618225,True,16.380020141601562,2.647169084907263,58,59,0.01694915254237288,0.0,64,15.5,-13.5,13.5,1.0,7.075,0.6969642639160156,0.605599650021257,1.9003989696502686,3.095023345947266,0.7241379310344828,0.4482758620689655,6.25221061706543,92.42047144076133,477.5,-0.22247790827608113,2.088626839220524,0.731262000349101,9.225272178649902,0.1158,,
sample_00860,1,2,3232212,0.0986392822265625,11.101114273071289,0.05522942543029785,201.0,141.0,38468,bright,False,8.75,5.964859962463379,2.011056900024414,2.011056900024414,"[1.9115070104599, 2.096462059020996]",0.184955048561096,True,11.949066162109375,2.003243368210547,68,72,0.05555555555555555,0.0,64,26.0,-15.0,15.0,2.0,8.75,1.3171358108520508,1.0923736516167135,1.9044113159179688,4.9381184577941895,0.7058823529411765,0.5,-7.187107086181641,69.02875788767713,510.0,-0.45192288303314965,2.3341187611222267,0.7655872225071434,7.6380295753479,0.1429,,
sample_00861,1,2,2205007,0.06729147338867188,11.213180541992188,0.05469844117760658,205.0,137.0,35097,bright,False,11.65,5.585556507110596,3.4125003814697266,3.4125003814697266,"[3.339745879173279, 3.4971651792526246]",0.1574193000793458,True,22.553482055664062,4.037821840483172,59,60,0.016666666666666666,0.0,64,17.0,-17.5,17.0,4.0,11.65,3.373441696166992,2.8424749859308793,3.405900001525879,5.36490058898926,0.864406779661017,0.7627118644067796,-7.660880088806152,129.42830027041305,589.0,-0.9280972239836248,2.4295221380889416,0.7808072609208973,10.077596664428711,0.1052,,
sample_00862,1,2,2327329,0.07102444458007813,12.08523178100586,0.0586661733686924,206.0,138.0,36329,bright,False,10.325000000000001,6.0045342445373535,1.6191062927246094,1.6191062927246094,"[1.555253028869629, 1.6795195817947388]",0.12426655292510991,True,30.248374938964844,5.037588879850825,88,88,0.0,0.0,64,20.0,-18.5,18.5,2.0,10.325000000000001,1.8242840766906738,1.6957213878631592,1.8898406028747559,4.716998863220214,0.7045454545454546,0.42045454545454547,-8.374600410461426,122.5652546018378,419.5,-0.6657765134186746,2.100861396640539,0.741383846356222,10.952739715576172,0.078375,,
sample_00863,1,2,2165697,0.06609182739257813,15.013212203979492,0.06255505234003067,240.0,101.0,34728,bright,False,11.775,7.579288005828857,2.6620426177978516,2.6620426177978516,"[2.5884101390838623, 2.7406473636627195]",0.15223722457885724,True,44.762046813964844,5.905837959916625,85,86,0.011627906976744186,0.0,64,38.0,-19.5,19.5,3.0,11.775,2.9510669708251953,3.0149647320018094,3.045041084289551,6.766962051391602,0.8352941176470589,0.6588235294117647,9.956527709960938,146.8788060481335,361.0,1.0364224384534995,2.315145656466484,0.7645184499948607,13.102989196777344,0.060625,,
sample_00864,1,2,1336784,0.04079541015625,14.977861404418945,0.06598176807165146,227.0,118.0,34145,bright,False,10.425,7.779000759124756,2.478351593017578,2.478351593017578,"[2.3775683879852294, 2.552447295188904]",0.1748789072036745,True,23.17517852783203,2.9791973603611726,57,58,0.017241379310344827,0.0,64,25.0,-16.5,16.5,3.0,10.425,2.5380382537841797,2.433566921635678,2.648106575012207,5.9786993026733395,0.8421052631578947,0.6140350877192983,-8.54228401184082,119.02626318419111,550.0,0.5799664250108749,2.2911777906119823,0.7584202016031927,10.851476669311523,0.09125,,
sample_00865,1,2,2159634,0.06590679931640625,12.55919075012207,0.05734790116548538,219.0,127.0,38507,bright,False,9.8,6.319781303405762,3.292997360229492,3.292997360229492,"[3.1919686079025267, 3.3807310342788695]",0.18876242637634277,True,18.639785766601562,2.9494352528554253,63,68,0.07352941176470588,0.0,64,16.0,-14.0,14.0,3.5,9.8,2.521090507507324,1.6941080471825978,3.193253517150879,6.969975852966312,0.9047619047619048,0.7777777777777778,-8.545540809631348,110.45788753289315,502.0,-0.5625847073107884,2.5814097225666046,0.8013895456694918,9.13467025756836,0.1325,,
sample_00866,1,2,896183,0.027349334716796875,11.412564277648926,0.05332973971962929,214.0,114.0,32748,bright,False,11.55,5.432497501373291,2.7107486724853516,2.7107486724853516,"[2.6455620527267456, 2.7624080181121826]",0.11684596538543701,True,51.54168701171875,9.487659589109693,40,40,0.0,0.0,64,28.0,-19.0,19.0,3.0,11.55,3.194821834564209,3.3472422122955323,3.194821834564209,7.3447208404541025,0.75,0.6,8.77283000946045,349.35260649751626,830.5,1.1125052100545647,2.000848114141263,0.7164425572068884,16.36353302001953,0.033675,,
sample_00867,1,2,3404146,0.10388629150390626,11.50582218170166,0.05351545289158821,215.0,129.0,37530,bright,False,13.675,5.822501182556152,3.70773983001709,3.70773983001709,"[3.6371896266937256, 3.774466133117676]",0.13727650642395028,True,39.001991271972656,6.698494349613903,98,98,0.0,0.0,64,26.5,-21.5,21.5,4.0,13.675,2.9442367553710938,3.2378377817115007,2.988917350769043,6.605450439453124,0.9183673469387755,0.7959183673469388,9.79314136505127,137.43465960018722,358.0,1.1897425698070025,2.4588946532458067,0.7908626152073732,12.123994827270508,0.074875,,
sample_00868,1,2,2625254,0.08011639404296875,14.372794151306152,0.06090167164802551,236.0,103.0,36383,bright,False,12.675,7.132513999938965,3.03684139251709,3.03684139251709,"[2.9847628355026243, 3.092991352081299]",0.1082285165786745,True,72.96504211425781,10.229919228322888,95,95,0.0,0.0,64,27.0,-21.5,21.5,3.0,12.675,2.7915964126586914,3.2996445204082288,2.7915964126586914,6.065327644348145,0.9157894736842105,0.7263157894736842,8.324408531188965,230.0881073732071,326.0,1.4668381510813675,2.2541041714139283,0.7633361836479642,16.731449127197266,0.024725,,
sample_00869,1,2,2441408,0.074505859375,13.644187927246094,0.061460305005311966,222.0,127.0,36082,bright,False,14.4,6.909257888793945,3.9381256103515625,3.9381256103515625,"[3.845180320739746, 4.029901647567749]",0.18472132682800346,True,33.56128692626953,4.857437291594259,84,84,0.0,0.0,64,25.0,-22.0,22.0,4.5,14.4,3.4916601181030273,3.2354119278135753,3.8791980743408203,7.573243141174318,0.8690476190476191,0.7738095238095238,-12.576001167297363,133.9175755207221,381.0,1.0091583594052256,2.531014209613204,0.7916651876042738,11.104829788208008,0.09485,,
sample_00870,1,2,1955104,0.0596650390625,14.571146965026855,0.06419007480144501,227.0,123.0,37289,bright,False,10.875,7.307216167449951,2.8432540893554688,2.8432540893554688,"[2.7844115257263184, 2.9038989305496217]",0.11948740482330322,True,34.64884948730469,4.741730461136246,72,72,0.0,0.0,64,25.0,-17.5,17.5,3.0,10.875,2.7461633682250977,2.6994911564721003,2.7492752075195312,5.84065990447998,0.8333333333333334,0.6666666666666666,8.644052505493164,164.3152979353037,522.5,-1.0553303628403143,2.4371059723198414,0.7852139019247772,12.630596160888672,0.068125,,
sample_00871,1,2,3160623,0.09645455932617188,15.440526962280273,0.06328085064888,244.0,119.0,37727,bright,False,11.275,7.351709365844727,1.9680938720703125,1.9680938720703125,"[1.921800684928894, 2.0104801654815674]",0.08867948055267338,True,55.349151611328125,7.528745881668622,98,99,0.010101010101010102,0.0,64,20.0,-19.5,19.5,2.5,11.275,1.7504777908325195,2.1576890848120867,1.7504777908325195,4.758572196960449,0.7653061224489796,0.3979591836734694,9.148921966552734,178.14687732382043,349.0,0.9880396339898275,2.0357580110430717,0.7308485942739231,15.460169792175293,0.0357,,
sample_00872,1,2,2163078,0.06601190185546875,13.051823616027832,0.057751432061195374,226.0,108.0,35265,bright,False,14.35,6.2161865234375,4.075922012329102,4.075922012329102,"[4.006959247589111, 4.138460731506347]",0.13150148391723615,True,50.28289794921875,8.08902656952654,91,91,0.0,0.0,64,30.0,-23.0,23.0,4.0,14.35,4.227083206176758,4.1743976676857075,4.379573822021484,7.580833435058594,0.945054945054945,0.8461538461538461,11.298004150390625,204.4778154567703,368.0,1.4747395384338706,2.544613115489483,0.7959335114277234,15.120918273925781,0.060175,,
sample_00873,1,2,1372676,0.0418907470703125,16.068300247192383,0.06779873371124268,237.0,137.0,36648,bright,False,7.8500000000000005,7.647895336151123,1.79868745803833,1.79868745803833,"[1.7163666248321534, 1.900591826438904]",0.1842252016067505,True,21.243064880371094,2.777635407738447,52,54,0.037037037037037035,0.0,64,13.0,-14.5,13.0,2.0,7.8500000000000005,1.125776767730713,0.9554786819678086,1.9723923206329346,4.537153100967407,0.7692307692307693,0.46153846153846156,6.632045269012451,129.95576211729252,705.0,-0.5043857399972554,2.3067697137594223,0.7678938004653072,10.904809951782227,0.083,,
sample_00874,1,2,2300401,0.07020266723632812,14.832975387573242,0.06338878720998764,234.0,118.0,36317,bright,False,11.775,7.398458957672119,2.8462047576904297,2.8462047576904297,"[2.773369550704956, 2.917053294181824]",0.14368374347686785,True,41.12983703613281,5.559243792720054,88,88,0.0,0.0,64,26.0,-19.5,19.5,3.0,11.775,2.9406657218933105,2.875985253940929,2.9406657218933105,5.793724632263183,0.8977272727272727,0.6590909090909091,8.077079772949219,145.55089257030778,384.0,-0.9981997075653889,2.3332618065178394,0.7738838214114259,12.831791877746582,0.056125,,
sample_00875,1,2,1516694,0.04628582763671875,19.685731887817383,0.10936518013477325,180.0,57.0,37066,bright,False,10.475000000000001,14.354571342468262,3.182861328125,3.182861328125,"[3.1077952146530152, 3.2627944469451906]",0.15499923229217538,True,36.3043212890625,2.529112184747412,63,63,0.0,0.0,64,25.5,-15.5,15.5,3.5,10.475000000000001,3.102445602416992,2.8066198560926647,3.1333751678466797,4.839043426513673,0.8888888888888888,0.7619047619047619,9.515251159667969,73.5828390538842,574.0,1.247400108480157,2.5159829668700695,0.797821560147365,6.109207630157471,0.14335,,
sample_00877,1,2,1400938,0.04275323486328125,18.582317352294922,0.10741224139928818,173.0,65.0,35965,bright,False,13.575000000000001,12.722694396972656,2.548691749572754,2.548691749572754,"[2.4693885803222657, 2.618474340438843]",0.14908576011657715,True,46.161128997802734,3.628251025882277,61,61,0.0,0.0,64,23.5,-31.0,23.5,3.0,13.575000000000001,2.573472023010254,2.6319960140791094,2.573472023010254,4.125731468200684,0.8852459016393442,0.6557377049180327,6.421149253845215,99.94833715658861,543.0,-1.331872708304188,2.238963627256453,0.7615353956525738,7.135318756103516,0.097925,,
sample_00878,1,2,2795689,0.08531765747070312,17.01751136779785,0.10010300576686859,170.0,55.0,35481,bright,False,14.25,11.782106399536133,2.006519317626953,2.006519317626953,"[1.9254395961761475, 2.096054029464722]",0.1706144332885744,True,47.89899444580078,4.065401620179443,104,104,0.0,0.0,64,30.0,-25.0,25.0,3.0,14.25,1.9209938049316406,2.4574361947866588,1.9209938049316406,5.300290298461914,0.7980769230769231,0.4807692307692308,7.646476745605469,78.34069657055127,312.5,1.1672382084650215,1.98521470092237,0.721902416499923,7.803960800170898,0.075975,,
sample_00879,1,2,1737825,0.053034210205078126,19.129072189331055,0.1074666976928711,178.0,60.0,34167,bright,False,10.875,12.75573444366455,2.577625274658203,2.577625274658203,"[2.524125361442566, 2.637933778762817]",0.11380841732025138,True,49.378089904785156,3.8710503203764954,72,72,0.0,0.0,64,17.5,-25.0,17.5,3.0,10.875,2.5856199264526367,2.7643663353390164,2.5856199264526367,4.553693485260009,0.9722222222222222,0.6944444444444444,6.027107238769531,91.7111527083944,433.0,0.2776164012997949,2.2119875513017178,0.7621435383148245,7.144974708557129,0.0978,,
sample_00880,1,2,2844304,0.08680126953125,16.89345932006836,0.09879215806722641,171.0,50.0,38563,bright,False,5.4,11.452367782592773,0.4940485954284668,0.4940485954284668,"[0.42442803382873534, 0.56429123878479]",0.1398632049560547,True,32.25505828857422,2.8164532349022933,100,104,0.038461538461538464,0.0,64,12.0,-15.5,12.0,0.0,5.4,0.3355557918548584,0.46381378412246704,1.0598716735839844,2.651044487953187,0.52,0.23,4.270252704620361,68.09898787784795,316.0,-0.2782405974078705,2.0567049384117126,0.7419898321116103,8.645174026489258,0.05665,,
sample_00881,1,2,529758,0.03157603740692139,18.48270034790039,0.10683641582727432,173.0,57.0,36778,bright,False,13.475,13.159611701965332,1.2139387130737305,1.2139387130737305,"[1.1064965724945068, 1.3106974363327026]",0.2042008638381958,True,41.48716735839844,3.152613336775165,36,36,0.0,0.0,64,35.5,-25.5,25.5,2.0,13.475,1.13856840133667,1.8793198002709284,1.2881255149841309,5.529394149780273,0.5833333333333334,0.3333333333333333,8.236894607543945,125.33681974286078,932.5,0.8713716839877585,2.061070693656802,0.7359348968345508,7.123361587524414,0.098025,,
sample_00882,1,2,733176,0.0437006950378418,19.70256233215332,0.11007018387317657,179.0,65.0,37489,bright,False,8.850000000000001,13.671276092529297,2.665454864501953,2.665454864501953,"[2.5863070487976074, 2.74075129032135]",0.1544442415237426,True,41.245513916015625,3.0169468919257905,37,37,0.0,0.0,64,13.0,-15.0,13.0,3.0,8.850000000000001,2.760470390319824,3.209057060447899,2.760470390319824,5.196987152099608,0.9459459459459459,0.7837837837837838,8.26748275756836,107.02312665224747,994.0,1.206549950493405,2.3713703006505966,0.7704345037678371,6.747956275939941,0.13415,,
sample_00883,1,2,490743,0.02925056219100952,19.834930419921875,0.11399385333061218,174.0,73.0,36603,bright,False,9.3,13.571037292480469,2.3523683547973633,2.3523683547973633,"[2.2521368265151978, 2.4289607763290406]",0.17682394981384286,True,30.62808609008789,2.256871411521248,28,28,0.0,0.0,64,20.0,-14.0,14.0,3.0,9.3,2.2357821464538574,2.5787184919629778,2.2357821464538574,4.7786451339721685,0.8214285714285714,0.6071428571428571,7.765040397644043,87.75559370125626,1034.5,-0.8732173087376816,2.1811548359692097,0.7535514018691589,6.320154190063477,0.145875,,
sample_00884,1,2,839296,0.05002593994140625,19.39756965637207,0.1095907911658287,177.0,58.0,35327,bright,False,12.55,13.549385070800781,3.1758251190185547,3.1758251190185547,"[3.0579474687576296, 3.3095354318618773]",0.2515879631042477,True,37.94652557373047,2.800608690021369,51,51,0.0,0.0,64,28.0,-19.0,19.0,4.0,12.55,2.5852527618408203,2.8886201708924535,2.7810258865356445,5.556672096252441,0.8823529411764706,0.7450980392156863,8.897904396057129,89.26979529119393,683.0,-1.154184431123209,2.3818964809179306,0.7756941369932325,6.74261474609375,0.120625,,
sample_00885,1,2,1521662,0.04643743896484375,18.22186851501465,0.10412496328353882,175.0,54.0,38326,bright,False,13.25,12.771051406860352,1.2551937103271484,1.2551937103271484,"[1.1995770931243896, 1.3078267335891725]",0.1082496404647828,True,54.96297836303711,4.30371600677389,75,75,0.0,0.0,64,27.5,-25.0,25.0,2.0,13.25,1.317129135131836,1.512094841003418,1.317129135131836,3.163534927368165,0.5733333333333334,0.24,7.700864791870117,100.76390024687865,488.0,1.0431028613562439,1.8814248517155647,0.7104878848389116,7.960095405578613,0.055075,,
sample_00886,1,2,1520334,0.04639691162109375,16.465526580810547,0.09742914885282516,169.0,51.0,37566,bright,False,15.475,11.821310043334961,3.400615692138672,3.400615692138672,"[3.3332833290100097, 3.489989423751831]",0.1567060947418213,True,53.44178771972656,4.520800784669198,85,85,0.0,0.0,64,,-25.5,25.5,4.0,15.475,3.337291717529297,3.6135251998901365,3.4327659606933594,6.203263092041016,0.9882352941176471,0.9411764705882353,8.262468338012695,106.6517671582612,379.0,1.6920501561177015,2.4816925060003996,0.7944514901712112,7.578623294830322,0.06485,,
sample_00887,1,2,1258092,0.0383939208984375,17.055299758911133,0.09801896661520004,174.0,51.0,36845,bright,False,9.7,10.97563362121582,2.1171817779541016,2.1171817779541016,"[2.0757018089294434, 2.15811710357666]",0.08241529464721653,True,54.099700927734375,4.929073144639235,58,58,0.0,0.0,64,16.0,-30.5,16.0,2.5,9.7,2.224503993988037,1.9398867261820827,2.2520670890808105,3.6664610862731934,0.896551724137931,0.5862068965517241,-9.038155555725098,125.45366331427138,622.0,-1.3722197892070556,2.079958751797676,0.7460153617292571,8.649489402770996,0.065475,,
sample_00888,1,2,1594808,0.048669677734375,17.26609230041504,0.09866338223218918,175.0,50.0,36227,bright,False,14.525,12.041529655456543,2.8736343383789062,2.8736343383789062,"[2.8012766361236574, 2.94622220993042]",0.14494557380676243,True,48.612091064453125,4.037036195183464,90,90,0.0,0.0,64,,-24.5,24.5,3.5,14.525,2.91957950592041,3.2287134064568415,2.91957950592041,5.676756477355959,0.9333333333333333,0.7555555555555555,10.146602630615234,92.2874992987013,338.5,-0.8781429470504649,2.3443137407302856,0.7787706054537051,8.19965934753418,0.0621,,
sample_00889,1,2,926844,0.0282850341796875,17.21333885192871,0.09892723709344864,174.0,55.0,38399,bright,False,9.05,11.532025337219238,0.5148153305053711,0.5148153305053711,"[0.46227402687072755, 0.5580833196640015]",0.09580929279327394,True,39.1873779296875,3.398134914186453,49,49,0.0,0.0,64,19.0,-21.0,19.0,0.5,9.05,0.33570384979248047,0.36364119393484934,1.101977825164795,2.440736198425294,0.5306122448979592,0.16326530612244897,4.4109649658203125,108.64199424091169,742.0,0.18683048466904972,1.9429433792829514,0.719951852504257,7.888027191162109,0.093975,,
sample_00890,1,2,1701181,0.051915924072265626,17.938451766967773,0.10250543802976608,175.0,52.0,35087,bright,False,15.200000000000001,13.25914192199707,2.9571714401245117,2.9571714401245117,"[2.8938132762908935, 3.027206039428711]",0.13339276313781756,True,52.87318420410156,3.9876776728955843,70,70,0.0,0.0,64,32.5,-26.0,26.0,3.5,15.200000000000001,2.7250633239746094,3.0731388228280205,2.7250633239746094,5.03772029876709,0.9714285714285714,0.7857142857142857,6.494790077209473,102.02317512861413,506.5,1.231454685145734,2.3741677328944206,0.7783096577663112,7.313997745513916,0.08765,,
sample_00891,1,2,790194,0.02411480712890625,19.585411071777344,0.10702410340309143,183.0,58.0,37235,bright,False,10.15,13.935593605041504,1.9027118682861328,1.9027118682861328,"[1.8420352697372437, 1.9598059892654418]",0.11777071952819806,True,45.760711669921875,3.283728915097448,40,40,0.0,0.0,64,33.0,-17.0,17.0,2.5,10.15,1.8103790283203125,2.284626603126526,1.8103790283203125,4.147657203674316,0.725,0.4,8.197601318359375,114.66441441390381,1024.0,-1.22189998318252,2.1053553447127342,0.7440057073730575,6.961007118225098,0.0907,,
sample_00892,1,2,2192074,0.06689678955078125,17.058103561401367,0.09860175102949142,173.0,51.0,36935,bright,False,10.55,12.260078430175781,1.5722532272338867,1.5722532272338867,"[1.5016772985458373, 1.6315521478652955]",0.12987484931945814,True,43.961090087890625,3.58571034747127,88,88,0.0,0.0,64,23.5,-19.0,19.0,2.0,10.55,2.0689172744750977,1.827384049242193,2.156554698944092,4.071337604522705,0.8181818181818182,0.5568181818181818,8.9401273727417,89.79127089851522,370.5,0.900444946741153,2.1870257295668125,0.7573913043478261,8.238424301147461,0.05825,,
sample_00893,1,2,2084209,0.06360501098632812,18.837247848510742,0.10523602366447449,179.0,53.0,36218,bright,False,11.1,13.152275085449219,2.715451240539551,2.715451240539551,"[2.6704956531524657, 2.7592846632003782]",0.08878901004791251,True,56.63022994995117,4.305736428262742,91,91,0.0,0.0,64,37.0,-18.0,18.0,3.0,11.1,2.7138051986694336,2.6832250972370524,2.7138051986694336,4.117836952209473,0.9340659340659341,0.7582417582417582,5.606941223144531,88.04289836869098,341.0,-1.5997234436249765,2.308620985597372,0.774404385410078,7.479756832122803,0.074175,,
sample_00894,1,2,2872191,0.08765231323242187,17.609773635864258,0.10358690470457077,170.0,61.0,36650,bright,False,14.200000000000001,11.835143089294434,1.8281736373901367,1.8281736373901367,"[1.7510112524032593, 1.9012701988220215]",0.15025894641876225,True,41.73661804199219,3.5264988118094958,105,105,0.0,0.0,64,35.0,-26.0,26.0,2.5,14.200000000000001,1.860814094543457,2.1432964324951174,1.8863325119018555,5.151847648620607,0.7619047619047619,0.4380952380952381,-8.740474700927734,71.87972084383038,302.0,1.0197430259093985,2.0506833344697952,0.7321390028059572,7.438863754272461,0.09805,,
sample_00895,1,2,2074469,0.06330776977539063,16.335981369018555,0.09782024472951889,167.0,51.0,37170,bright,False,10.7,11.245050430297852,2.8987979888916016,2.8987979888916016,"[2.8467886447906494, 2.9551587104797363]",0.10837006568908691,True,48.27156066894531,4.29269401397133,83,83,0.0,0.0,64,32.0,-16.0,16.0,3.5,10.7,2.9077329635620117,2.896564701953566,2.9077329635620117,4.460914611816406,0.9397590361445783,0.7710843373493976,7.382002830505371,98.48980952245032,372.0,1.5080930025616244,2.4632605221122503,0.7965837541300418,8.162729263305664,0.078775,,
sample_00896,1,2,2420344,0.073863037109375,17.480703353881836,0.10343611240386963,169.0,55.0,36213,bright,False,11.225,12.425761222839355,1.5983686447143555,1.5983686447143555,"[1.5319741725921632, 1.6494203329086303]",0.11744616031646715,True,43.29829788208008,3.484558982390149,102,102,0.0,0.0,64,20.5,-25.5,20.5,2.0,11.225,1.6124787330627441,1.8357076551399978,1.6124787330627441,3.442215728759767,0.7352941176470589,0.4117647058823529,7.462556838989258,69.68471181540971,340.5,0.9462807661801815,1.930984165519476,0.7202687503699757,7.102993011474609,0.0929,,
sample_00897,1,2,2389423,0.07291940307617187,17.604427337646484,0.10294986516237259,171.0,55.0,34587,bright,False,13.700000000000001,12.478557586669922,1.3351459503173828,1.3351459503173828,"[1.27835533618927, 1.3826486825942994]",0.1042933464050293,True,46.95790481567383,3.7630875595618583,90,90,0.0,0.0,64,30.0,-26.0,26.0,2.0,13.700000000000001,1.380650520324707,1.7304212358262805,1.380650520324707,3.916247177124033,0.6333333333333333,0.3333333333333333,6.687962532043457,75.1038312545375,341.0,-0.8460038189989999,1.8923275731503963,0.7098142763899602,7.642082214355469,0.06995,,
sample_00898,1,2,902902,0.02755438232421875,17.98752784729004,0.10397414863109589,173.0,51.0,34746,bright,False,10.65,12.581827163696289,2.58284854888916,2.58284854888916,"[2.5157459497451784, 2.640595030784607]",0.12484908103942871,True,50.26715087890625,3.995218677295736,55,55,0.0,0.0,64,27.5,-17.0,17.0,3.0,10.65,2.405259132385254,2.474184851212935,2.405259132385254,4.673176574707031,0.8181818181818182,0.6363636363636364,6.552684783935547,114.9527552405985,562.0,0.6616866962768532,2.1846016496419907,0.7563624330666024,7.477625846862793,0.064425,,
sample_00899,1,2,1182923,0.036099945068359375,18.50971031188965,0.10457463562488556,177.0,54.0,37291,bright,False,13.725,13.054607391357422,2.8873348236083984,2.8873348236083984,"[2.81764440536499, 3.0012222290039063]",0.18357782363891628,True,55.59511947631836,4.2586588634694715,68,68,0.0,0.0,64,20.5,-27.5,20.5,4.5,13.725,2.5346603393554688,3.3044162217308495,2.5346603393554688,6.3988826751709,0.9558823529411765,0.7205882352941176,11.553510665893555,111.19799850305947,521.0,-1.7253373121964501,2.3345732912421227,0.7755996091903307,7.295648097991943,0.06815,,
sample_00900,1,2,1588876,0.0484886474609375,18.187177658081055,0.10512819141149521,173.0,52.0,35542,bright,False,16.0,13.064292907714844,2.4371261596679688,2.4371261596679688,"[2.3781334400177, 2.490943956375122]",0.11281051635742179,True,53.74525833129883,4.1139048788136625,91,91,0.0,0.0,64,34.0,-35.5,34.0,3.5,16.0,2.4997997283935547,2.679443652813251,2.4997997283935547,4.718023300170898,0.9010989010989011,0.6373626373626373,12.044069290161133,91.5627577835331,365.0,-0.7156397034560575,2.1971840672194958,0.7629530119378377,7.168205261230469,0.081,,
sample_00901,1,2,1610238,0.04914056396484375,18.74688720703125,0.10836350917816162,173.0,67.0,37931,bright,False,8.1,13.454477310180664,-0.10541391372680664,-0.10541391372680664,"[-0.19388065338134766, -0.014392685890197742]",0.17948796749114992,True,27.971492767333984,2.078972829822877,65,67,0.029850746268656716,0.0,64,19.0,-18.0,18.0,0.0,8.1,-0.41077280044555664,-0.20616659751305214,1.513108253479004,4.106626796722413,0.7230769230769231,0.35384615384615387,6.250699996948242,60.31092833989004,577.0,0.05388132413603069,2.29528496786952,0.7657128807204107,6.372666835784912,0.12565,,
sample_00902,1,2,1249792,0.038140625,17.856399536132812,0.10321617871522903,173.0,57.0,35715,bright,False,8.55,12.463809967041016,-0.2380838394165039,-0.2380838394165039,"[-0.3217253446578979, -0.17021932601928708]",0.15150601863861085,True,33.474510192871094,2.685736567020056,47,47,0.0,0.0,64,21.0,-19.0,19.0,0.0,8.55,-0.12035083770751953,0.15812129162727517,1.3754115104675293,3.372225189208984,0.5957446808510638,0.2978723404255319,5.032869338989258,89.91085198937446,788.0,0.004273695592032957,2.1631612107157707,0.7471133417495458,7.253702640533447,0.091025,,
sample_00903,1,2,2448531,0.07472323608398437,18.11786651611328,0.10412567108869553,174.0,52.0,35409,bright,False,14.200000000000001,13.276823997497559,1.7712926864624023,1.7712926864624023,"[1.6901848316192627, 1.8467459201812744]",0.15656108856201167,True,47.13713073730469,3.550331822293433,101,101,0.0,0.0,64,26.0,-39.0,26.0,2.5,14.200000000000001,1.901900291442871,2.3557042414599128,1.901900291442871,5.127835273742676,0.7227722772277227,0.48514851485148514,10.072869300842285,72.75194301523263,304.0,0.9911877276407067,2.0487479120492935,0.7313482067890128,7.274847984313965,0.079475,,
sample_00904,1,2,946518,0.02888543701171875,18.85266876220703,0.10532217472791672,179.0,59.0,34268,bright,False,13.975,13.189263343811035,1.957620620727539,1.957620620727539,"[1.85106041431427, 2.0768360614776613]",0.22577564716339138,True,41.68937683105469,3.160857111145417,40,40,0.0,0.0,64,29.5,-25.5,25.5,2.5,13.975,1.8868074417114258,2.7311283826828,1.8868074417114258,6.136483001708985,0.85,0.475,7.60447883605957,110.00152531610793,869.5,1.1780160580578323,2.1571617908775806,0.7426674219536757,7.153084754943848,0.094025,,
sample_00905,1,2,2094978,0.06393365478515625,18.43378448486328,0.10414567589759827,177.0,54.0,35453,bright,False,14.375,12.969429969787598,1.6552162170410156,1.6552162170410156,"[1.5927958965301514, 1.7170833110809327]",0.1242874145507813,True,49.54568099975586,3.8201895623148405,92,92,0.0,0.0,64,33.0,-27.5,27.5,2.0,14.375,1.7266063690185547,2.1190855503082275,1.7266063690185547,4.075484085083008,0.75,0.391304347826087,9.753835678100586,79.97509859479777,310.5,0.9536490929538018,1.9455722589045763,0.7201734717960822,7.4485368728637695,0.077775,,
sample_00906,1,2,1158946,0.03536822509765625,18.238262176513672,0.10304103046655655,177.0,52.0,34078,bright,False,16.0,13.007286071777344,2.4233226776123047,2.4233226776123047,"[2.333490514755249, 2.512663221359253]",0.17917270660400408,True,40.23281478881836,3.093098327107129,73,73,0.0,0.0,64,40.5,-32.0,32.0,3.0,16.0,2.3880653381347656,2.4145380960751885,2.478902816772461,4.609761428833008,0.8356164383561644,0.6301369863013698,10.696069717407227,83.05337625448269,412.0,-1.0051475330234685,2.2993118539452553,0.772346929323494,7.056191444396973,0.0869,,
sample_00907,1,2,605919,0.018491180419921874,18.896604537963867,0.10556762665510178,179.0,56.0,38272,bright,False,12.675,13.21316909790039,2.0863828659057617,2.0863828659057617,"[1.9811270475387572, 2.215009021759033]",0.2338819742202758,True,27.103504180908203,2.051249324071318,41,42,0.023809523809523808,0.0,64,21.5,-21.5,21.5,3.0,12.675,1.4965991973876953,2.130944484617652,1.7078399658203125,4.993538856506348,0.7073170731707317,0.4878048780487805,9.396370887756348,87.92582732697788,808.0,0.8165593296241397,2.2525500296615064,0.7594571091372135,6.120065212249756,0.152125,,
sample_00908,1,2,1616380,0.0493280029296875,19.074628829956055,0.1053846925497055,181.0,53.0,37871,bright,False,11.325000000000001,13.487065315246582,2.02829647064209,2.02829647064209,"[1.9438522100448608, 2.1266813039779664]",0.18282909393310565,True,33.42652893066406,2.4784138097764474,78,78,0.0,0.0,64,26.0,-18.5,18.5,3.0,11.325000000000001,1.6524558067321777,1.830189973880083,1.7903943061828613,4.05893964767456,0.7564102564102564,0.44871794871794873,7.007332801818848,68.77086488498526,464.5,0.8865764543198836,2.19546489790082,0.7559836189898377,6.334399223327637,0.119375,,
sample_00909,1,2,2197817,0.06707205200195313,19.128841400146484,0.10627134144306183,180.0,53.0,35188,bright,False,13.575000000000001,13.65437126159668,2.346446990966797,2.346446990966797,"[2.2924085378646852, 2.3981983423233033]",0.10578980445861808,True,47.800716400146484,3.500762904740067,88,88,0.0,0.0,64,27.0,-23.5,23.5,3.0,13.575000000000001,2.3416285514831543,2.569415059956637,2.3416285514831543,4.043749618530273,0.9318181818181818,0.625,8.192954063415527,75.09435548967511,327.5,1.326629963534868,2.2194788102060556,0.7631594760245163,7.072518348693848,0.096425,,
sample_00910,1,2,840337,0.025645050048828125,18.06633758544922,0.10149627923965454,178.0,49.0,34794,bright,False,11.775,12.611966133117676,2.3342809677124023,2.3342809677124023,"[2.265186810493469, 2.4160844802856447]",0.15089766979217556,True,46.62275695800781,3.696708068029253,55,55,0.0,0.0,64,19.5,-22.0,19.5,3.0,11.775,2.243435859680176,2.3868341272527522,2.243435859680176,4.55474624633789,0.7818181818181819,0.6363636363636364,8.509920120239258,103.37299783244944,619.0,-1.2959310516611495,2.2685102270916104,0.765343294640652,8.168251037597656,0.0618,,
sample_00911,1,2,1921964,0.0586536865234375,18.119792938232422,0.10354167222976685,175.0,51.0,34986,bright,False,16.0,12.300443649291992,2.921079635620117,2.921079635620117,"[2.8529215335845945, 2.9872421741485597]",0.1343206405639652,True,54.055118560791016,4.394566578409747,92,92,0.0,0.0,64,32.0,-33.0,32.0,3.5,16.0,2.90371036529541,3.0703283392864726,2.90371036529541,4.628781890869141,0.967391304347826,0.782608695652174,6.738847732543945,88.1623621133742,359.0,1.3389584846895333,2.3605033606290817,0.7858940519305138,8.016312599182129,0.06125,,
sample_00912,1,2,1252525,0.03822402954101563,18.209692001342773,0.10465340316295624,174.0,58.0,36510,bright,False,11.825000000000001,12.258718490600586,2.8910694122314453,2.8910694122314453,"[2.8091248512268066, 2.9630847930908204]",0.15395994186401385,True,37.45297622680664,3.0552113791930076,74,75,0.013333333333333334,0.0,64,27.0,-18.5,18.5,3.5,11.825000000000001,2.653543472290039,2.7629267976090714,2.653543472290039,5.256973075866701,0.8783783783783784,0.6756756756756757,9.069594383239746,82.3243143172299,416.5,-1.201151464017626,2.3657824024558067,0.778333386080957,7.221631050109863,0.109325,,
sample_00913,1,2,1321660,0.0403338623046875,16.346765518188477,0.09615744650363922,170.0,48.0,34239,bright,False,12.950000000000001,11.62948989868164,2.960829734802246,2.960829734802246,"[2.8538242101669313, 3.056443691253662]",0.20261948108673078,True,49.430450439453125,4.250440119910739,76,76,0.0,0.0,64,24.5,-21.0,21.0,3.5,12.950000000000001,2.922182559967041,3.1690578837143746,2.922182559967041,6.574758529663086,0.8552631578947368,0.6973684210526315,9.428418159484863,103.89828903186086,379.0,1.3615614541155392,2.273849654942751,0.76743315341175,7.926016807556152,0.049525,,
sample_00914,1,2,1273805,0.03887344360351563,17.018888473510742,0.10190951079130173,167.0,54.0,35983,bright,False,16.0,12.246655464172363,2.6899986267089844,2.6899986267089844,"[2.6111041069030763, 2.764147233963013]",0.1530431270599366,True,40.00716018676758,3.2667825353467874,67,67,0.0,0.0,64,34.0,-35.5,34.0,3.0,16.0,2.5320663452148438,2.715393578828271,2.5320663452148438,5.164460372924805,0.9104477611940298,0.6865671641791045,7.056604385375977,88.45975611283299,476.0,1.2161852770526036,2.2901450395584106,0.7733333333333333,6.80695915222168,0.0954,,
sample_00915,1,2,1454662,0.04439276123046875,16.824708938598633,0.09955449402332306,169.0,52.0,36639,bright,False,14.3,11.853723526000977,2.6903772354125977,2.6903772354125977,"[2.6304046154022216, 2.7524603366851808]",0.12205572128295916,True,46.878665924072266,3.954762891275857,75,75,0.0,0.0,64,36.5,-24.0,24.0,3.5,14.3,2.899479866027832,3.0595171737670896,2.9605531692504883,5.054376792907715,0.9333333333333333,0.7733333333333333,7.754727363586426,103.85040148871431,449.0,1.4949963335937475,2.2684219870716333,0.7714083944855538,7.624370574951172,0.071825,,
sample_00916,1,2,1214890,0.03707550048828125,16.247535705566406,0.09967813640832901,163.0,51.0,36090,bright,False,9.25,12.211973190307617,2.091318130493164,2.091318130493164,"[2.0415721416473387, 2.1430547714233397]",0.10148262977600098,True,45.93455505371094,3.7614359561621225,71,71,0.0,0.0,64,,-15.0,15.0,2.5,9.25,2.02414608001709,2.1650134006016692,2.0704479217529297,3.8771724700927734,0.7887323943661971,0.5352112676056338,8.545953750610352,88.34848851821685,476.0,-0.6910794791794168,2.0787631571292877,0.745699481865285,7.184274196624756,0.08135,,
