name,has_image,has_label,label_shape,label_plane_shape,label_dtype,label_compression,label_bytes,label_header_error,image_shape,image_plane_shape,image_dtype,image_compression,image_bytes,image_header_error
sample_00001,True,True,"[null, 320, 320]","[320, 320]",uint8,LZW,689529,,"[null, 320, 320]","[320, 320]",uint8,LZW,32543645,
sample_00002,True,True,"[null, 320, 320]","[320, 320]",uint8,LZW,705353,,"[null, 320, 320]","[320, 320]",uint8,LZW,31062469,
sample_00003,True,True,"[null, 320, 320]","[320, 320]",uint8,LZW,1149609,,"[null, 320, 320]","[320, 320]",uint8,LZW,35955507,
sample_00004,True,True,"[null, 320, 320]","[320, 320]",uint8,LZW,1391545,,"[null, 320, 320]","[320, 320]",uint8,LZW,33415165,
sample_00005,True,True,"[320, 320, 320]","[320, 320]",uint8,NONE,32821210,,"[null, 320, 320]","[320, 320]",uint8,LZW,31010108,
sample_00006,True,True,"[null, 320, 320]","[320, 320]",uint8,LZW,1179177,,"[null, 320, 320]","[320, 320]",uint8,LZW,33984817,
sample_00007,True,True,"[null, 320, 320]","[320, 320]",uint8,LZW,654393,,"[null, 320, 320]","[320, 320]",uint8,LZW,34235621,
sample_00008,True,True,"[null, 320, 320]","[320, 320]",uint8,LZW,1467001,,"[null, 320, 320]","[320, 320]",uint8,LZW,37018317,
sample_00009,True,True,"[null, 320, 320]","[320, 320]",uint8,LZW,995065,,"[null, 320, 320]","[320, 320]",uint8,LZW,34761488,
sample_00010,True,True,"[null, 320, 320]","[320, 320]",uint8,LZW,730729,,"[null, 320, 320]","[320, 320]",uint8,LZW,32912723,
sample_00011,True,True,"[null, 320, 320]","[320, 320]",uint8,LZW,654121,,"[null, 320, 320]","[320, 320]",uint8,LZW,30993058,
sample_00012,True,True,"[320, 320, 320]","[320, 320]",uint8,NONE,32821210,,"[null, 320, 320]","[320, 320]",uint8,LZW,31361317,
sample_00013,True,True,"[null, 320, 320]","[320, 320]",uint8,LZW,753817,,"[null, 320, 320]","[320, 320]",uint8,LZW,34129525,
sample_00014,True,True,"[320, 320, 320]","[320, 320]",uint8,NONE,32821210,,,,,,,"range request failed: ConnectionError: HTTPSConnectionPool(host='us.aws.cdn.hf.co', port=443): Max retries exceeded with url: /xet-bridge-us/6a4bc27c4626eb0498dc10c9/9e4953d84caeffb51e2870b6450a695357c5c7fb4a2c809db219dc6970286fde?response-content-type=image%2Ftiff&response-content-disposition=inline%3B+filename*%3DUTF-8%27%27sample_00014.tif%3B+filename%3D%22sample_00014.tif%22%3B&user_id=public&X-Xet-Cas-Uid=public&Expires=1787907493&Policy=eyJTdGF0ZW1lbnQiOlt7IlJlc291cmNlIjoiaHR0cHM6Ly91cy5hd3MuY2RuLmhmLmNvL3hldC1icmlkZ2UtdXMvNmE0YmMyN2M0NjI2ZWIwNDk4ZGMxMGM5LzllNDk1M2Q4NGNhZWZmYjUxZTI4NzBiNjQ1MGE2OTUzNTdjNWM3ZmI0YTJjODA5ZGIyMTlkYzY5NzAyODZmZGVcXD9yZXNwb25zZS1jb250ZW50LXR5cGU9aW1hZ2UlMkZ0aWZmJnJlc3BvbnNlLWNvbnRlbnQtZGlzcG9zaXRpb249aW5saW5lJTNCK2ZpbGVuYW1lJTJBJTNEVVRGLTglMjclMjdzYW1wbGVfMDAwMTQudGlmJTNCK2ZpbGVuYW1lJTNEJTIyc2FtcGxlXzAwMDE0LnRpZiUyMiUzQiZ1c2VyX2lkPXB1YmxpYyZYLVhldC1DYXMtVWlkPXB1YmxpYyIsIkNvbmRpdGlvbiI6eyJEYXRlTGVzc1RoYW4iOnsiRXBvY2hUaW1lIjoxNzg3OTA3NDkzfX19XX0_&Signature=MEYCIQCdE9zpqKkLBpm6aEi2NkrSQXDY6XFaDuOEXMIeEG8LkwIhAIq49CGaOeq3mN25FjPg5-vs6UkDdjdoHxfyT6r7JmRa&Key-Pair-Id=01KXEF4KZ1B6FV465MAWR4M21F (Caused by NewConnectionError(""HTTPSConnection(host='us.aws.cdn.hf.co', port=443): Failed to establish a new connection: [Errno 51] Network is unreachable""))"
sample_00015,True,True,,,,,,"range request failed: ConnectionError: HTTPSConnectionPool(host='huggingface.co', port=443): Max retries exceeded with url: /buckets/scrollprize/datasets/resolve/surfaces/kaggle/labels/sample_00015.tif (Caused by NameResolutionError(""HTTPSConnection(host='huggingface.co', port=443): Failed to resolve 'huggingface.co' ([Errno 8] nodename nor servname provided, or not known)""))",,,,,,"range request failed: ConnectionError: HTTPSConnectionPool(host='huggingface.co', port=443): Max retries exceeded with url: /buckets/scrollprize/datasets/resolve/surfaces/kaggle/images/sample_00015.tif (Caused by NameResolutionError(""HTTPSConnection(host='huggingface.co', port=443): Failed to resolve 'huggingface.co' ([Errno 8] nodename nor servname provided, or not known)""))"
sample_00016,True,True,,,,,,"range request failed: ConnectionError: HTTPSConnectionPool(host='huggingface.co', port=443): Max retries exceeded with url: /buckets/scrollprize/datasets/resolve/surfaces/kaggle/labels/sample_00016.tif (Caused by NameResolutionError(""HTTPSConnection(host='huggingface.co', port=443): Failed to resolve 'huggingface.co' ([Errno 8] nodename nor servname provided, or not known)""))",,,,,,"range request failed: ConnectionError: HTTPSConnectionPool(host='huggingface.co', port=443): Max retries exceeded with url: /buckets/scrollprize/datasets/resolve/surfaces/kaggle/images/sample_00016.tif (Caused by NameResolutionError(""HTTPSConnection(host='huggingface.co', port=443): Failed to resolve 'huggingface.co' ([Errno 8] nodename nor servname provided, or not known)""))"
sample_00017,True,True,,,,,,"range request failed: ConnectionError: HTTPSConnectionPool(host='huggingface.co', port=443): Max retries exceeded with url: /buckets/scrollprize/datasets/resolve/surfaces/kaggle/labels/sample_00017.tif (Caused by NameResolutionError(""HTTPSConnection(host='huggingface.co', port=443): Failed to resolve 'huggingface.co' ([Errno 8] nodename nor servname provided, or not known)""))",,,,,,"range request failed: ConnectionError: HTTPSConnectionPool(host='huggingface.co', port=443): Max retries exceeded with url: /buckets/scrollprize/datasets/resolve/surfaces/kaggle/images/sample_00017.tif (Caused by NameResolutionError(""HTTPSConnection(host='huggingface.co', port=443): Failed to resolve 'huggingface.co' ([Errno 8] nodename nor servname provided, or not known)""))"
sample_00018,True,True,,,,,,"range request failed: ConnectionError: HTTPSConnectionPool(host='huggingface.co', port=443): Max retries exceeded with url: /buckets/scrollprize/datasets/resolve/surfaces/kaggle/labels/sample_00018.tif (Caused by NameResolutionError(""HTTPSConnection(host='huggingface.co', port=443): Failed to resolve 'huggingface.co' ([Errno 8] nodename nor servname provided, or not known)""))",,,,,,"range request failed: ConnectionError: HTTPSConnectionPool(host='huggingface.co', port=443): Max retries exceeded with url: /buckets/scrollprize/datasets/resolve/surfaces/kaggle/images/sample_00018.tif (Caused by NameResolutionError(""HTTPSConnection(host='huggingface.co', port=443): Failed to resolve 'huggingface.co' ([Errno 8] nodename nor servname provided, or not known)""))"
sample_00019,True,True,,,,,,"range request failed: ConnectionError: HTTPSConnectionPool(host='huggingface.co', port=443): Max retries exceeded with url: /buckets/scrollprize/datasets/resolve/surfaces/kaggle/labels/sample_00019.tif (Caused by NameResolutionError(""HTTPSConnection(host='huggingface.co', port=443): Failed to resolve 'huggingface.co' ([Errno 8] nodename nor servname provided, or not known)""))",,,,,,"range request failed: ConnectionError: HTTPSConnectionPool(host='huggingface.co', port=443): Max retries exceeded with url: /buckets/scrollprize/datasets/resolve/surfaces/kaggle/images/sample_00019.tif (Caused by NameResolutionError(""HTTPSConnection(host='huggingface.co', port=443): Failed to resolve 'huggingface.co' ([Errno 8] nodename nor servname provided, or not known)""))"
sample_00020,True,True,,,,,,"range request failed: ConnectionError: HTTPSConnectionPool(host='huggingface.co', port=443): Max retries exceeded with url: /buckets/scrollprize/datasets/resolve/surfaces/kaggle/labels/sample_00020.tif (Caused by NameResolutionError(""HTTPSConnection(host='huggingface.co', port=443): Failed to resolve 'huggingface.co' ([Errno 8] nodename nor servname provided, or not known)""))",,,,,,"range request failed: ConnectionError: HTTPSConnectionPool(host='huggingface.co', port=443): Max retries exceeded with url: /buckets/scrollprize/datasets/resolve/surfaces/kaggle/images/sample_00020.tif (Caused by NameResolutionError(""HTTPSConnection(host='huggingface.co', port=443): Failed to resolve 'huggingface.co' ([Errno 8] nodename nor servname provided, or not known)""))"
sample_00021,True,True,,,,,,"range request failed: ConnectionError: HTTPSConnectionPool(host='huggingface.co', port=443): Max retries exceeded with url: /buckets/scrollprize/datasets/resolve/surfaces/kaggle/labels/sample_00021.tif (Caused by NameResolutionError(""HTTPSConnection(host='huggingface.co', port=443): Failed to resolve 'huggingface.co' ([Errno 8] nodename nor servname provided, or not known)""))",,,,,,"range request failed: ConnectionError: HTTPSConnectionPool(host='huggingface.co', port=443): Max retries exceeded with url: /buckets/scrollprize/datasets/resolve/surfaces/kaggle/images/sample_00021.tif (Caused by NameResolutionError(""HTTPSConnection(host='huggingface.co', port=443): Failed to resolve 'huggingface.co' ([Errno 8] nodename nor servname provided, or not known)""))"
sample_00022,True,True,,,,,,"range request failed: ConnectionError: HTTPSConnectionPool(host='huggingface.co', port=443): Max retries exceeded with url: /buckets/scrollprize/datasets/resolve/surfaces/kaggle/labels/sample_00022.tif (Caused by NameResolutionError(""HTTPSConnection(host='huggingface.co', port=443): Failed to resolve 'huggingface.co' ([Errno 8] nodename nor servname provided, or not known)""))",,,,,,"range request failed: ConnectionError: HTTPSConnectionPool(host='huggingface.co', port=443): Max retries exceeded with url: /buckets/scrollprize/datasets/resolve/surfaces/kaggle/images/sample_00022.tif (Caused by NameResolutionError(""HTTPSConnection(host='huggingface.co', port=443): Failed to resolve 'huggingface.co' ([Errno 8] nodename nor servname provided, or not known)""))"
sample_00023,True,True,,,,,,"range request failed: ConnectionError: HTTPSConnectionPool(host='huggingface.co', port=443): Max retries exceeded with url: /buckets/scrollprize/datasets/resolve/surfaces/kaggle/labels/sample_00023.tif (Caused by NameResolutionError(""HTTPSConnection(host='huggingface.co', port=443): Failed to resolve 'huggingface.co' ([Errno 8] nodename nor servname provided, or not known)""))",,,,,,"range request failed: ConnectionError: HTTPSConnectionPool(host='huggingface.co', port=443): Max retries exceeded with url: /buckets/scrollprize/datasets/resolve/surfaces/kaggle/images/sample_00023.tif (Caused by NameResolutionError(""HTTPSConnection(host='huggingface.co', port=443): Failed to resolve 'huggingface.co' ([Errno 8] nodename nor servname provided, or not known)""))"
sample_00024,True,True,,,,,,"range request failed: ConnectionError: HTTPSConnectionPool(host='huggingface.co', port=443): Max retries exceeded with url: /buckets/scrollprize/datasets/resolve/surfaces/kaggle/labels/sample_00024.tif (Caused by NameResolutionError(""HTTPSConnection(host='huggingface.co', port=443): Failed to resolve 'huggingface.co' ([Errno 8] nodename nor servname provided, or not known)""))",,,,,,"range request failed: ConnectionError: HTTPSConnectionPool(host='huggingface.co', port=443): Max retries exceeded with url: /buckets/scrollprize/datasets/resolve/surfaces/kaggle/images/sample_00024.tif (Caused by NameResolutionError(""HTTPSConnection(host='huggingface.co', port=443): Failed to resolve 'huggingface.co' ([Errno 8] nodename nor servname provided, or not known)""))"
sample_00025,True,True,,,,,,"range request failed: ConnectionError: HTTPSConnectionPool(host='huggingface.co', port=443): Max retries exceeded with url: /buckets/scrollprize/datasets/resolve/surfaces/kaggle/labels/sample_00025.tif (Caused by NameResolutionError(""HTTPSConnection(host='huggingface.co', port=443): Failed to resolve 'huggingface.co' ([Errno 8] nodename nor servname provided, or not known)""))",,,,,,"range request failed: ConnectionError: HTTPSConnectionPool(host='huggingface.co', port=443): Max retries exceeded with url: /buckets/scrollprize/datasets/resolve/surfaces/kaggle/images/sample_00025.tif (Caused by NameResolutionError(""HTTPSConnection(host='huggingface.co', port=443): Failed to resolve 'huggingface.co' ([Errno 8] nodename nor servname provided, or not known)""))"
sample_00026,True,True,,,,,,"range request failed: ConnectionError: HTTPSConnectionPool(host='huggingface.co', port=443): Max retries exceeded with url: /buckets/scrollprize/datasets/resolve/surfaces/kaggle/labels/sample_00026.tif (Caused by NameResolutionError(""HTTPSConnection(host='huggingface.co', port=443): Failed to resolve 'huggingface.co' ([Errno 8] nodename nor servname provided, or not known)""))",,,,,,"range request failed: ConnectionError: HTTPSConnectionPool(host='huggingface.co', port=443): Max retries exceeded with url: /buckets/scrollprize/datasets/resolve/surfaces/kaggle/images/sample_00026.tif (Caused by NameResolutionError(""HTTPSConnection(host='huggingface.co', port=443): Failed to resolve 'huggingface.co' ([Errno 8] nodename nor servname provided, or not known)""))"
sample_00027,True,True,,,,,,"range request failed: ConnectionError: HTTPSConnectionPool(host='huggingface.co', port=443): Max retries exceeded with url: /buckets/scrollprize/datasets/resolve/surfaces/kaggle/labels/sample_00027.tif (Caused by NameResolutionError(""HTTPSConnection(host='huggingface.co', port=443): Failed to resolve 'huggingface.co' ([Errno 8] nodename nor servname provided, or not known)""))",,,,,,"range request failed: ConnectionError: HTTPSConnectionPool(host='huggingface.co', port=443): Max retries exceeded with url: /buckets/scrollprize/datasets/resolve/surfaces/kaggle/images/sample_00027.tif (Caused by NameResolutionError(""HTTPSConnection(host='huggingface.co', port=443): Failed to resolve 'huggingface.co' ([Errno 8] nodename nor servname provided, or not known)""))"
sample_00028,True,True,,,,,,"range request failed: ConnectionError: HTTPSConnectionPool(host='huggingface.co', port=443): Max retries exceeded with url: /buckets/scrollprize/datasets/resolve/surfaces/kaggle/labels/sample_00028.tif (Caused by NameResolutionError(""HTTPSConnection(host='huggingface.co', port=443): Failed to resolve 'huggingface.co' ([Errno 8] nodename nor servname provided, or not known)""))",,,,,,"range request failed: ConnectionError: HTTPSConnectionPool(host='huggingface.co', port=443): Max retries exceeded with url: /buckets/scrollprize/datasets/resolve/surfaces/kaggle/images/sample_00028.tif (Caused by NameResolutionError(""HTTPSConnection(host='huggingface.co', port=443): Failed to resolve 'huggingface.co' ([Errno 8] nodename nor servname provided, or not known)""))"
sample_00029,True,True,,,,,,"range request failed: ConnectionError: HTTPSConnectionPool(host='huggingface.co', port=443): Max retries exceeded with url: /buckets/scrollprize/datasets/resolve/surfaces/kaggle/labels/sample_00029.tif (Caused by NameResolutionError(""HTTPSConnection(host='huggingface.co', port=443): Failed to resolve 'huggingface.co' ([Errno 8] nodename nor servname provided, or not known)""))",,,,,,"range request failed: ConnectionError: HTTPSConnectionPool(host='huggingface.co', port=443): Max retries exceeded with url: /buckets/scrollprize/datasets/resolve/surfaces/kaggle/images/sample_00029.tif (Caused by NameResolutionError(""HTTPSConnection(host='huggingface.co', port=443): Failed to resolve 'huggingface.co' ([Errno 8] nodename nor servname provided, or not known)""))"
sample_00030,True,True,,,,,,"range request failed: ConnectionError: HTTPSConnectionPool(host='huggingface.co', port=443): Max retries exceeded with url: /buckets/scrollprize/datasets/resolve/surfaces/kaggle/labels/sample_00030.tif (Caused by NameResolutionError(""HTTPSConnection(host='huggingface.co', port=443): Failed to resolve 'huggingface.co' ([Errno 8] nodename nor servname provided, or not known)""))",,,,,,"range request failed: ConnectionError: HTTPSConnectionPool(host='huggingface.co', port=443): Max retries exceeded with url: /buckets/scrollprize/datasets/resolve/surfaces/kaggle/images/sample_00030.tif (Caused by NameResolutionError(""HTTPSConnection(host='huggingface.co', port=443): Failed to resolve 'huggingface.co' ([Errno 8] nodename nor servname provided, or not known)""))"
sample_00031,True,True,,,,,,"range request failed: ConnectionError: HTTPSConnectionPool(host='huggingface.co', port=443): Max retries exceeded with url: /buckets/scrollprize/datasets/resolve/surfaces/kaggle/labels/sample_00031.tif (Caused by NameResolutionError(""HTTPSConnection(host='huggingface.co', port=443): Failed to resolve 'huggingface.co' ([Errno 8] nodename nor servname provided, or not known)""))",,,,,,"range request failed: ConnectionError: HTTPSConnectionPool(host='huggingface.co', port=443): Max retries exceeded with url: /buckets/scrollprize/datasets/resolve/surfaces/kaggle/images/sample_00031.tif (Caused by NameResolutionError(""HTTPSConnection(host='huggingface.co', port=443): Failed to resolve 'huggingface.co' ([Errno 8] nodename nor servname provided, or not known)""))"
sample_00032,True,True,,,,,,"range request failed: ConnectionError: HTTPSConnectionPool(host='huggingface.co', port=443): Max retries exceeded with url: /buckets/scrollprize/datasets/resolve/surfaces/kaggle/labels/sample_00032.tif (Caused by NameResolutionError(""HTTPSConnection(host='huggingface.co', port=443): Failed to resolve 'huggingface.co' ([Errno 8] nodename nor servname provided, or not known)""))",,,,,,"range request failed: ConnectionError: HTTPSConnectionPool(host='huggingface.co', port=443): Max retries exceeded with url: /buckets/scrollprize/datasets/resolve/surfaces/kaggle/images/sample_00032.tif (Caused by NameResolutionError(""HTTPSConnection(host='huggingface.co', port=443): Failed to resolve 'huggingface.co' ([Errno 8] nodename nor servname provided, or not known)""))"
sample_00033,True,True,,,,,,"range request failed: ConnectionError: HTTPSConnectionPool(host='huggingface.co', port=443): Max retries exceeded with url: /buckets/scrollprize/datasets/resolve/surfaces/kaggle/labels/sample_00033.tif (Caused by NameResolutionError(""HTTPSConnection(host='huggingface.co', port=443): Failed to resolve 'huggingface.co' ([Errno 8] nodename nor servname provided, or not known)""))",,,,,,"range request failed: ConnectionError: HTTPSConnectionPool(host='huggingface.co', port=443): Max retries exceeded with url: /buckets/scrollprize/datasets/resolve/surfaces/kaggle/images/sample_00033.tif (Caused by NameResolutionError(""HTTPSConnection(host='huggingface.co', port=443): Failed to resolve 'huggingface.co' ([Errno 8] nodename nor servname provided, or not known)""))"
sample_00034,True,True,,,,,,"range request failed: ConnectionError: HTTPSConnectionPool(host='huggingface.co', port=443): Max retries exceeded with url: /buckets/scrollprize/datasets/resolve/surfaces/kaggle/labels/sample_00034.tif (Caused by NameResolutionError(""HTTPSConnection(host='huggingface.co', port=443): Failed to resolve 'huggingface.co' ([Errno 8] nodename nor servname provided, or not known)""))",,,,,,"range request failed: ConnectionError: HTTPSConnectionPool(host='huggingface.co', port=443): Max retries exceeded with url: /buckets/scrollprize/datasets/resolve/surfaces/kaggle/images/sample_00034.tif (Caused by NameResolutionError(""HTTPSConnection(host='huggingface.co', port=443): Failed to resolve 'huggingface.co' ([Errno 8] nodename nor servname provided, or not known)""))"
sample_00035,True,True,,,,,,"range request failed: ConnectionError: HTTPSConnectionPool(host='huggingface.co', port=443): Max retries exceeded with url: /buckets/scrollprize/datasets/resolve/surfaces/kaggle/labels/sample_00035.tif (Caused by NameResolutionError(""HTTPSConnection(host='huggingface.co', port=443): Failed to resolve 'huggingface.co' ([Errno 8] nodename nor servname provided, or not known)""))",,,,,,"range request failed: ConnectionError: HTTPSConnectionPool(host='huggingface.co', port=443): Max retries exceeded with url: /buckets/scrollprize/datasets/resolve/surfaces/kaggle/images/sample_00035.tif (Caused by NameResolutionError(""HTTPSConnection(host='huggingface.co', port=443): Failed to resolve 'huggingface.co' ([Errno 8] nodename nor servname provided, or not known)""))"
sample_00036,True,True,,,,,,"range request failed: ConnectionError: HTTPSConnectionPool(host='huggingface.co', port=443): Max retries exceeded with url: /buckets/scrollprize/datasets/resolve/surfaces/kaggle/labels/sample_00036.tif (Caused by NameResolutionError(""HTTPSConnection(host='huggingface.co', port=443): Failed to resolve 'huggingface.co' ([Errno 8] nodename nor servname provided, or not known)""))",,,,,,"range request failed: ConnectionError: HTTPSConnectionPool(host='huggingface.co', port=443): Max retries exceeded with url: /buckets/scrollprize/datasets/resolve/surfaces/kaggle/images/sample_00036.tif (Caused by NameResolutionError(""HTTPSConnection(host='huggingface.co', port=443): Failed to resolve 'huggingface.co' ([Errno 8] nodename nor servname provided, or not known)""))"
sample_00037,True,True,,,,,,"range request failed: ConnectionError: HTTPSConnectionPool(host='huggingface.co', port=443): Max retries exceeded with url: /buckets/scrollprize/datasets/resolve/surfaces/kaggle/labels/sample_00037.tif (Caused by NameResolutionError(""HTTPSConnection(host='huggingface.co', port=443): Failed to resolve 'huggingface.co' ([Errno 8] nodename nor servname provided, or not known)""))",,,,,,"range request failed: ConnectionError: HTTPSConnectionPool(host='huggingface.co', port=443): Max retries exceeded with url: /buckets/scrollprize/datasets/resolve/surfaces/kaggle/images/sample_00037.tif (Caused by NameResolutionError(""HTTPSConnection(host='huggingface.co', port=443): Failed to resolve 'huggingface.co' ([Errno 8] nodename nor servname provided, or not known)""))"
sample_00038,True,True,,,,,,"range request failed: ConnectionError: HTTPSConnectionPool(host='huggingface.co', port=443): Max retries exceeded with url: /buckets/scrollprize/datasets/resolve/surfaces/kaggle/labels/sample_00038.tif (Caused by NameResolutionError(""HTTPSConnection(host='huggingface.co', port=443): Failed to resolve 'huggingface.co' ([Errno 8] nodename nor servname provided, or not known)""))",,,,,,"range request failed: ConnectionError: HTTPSConnectionPool(host='huggingface.co', port=443): Max retries exceeded with url: /buckets/scrollprize/datasets/resolve/surfaces/kaggle/images/sample_00038.tif (Caused by NameResolutionError(""HTTPSConnection(host='huggingface.co', port=443): Failed to resolve 'huggingface.co' ([Errno 8] nodename nor servname provided, or not known)""))"
sample_00039,True,True,,,,,,"range request failed: ConnectionError: HTTPSConnectionPool(host='huggingface.co', port=443): Max retries exceeded with url: /buckets/scrollprize/datasets/resolve/surfaces/kaggle/labels/sample_00039.tif (Caused by NameResolutionError(""HTTPSConnection(host='huggingface.co', port=443): Failed to resolve 'huggingface.co' ([Errno 8] nodename nor servname provided, or not known)""))",,,,,,"range request failed: ConnectionError: HTTPSConnectionPool(host='huggingface.co', port=443): Max retries exceeded with url: /buckets/scrollprize/datasets/resolve/surfaces/kaggle/images/sample_00039.tif (Caused by NameResolutionError(""HTTPSConnection(host='huggingface.co', port=443): Failed to resolve 'huggingface.co' ([Errno 8] nodename nor servname provided, or not known)""))"
sample_00040,True,True,,,,,,"range request failed: ConnectionError: HTTPSConnectionPool(host='huggingface.co', port=443): Max retries exceeded with url: /buckets/scrollprize/datasets/resolve/surfaces/kaggle/labels/sample_00040.tif (Caused by NameResolutionError(""HTTPSConnection(host='huggingface.co', port=443): Failed to resolve 'huggingface.co' ([Errno 8] nodename nor servname provided, or not known)""))",,,,,,"range request failed: ConnectionError: HTTPSConnectionPool(host='huggingface.co', port=443): Max retries exceeded with url: /buckets/scrollprize/datasets/resolve/surfaces/kaggle/images/sample_00040.tif (Caused by NameResolutionError(""HTTPSConnection(host='huggingface.co', port=443): Failed to resolve 'huggingface.co' ([Errno 8] nodename nor servname provided, or not known)""))"
sample_00041,True,True,,,,,,"range request failed: ConnectionError: HTTPSConnectionPool(host='huggingface.co', port=443): Max retries exceeded with url: /buckets/scrollprize/datasets/resolve/surfaces/kaggle/labels/sample_00041.tif (Caused by NameResolutionError(""HTTPSConnection(host='huggingface.co', port=443): Failed to resolve 'huggingface.co' ([Errno 8] nodename nor servname provided, or not known)""))",,,,,,"range request failed: ConnectionError: HTTPSConnectionPool(host='huggingface.co', port=443): Max retries exceeded with url: /buckets/scrollprize/datasets/resolve/surfaces/kaggle/images/sample_00041.tif (Caused by NameResolutionError(""HTTPSConnection(host='huggingface.co', port=443): Failed to resolve 'huggingface.co' ([Errno 8] nodename nor servname provided, or not known)""))"
sample_00042,True,True,,,,,,"range request failed: ConnectionError: HTTPSConnectionPool(host='huggingface.co', port=443): Max retries exceeded with url: /buckets/scrollprize/datasets/resolve/surfaces/kaggle/labels/sample_00042.tif (Caused by NameResolutionError(""HTTPSConnection(host='huggingface.co', port=443): Failed to resolve 'huggingface.co' ([Errno 8] nodename nor servname provided, or not known)""))",,,,,,"range request failed: ConnectionError: HTTPSConnectionPool(host='huggingface.co', port=443): Max retries exceeded with url: /buckets/scrollprize/datasets/resolve/surfaces/kaggle/images/sample_00042.tif (Caused by NameResolutionError(""HTTPSConnection(host='huggingface.co', port=443): Failed to resolve 'huggingface.co' ([Errno 8] nodename nor servname provided, or not known)""))"
sample_00043,True,True,,,,,,"range request failed: ConnectionError: HTTPSConnectionPool(host='huggingface.co', port=443): Max retries exceeded with url: /buckets/scrollprize/datasets/resolve/surfaces/kaggle/labels/sample_00043.tif (Caused by NameResolutionError(""HTTPSConnection(host='huggingface.co', port=443): Failed to resolve 'huggingface.co' ([Errno 8] nodename nor servname provided, or not known)""))",,,,,,"range request failed: ConnectionError: HTTPSConnectionPool(host='huggingface.co', port=443): Max retries exceeded with url: /buckets/scrollprize/datasets/resolve/surfaces/kaggle/images/sample_00043.tif (Caused by NameResolutionError(""HTTPSConnection(host='huggingface.co', port=443): Failed to resolve 'huggingface.co' ([Errno 8] nodename nor servname provided, or not known)""))"
sample_00044,True,True,,,,,,"range request failed: ConnectionError: HTTPSConnectionPool(host='huggingface.co', port=443): Max retries exceeded with url: /buckets/scrollprize/datasets/resolve/surfaces/kaggle/labels/sample_00044.tif (Caused by NameResolutionError(""HTTPSConnection(host='huggingface.co', port=443): Failed to resolve 'huggingface.co' ([Errno 8] nodename nor servname provided, or not known)""))",,,,,,"range request failed: ConnectionError: HTTPSConnectionPool(host='huggingface.co', port=443): Max retries exceeded with url: /buckets/scrollprize/datasets/resolve/surfaces/kaggle/images/sample_00044.tif (Caused by NameResolutionError(""HTTPSConnection(host='huggingface.co', port=443): Failed to resolve 'huggingface.co' ([Errno 8] nodename nor servname provided, or not known)""))"
sample_00045,True,True,,,,,,"range request failed: ConnectionError: HTTPSConnectionPool(host='huggingface.co', port=443): Max retries exceeded with url: /buckets/scrollprize/datasets/resolve/surfaces/kaggle/labels/sample_00045.tif (Caused by NameResolutionError(""HTTPSConnection(host='huggingface.co', port=443): Failed to resolve 'huggingface.co' ([Errno 8] nodename nor servname provided, or not known)""))",,,,,,"range request failed: ConnectionError: HTTPSConnectionPool(host='huggingface.co', port=443): Max retries exceeded with url: /buckets/scrollprize/datasets/resolve/surfaces/kaggle/images/sample_00045.tif (Caused by NameResolutionError(""HTTPSConnection(host='huggingface.co', port=443): Failed to resolve 'huggingface.co' ([Errno 8] nodename nor servname provided, or not known)""))"
sample_00046,True,True,,,,,,"range request failed: ConnectionError: HTTPSConnectionPool(host='huggingface.co', port=443): Max retries exceeded with url: /buckets/scrollprize/datasets/resolve/surfaces/kaggle/labels/sample_00046.tif (Caused by NameResolutionError(""HTTPSConnection(host='huggingface.co', port=443): Failed to resolve 'huggingface.co' ([Errno 8] nodename nor servname provided, or not known)""))",,,,,,"range request failed: ConnectionError: HTTPSConnectionPool(host='huggingface.co', port=443): Max retries exceeded with url: /buckets/scrollprize/datasets/resolve/surfaces/kaggle/images/sample_00046.tif (Caused by NameResolutionError(""HTTPSConnection(host='huggingface.co', port=443): Failed to resolve 'huggingface.co' ([Errno 8] nodename nor servname provided, or not known)""))"
sample_00047,True,True,,,,,,"range request failed: ConnectionError: HTTPSConnectionPool(host='huggingface.co', port=443): Max retries exceeded with url: /buckets/scrollprize/datasets/resolve/surfaces/kaggle/labels/sample_00047.tif (Caused by NameResolutionError(""HTTPSConnection(host='huggingface.co', port=443): Failed to resolve 'huggingface.co' ([Errno 8] nodename nor servname provided, or not known)""))",,,,,,"range request failed: ConnectionError: HTTPSConnectionPool(host='huggingface.co', port=443): Max retries exceeded with url: /buckets/scrollprize/datasets/resolve/surfaces/kaggle/images/sample_00047.tif (Caused by NameResolutionError(""HTTPSConnection(host='huggingface.co', port=443): Failed to resolve 'huggingface.co' ([Errno 8] nodename nor servname provided, or not known)""))"
sample_00048,True,True,,,,,,"range request failed: ConnectionError: HTTPSConnectionPool(host='huggingface.co', port=443): Max retries exceeded with url: /buckets/scrollprize/datasets/resolve/surfaces/kaggle/labels/sample_00048.tif (Caused by NameResolutionError(""HTTPSConnection(host='huggingface.co', port=443): Failed to resolve 'huggingface.co' ([Errno 8] nodename nor servname provided, or not known)""))",,,,,,"range request failed: ConnectionError: HTTPSConnectionPool(host='huggingface.co', port=443): Max retries exceeded with url: /buckets/scrollprize/datasets/resolve/surfaces/kaggle/images/sample_00048.tif (Caused by NameResolutionError(""HTTPSConnection(host='huggingface.co', port=443): Failed to resolve 'huggingface.co' ([Errno 8] nodename nor servname provided, or not known)""))"
sample_00049,True,True,,,,,,"range request failed: ConnectionError: HTTPSConnectionPool(host='huggingface.co', port=443): Max retries exceeded with url: /buckets/scrollprize/datasets/resolve/surfaces/kaggle/labels/sample_00049.tif (Caused by NameResolutionError(""HTTPSConnection(host='huggingface.co', port=443): Failed to resolve 'huggingface.co' ([Errno 8] nodename nor servname provided, or not known)""))",,,,,,"range request failed: ConnectionError: HTTPSConnectionPool(host='huggingface.co', port=443): Max retries exceeded with url: /buckets/scrollprize/datasets/resolve/surfaces/kaggle/images/sample_00049.tif (Caused by NameResolutionError(""HTTPSConnection(host='huggingface.co', port=443): Failed to resolve 'huggingface.co' ([Errno 8] nodename nor servname provided, or not known)""))"
sample_00050,True,True,,,,,,"range request failed: ConnectionError: HTTPSConnectionPool(host='huggingface.co', port=443): Max retries exceeded with url: /buckets/scrollprize/datasets/resolve/surfaces/kaggle/labels/sample_00050.tif (Caused by NameResolutionError(""HTTPSConnection(host='huggingface.co', port=443): Failed to resolve 'huggingface.co' ([Errno 8] nodename nor servname provided, or not known)""))",,,,,,"range request failed: ConnectionError: HTTPSConnectionPool(host='huggingface.co', port=443): Max retries exceeded with url: /buckets/scrollprize/datasets/resolve/surfaces/kaggle/images/sample_00050.tif (Caused by NameResolutionError(""HTTPSConnection(host='huggingface.co', port=443): Failed to resolve 'huggingface.co' ([Errno 8] nodename nor servname provided, or not known)""))"
sample_00051,True,True,,,,,,"range request failed: ConnectionError: HTTPSConnectionPool(host='huggingface.co', port=443): Max retries exceeded with url: /buckets/scrollprize/datasets/resolve/surfaces/kaggle/labels/sample_00051.tif (Caused by NameResolutionError(""HTTPSConnection(host='huggingface.co', port=443): Failed to resolve 'huggingface.co' ([Errno 8] nodename nor servname provided, or not known)""))",,,,,,"range request failed: ConnectionError: HTTPSConnectionPool(host='huggingface.co', port=443): Max retries exceeded with url: /buckets/scrollprize/datasets/resolve/surfaces/kaggle/images/sample_00051.tif (Caused by NameResolutionError(""HTTPSConnection(host='huggingface.co', port=443): Failed to resolve 'huggingface.co' ([Errno 8] nodename nor servname provided, or not known)""))"
sample_00052,True,True,,,,,,"range request failed: ConnectionError: HTTPSConnectionPool(host='huggingface.co', port=443): Max retries exceeded with url: /buckets/scrollprize/datasets/resolve/surfaces/kaggle/labels/sample_00052.tif (Caused by NameResolutionError(""HTTPSConnection(host='huggingface.co', port=443): Failed to resolve 'huggingface.co' ([Errno 8] nodename nor servname provided, or not known)""))",,,,,,"range request failed: ConnectionError: HTTPSConnectionPool(host='huggingface.co', port=443): Max retries exceeded with url: /buckets/scrollprize/datasets/resolve/surfaces/kaggle/images/sample_00052.tif (Caused by NameResolutionError(""HTTPSConnection(host='huggingface.co', port=443): Failed to resolve 'huggingface.co' ([Errno 8] nodename nor servname provided, or not known)""))"
sample_00053,True,True,,,,,,"range request failed: ConnectionError: HTTPSConnectionPool(host='huggingface.co', port=443): Max retries exceeded with url: /buckets/scrollprize/datasets/resolve/surfaces/kaggle/labels/sample_00053.tif (Caused by NameResolutionError(""HTTPSConnection(host='huggingface.co', port=443): Failed to resolve 'huggingface.co' ([Errno 8] nodename nor servname provided, or not known)""))",,,,,,"range request failed: ConnectionError: HTTPSConnectionPool(host='huggingface.co', port=443): Max retries exceeded with url: /buckets/scrollprize/datasets/resolve/surfaces/kaggle/images/sample_00053.tif (Caused by NameResolutionError(""HTTPSConnection(host='huggingface.co', port=443): Failed to resolve 'huggingface.co' ([Errno 8] nodename nor servname provided, or not known)""))"
sample_00054,True,True,,,,,,"range request failed: ConnectionError: HTTPSConnectionPool(host='huggingface.co', port=443): Max retries exceeded with url: /buckets/scrollprize/datasets/resolve/surfaces/kaggle/labels/sample_00054.tif (Caused by NameResolutionError(""HTTPSConnection(host='huggingface.co', port=443): Failed to resolve 'huggingface.co' ([Errno 8] nodename nor servname provided, or not known)""))",,,,,,"range request failed: ConnectionError: HTTPSConnectionPool(host='huggingface.co', port=443): Max retries exceeded with url: /buckets/scrollprize/datasets/resolve/surfaces/kaggle/images/sample_00054.tif (Caused by NameResolutionError(""HTTPSConnection(host='huggingface.co', port=443): Failed to resolve 'huggingface.co' ([Errno 8] nodename nor servname provided, or not known)""))"
sample_00055,True,True,,,,,,"range request failed: ConnectionError: HTTPSConnectionPool(host='huggingface.co', port=443): Max retries exceeded with url: /buckets/scrollprize/datasets/resolve/surfaces/kaggle/labels/sample_00055.tif (Caused by NameResolutionError(""HTTPSConnection(host='huggingface.co', port=443): Failed to resolve 'huggingface.co' ([Errno 8] nodename nor servname provided, or not known)""))",,,,,,"range request failed: ConnectionError: HTTPSConnectionPool(host='huggingface.co', port=443): Max retries exceeded with url: /buckets/scrollprize/datasets/resolve/surfaces/kaggle/images/sample_00055.tif (Caused by NameResolutionError(""HTTPSConnection(host='huggingface.co', port=443): Failed to resolve 'huggingface.co' ([Errno 8] nodename nor servname provided, or not known)""))"
sample_00056,True,True,,,,,,"range request failed: ConnectionError: HTTPSConnectionPool(host='huggingface.co', port=443): Max retries exceeded with url: /buckets/scrollprize/datasets/resolve/surfaces/kaggle/labels/sample_00056.tif (Caused by NameResolutionError(""HTTPSConnection(host='huggingface.co', port=443): Failed to resolve 'huggingface.co' ([Errno 8] nodename nor servname provided, or not known)""))",,,,,,"range request failed: ConnectionError: HTTPSConnectionPool(host='huggingface.co', port=443): Max retries exceeded with url: /buckets/scrollprize/datasets/resolve/surfaces/kaggle/images/sample_00056.tif (Caused by NameResolutionError(""HTTPSConnection(host='huggingface.co', port=443): Failed to resolve 'huggingface.co' ([Errno 8] nodename nor servname provided, or not known)""))"
sample_00057,True,True,,,,,,"range request failed: ConnectionError: HTTPSConnectionPool(host='huggingface.co', port=443): Max retries exceeded with url: /buckets/scrollprize/datasets/resolve/surfaces/kaggle/labels/sample_00057.tif (Caused by NameResolutionError(""HTTPSConnection(host='huggingface.co', port=443): Failed to resolve 'huggingface.co' ([Errno 8] nodename nor servname provided, or not known)""))",,,,,,"range request failed: ConnectionError: HTTPSConnectionPool(host='huggingface.co', port=443): Max retries exceeded with url: /buckets/scrollprize/datasets/resolve/surfaces/kaggle/images/sample_00057.tif (Caused by NameResolutionError(""HTTPSConnection(host='huggingface.co', port=443): Failed to resolve 'huggingface.co' ([Errno 8] nodename nor servname provided, or not known)""))"
sample_00058,True,True,,,,,,"range request failed: ConnectionError: HTTPSConnectionPool(host='huggingface.co', port=443): Max retries exceeded with url: /buckets/scrollprize/datasets/resolve/surfaces/kaggle/labels/sample_00058.tif (Caused by NameResolutionError(""HTTPSConnection(host='huggingface.co', port=443): Failed to resolve 'huggingface.co' ([Errno 8] nodename nor servname provided, or not known)""))",,,,,,"range request failed: ConnectionError: HTTPSConnectionPool(host='huggingface.co', port=443): Max retries exceeded with url: /buckets/scrollprize/datasets/resolve/surfaces/kaggle/images/sample_00058.tif (Caused by NameResolutionError(""HTTPSConnection(host='huggingface.co', port=443): Failed to resolve 'huggingface.co' ([Errno 8] nodename nor servname provided, or not known)""))"
sample_00059,True,True,,,,,,"range request failed: ConnectionError: HTTPSConnectionPool(host='huggingface.co', port=443): Max retries exceeded with url: /buckets/scrollprize/datasets/resolve/surfaces/kaggle/labels/sample_00059.tif (Caused by NameResolutionError(""HTTPSConnection(host='huggingface.co', port=443): Failed to resolve 'huggingface.co' ([Errno 8] nodename nor servname provided, or not known)""))",,,,,,"range request failed: ConnectionError: HTTPSConnectionPool(host='huggingface.co', port=443): Max retries exceeded with url: /buckets/scrollprize/datasets/resolve/surfaces/kaggle/images/sample_00059.tif (Caused by NameResolutionError(""HTTPSConnection(host='huggingface.co', port=443): Failed to resolve 'huggingface.co' ([Errno 8] nodename nor servname provided, or not known)""))"
sample_00060,True,True,,,,,,"range request failed: ConnectionError: HTTPSConnectionPool(host='huggingface.co', port=443): Max retries exceeded with url: /buckets/scrollprize/datasets/resolve/surfaces/kaggle/labels/sample_00060.tif (Caused by NameResolutionError(""HTTPSConnection(host='huggingface.co', port=443): Failed to resolve 'huggingface.co' ([Errno 8] nodename nor servname provided, or not known)""))",,,,,,"range request failed: ConnectionError: HTTPSConnectionPool(host='huggingface.co', port=443): Max retries exceeded with url: /buckets/scrollprize/datasets/resolve/surfaces/kaggle/images/sample_00060.tif (Caused by NameResolutionError(""HTTPSConnection(host='huggingface.co', port=443): Failed to resolve 'huggingface.co' ([Errno 8] nodename nor servname provided, or not known)""))"
sample_00061,True,True,,,,,,"range request failed: ConnectionError: HTTPSConnectionPool(host='huggingface.co', port=443): Max retries exceeded with url: /buckets/scrollprize/datasets/resolve/surfaces/kaggle/labels/sample_00061.tif (Caused by NameResolutionError(""HTTPSConnection(host='huggingface.co', port=443): Failed to resolve 'huggingface.co' ([Errno 8] nodename nor servname provided, or not known)""))",,,,,,"range request failed: ConnectionError: HTTPSConnectionPool(host='huggingface.co', port=443): Max retries exceeded with url: /buckets/scrollprize/datasets/resolve/surfaces/kaggle/images/sample_00061.tif (Caused by NameResolutionError(""HTTPSConnection(host='huggingface.co', port=443): Failed to resolve 'huggingface.co' ([Errno 8] nodename nor servname provided, or not known)""))"
sample_00062,True,True,,,,,,"range request failed: ConnectionError: HTTPSConnectionPool(host='huggingface.co', port=443): Max retries exceeded with url: /buckets/scrollprize/datasets/resolve/surfaces/kaggle/labels/sample_00062.tif (Caused by NameResolutionError(""HTTPSConnection(host='huggingface.co', port=443): Failed to resolve 'huggingface.co' ([Errno 8] nodename nor servname provided, or not known)""))",,,,,,"range request failed: ConnectionError: HTTPSConnectionPool(host='huggingface.co', port=443): Max retries exceeded with url: /buckets/scrollprize/datasets/resolve/surfaces/kaggle/images/sample_00062.tif (Caused by NameResolutionError(""HTTPSConnection(host='huggingface.co', port=443): Failed to resolve 'huggingface.co' ([Errno 8] nodename nor servname provided, or not known)""))"
sample_00063,True,True,,,,,,"range request failed: ConnectionError: HTTPSConnectionPool(host='huggingface.co', port=443): Max retries exceeded with url: /buckets/scrollprize/datasets/resolve/surfaces/kaggle/labels/sample_00063.tif (Caused by NameResolutionError(""HTTPSConnection(host='huggingface.co', port=443): Failed to resolve 'huggingface.co' ([Errno 8] nodename nor servname provided, or not known)""))",,,,,,"range request failed: ConnectionError: HTTPSConnectionPool(host='huggingface.co', port=443): Max retries exceeded with url: /buckets/scrollprize/datasets/resolve/surfaces/kaggle/images/sample_00063.tif (Caused by NameResolutionError(""HTTPSConnection(host='huggingface.co', port=443): Failed to resolve 'huggingface.co' ([Errno 8] nodename nor servname provided, or not known)""))"
sample_00064,True,True,,,,,,"range request failed: ConnectionError: HTTPSConnectionPool(host='huggingface.co', port=443): Max retries exceeded with url: /buckets/scrollprize/datasets/resolve/surfaces/kaggle/labels/sample_00064.tif (Caused by NameResolutionError(""HTTPSConnection(host='huggingface.co', port=443): Failed to resolve 'huggingface.co' ([Errno 8] nodename nor servname provided, or not known)""))",,,,,,"range request failed: ConnectionError: HTTPSConnectionPool(host='huggingface.co', port=443): Max retries exceeded with url: /buckets/scrollprize/datasets/resolve/surfaces/kaggle/images/sample_00064.tif (Caused by NameResolutionError(""HTTPSConnection(host='huggingface.co', port=443): Failed to resolve 'huggingface.co' ([Errno 8] nodename nor servname provided, or not known)""))"
sample_00065,True,True,,,,,,"range request failed: ConnectionError: HTTPSConnectionPool(host='huggingface.co', port=443): Max retries exceeded with url: /buckets/scrollprize/datasets/resolve/surfaces/kaggle/labels/sample_00065.tif (Caused by NameResolutionError(""HTTPSConnection(host='huggingface.co', port=443): Failed to resolve 'huggingface.co' ([Errno 8] nodename nor servname provided, or not known)""))",,,,,,"range request failed: ConnectionError: HTTPSConnectionPool(host='huggingface.co', port=443): Max retries exceeded with url: /buckets/scrollprize/datasets/resolve/surfaces/kaggle/images/sample_00065.tif (Caused by NameResolutionError(""HTTPSConnection(host='huggingface.co', port=443): Failed to resolve 'huggingface.co' ([Errno 8] nodename nor servname provided, or not known)""))"
sample_00066,True,True,,,,,,"range request failed: ConnectionError: HTTPSConnectionPool(host='huggingface.co', port=443): Max retries exceeded with url: /buckets/scrollprize/datasets/resolve/surfaces/kaggle/labels/sample_00066.tif (Caused by NameResolutionError(""HTTPSConnection(host='huggingface.co', port=443): Failed to resolve 'huggingface.co' ([Errno 8] nodename nor servname provided, or not known)""))",,,,,,"range request failed: ConnectionError: HTTPSConnectionPool(host='huggingface.co', port=443): Max retries exceeded with url: /buckets/scrollprize/datasets/resolve/surfaces/kaggle/images/sample_00066.tif (Caused by NameResolutionError(""HTTPSConnection(host='huggingface.co', port=443): Failed to resolve 'huggingface.co' ([Errno 8] nodename nor servname provided, or not known)""))"
sample_00067,True,True,,,,,,"range request failed: ConnectionError: HTTPSConnectionPool(host='huggingface.co', port=443): Max retries exceeded with url: /buckets/scrollprize/datasets/resolve/surfaces/kaggle/labels/sample_00067.tif (Caused by NameResolutionError(""HTTPSConnection(host='huggingface.co', port=443): Failed to resolve 'huggingface.co' ([Errno 8] nodename nor servname provided, or not known)""))",,,,,,"range request failed: ConnectionError: HTTPSConnectionPool(host='huggingface.co', port=443): Max retries exceeded with url: /buckets/scrollprize/datasets/resolve/surfaces/kaggle/images/sample_00067.tif (Caused by NameResolutionError(""HTTPSConnection(host='huggingface.co', port=443): Failed to resolve 'huggingface.co' ([Errno 8] nodename nor servname provided, or not known)""))"
sample_00068,True,True,,,,,,"range request failed: ConnectionError: HTTPSConnectionPool(host='huggingface.co', port=443): Max retries exceeded with url: /buckets/scrollprize/datasets/resolve/surfaces/kaggle/labels/sample_00068.tif (Caused by NameResolutionError(""HTTPSConnection(host='huggingface.co', port=443): Failed to resolve 'huggingface.co' ([Errno 8] nodename nor servname provided, or not known)""))",,,,,,"range request failed: ConnectionError: HTTPSConnectionPool(host='huggingface.co', port=443): Max retries exceeded with url: /buckets/scrollprize/datasets/resolve/surfaces/kaggle/images/sample_00068.tif (Caused by NameResolutionError(""HTTPSConnection(host='huggingface.co', port=443): Failed to resolve 'huggingface.co' ([Errno 8] nodename nor servname provided, or not known)""))"
sample_00069,True,True,,,,,,"range request failed: ConnectionError: HTTPSConnectionPool(host='huggingface.co', port=443): Max retries exceeded with url: /buckets/scrollprize/datasets/resolve/surfaces/kaggle/labels/sample_00069.tif (Caused by NameResolutionError(""HTTPSConnection(host='huggingface.co', port=443): Failed to resolve 'huggingface.co' ([Errno 8] nodename nor servname provided, or not known)""))",,,,,,"range request failed: ConnectionError: HTTPSConnectionPool(host='huggingface.co', port=443): Max retries exceeded with url: /buckets/scrollprize/datasets/resolve/surfaces/kaggle/images/sample_00069.tif (Caused by NameResolutionError(""HTTPSConnection(host='huggingface.co', port=443): Failed to resolve 'huggingface.co' ([Errno 8] nodename nor servname provided, or not known)""))"
sample_00070,True,True,,,,,,"range request failed: ConnectionError: HTTPSConnectionPool(host='huggingface.co', port=443): Max retries exceeded with url: /buckets/scrollprize/datasets/resolve/surfaces/kaggle/labels/sample_00070.tif (Caused by NameResolutionError(""HTTPSConnection(host='huggingface.co', port=443): Failed to resolve 'huggingface.co' ([Errno 8] nodename nor servname provided, or not known)""))",,,,,,"range request failed: ConnectionError: HTTPSConnectionPool(host='huggingface.co', port=443): Max retries exceeded with url: /buckets/scrollprize/datasets/resolve/surfaces/kaggle/images/sample_00070.tif (Caused by NameResolutionError(""HTTPSConnection(host='huggingface.co', port=443): Failed to resolve 'huggingface.co' ([Errno 8] nodename nor servname provided, or not known)""))"
sample_00071,True,True,,,,,,"range request failed: ConnectionError: HTTPSConnectionPool(host='huggingface.co', port=443): Max retries exceeded with url: /buckets/scrollprize/datasets/resolve/surfaces/kaggle/labels/sample_00071.tif (Caused by NameResolutionError(""HTTPSConnection(host='huggingface.co', port=443): Failed to resolve 'huggingface.co' ([Errno 8] nodename nor servname provided, or not known)""))",,,,,,"range request failed: ConnectionError: HTTPSConnectionPool(host='huggingface.co', port=443): Max retries exceeded with url: /buckets/scrollprize/datasets/resolve/surfaces/kaggle/images/sample_00071.tif (Caused by NameResolutionError(""HTTPSConnection(host='huggingface.co', port=443): Failed to resolve 'huggingface.co' ([Errno 8] nodename nor servname provided, or not known)""))"
sample_00072,True,True,,,,,,"range request failed: ConnectionError: HTTPSConnectionPool(host='huggingface.co', port=443): Max retries exceeded with url: /buckets/scrollprize/datasets/resolve/surfaces/kaggle/labels/sample_00072.tif (Caused by NameResolutionError(""HTTPSConnection(host='huggingface.co', port=443): Failed to resolve 'huggingface.co' ([Errno 8] nodename nor servname provided, or not known)""))",,,,,,"range request failed: ConnectionError: HTTPSConnectionPool(host='huggingface.co', port=443): Max retries exceeded with url: /buckets/scrollprize/datasets/resolve/surfaces/kaggle/images/sample_00072.tif (Caused by NameResolutionError(""HTTPSConnection(host='huggingface.co', port=443): Failed to resolve 'huggingface.co' ([Errno 8] nodename nor servname provided, or not known)""))"
sample_00073,True,True,,,,,,"range request failed: ConnectionError: HTTPSConnectionPool(host='huggingface.co', port=443): Max retries exceeded with url: /buckets/scrollprize/datasets/resolve/surfaces/kaggle/labels/sample_00073.tif (Caused by NameResolutionError(""HTTPSConnection(host='huggingface.co', port=443): Failed to resolve 'huggingface.co' ([Errno 8] nodename nor servname provided, or not known)""))",,,,,,"range request failed: ConnectionError: HTTPSConnectionPool(host='huggingface.co', port=443): Max retries exceeded with url: /buckets/scrollprize/datasets/resolve/surfaces/kaggle/images/sample_00073.tif (Caused by NameResolutionError(""HTTPSConnection(host='huggingface.co', port=443): Failed to resolve 'huggingface.co' ([Errno 8] nodename nor servname provided, or not known)""))"
sample_00074,True,True,,,,,,"range request failed: ConnectionError: HTTPSConnectionPool(host='huggingface.co', port=443): Max retries exceeded with url: /buckets/scrollprize/datasets/resolve/surfaces/kaggle/labels/sample_00074.tif (Caused by NameResolutionError(""HTTPSConnection(host='huggingface.co', port=443): Failed to resolve 'huggingface.co' ([Errno 8] nodename nor servname provided, or not known)""))",,,,,,"range request failed: ConnectionError: HTTPSConnectionPool(host='huggingface.co', port=443): Max retries exceeded with url: /buckets/scrollprize/datasets/resolve/surfaces/kaggle/images/sample_00074.tif (Caused by NameResolutionError(""HTTPSConnection(host='huggingface.co', port=443): Failed to resolve 'huggingface.co' ([Errno 8] nodename nor servname provided, or not known)""))"
sample_00075,True,True,,,,,,"range request failed: ConnectionError: HTTPSConnectionPool(host='huggingface.co', port=443): Max retries exceeded with url: /buckets/scrollprize/datasets/resolve/surfaces/kaggle/labels/sample_00075.tif (Caused by NameResolutionError(""HTTPSConnection(host='huggingface.co', port=443): Failed to resolve 'huggingface.co' ([Errno 8] nodename nor servname provided, or not known)""))",,,,,,"range request failed: ConnectionError: HTTPSConnectionPool(host='huggingface.co', port=443): Max retries exceeded with url: /buckets/scrollprize/datasets/resolve/surfaces/kaggle/images/sample_00075.tif (Caused by NameResolutionError(""HTTPSConnection(host='huggingface.co', port=443): Failed to resolve 'huggingface.co' ([Errno 8] nodename nor servname provided, or not known)""))"
sample_00076,True,True,,,,,,"range request failed: ConnectionError: HTTPSConnectionPool(host='huggingface.co', port=443): Max retries exceeded with url: /buckets/scrollprize/datasets/resolve/surfaces/kaggle/labels/sample_00076.tif (Caused by NameResolutionError(""HTTPSConnection(host='huggingface.co', port=443): Failed to resolve 'huggingface.co' ([Errno 8] nodename nor servname provided, or not known)""))",,,,,,"range request failed: ConnectionError: HTTPSConnectionPool(host='huggingface.co', port=443): Max retries exceeded with url: /buckets/scrollprize/datasets/resolve/surfaces/kaggle/images/sample_00076.tif (Caused by NameResolutionError(""HTTPSConnection(host='huggingface.co', port=443): Failed to resolve 'huggingface.co' ([Errno 8] nodename nor servname provided, or not known)""))"
sample_00077,True,True,,,,,,"range request failed: ConnectionError: HTTPSConnectionPool(host='huggingface.co', port=443): Max retries exceeded with url: /buckets/scrollprize/datasets/resolve/surfaces/kaggle/labels/sample_00077.tif (Caused by NameResolutionError(""HTTPSConnection(host='huggingface.co', port=443): Failed to resolve 'huggingface.co' ([Errno 8] nodename nor servname provided, or not known)""))",,,,,,"range request failed: ConnectionError: HTTPSConnectionPool(host='huggingface.co', port=443): Max retries exceeded with url: /buckets/scrollprize/datasets/resolve/surfaces/kaggle/images/sample_00077.tif (Caused by NameResolutionError(""HTTPSConnection(host='huggingface.co', port=443): Failed to resolve 'huggingface.co' ([Errno 8] nodename nor servname provided, or not known)""))"
sample_00078,True,True,,,,,,"range request failed: ConnectionError: HTTPSConnectionPool(host='huggingface.co', port=443): Max retries exceeded with url: /buckets/scrollprize/datasets/resolve/surfaces/kaggle/labels/sample_00078.tif (Caused by NameResolutionError(""HTTPSConnection(host='huggingface.co', port=443): Failed to resolve 'huggingface.co' ([Errno 8] nodename nor servname provided, or not known)""))",,,,,,"range request failed: ConnectionError: HTTPSConnectionPool(host='huggingface.co', port=443): Max retries exceeded with url: /buckets/scrollprize/datasets/resolve/surfaces/kaggle/images/sample_00078.tif (Caused by NameResolutionError(""HTTPSConnection(host='huggingface.co', port=443): Failed to resolve 'huggingface.co' ([Errno 8] nodename nor servname provided, or not known)""))"
sample_00079,True,True,,,,,,"range request failed: ConnectionError: HTTPSConnectionPool(host='huggingface.co', port=443): Max retries exceeded with url: /buckets/scrollprize/datasets/resolve/surfaces/kaggle/labels/sample_00079.tif (Caused by NameResolutionError(""HTTPSConnection(host='huggingface.co', port=443): Failed to resolve 'huggingface.co' ([Errno 8] nodename nor servname provided, or not known)""))",,,,,,"range request failed: ConnectionError: HTTPSConnectionPool(host='huggingface.co', port=443): Max retries exceeded with url: /buckets/scrollprize/datasets/resolve/surfaces/kaggle/images/sample_00079.tif (Caused by NameResolutionError(""HTTPSConnection(host='huggingface.co', port=443): Failed to resolve 'huggingface.co' ([Errno 8] nodename nor servname provided, or not known)""))"
sample_00080,True,True,,,,,,"range request failed: ConnectionError: HTTPSConnectionPool(host='huggingface.co', port=443): Max retries exceeded with url: /buckets/scrollprize/datasets/resolve/surfaces/kaggle/labels/sample_00080.tif (Caused by NameResolutionError(""HTTPSConnection(host='huggingface.co', port=443): Failed to resolve 'huggingface.co' ([Errno 8] nodename nor servname provided, or not known)""))",,,,,,"range request failed: ConnectionError: HTTPSConnectionPool(host='huggingface.co', port=443): Max retries exceeded with url: /buckets/scrollprize/datasets/resolve/surfaces/kaggle/images/sample_00080.tif (Caused by NameResolutionError(""HTTPSConnection(host='huggingface.co', port=443): Failed to resolve 'huggingface.co' ([Errno 8] nodename nor servname provided, or not known)""))"
sample_00081,True,True,,,,,,"range request failed: ConnectionError: HTTPSConnectionPool(host='huggingface.co', port=443): Max retries exceeded with url: /buckets/scrollprize/datasets/resolve/surfaces/kaggle/labels/sample_00081.tif (Caused by NameResolutionError(""HTTPSConnection(host='huggingface.co', port=443): Failed to resolve 'huggingface.co' ([Errno 8] nodename nor servname provided, or not known)""))",,,,,,"range request failed: ConnectionError: HTTPSConnectionPool(host='huggingface.co', port=443): Max retries exceeded with url: /buckets/scrollprize/datasets/resolve/surfaces/kaggle/images/sample_00081.tif (Caused by NameResolutionError(""HTTPSConnection(host='huggingface.co', port=443): Failed to resolve 'huggingface.co' ([Errno 8] nodename nor servname provided, or not known)""))"
sample_00082,True,True,,,,,,"range request failed: ConnectionError: HTTPSConnectionPool(host='huggingface.co', port=443): Max retries exceeded with url: /buckets/scrollprize/datasets/resolve/surfaces/kaggle/labels/sample_00082.tif (Caused by NameResolutionError(""HTTPSConnection(host='huggingface.co', port=443): Failed to resolve 'huggingface.co' ([Errno 8] nodename nor servname provided, or not known)""))",,,,,,"range request failed: ConnectionError: HTTPSConnectionPool(host='huggingface.co', port=443): Max retries exceeded with url: /buckets/scrollprize/datasets/resolve/surfaces/kaggle/images/sample_00082.tif (Caused by NameResolutionError(""HTTPSConnection(host='huggingface.co', port=443): Failed to resolve 'huggingface.co' ([Errno 8] nodename nor servname provided, or not known)""))"
sample_00083,True,True,,,,,,"range request failed: ConnectionError: HTTPSConnectionPool(host='huggingface.co', port=443): Max retries exceeded with url: /buckets/scrollprize/datasets/resolve/surfaces/kaggle/labels/sample_00083.tif (Caused by NameResolutionError(""HTTPSConnection(host='huggingface.co', port=443): Failed to resolve 'huggingface.co' ([Errno 8] nodename nor servname provided, or not known)""))",,,,,,"range request failed: ConnectionError: HTTPSConnectionPool(host='huggingface.co', port=443): Max retries exceeded with url: /buckets/scrollprize/datasets/resolve/surfaces/kaggle/images/sample_00083.tif (Caused by NameResolutionError(""HTTPSConnection(host='huggingface.co', port=443): Failed to resolve 'huggingface.co' ([Errno 8] nodename nor servname provided, or not known)""))"
sample_00084,True,True,,,,,,"range request failed: ConnectionError: HTTPSConnectionPool(host='huggingface.co', port=443): Max retries exceeded with url: /buckets/scrollprize/datasets/resolve/surfaces/kaggle/labels/sample_00084.tif (Caused by NameResolutionError(""HTTPSConnection(host='huggingface.co', port=443): Failed to resolve 'huggingface.co' ([Errno 8] nodename nor servname provided, or not known)""))",,,,,,"range request failed: ConnectionError: HTTPSConnectionPool(host='huggingface.co', port=443): Max retries exceeded with url: /buckets/scrollprize/datasets/resolve/surfaces/kaggle/images/sample_00084.tif (Caused by NameResolutionError(""HTTPSConnection(host='huggingface.co', port=443): Failed to resolve 'huggingface.co' ([Errno 8] nodename nor servname provided, or not known)""))"
sample_00085,True,True,,,,,,"range request failed: ConnectionError: HTTPSConnectionPool(host='huggingface.co', port=443): Max retries exceeded with url: /buckets/scrollprize/datasets/resolve/surfaces/kaggle/labels/sample_00085.tif (Caused by NameResolutionError(""HTTPSConnection(host='huggingface.co', port=443): Failed to resolve 'huggingface.co' ([Errno 8] nodename nor servname provided, or not known)""))",,,,,,"range request failed: ConnectionError: HTTPSConnectionPool(host='huggingface.co', port=443): Max retries exceeded with url: /buckets/scrollprize/datasets/resolve/surfaces/kaggle/images/sample_00085.tif (Caused by NameResolutionError(""HTTPSConnection(host='huggingface.co', port=443): Failed to resolve 'huggingface.co' ([Errno 8] nodename nor servname provided, or not known)""))"
sample_00086,True,True,,,,,,"range request failed: ConnectionError: HTTPSConnectionPool(host='huggingface.co', port=443): Max retries exceeded with url: /buckets/scrollprize/datasets/resolve/surfaces/kaggle/labels/sample_00086.tif (Caused by NameResolutionError(""HTTPSConnection(host='huggingface.co', port=443): Failed to resolve 'huggingface.co' ([Errno 8] nodename nor servname provided, or not known)""))",,,,,,"range request failed: ConnectionError: HTTPSConnectionPool(host='huggingface.co', port=443): Max retries exceeded with url: /buckets/scrollprize/datasets/resolve/surfaces/kaggle/images/sample_00086.tif (Caused by NameResolutionError(""HTTPSConnection(host='huggingface.co', port=443): Failed to resolve 'huggingface.co' ([Errno 8] nodename nor servname provided, or not known)""))"
sample_00088,True,True,,,,,,"range request failed: ConnectionError: HTTPSConnectionPool(host='huggingface.co', port=443): Max retries exceeded with url: /buckets/scrollprize/datasets/resolve/surfaces/kaggle/labels/sample_00088.tif (Caused by NameResolutionError(""HTTPSConnection(host='huggingface.co', port=443): Failed to resolve 'huggingface.co' ([Errno 8] nodename nor servname provided, or not known)""))",,,,,,"range request failed: ConnectionError: HTTPSConnectionPool(host='huggingface.co', port=443): Max retries exceeded with url: /buckets/scrollprize/datasets/resolve/surfaces/kaggle/images/sample_00088.tif (Caused by NameResolutionError(""HTTPSConnection(host='huggingface.co', port=443): Failed to resolve 'huggingface.co' ([Errno 8] nodename nor servname provided, or not known)""))"
sample_00089,True,True,,,,,,"range request failed: ConnectionError: HTTPSConnectionPool(host='huggingface.co', port=443): Max retries exceeded with url: /buckets/scrollprize/datasets/resolve/surfaces/kaggle/labels/sample_00089.tif (Caused by NameResolutionError(""HTTPSConnection(host='huggingface.co', port=443): Failed to resolve 'huggingface.co' ([Errno 8] nodename nor servname provided, or not known)""))",,,,,,"range request failed: ConnectionError: HTTPSConnectionPool(host='huggingface.co', port=443): Max retries exceeded with url: /buckets/scrollprize/datasets/resolve/surfaces/kaggle/images/sample_00089.tif (Caused by NameResolutionError(""HTTPSConnection(host='huggingface.co', port=443): Failed to resolve 'huggingface.co' ([Errno 8] nodename nor servname provided, or not known)""))"
sample_00090,True,True,,,,,,"range request failed: ConnectionError: HTTPSConnectionPool(host='huggingface.co', port=443): Max retries exceeded with url: /buckets/scrollprize/datasets/resolve/surfaces/kaggle/labels/sample_00090.tif (Caused by NameResolutionError(""HTTPSConnection(host='huggingface.co', port=443): Failed to resolve 'huggingface.co' ([Errno 8] nodename nor servname provided, or not known)""))",,,,,,"range request failed: ConnectionError: HTTPSConnectionPool(host='huggingface.co', port=443): Max retries exceeded with url: /buckets/scrollprize/datasets/resolve/surfaces/kaggle/images/sample_00090.tif (Caused by NameResolutionError(""HTTPSConnection(host='huggingface.co', port=443): Failed to resolve 'huggingface.co' ([Errno 8] nodename nor servname provided, or not known)""))"
sample_00091,True,True,,,,,,"range request failed: ConnectionError: HTTPSConnectionPool(host='huggingface.co', port=443): Max retries exceeded with url: /buckets/scrollprize/datasets/resolve/surfaces/kaggle/labels/sample_00091.tif (Caused by NameResolutionError(""HTTPSConnection(host='huggingface.co', port=443): Failed to resolve 'huggingface.co' ([Errno 8] nodename nor servname provided, or not known)""))",,,,,,"range request failed: ConnectionError: HTTPSConnectionPool(host='huggingface.co', port=443): Max retries exceeded with url: /buckets/scrollprize/datasets/resolve/surfaces/kaggle/images/sample_00091.tif (Caused by NameResolutionError(""HTTPSConnection(host='huggingface.co', port=443): Failed to resolve 'huggingface.co' ([Errno 8] nodename nor servname provided, or not known)""))"
sample_00092,True,True,,,,,,"range request failed: ConnectionError: HTTPSConnectionPool(host='huggingface.co', port=443): Max retries exceeded with url: /buckets/scrollprize/datasets/resolve/surfaces/kaggle/labels/sample_00092.tif (Caused by NameResolutionError(""HTTPSConnection(host='huggingface.co', port=443): Failed to resolve 'huggingface.co' ([Errno 8] nodename nor servname provided, or not known)""))",,,,,,"range request failed: ConnectionError: HTTPSConnectionPool(host='huggingface.co', port=443): Max retries exceeded with url: /buckets/scrollprize/datasets/resolve/surfaces/kaggle/images/sample_00092.tif (Caused by NameResolutionError(""HTTPSConnection(host='huggingface.co', port=443): Failed to resolve 'huggingface.co' ([Errno 8] nodename nor servname provided, or not known)""))"
sample_00093,True,True,,,,,,"range request failed: ConnectionError: HTTPSConnectionPool(host='huggingface.co', port=443): Max retries exceeded with url: /buckets/scrollprize/datasets/resolve/surfaces/kaggle/labels/sample_00093.tif (Caused by NameResolutionError(""HTTPSConnection(host='huggingface.co', port=443): Failed to resolve 'huggingface.co' ([Errno 8] nodename nor servname provided, or not known)""))",,,,,,"range request failed: ConnectionError: HTTPSConnectionPool(host='huggingface.co', port=443): Max retries exceeded with url: /buckets/scrollprize/datasets/resolve/surfaces/kaggle/images/sample_00093.tif (Caused by NameResolutionError(""HTTPSConnection(host='huggingface.co', port=443): Failed to resolve 'huggingface.co' ([Errno 8] nodename nor servname provided, or not known)""))"
sample_00094,True,True,,,,,,"range request failed: ConnectionError: HTTPSConnectionPool(host='huggingface.co', port=443): Max retries exceeded with url: /buckets/scrollprize/datasets/resolve/surfaces/kaggle/labels/sample_00094.tif (Caused by NameResolutionError(""HTTPSConnection(host='huggingface.co', port=443): Failed to resolve 'huggingface.co' ([Errno 8] nodename nor servname provided, or not known)""))",,,,,,"range request failed: ConnectionError: HTTPSConnectionPool(host='huggingface.co', port=443): Max retries exceeded with url: /buckets/scrollprize/datasets/resolve/surfaces/kaggle/images/sample_00094.tif (Caused by NameResolutionError(""HTTPSConnection(host='huggingface.co', port=443): Failed to resolve 'huggingface.co' ([Errno 8] nodename nor servname provided, or not known)""))"
sample_00095,True,True,,,,,,"range request failed: ConnectionError: HTTPSConnectionPool(host='huggingface.co', port=443): Max retries exceeded with url: /buckets/scrollprize/datasets/resolve/surfaces/kaggle/labels/sample_00095.tif (Caused by NameResolutionError(""HTTPSConnection(host='huggingface.co', port=443): Failed to resolve 'huggingface.co' ([Errno 8] nodename nor servname provided, or not known)""))",,,,,,"range request failed: ConnectionError: HTTPSConnectionPool(host='huggingface.co', port=443): Max retries exceeded with url: /buckets/scrollprize/datasets/resolve/surfaces/kaggle/images/sample_00095.tif (Caused by NameResolutionError(""HTTPSConnection(host='huggingface.co', port=443): Failed to resolve 'huggingface.co' ([Errno 8] nodename nor servname provided, or not known)""))"
sample_00096,True,True,,,,,,"range request failed: ConnectionError: HTTPSConnectionPool(host='huggingface.co', port=443): Max retries exceeded with url: /buckets/scrollprize/datasets/resolve/surfaces/kaggle/labels/sample_00096.tif (Caused by NameResolutionError(""HTTPSConnection(host='huggingface.co', port=443): Failed to resolve 'huggingface.co' ([Errno 8] nodename nor servname provided, or not known)""))",,,,,,"range request failed: ConnectionError: HTTPSConnectionPool(host='huggingface.co', port=443): Max retries exceeded with url: /buckets/scrollprize/datasets/resolve/surfaces/kaggle/images/sample_00096.tif (Caused by NameResolutionError(""HTTPSConnection(host='huggingface.co', port=443): Failed to resolve 'huggingface.co' ([Errno 8] nodename nor servname provided, or not known)""))"
sample_00097,True,True,,,,,,"range request failed: ConnectionError: HTTPSConnectionPool(host='huggingface.co', port=443): Max retries exceeded with url: /buckets/scrollprize/datasets/resolve/surfaces/kaggle/labels/sample_00097.tif (Caused by NameResolutionError(""HTTPSConnection(host='huggingface.co', port=443): Failed to resolve 'huggingface.co' ([Errno 8] nodename nor servname provided, or not known)""))",,,,,,"range request failed: ConnectionError: HTTPSConnectionPool(host='huggingface.co', port=443): Max retries exceeded with url: /buckets/scrollprize/datasets/resolve/surfaces/kaggle/images/sample_00097.tif (Caused by NameResolutionError(""HTTPSConnection(host='huggingface.co', port=443): Failed to resolve 'huggingface.co' ([Errno 8] nodename nor servname provided, or not known)""))"
sample_00098,True,True,,,,,,"range request failed: ConnectionError: HTTPSConnectionPool(host='huggingface.co', port=443): Max retries exceeded with url: /buckets/scrollprize/datasets/resolve/surfaces/kaggle/labels/sample_00098.tif (Caused by NameResolutionError(""HTTPSConnection(host='huggingface.co', port=443): Failed to resolve 'huggingface.co' ([Errno 8] nodename nor servname provided, or not known)""))",,,,,,"range request failed: ConnectionError: HTTPSConnectionPool(host='huggingface.co', port=443): Max retries exceeded with url: /buckets/scrollprize/datasets/resolve/surfaces/kaggle/images/sample_00098.tif (Caused by NameResolutionError(""HTTPSConnection(host='huggingface.co', port=443): Failed to resolve 'huggingface.co' ([Errno 8] nodename nor servname provided, or not known)""))"
sample_00099,True,True,,,,,,"range request failed: ConnectionError: HTTPSConnectionPool(host='huggingface.co', port=443): Max retries exceeded with url: /buckets/scrollprize/datasets/resolve/surfaces/kaggle/labels/sample_00099.tif (Caused by NameResolutionError(""HTTPSConnection(host='huggingface.co', port=443): Failed to resolve 'huggingface.co' ([Errno 8] nodename nor servname provided, or not known)""))",,,,,,"range request failed: ConnectionError: HTTPSConnectionPool(host='huggingface.co', port=443): Max retries exceeded with url: /buckets/scrollprize/datasets/resolve/surfaces/kaggle/images/sample_00099.tif (Caused by NameResolutionError(""HTTPSConnection(host='huggingface.co', port=443): Failed to resolve 'huggingface.co' ([Errno 8] nodename nor servname provided, or not known)""))"
sample_00100,True,True,,,,,,"range request failed: ConnectionError: HTTPSConnectionPool(host='huggingface.co', port=443): Max retries exceeded with url: /buckets/scrollprize/datasets/resolve/surfaces/kaggle/labels/sample_00100.tif (Caused by NameResolutionError(""HTTPSConnection(host='huggingface.co', port=443): Failed to resolve 'huggingface.co' ([Errno 8] nodename nor servname provided, or not known)""))",,,,,,"range request failed: ConnectionError: HTTPSConnectionPool(host='huggingface.co', port=443): Max retries exceeded with url: /buckets/scrollprize/datasets/resolve/surfaces/kaggle/images/sample_00100.tif (Caused by NameResolutionError(""HTTPSConnection(host='huggingface.co', port=443): Failed to resolve 'huggingface.co' ([Errno 8] nodename nor servname provided, or not known)""))"
sample_00101,True,True,,,,,,"range request failed: ConnectionError: HTTPSConnectionPool(host='huggingface.co', port=443): Max retries exceeded with url: /buckets/scrollprize/datasets/resolve/surfaces/kaggle/labels/sample_00101.tif (Caused by NameResolutionError(""HTTPSConnection(host='huggingface.co', port=443): Failed to resolve 'huggingface.co' ([Errno 8] nodename nor servname provided, or not known)""))",,,,,,"range request failed: ConnectionError: HTTPSConnectionPool(host='huggingface.co', port=443): Max retries exceeded with url: /buckets/scrollprize/datasets/resolve/surfaces/kaggle/images/sample_00101.tif (Caused by NameResolutionError(""HTTPSConnection(host='huggingface.co', port=443): Failed to resolve 'huggingface.co' ([Errno 8] nodename nor servname provided, or not known)""))"
sample_00102,True,True,,,,,,"range request failed: ConnectionError: HTTPSConnectionPool(host='huggingface.co', port=443): Max retries exceeded with url: /buckets/scrollprize/datasets/resolve/surfaces/kaggle/labels/sample_00102.tif (Caused by NameResolutionError(""HTTPSConnection(host='huggingface.co', port=443): Failed to resolve 'huggingface.co' ([Errno 8] nodename nor servname provided, or not known)""))",,,,,,"range request failed: ConnectionError: HTTPSConnectionPool(host='huggingface.co', port=443): Max retries exceeded with url: /buckets/scrollprize/datasets/resolve/surfaces/kaggle/images/sample_00102.tif (Caused by NameResolutionError(""HTTPSConnection(host='huggingface.co', port=443): Failed to resolve 'huggingface.co' ([Errno 8] nodename nor servname provided, or not known)""))"
sample_00103,True,True,,,,,,"range request failed: ConnectionError: HTTPSConnectionPool(host='huggingface.co', port=443): Max retries exceeded with url: /buckets/scrollprize/datasets/resolve/surfaces/kaggle/labels/sample_00103.tif (Caused by NameResolutionError(""HTTPSConnection(host='huggingface.co', port=443): Failed to resolve 'huggingface.co' ([Errno 8] nodename nor servname provided, or not known)""))",,,,,,"range request failed: ConnectionError: HTTPSConnectionPool(host='huggingface.co', port=443): Max retries exceeded with url: /buckets/scrollprize/datasets/resolve/surfaces/kaggle/images/sample_00103.tif (Caused by NameResolutionError(""HTTPSConnection(host='huggingface.co', port=443): Failed to resolve 'huggingface.co' ([Errno 8] nodename nor servname provided, or not known)""))"
sample_00104,True,True,,,,,,"range request failed: ConnectionError: HTTPSConnectionPool(host='huggingface.co', port=443): Max retries exceeded with url: /buckets/scrollprize/datasets/resolve/surfaces/kaggle/labels/sample_00104.tif (Caused by NameResolutionError(""HTTPSConnection(host='huggingface.co', port=443): Failed to resolve 'huggingface.co' ([Errno 8] nodename nor servname provided, or not known)""))",,,,,,"range request failed: ConnectionError: HTTPSConnectionPool(host='huggingface.co', port=443): Max retries exceeded with url: /buckets/scrollprize/datasets/resolve/surfaces/kaggle/images/sample_00104.tif (Caused by NameResolutionError(""HTTPSConnection(host='huggingface.co', port=443): Failed to resolve 'huggingface.co' ([Errno 8] nodename nor servname provided, or not known)""))"
sample_00105,True,True,,,,,,"range request failed: ConnectionError: HTTPSConnectionPool(host='huggingface.co', port=443): Max retries exceeded with url: /buckets/scrollprize/datasets/resolve/surfaces/kaggle/labels/sample_00105.tif (Caused by NameResolutionError(""HTTPSConnection(host='huggingface.co', port=443): Failed to resolve 'huggingface.co' ([Errno 8] nodename nor servname provided, or not known)""))",,,,,,"range request failed: ConnectionError: HTTPSConnectionPool(host='huggingface.co', port=443): Max retries exceeded with url: /buckets/scrollprize/datasets/resolve/surfaces/kaggle/images/sample_00105.tif (Caused by NameResolutionError(""HTTPSConnection(host='huggingface.co', port=443): Failed to resolve 'huggingface.co' ([Errno 8] nodename nor servname provided, or not known)""))"
sample_00106,True,True,,,,,,"range request failed: ConnectionError: HTTPSConnectionPool(host='huggingface.co', port=443): Max retries exceeded with url: /buckets/scrollprize/datasets/resolve/surfaces/kaggle/labels/sample_00106.tif (Caused by NameResolutionError(""HTTPSConnection(host='huggingface.co', port=443): Failed to resolve 'huggingface.co' ([Errno 8] nodename nor servname provided, or not known)""))",,,,,,"range request failed: ConnectionError: HTTPSConnectionPool(host='huggingface.co', port=443): Max retries exceeded with url: /buckets/scrollprize/datasets/resolve/surfaces/kaggle/images/sample_00106.tif (Caused by NameResolutionError(""HTTPSConnection(host='huggingface.co', port=443): Failed to resolve 'huggingface.co' ([Errno 8] nodename nor servname provided, or not known)""))"
sample_00107,True,True,,,,,,"range request failed: ConnectionError: HTTPSConnectionPool(host='huggingface.co', port=443): Max retries exceeded with url: /buckets/scrollprize/datasets/resolve/surfaces/kaggle/labels/sample_00107.tif (Caused by NameResolutionError(""HTTPSConnection(host='huggingface.co', port=443): Failed to resolve 'huggingface.co' ([Errno 8] nodename nor servname provided, or not known)""))",,,,,,"range request failed: ConnectionError: HTTPSConnectionPool(host='huggingface.co', port=443): Max retries exceeded with url: /buckets/scrollprize/datasets/resolve/surfaces/kaggle/images/sample_00107.tif (Caused by NameResolutionError(""HTTPSConnection(host='huggingface.co', port=443): Failed to resolve 'huggingface.co' ([Errno 8] nodename nor servname provided, or not known)""))"
sample_00108,True,True,,,,,,"range request failed: ConnectionError: HTTPSConnectionPool(host='huggingface.co', port=443): Max retries exceeded with url: /buckets/scrollprize/datasets/resolve/surfaces/kaggle/labels/sample_00108.tif (Caused by NameResolutionError(""HTTPSConnection(host='huggingface.co', port=443): Failed to resolve 'huggingface.co' ([Errno 8] nodename nor servname provided, or not known)""))",,,,,,"range request failed: ConnectionError: HTTPSConnectionPool(host='huggingface.co', port=443): Max retries exceeded with url: /buckets/scrollprize/datasets/resolve/surfaces/kaggle/images/sample_00108.tif (Caused by NameResolutionError(""HTTPSConnection(host='huggingface.co', port=443): Failed to resolve 'huggingface.co' ([Errno 8] nodename nor servname provided, or not known)""))"
sample_00109,True,True,,,,,,"range request failed: ConnectionError: HTTPSConnectionPool(host='huggingface.co', port=443): Max retries exceeded with url: /buckets/scrollprize/datasets/resolve/surfaces/kaggle/labels/sample_00109.tif (Caused by NameResolutionError(""HTTPSConnection(host='huggingface.co', port=443): Failed to resolve 'huggingface.co' ([Errno 8] nodename nor servname provided, or not known)""))",,,,,,"range request failed: ConnectionError: HTTPSConnectionPool(host='huggingface.co', port=443): Max retries exceeded with url: /buckets/scrollprize/datasets/resolve/surfaces/kaggle/images/sample_00109.tif (Caused by NameResolutionError(""HTTPSConnection(host='huggingface.co', port=443): Failed to resolve 'huggingface.co' ([Errno 8] nodename nor servname provided, or not known)""))"
sample_00110,True,True,,,,,,"range request failed: ConnectionError: HTTPSConnectionPool(host='huggingface.co', port=443): Max retries exceeded with url: /buckets/scrollprize/datasets/resolve/surfaces/kaggle/labels/sample_00110.tif (Caused by NameResolutionError(""HTTPSConnection(host='huggingface.co', port=443): Failed to resolve 'huggingface.co' ([Errno 8] nodename nor servname provided, or not known)""))",,,,,,"range request failed: ConnectionError: HTTPSConnectionPool(host='huggingface.co', port=443): Max retries exceeded with url: /buckets/scrollprize/datasets/resolve/surfaces/kaggle/images/sample_00110.tif (Caused by NameResolutionError(""HTTPSConnection(host='huggingface.co', port=443): Failed to resolve 'huggingface.co' ([Errno 8] nodename nor servname provided, or not known)""))"
sample_00111,True,True,,,,,,"range request failed: ConnectionError: HTTPSConnectionPool(host='huggingface.co', port=443): Max retries exceeded with url: /buckets/scrollprize/datasets/resolve/surfaces/kaggle/labels/sample_00111.tif (Caused by NameResolutionError(""HTTPSConnection(host='huggingface.co', port=443): Failed to resolve 'huggingface.co' ([Errno 8] nodename nor servname provided, or not known)""))",,,,,,"range request failed: ConnectionError: HTTPSConnectionPool(host='huggingface.co', port=443): Max retries exceeded with url: /buckets/scrollprize/datasets/resolve/surfaces/kaggle/images/sample_00111.tif (Caused by NameResolutionError(""HTTPSConnection(host='huggingface.co', port=443): Failed to resolve 'huggingface.co' ([Errno 8] nodename nor servname provided, or not known)""))"
sample_00112,True,True,,,,,,"range request failed: ConnectionError: HTTPSConnectionPool(host='huggingface.co', port=443): Max retries exceeded with url: /buckets/scrollprize/datasets/resolve/surfaces/kaggle/labels/sample_00112.tif (Caused by NameResolutionError(""HTTPSConnection(host='huggingface.co', port=443): Failed to resolve 'huggingface.co' ([Errno 8] nodename nor servname provided, or not known)""))",,,,,,"range request failed: ConnectionError: HTTPSConnectionPool(host='huggingface.co', port=443): Max retries exceeded with url: /buckets/scrollprize/datasets/resolve/surfaces/kaggle/images/sample_00112.tif (Caused by NameResolutionError(""HTTPSConnection(host='huggingface.co', port=443): Failed to resolve 'huggingface.co' ([Errno 8] nodename nor servname provided, or not known)""))"
sample_00113,True,True,,,,,,"range request failed: ConnectionError: HTTPSConnectionPool(host='huggingface.co', port=443): Max retries exceeded with url: /buckets/scrollprize/datasets/resolve/surfaces/kaggle/labels/sample_00113.tif (Caused by NameResolutionError(""HTTPSConnection(host='huggingface.co', port=443): Failed to resolve 'huggingface.co' ([Errno 8] nodename nor servname provided, or not known)""))",,,,,,"range request failed: ConnectionError: HTTPSConnectionPool(host='huggingface.co', port=443): Max retries exceeded with url: /buckets/scrollprize/datasets/resolve/surfaces/kaggle/images/sample_00113.tif (Caused by NameResolutionError(""HTTPSConnection(host='huggingface.co', port=443): Failed to resolve 'huggingface.co' ([Errno 8] nodename nor servname provided, or not known)""))"
sample_00114,True,True,,,,,,"range request failed: ConnectionError: HTTPSConnectionPool(host='huggingface.co', port=443): Max retries exceeded with url: /buckets/scrollprize/datasets/resolve/surfaces/kaggle/labels/sample_00114.tif (Caused by NameResolutionError(""HTTPSConnection(host='huggingface.co', port=443): Failed to resolve 'huggingface.co' ([Errno 8] nodename nor servname provided, or not known)""))",,,,,,"range request failed: ConnectionError: HTTPSConnectionPool(host='huggingface.co', port=443): Max retries exceeded with url: /buckets/scrollprize/datasets/resolve/surfaces/kaggle/images/sample_00114.tif (Caused by NameResolutionError(""HTTPSConnection(host='huggingface.co', port=443): Failed to resolve 'huggingface.co' ([Errno 8] nodename nor servname provided, or not known)""))"
sample_00115,True,True,,,,,,"range request failed: ConnectionError: HTTPSConnectionPool(host='huggingface.co', port=443): Max retries exceeded with url: /buckets/scrollprize/datasets/resolve/surfaces/kaggle/labels/sample_00115.tif (Caused by NameResolutionError(""HTTPSConnection(host='huggingface.co', port=443): Failed to resolve 'huggingface.co' ([Errno 8] nodename nor servname provided, or not known)""))",,,,,,"range request failed: ConnectionError: HTTPSConnectionPool(host='huggingface.co', port=443): Max retries exceeded with url: /buckets/scrollprize/datasets/resolve/surfaces/kaggle/images/sample_00115.tif (Caused by NameResolutionError(""HTTPSConnection(host='huggingface.co', port=443): Failed to resolve 'huggingface.co' ([Errno 8] nodename nor servname provided, or not known)""))"
sample_00116,True,True,,,,,,"range request failed: ConnectionError: HTTPSConnectionPool(host='huggingface.co', port=443): Max retries exceeded with url: /buckets/scrollprize/datasets/resolve/surfaces/kaggle/labels/sample_00116.tif (Caused by NameResolutionError(""HTTPSConnection(host='huggingface.co', port=443): Failed to resolve 'huggingface.co' ([Errno 8] nodename nor servname provided, or not known)""))",,,,,,"range request failed: ConnectionError: HTTPSConnectionPool(host='huggingface.co', port=443): Max retries exceeded with url: /buckets/scrollprize/datasets/resolve/surfaces/kaggle/images/sample_00116.tif (Caused by NameResolutionError(""HTTPSConnection(host='huggingface.co', port=443): Failed to resolve 'huggingface.co' ([Errno 8] nodename nor servname provided, or not known)""))"
sample_00117,True,True,,,,,,"range request failed: ConnectionError: HTTPSConnectionPool(host='huggingface.co', port=443): Max retries exceeded with url: /buckets/scrollprize/datasets/resolve/surfaces/kaggle/labels/sample_00117.tif (Caused by NameResolutionError(""HTTPSConnection(host='huggingface.co', port=443): Failed to resolve 'huggingface.co' ([Errno 8] nodename nor servname provided, or not known)""))",,,,,,"range request failed: ConnectionError: HTTPSConnectionPool(host='huggingface.co', port=443): Max retries exceeded with url: /buckets/scrollprize/datasets/resolve/surfaces/kaggle/images/sample_00117.tif (Caused by NameResolutionError(""HTTPSConnection(host='huggingface.co', port=443): Failed to resolve 'huggingface.co' ([Errno 8] nodename nor servname provided, or not known)""))"
sample_00118,True,True,,,,,,"range request failed: ConnectionError: HTTPSConnectionPool(host='huggingface.co', port=443): Max retries exceeded with url: /buckets/scrollprize/datasets/resolve/surfaces/kaggle/labels/sample_00118.tif (Caused by NameResolutionError(""HTTPSConnection(host='huggingface.co', port=443): Failed to resolve 'huggingface.co' ([Errno 8] nodename nor servname provided, or not known)""))",,,,,,"range request failed: ConnectionError: HTTPSConnectionPool(host='huggingface.co', port=443): Max retries exceeded with url: /buckets/scrollprize/datasets/resolve/surfaces/kaggle/images/sample_00118.tif (Caused by NameResolutionError(""HTTPSConnection(host='huggingface.co', port=443): Failed to resolve 'huggingface.co' ([Errno 8] nodename nor servname provided, or not known)""))"
sample_00119,True,True,,,,,,"range request failed: ConnectionError: HTTPSConnectionPool(host='huggingface.co', port=443): Max retries exceeded with url: /buckets/scrollprize/datasets/resolve/surfaces/kaggle/labels/sample_00119.tif (Caused by NameResolutionError(""HTTPSConnection(host='huggingface.co', port=443): Failed to resolve 'huggingface.co' ([Errno 8] nodename nor servname provided, or not known)""))",,,,,,"range request failed: ConnectionError: HTTPSConnectionPool(host='huggingface.co', port=443): Max retries exceeded with url: /buckets/scrollprize/datasets/resolve/surfaces/kaggle/images/sample_00119.tif (Caused by NameResolutionError(""HTTPSConnection(host='huggingface.co', port=443): Failed to resolve 'huggingface.co' ([Errno 8] nodename nor servname provided, or not known)""))"
sample_00120,True,True,,,,,,"range request failed: ConnectionError: HTTPSConnectionPool(host='huggingface.co', port=443): Max retries exceeded with url: /buckets/scrollprize/datasets/resolve/surfaces/kaggle/labels/sample_00120.tif (Caused by NameResolutionError(""HTTPSConnection(host='huggingface.co', port=443): Failed to resolve 'huggingface.co' ([Errno 8] nodename nor servname provided, or not known)""))",,,,,,"range request failed: ConnectionError: HTTPSConnectionPool(host='huggingface.co', port=443): Max retries exceeded with url: /buckets/scrollprize/datasets/resolve/surfaces/kaggle/images/sample_00120.tif (Caused by NameResolutionError(""HTTPSConnection(host='huggingface.co', port=443): Failed to resolve 'huggingface.co' ([Errno 8] nodename nor servname provided, or not known)""))"
sample_00121,True,True,,,,,,"range request failed: ConnectionError: HTTPSConnectionPool(host='huggingface.co', port=443): Max retries exceeded with url: /buckets/scrollprize/datasets/resolve/surfaces/kaggle/labels/sample_00121.tif (Caused by NameResolutionError(""HTTPSConnection(host='huggingface.co', port=443): Failed to resolve 'huggingface.co' ([Errno 8] nodename nor servname provided, or not known)""))",,,,,,"range request failed: ConnectionError: HTTPSConnectionPool(host='huggingface.co', port=443): Max retries exceeded with url: /buckets/scrollprize/datasets/resolve/surfaces/kaggle/images/sample_00121.tif (Caused by NameResolutionError(""HTTPSConnection(host='huggingface.co', port=443): Failed to resolve 'huggingface.co' ([Errno 8] nodename nor servname provided, or not known)""))"
sample_00122,True,True,,,,,,"range request failed: ConnectionError: HTTPSConnectionPool(host='huggingface.co', port=443): Max retries exceeded with url: /buckets/scrollprize/datasets/resolve/surfaces/kaggle/labels/sample_00122.tif (Caused by NameResolutionError(""HTTPSConnection(host='huggingface.co', port=443): Failed to resolve 'huggingface.co' ([Errno 8] nodename nor servname provided, or not known)""))",,,,,,"range request failed: ConnectionError: HTTPSConnectionPool(host='huggingface.co', port=443): Max retries exceeded with url: /buckets/scrollprize/datasets/resolve/surfaces/kaggle/images/sample_00122.tif (Caused by NameResolutionError(""HTTPSConnection(host='huggingface.co', port=443): Failed to resolve 'huggingface.co' ([Errno 8] nodename nor servname provided, or not known)""))"
sample_00123,True,True,,,,,,"range request failed: ConnectionError: HTTPSConnectionPool(host='huggingface.co', port=443): Max retries exceeded with url: /buckets/scrollprize/datasets/resolve/surfaces/kaggle/labels/sample_00123.tif (Caused by NameResolutionError(""HTTPSConnection(host='huggingface.co', port=443): Failed to resolve 'huggingface.co' ([Errno 8] nodename nor servname provided, or not known)""))",,,,,,"range request failed: ConnectionError: HTTPSConnectionPool(host='huggingface.co', port=443): Max retries exceeded with url: /buckets/scrollprize/datasets/resolve/surfaces/kaggle/images/sample_00123.tif (Caused by NameResolutionError(""HTTPSConnection(host='huggingface.co', port=443): Failed to resolve 'huggingface.co' ([Errno 8] nodename nor servname provided, or not known)""))"
sample_00124,True,True,,,,,,"range request failed: ConnectionError: HTTPSConnectionPool(host='huggingface.co', port=443): Max retries exceeded with url: /buckets/scrollprize/datasets/resolve/surfaces/kaggle/labels/sample_00124.tif (Caused by NameResolutionError(""HTTPSConnection(host='huggingface.co', port=443): Failed to resolve 'huggingface.co' ([Errno 8] nodename nor servname provided, or not known)""))",,,,,,"range request failed: ConnectionError: HTTPSConnectionPool(host='huggingface.co', port=443): Max retries exceeded with url: /buckets/scrollprize/datasets/resolve/surfaces/kaggle/images/sample_00124.tif (Caused by NameResolutionError(""HTTPSConnection(host='huggingface.co', port=443): Failed to resolve 'huggingface.co' ([Errno 8] nodename nor servname provided, or not known)""))"
sample_00125,True,True,,,,,,"range request failed: ConnectionError: HTTPSConnectionPool(host='huggingface.co', port=443): Max retries exceeded with url: /buckets/scrollprize/datasets/resolve/surfaces/kaggle/labels/sample_00125.tif (Caused by NameResolutionError(""HTTPSConnection(host='huggingface.co', port=443): Failed to resolve 'huggingface.co' ([Errno 8] nodename nor servname provided, or not known)""))",,,,,,"range request failed: ConnectionError: HTTPSConnectionPool(host='huggingface.co', port=443): Max retries exceeded with url: /buckets/scrollprize/datasets/resolve/surfaces/kaggle/images/sample_00125.tif (Caused by NameResolutionError(""HTTPSConnection(host='huggingface.co', port=443): Failed to resolve 'huggingface.co' ([Errno 8] nodename nor servname provided, or not known)""))"
sample_00126,True,True,,,,,,"range request failed: ConnectionError: HTTPSConnectionPool(host='huggingface.co', port=443): Max retries exceeded with url: /buckets/scrollprize/datasets/resolve/surfaces/kaggle/labels/sample_00126.tif (Caused by NameResolutionError(""HTTPSConnection(host='huggingface.co', port=443): Failed to resolve 'huggingface.co' ([Errno 8] nodename nor servname provided, or not known)""))",,,,,,"range request failed: ConnectionError: HTTPSConnectionPool(host='huggingface.co', port=443): Max retries exceeded with url: /buckets/scrollprize/datasets/resolve/surfaces/kaggle/images/sample_00126.tif (Caused by NameResolutionError(""HTTPSConnection(host='huggingface.co', port=443): Failed to resolve 'huggingface.co' ([Errno 8] nodename nor servname provided, or not known)""))"
sample_00127,True,True,,,,,,"range request failed: ConnectionError: HTTPSConnectionPool(host='huggingface.co', port=443): Max retries exceeded with url: /buckets/scrollprize/datasets/resolve/surfaces/kaggle/labels/sample_00127.tif (Caused by NameResolutionError(""HTTPSConnection(host='huggingface.co', port=443): Failed to resolve 'huggingface.co' ([Errno 8] nodename nor servname provided, or not known)""))",,,,,,"range request failed: ConnectionError: HTTPSConnectionPool(host='huggingface.co', port=443): Max retries exceeded with url: /buckets/scrollprize/datasets/resolve/surfaces/kaggle/images/sample_00127.tif (Caused by NameResolutionError(""HTTPSConnection(host='huggingface.co', port=443): Failed to resolve 'huggingface.co' ([Errno 8] nodename nor servname provided, or not known)""))"
sample_00128,True,True,,,,,,"range request failed: ConnectionError: HTTPSConnectionPool(host='huggingface.co', port=443): Max retries exceeded with url: /buckets/scrollprize/datasets/resolve/surfaces/kaggle/labels/sample_00128.tif (Caused by NameResolutionError(""HTTPSConnection(host='huggingface.co', port=443): Failed to resolve 'huggingface.co' ([Errno 8] nodename nor servname provided, or not known)""))",,,,,,"range request failed: ConnectionError: HTTPSConnectionPool(host='huggingface.co', port=443): Max retries exceeded with url: /buckets/scrollprize/datasets/resolve/surfaces/kaggle/images/sample_00128.tif (Caused by NameResolutionError(""HTTPSConnection(host='huggingface.co', port=443): Failed to resolve 'huggingface.co' ([Errno 8] nodename nor servname provided, or not known)""))"
sample_00129,True,True,,,,,,"range request failed: ConnectionError: HTTPSConnectionPool(host='huggingface.co', port=443): Max retries exceeded with url: /buckets/scrollprize/datasets/resolve/surfaces/kaggle/labels/sample_00129.tif (Caused by NameResolutionError(""HTTPSConnection(host='huggingface.co', port=443): Failed to resolve 'huggingface.co' ([Errno 8] nodename nor servname provided, or not known)""))",,,,,,"range request failed: ConnectionError: HTTPSConnectionPool(host='huggingface.co', port=443): Max retries exceeded with url: /buckets/scrollprize/datasets/resolve/surfaces/kaggle/images/sample_00129.tif (Caused by NameResolutionError(""HTTPSConnection(host='huggingface.co', port=443): Failed to resolve 'huggingface.co' ([Errno 8] nodename nor servname provided, or not known)""))"
sample_00130,True,True,,,,,,"range request failed: ConnectionError: HTTPSConnectionPool(host='huggingface.co', port=443): Max retries exceeded with url: /buckets/scrollprize/datasets/resolve/surfaces/kaggle/labels/sample_00130.tif (Caused by NameResolutionError(""HTTPSConnection(host='huggingface.co', port=443): Failed to resolve 'huggingface.co' ([Errno 8] nodename nor servname provided, or not known)""))",,,,,,"range request failed: ConnectionError: HTTPSConnectionPool(host='huggingface.co', port=443): Max retries exceeded with url: /buckets/scrollprize/datasets/resolve/surfaces/kaggle/images/sample_00130.tif (Caused by NameResolutionError(""HTTPSConnection(host='huggingface.co', port=443): Failed to resolve 'huggingface.co' ([Errno 8] nodename nor servname provided, or not known)""))"
sample_00131,True,True,,,,,,"range request failed: ConnectionError: HTTPSConnectionPool(host='huggingface.co', port=443): Max retries exceeded with url: /buckets/scrollprize/datasets/resolve/surfaces/kaggle/labels/sample_00131.tif (Caused by NameResolutionError(""HTTPSConnection(host='huggingface.co', port=443): Failed to resolve 'huggingface.co' ([Errno 8] nodename nor servname provided, or not known)""))",,,,,,"range request failed: ConnectionError: HTTPSConnectionPool(host='huggingface.co', port=443): Max retries exceeded with url: /buckets/scrollprize/datasets/resolve/surfaces/kaggle/images/sample_00131.tif (Caused by NameResolutionError(""HTTPSConnection(host='huggingface.co', port=443): Failed to resolve 'huggingface.co' ([Errno 8] nodename nor servname provided, or not known)""))"
sample_00132,True,True,,,,,,"range request failed: ConnectionError: HTTPSConnectionPool(host='huggingface.co', port=443): Max retries exceeded with url: /buckets/scrollprize/datasets/resolve/surfaces/kaggle/labels/sample_00132.tif (Caused by NameResolutionError(""HTTPSConnection(host='huggingface.co', port=443): Failed to resolve 'huggingface.co' ([Errno 8] nodename nor servname provided, or not known)""))",,,,,,"range request failed: ConnectionError: HTTPSConnectionPool(host='huggingface.co', port=443): Max retries exceeded with url: /buckets/scrollprize/datasets/resolve/surfaces/kaggle/images/sample_00132.tif (Caused by NameResolutionError(""HTTPSConnection(host='huggingface.co', port=443): Failed to resolve 'huggingface.co' ([Errno 8] nodename nor servname provided, or not known)""))"
sample_00133,True,True,,,,,,"range request failed: ConnectionError: HTTPSConnectionPool(host='huggingface.co', port=443): Max retries exceeded with url: /buckets/scrollprize/datasets/resolve/surfaces/kaggle/labels/sample_00133.tif (Caused by NameResolutionError(""HTTPSConnection(host='huggingface.co', port=443): Failed to resolve 'huggingface.co' ([Errno 8] nodename nor servname provided, or not known)""))",,,,,,"range request failed: ConnectionError: HTTPSConnectionPool(host='huggingface.co', port=443): Max retries exceeded with url: /buckets/scrollprize/datasets/resolve/surfaces/kaggle/images/sample_00133.tif (Caused by NameResolutionError(""HTTPSConnection(host='huggingface.co', port=443): Failed to resolve 'huggingface.co' ([Errno 8] nodename nor servname provided, or not known)""))"
sample_00134,True,True,,,,,,"range request failed: ConnectionError: HTTPSConnectionPool(host='huggingface.co', port=443): Max retries exceeded with url: /buckets/scrollprize/datasets/resolve/surfaces/kaggle/labels/sample_00134.tif (Caused by NameResolutionError(""HTTPSConnection(host='huggingface.co', port=443): Failed to resolve 'huggingface.co' ([Errno 8] nodename nor servname provided, or not known)""))",,,,,,"range request failed: ConnectionError: HTTPSConnectionPool(host='huggingface.co', port=443): Max retries exceeded with url: /buckets/scrollprize/datasets/resolve/surfaces/kaggle/images/sample_00134.tif (Caused by NameResolutionError(""HTTPSConnection(host='huggingface.co', port=443): Failed to resolve 'huggingface.co' ([Errno 8] nodename nor servname provided, or not known)""))"
sample_00136,True,True,,,,,,"range request failed: ConnectionError: HTTPSConnectionPool(host='huggingface.co', port=443): Max retries exceeded with url: /buckets/scrollprize/datasets/resolve/surfaces/kaggle/labels/sample_00136.tif (Caused by NameResolutionError(""HTTPSConnection(host='huggingface.co', port=443): Failed to resolve 'huggingface.co' ([Errno 8] nodename nor servname provided, or not known)""))",,,,,,"range request failed: ConnectionError: HTTPSConnectionPool(host='huggingface.co', port=443): Max retries exceeded with url: /buckets/scrollprize/datasets/resolve/surfaces/kaggle/images/sample_00136.tif (Caused by NameResolutionError(""HTTPSConnection(host='huggingface.co', port=443): Failed to resolve 'huggingface.co' ([Errno 8] nodename nor servname provided, or not known)""))"
sample_00137,True,True,,,,,,"range request failed: ConnectionError: HTTPSConnectionPool(host='huggingface.co', port=443): Max retries exceeded with url: /buckets/scrollprize/datasets/resolve/surfaces/kaggle/labels/sample_00137.tif (Caused by NameResolutionError(""HTTPSConnection(host='huggingface.co', port=443): Failed to resolve 'huggingface.co' ([Errno 8] nodename nor servname provided, or not known)""))",,,,,,"range request failed: ConnectionError: HTTPSConnectionPool(host='huggingface.co', port=443): Max retries exceeded with url: /buckets/scrollprize/datasets/resolve/surfaces/kaggle/images/sample_00137.tif (Caused by NameResolutionError(""HTTPSConnection(host='huggingface.co', port=443): Failed to resolve 'huggingface.co' ([Errno 8] nodename nor servname provided, or not known)""))"
sample_00138,True,True,,,,,,"range request failed: ConnectionError: HTTPSConnectionPool(host='huggingface.co', port=443): Max retries exceeded with url: /buckets/scrollprize/datasets/resolve/surfaces/kaggle/labels/sample_00138.tif (Caused by NameResolutionError(""HTTPSConnection(host='huggingface.co', port=443): Failed to resolve 'huggingface.co' ([Errno 8] nodename nor servname provided, or not known)""))",,,,,,"range request failed: ConnectionError: HTTPSConnectionPool(host='huggingface.co', port=443): Max retries exceeded with url: /buckets/scrollprize/datasets/resolve/surfaces/kaggle/images/sample_00138.tif (Caused by NameResolutionError(""HTTPSConnection(host='huggingface.co', port=443): Failed to resolve 'huggingface.co' ([Errno 8] nodename nor servname provided, or not known)""))"
sample_00139,True,True,,,,,,"range request failed: ConnectionError: HTTPSConnectionPool(host='huggingface.co', port=443): Max retries exceeded with url: /buckets/scrollprize/datasets/resolve/surfaces/kaggle/labels/sample_00139.tif (Caused by NameResolutionError(""HTTPSConnection(host='huggingface.co', port=443): Failed to resolve 'huggingface.co' ([Errno 8] nodename nor servname provided, or not known)""))",,,,,,"range request failed: ConnectionError: HTTPSConnectionPool(host='huggingface.co', port=443): Max retries exceeded with url: /buckets/scrollprize/datasets/resolve/surfaces/kaggle/images/sample_00139.tif (Caused by NameResolutionError(""HTTPSConnection(host='huggingface.co', port=443): Failed to resolve 'huggingface.co' ([Errno 8] nodename nor servname provided, or not known)""))"
sample_00140,True,True,,,,,,"range request failed: ConnectionError: HTTPSConnectionPool(host='huggingface.co', port=443): Max retries exceeded with url: /buckets/scrollprize/datasets/resolve/surfaces/kaggle/labels/sample_00140.tif (Caused by NameResolutionError(""HTTPSConnection(host='huggingface.co', port=443): Failed to resolve 'huggingface.co' ([Errno 8] nodename nor servname provided, or not known)""))",,,,,,"range request failed: ConnectionError: HTTPSConnectionPool(host='huggingface.co', port=443): Max retries exceeded with url: /buckets/scrollprize/datasets/resolve/surfaces/kaggle/images/sample_00140.tif (Caused by NameResolutionError(""HTTPSConnection(host='huggingface.co', port=443): Failed to resolve 'huggingface.co' ([Errno 8] nodename nor servname provided, or not known)""))"
sample_00141,True,True,,,,,,"range request failed: ConnectionError: HTTPSConnectionPool(host='huggingface.co', port=443): Max retries exceeded with url: /buckets/scrollprize/datasets/resolve/surfaces/kaggle/labels/sample_00141.tif (Caused by NameResolutionError(""HTTPSConnection(host='huggingface.co', port=443): Failed to resolve 'huggingface.co' ([Errno 8] nodename nor servname provided, or not known)""))",,,,,,"range request failed: ConnectionError: HTTPSConnectionPool(host='huggingface.co', port=443): Max retries exceeded with url: /buckets/scrollprize/datasets/resolve/surfaces/kaggle/images/sample_00141.tif (Caused by NameResolutionError(""HTTPSConnection(host='huggingface.co', port=443): Failed to resolve 'huggingface.co' ([Errno 8] nodename nor servname provided, or not known)""))"
sample_00142,True,True,,,,,,"range request failed: ConnectionError: HTTPSConnectionPool(host='huggingface.co', port=443): Max retries exceeded with url: /buckets/scrollprize/datasets/resolve/surfaces/kaggle/labels/sample_00142.tif (Caused by NameResolutionError(""HTTPSConnection(host='huggingface.co', port=443): Failed to resolve 'huggingface.co' ([Errno 8] nodename nor servname provided, or not known)""))",,,,,,"range request failed: ConnectionError: HTTPSConnectionPool(host='huggingface.co', port=443): Max retries exceeded with url: /buckets/scrollprize/datasets/resolve/surfaces/kaggle/images/sample_00142.tif (Caused by NameResolutionError(""HTTPSConnection(host='huggingface.co', port=443): Failed to resolve 'huggingface.co' ([Errno 8] nodename nor servname provided, or not known)""))"
sample_00143,True,True,,,,,,"range request failed: ConnectionError: HTTPSConnectionPool(host='huggingface.co', port=443): Max retries exceeded with url: /buckets/scrollprize/datasets/resolve/surfaces/kaggle/labels/sample_00143.tif (Caused by NameResolutionError(""HTTPSConnection(host='huggingface.co', port=443): Failed to resolve 'huggingface.co' ([Errno 8] nodename nor servname provided, or not known)""))",,,,,,"range request failed: ConnectionError: HTTPSConnectionPool(host='huggingface.co', port=443): Max retries exceeded with url: /buckets/scrollprize/datasets/resolve/surfaces/kaggle/images/sample_00143.tif (Caused by NameResolutionError(""HTTPSConnection(host='huggingface.co', port=443): Failed to resolve 'huggingface.co' ([Errno 8] nodename nor servname provided, or not known)""))"
sample_00144,True,True,,,,,,"range request failed: ConnectionError: HTTPSConnectionPool(host='huggingface.co', port=443): Max retries exceeded with url: /buckets/scrollprize/datasets/resolve/surfaces/kaggle/labels/sample_00144.tif (Caused by NameResolutionError(""HTTPSConnection(host='huggingface.co', port=443): Failed to resolve 'huggingface.co' ([Errno 8] nodename nor servname provided, or not known)""))",,,,,,"range request failed: ConnectionError: HTTPSConnectionPool(host='huggingface.co', port=443): Max retries exceeded with url: /buckets/scrollprize/datasets/resolve/surfaces/kaggle/images/sample_00144.tif (Caused by NameResolutionError(""HTTPSConnection(host='huggingface.co', port=443): Failed to resolve 'huggingface.co' ([Errno 8] nodename nor servname provided, or not known)""))"
sample_00145,True,True,,,,,,"range request failed: ConnectionError: HTTPSConnectionPool(host='huggingface.co', port=443): Max retries exceeded with url: /buckets/scrollprize/datasets/resolve/surfaces/kaggle/labels/sample_00145.tif (Caused by NameResolutionError(""HTTPSConnection(host='huggingface.co', port=443): Failed to resolve 'huggingface.co' ([Errno 8] nodename nor servname provided, or not known)""))",,,,,,"range request failed: ConnectionError: HTTPSConnectionPool(host='huggingface.co', port=443): Max retries exceeded with url: /buckets/scrollprize/datasets/resolve/surfaces/kaggle/images/sample_00145.tif (Caused by NameResolutionError(""HTTPSConnection(host='huggingface.co', port=443): Failed to resolve 'huggingface.co' ([Errno 8] nodename nor servname provided, or not known)""))"
sample_00146,True,True,,,,,,"range request failed: ConnectionError: HTTPSConnectionPool(host='huggingface.co', port=443): Max retries exceeded with url: /buckets/scrollprize/datasets/resolve/surfaces/kaggle/labels/sample_00146.tif (Caused by NameResolutionError(""HTTPSConnection(host='huggingface.co', port=443): Failed to resolve 'huggingface.co' ([Errno 8] nodename nor servname provided, or not known)""))",,,,,,"range request failed: ConnectionError: HTTPSConnectionPool(host='huggingface.co', port=443): Max retries exceeded with url: /buckets/scrollprize/datasets/resolve/surfaces/kaggle/images/sample_00146.tif (Caused by NameResolutionError(""HTTPSConnection(host='huggingface.co', port=443): Failed to resolve 'huggingface.co' ([Errno 8] nodename nor servname provided, or not known)""))"
sample_00147,True,True,,,,,,"range request failed: ConnectionError: HTTPSConnectionPool(host='huggingface.co', port=443): Max retries exceeded with url: /buckets/scrollprize/datasets/resolve/surfaces/kaggle/labels/sample_00147.tif (Caused by NameResolutionError(""HTTPSConnection(host='huggingface.co', port=443): Failed to resolve 'huggingface.co' ([Errno 8] nodename nor servname provided, or not known)""))",,,,,,"range request failed: ConnectionError: HTTPSConnectionPool(host='huggingface.co', port=443): Max retries exceeded with url: /buckets/scrollprize/datasets/resolve/surfaces/kaggle/images/sample_00147.tif (Caused by NameResolutionError(""HTTPSConnection(host='huggingface.co', port=443): Failed to resolve 'huggingface.co' ([Errno 8] nodename nor servname provided, or not known)""))"
sample_00148,True,True,,,,,,"range request failed: ConnectionError: HTTPSConnectionPool(host='huggingface.co', port=443): Max retries exceeded with url: /buckets/scrollprize/datasets/resolve/surfaces/kaggle/labels/sample_00148.tif (Caused by NameResolutionError(""HTTPSConnection(host='huggingface.co', port=443): Failed to resolve 'huggingface.co' ([Errno 8] nodename nor servname provided, or not known)""))",,,,,,"range request failed: ConnectionError: HTTPSConnectionPool(host='huggingface.co', port=443): Max retries exceeded with url: /buckets/scrollprize/datasets/resolve/surfaces/kaggle/images/sample_00148.tif (Caused by NameResolutionError(""HTTPSConnection(host='huggingface.co', port=443): Failed to resolve 'huggingface.co' ([Errno 8] nodename nor servname provided, or not known)""))"
sample_00149,True,True,,,,,,"range request failed: ConnectionError: HTTPSConnectionPool(host='huggingface.co', port=443): Max retries exceeded with url: /buckets/scrollprize/datasets/resolve/surfaces/kaggle/labels/sample_00149.tif (Caused by NameResolutionError(""HTTPSConnection(host='huggingface.co', port=443): Failed to resolve 'huggingface.co' ([Errno 8] nodename nor servname provided, or not known)""))",,,,,,"range request failed: ConnectionError: HTTPSConnectionPool(host='huggingface.co', port=443): Max retries exceeded with url: /buckets/scrollprize/datasets/resolve/surfaces/kaggle/images/sample_00149.tif (Caused by NameResolutionError(""HTTPSConnection(host='huggingface.co', port=443): Failed to resolve 'huggingface.co' ([Errno 8] nodename nor servname provided, or not known)""))"
sample_00150,True,True,,,,,,"range request failed: ConnectionError: HTTPSConnectionPool(host='huggingface.co', port=443): Max retries exceeded with url: /buckets/scrollprize/datasets/resolve/surfaces/kaggle/labels/sample_00150.tif (Caused by NameResolutionError(""HTTPSConnection(host='huggingface.co', port=443): Failed to resolve 'huggingface.co' ([Errno 8] nodename nor servname provided, or not known)""))",,,,,,"range request failed: ConnectionError: HTTPSConnectionPool(host='huggingface.co', port=443): Max retries exceeded with url: /buckets/scrollprize/datasets/resolve/surfaces/kaggle/images/sample_00150.tif (Caused by NameResolutionError(""HTTPSConnection(host='huggingface.co', port=443): Failed to resolve 'huggingface.co' ([Errno 8] nodename nor servname provided, or not known)""))"
sample_00151,True,True,,,,,,"range request failed: ConnectionError: HTTPSConnectionPool(host='huggingface.co', port=443): Max retries exceeded with url: /buckets/scrollprize/datasets/resolve/surfaces/kaggle/labels/sample_00151.tif (Caused by NameResolutionError(""HTTPSConnection(host='huggingface.co', port=443): Failed to resolve 'huggingface.co' ([Errno 8] nodename nor servname provided, or not known)""))",,,,,,"range request failed: ConnectionError: HTTPSConnectionPool(host='huggingface.co', port=443): Max retries exceeded with url: /buckets/scrollprize/datasets/resolve/surfaces/kaggle/images/sample_00151.tif (Caused by NameResolutionError(""HTTPSConnection(host='huggingface.co', port=443): Failed to resolve 'huggingface.co' ([Errno 8] nodename nor servname provided, or not known)""))"
sample_00152,True,True,,,,,,"range request failed: ConnectionError: HTTPSConnectionPool(host='huggingface.co', port=443): Max retries exceeded with url: /buckets/scrollprize/datasets/resolve/surfaces/kaggle/labels/sample_00152.tif (Caused by NameResolutionError(""HTTPSConnection(host='huggingface.co', port=443): Failed to resolve 'huggingface.co' ([Errno 8] nodename nor servname provided, or not known)""))",,,,,,"range request failed: ConnectionError: HTTPSConnectionPool(host='huggingface.co', port=443): Max retries exceeded with url: /buckets/scrollprize/datasets/resolve/surfaces/kaggle/images/sample_00152.tif (Caused by NameResolutionError(""HTTPSConnection(host='huggingface.co', port=443): Failed to resolve 'huggingface.co' ([Errno 8] nodename nor servname provided, or not known)""))"
sample_00153,True,True,,,,,,"range request failed: ConnectionError: HTTPSConnectionPool(host='huggingface.co', port=443): Max retries exceeded with url: /buckets/scrollprize/datasets/resolve/surfaces/kaggle/labels/sample_00153.tif (Caused by NameResolutionError(""HTTPSConnection(host='huggingface.co', port=443): Failed to resolve 'huggingface.co' ([Errno 8] nodename nor servname provided, or not known)""))",,,,,,"range request failed: ConnectionError: HTTPSConnectionPool(host='huggingface.co', port=443): Max retries exceeded with url: /buckets/scrollprize/datasets/resolve/surfaces/kaggle/images/sample_00153.tif (Caused by NameResolutionError(""HTTPSConnection(host='huggingface.co', port=443): Failed to resolve 'huggingface.co' ([Errno 8] nodename nor servname provided, or not known)""))"
sample_00154,True,True,,,,,,"range request failed: ConnectionError: HTTPSConnectionPool(host='huggingface.co', port=443): Max retries exceeded with url: /buckets/scrollprize/datasets/resolve/surfaces/kaggle/labels/sample_00154.tif (Caused by NameResolutionError(""HTTPSConnection(host='huggingface.co', port=443): Failed to resolve 'huggingface.co' ([Errno 8] nodename nor servname provided, or not known)""))",,,,,,"range request failed: ConnectionError: HTTPSConnectionPool(host='huggingface.co', port=443): Max retries exceeded with url: /buckets/scrollprize/datasets/resolve/surfaces/kaggle/images/sample_00154.tif (Caused by NameResolutionError(""HTTPSConnection(host='huggingface.co', port=443): Failed to resolve 'huggingface.co' ([Errno 8] nodename nor servname provided, or not known)""))"
sample_00155,True,True,,,,,,"range request failed: ConnectionError: HTTPSConnectionPool(host='huggingface.co', port=443): Max retries exceeded with url: /buckets/scrollprize/datasets/resolve/surfaces/kaggle/labels/sample_00155.tif (Caused by NameResolutionError(""HTTPSConnection(host='huggingface.co', port=443): Failed to resolve 'huggingface.co' ([Errno 8] nodename nor servname provided, or not known)""))",,,,,,"range request failed: ConnectionError: HTTPSConnectionPool(host='huggingface.co', port=443): Max retries exceeded with url: /buckets/scrollprize/datasets/resolve/surfaces/kaggle/images/sample_00155.tif (Caused by NameResolutionError(""HTTPSConnection(host='huggingface.co', port=443): Failed to resolve 'huggingface.co' ([Errno 8] nodename nor servname provided, or not known)""))"
sample_00156,True,True,,,,,,"range request failed: ConnectionError: HTTPSConnectionPool(host='huggingface.co', port=443): Max retries exceeded with url: /buckets/scrollprize/datasets/resolve/surfaces/kaggle/labels/sample_00156.tif (Caused by NameResolutionError(""HTTPSConnection(host='huggingface.co', port=443): Failed to resolve 'huggingface.co' ([Errno 8] nodename nor servname provided, or not known)""))",,,,,,"range request failed: ConnectionError: HTTPSConnectionPool(host='huggingface.co', port=443): Max retries exceeded with url: /buckets/scrollprize/datasets/resolve/surfaces/kaggle/images/sample_00156.tif (Caused by NameResolutionError(""HTTPSConnection(host='huggingface.co', port=443): Failed to resolve 'huggingface.co' ([Errno 8] nodename nor servname provided, or not known)""))"
sample_00157,True,True,,,,,,"range request failed: ConnectionError: HTTPSConnectionPool(host='huggingface.co', port=443): Max retries exceeded with url: /buckets/scrollprize/datasets/resolve/surfaces/kaggle/labels/sample_00157.tif (Caused by NameResolutionError(""HTTPSConnection(host='huggingface.co', port=443): Failed to resolve 'huggingface.co' ([Errno 8] nodename nor servname provided, or not known)""))",,,,,,"range request failed: ConnectionError: HTTPSConnectionPool(host='huggingface.co', port=443): Max retries exceeded with url: /buckets/scrollprize/datasets/resolve/surfaces/kaggle/images/sample_00157.tif (Caused by NameResolutionError(""HTTPSConnection(host='huggingface.co', port=443): Failed to resolve 'huggingface.co' ([Errno 8] nodename nor servname provided, or not known)""))"
sample_00158,True,True,,,,,,"range request failed: ConnectionError: HTTPSConnectionPool(host='huggingface.co', port=443): Max retries exceeded with url: /buckets/scrollprize/datasets/resolve/surfaces/kaggle/labels/sample_00158.tif (Caused by NameResolutionError(""HTTPSConnection(host='huggingface.co', port=443): Failed to resolve 'huggingface.co' ([Errno 8] nodename nor servname provided, or not known)""))",,,,,,"range request failed: ConnectionError: HTTPSConnectionPool(host='huggingface.co', port=443): Max retries exceeded with url: /buckets/scrollprize/datasets/resolve/surfaces/kaggle/images/sample_00158.tif (Caused by NameResolutionError(""HTTPSConnection(host='huggingface.co', port=443): Failed to resolve 'huggingface.co' ([Errno 8] nodename nor servname provided, or not known)""))"
sample_00159,True,True,,,,,,"range request failed: ConnectionError: HTTPSConnectionPool(host='huggingface.co', port=443): Max retries exceeded with url: /buckets/scrollprize/datasets/resolve/surfaces/kaggle/labels/sample_00159.tif (Caused by NameResolutionError(""HTTPSConnection(host='huggingface.co', port=443): Failed to resolve 'huggingface.co' ([Errno 8] nodename nor servname provided, or not known)""))",,,,,,"range request failed: ConnectionError: HTTPSConnectionPool(host='huggingface.co', port=443): Max retries exceeded with url: /buckets/scrollprize/datasets/resolve/surfaces/kaggle/images/sample_00159.tif (Caused by NameResolutionError(""HTTPSConnection(host='huggingface.co', port=443): Failed to resolve 'huggingface.co' ([Errno 8] nodename nor servname provided, or not known)""))"
sample_00160,True,True,,,,,,"range request failed: ConnectionError: HTTPSConnectionPool(host='huggingface.co', port=443): Max retries exceeded with url: /buckets/scrollprize/datasets/resolve/surfaces/kaggle/labels/sample_00160.tif (Caused by NameResolutionError(""HTTPSConnection(host='huggingface.co', port=443): Failed to resolve 'huggingface.co' ([Errno 8] nodename nor servname provided, or not known)""))",,,,,,"range request failed: ConnectionError: HTTPSConnectionPool(host='huggingface.co', port=443): Max retries exceeded with url: /buckets/scrollprize/datasets/resolve/surfaces/kaggle/images/sample_00160.tif (Caused by NameResolutionError(""HTTPSConnection(host='huggingface.co', port=443): Failed to resolve 'huggingface.co' ([Errno 8] nodename nor servname provided, or not known)""))"
sample_00161,True,True,,,,,,"range request failed: ConnectionError: HTTPSConnectionPool(host='huggingface.co', port=443): Max retries exceeded with url: /buckets/scrollprize/datasets/resolve/surfaces/kaggle/labels/sample_00161.tif (Caused by NameResolutionError(""HTTPSConnection(host='huggingface.co', port=443): Failed to resolve 'huggingface.co' ([Errno 8] nodename nor servname provided, or not known)""))",,,,,,"range request failed: ConnectionError: HTTPSConnectionPool(host='huggingface.co', port=443): Max retries exceeded with url: /buckets/scrollprize/datasets/resolve/surfaces/kaggle/images/sample_00161.tif (Caused by NameResolutionError(""HTTPSConnection(host='huggingface.co', port=443): Failed to resolve 'huggingface.co' ([Errno 8] nodename nor servname provided, or not known)""))"
sample_00162,True,True,,,,,,"range request failed: ConnectionError: HTTPSConnectionPool(host='huggingface.co', port=443): Max retries exceeded with url: /buckets/scrollprize/datasets/resolve/surfaces/kaggle/labels/sample_00162.tif (Caused by NameResolutionError(""HTTPSConnection(host='huggingface.co', port=443): Failed to resolve 'huggingface.co' ([Errno 8] nodename nor servname provided, or not known)""))",,,,,,"range request failed: ConnectionError: HTTPSConnectionPool(host='huggingface.co', port=443): Max retries exceeded with url: /buckets/scrollprize/datasets/resolve/surfaces/kaggle/images/sample_00162.tif (Caused by NameResolutionError(""HTTPSConnection(host='huggingface.co', port=443): Failed to resolve 'huggingface.co' ([Errno 8] nodename nor servname provided, or not known)""))"
sample_00163,True,True,,,,,,"range request failed: ConnectionError: HTTPSConnectionPool(host='huggingface.co', port=443): Max retries exceeded with url: /buckets/scrollprize/datasets/resolve/surfaces/kaggle/labels/sample_00163.tif (Caused by NameResolutionError(""HTTPSConnection(host='huggingface.co', port=443): Failed to resolve 'huggingface.co' ([Errno 8] nodename nor servname provided, or not known)""))",,,,,,"range request failed: ConnectionError: HTTPSConnectionPool(host='huggingface.co', port=443): Max retries exceeded with url: /buckets/scrollprize/datasets/resolve/surfaces/kaggle/images/sample_00163.tif (Caused by NameResolutionError(""HTTPSConnection(host='huggingface.co', port=443): Failed to resolve 'huggingface.co' ([Errno 8] nodename nor servname provided, or not known)""))"
sample_00164,True,True,,,,,,"range request failed: ConnectionError: HTTPSConnectionPool(host='huggingface.co', port=443): Max retries exceeded with url: /buckets/scrollprize/datasets/resolve/surfaces/kaggle/labels/sample_00164.tif (Caused by NameResolutionError(""HTTPSConnection(host='huggingface.co', port=443): Failed to resolve 'huggingface.co' ([Errno 8] nodename nor servname provided, or not known)""))",,,,,,"range request failed: ConnectionError: HTTPSConnectionPool(host='huggingface.co', port=443): Max retries exceeded with url: /buckets/scrollprize/datasets/resolve/surfaces/kaggle/images/sample_00164.tif (Caused by NameResolutionError(""HTTPSConnection(host='huggingface.co', port=443): Failed to resolve 'huggingface.co' ([Errno 8] nodename nor servname provided, or not known)""))"
sample_00165,True,True,,,,,,"range request failed: ConnectionError: HTTPSConnectionPool(host='huggingface.co', port=443): Max retries exceeded with url: /buckets/scrollprize/datasets/resolve/surfaces/kaggle/labels/sample_00165.tif (Caused by NameResolutionError(""HTTPSConnection(host='huggingface.co', port=443): Failed to resolve 'huggingface.co' ([Errno 8] nodename nor servname provided, or not known)""))",,,,,,"range request failed: ConnectionError: HTTPSConnectionPool(host='huggingface.co', port=443): Max retries exceeded with url: /buckets/scrollprize/datasets/resolve/surfaces/kaggle/images/sample_00165.tif (Caused by NameResolutionError(""HTTPSConnection(host='huggingface.co', port=443): Failed to resolve 'huggingface.co' ([Errno 8] nodename nor servname provided, or not known)""))"
sample_00166,True,True,,,,,,"range request failed: ConnectionError: HTTPSConnectionPool(host='huggingface.co', port=443): Max retries exceeded with url: /buckets/scrollprize/datasets/resolve/surfaces/kaggle/labels/sample_00166.tif (Caused by NameResolutionError(""HTTPSConnection(host='huggingface.co', port=443): Failed to resolve 'huggingface.co' ([Errno 8] nodename nor servname provided, or not known)""))",,,,,,"range request failed: ConnectionError: HTTPSConnectionPool(host='huggingface.co', port=443): Max retries exceeded with url: /buckets/scrollprize/datasets/resolve/surfaces/kaggle/images/sample_00166.tif (Caused by NameResolutionError(""HTTPSConnection(host='huggingface.co', port=443): Failed to resolve 'huggingface.co' ([Errno 8] nodename nor servname provided, or not known)""))"
sample_00167,True,True,,,,,,"range request failed: ConnectionError: HTTPSConnectionPool(host='huggingface.co', port=443): Max retries exceeded with url: /buckets/scrollprize/datasets/resolve/surfaces/kaggle/labels/sample_00167.tif (Caused by NameResolutionError(""HTTPSConnection(host='huggingface.co', port=443): Failed to resolve 'huggingface.co' ([Errno 8] nodename nor servname provided, or not known)""))",,,,,,"range request failed: ConnectionError: HTTPSConnectionPool(host='huggingface.co', port=443): Max retries exceeded with url: /buckets/scrollprize/datasets/resolve/surfaces/kaggle/images/sample_00167.tif (Caused by NameResolutionError(""HTTPSConnection(host='huggingface.co', port=443): Failed to resolve 'huggingface.co' ([Errno 8] nodename nor servname provided, or not known)""))"
sample_00168,True,True,,,,,,"range request failed: ConnectionError: HTTPSConnectionPool(host='huggingface.co', port=443): Max retries exceeded with url: /buckets/scrollprize/datasets/resolve/surfaces/kaggle/labels/sample_00168.tif (Caused by NameResolutionError(""HTTPSConnection(host='huggingface.co', port=443): Failed to resolve 'huggingface.co' ([Errno 8] nodename nor servname provided, or not known)""))",,,,,,"range request failed: ConnectionError: HTTPSConnectionPool(host='huggingface.co', port=443): Max retries exceeded with url: /buckets/scrollprize/datasets/resolve/surfaces/kaggle/images/sample_00168.tif (Caused by NameResolutionError(""HTTPSConnection(host='huggingface.co', port=443): Failed to resolve 'huggingface.co' ([Errno 8] nodename nor servname provided, or not known)""))"
sample_00169,True,True,,,,,,"range request failed: ConnectionError: HTTPSConnectionPool(host='huggingface.co', port=443): Max retries exceeded with url: /buckets/scrollprize/datasets/resolve/surfaces/kaggle/labels/sample_00169.tif (Caused by NameResolutionError(""HTTPSConnection(host='huggingface.co', port=443): Failed to resolve 'huggingface.co' ([Errno 8] nodename nor servname provided, or not known)""))",,,,,,"range request failed: ConnectionError: HTTPSConnectionPool(host='huggingface.co', port=443): Max retries exceeded with url: /buckets/scrollprize/datasets/resolve/surfaces/kaggle/images/sample_00169.tif (Caused by NameResolutionError(""HTTPSConnection(host='huggingface.co', port=443): Failed to resolve 'huggingface.co' ([Errno 8] nodename nor servname provided, or not known)""))"
sample_00170,True,True,,,,,,"range request failed: ConnectionError: HTTPSConnectionPool(host='huggingface.co', port=443): Max retries exceeded with url: /buckets/scrollprize/datasets/resolve/surfaces/kaggle/labels/sample_00170.tif (Caused by NameResolutionError(""HTTPSConnection(host='huggingface.co', port=443): Failed to resolve 'huggingface.co' ([Errno 8] nodename nor servname provided, or not known)""))",,,,,,"range request failed: ConnectionError: HTTPSConnectionPool(host='huggingface.co', port=443): Max retries exceeded with url: /buckets/scrollprize/datasets/resolve/surfaces/kaggle/images/sample_00170.tif (Caused by NameResolutionError(""HTTPSConnection(host='huggingface.co', port=443): Failed to resolve 'huggingface.co' ([Errno 8] nodename nor servname provided, or not known)""))"
sample_00171,True,True,,,,,,"range request failed: ConnectionError: HTTPSConnectionPool(host='huggingface.co', port=443): Max retries exceeded with url: /buckets/scrollprize/datasets/resolve/surfaces/kaggle/labels/sample_00171.tif (Caused by NameResolutionError(""HTTPSConnection(host='huggingface.co', port=443): Failed to resolve 'huggingface.co' ([Errno 8] nodename nor servname provided, or not known)""))",,,,,,"range request failed: ConnectionError: HTTPSConnectionPool(host='huggingface.co', port=443): Max retries exceeded with url: /buckets/scrollprize/datasets/resolve/surfaces/kaggle/images/sample_00171.tif (Caused by NameResolutionError(""HTTPSConnection(host='huggingface.co', port=443): Failed to resolve 'huggingface.co' ([Errno 8] nodename nor servname provided, or not known)""))"
sample_00172,True,True,,,,,,"range request failed: ConnectionError: HTTPSConnectionPool(host='huggingface.co', port=443): Max retries exceeded with url: /buckets/scrollprize/datasets/resolve/surfaces/kaggle/labels/sample_00172.tif (Caused by NameResolutionError(""HTTPSConnection(host='huggingface.co', port=443): Failed to resolve 'huggingface.co' ([Errno 8] nodename nor servname provided, or not known)""))",,,,,,"range request failed: ConnectionError: HTTPSConnectionPool(host='huggingface.co', port=443): Max retries exceeded with url: /buckets/scrollprize/datasets/resolve/surfaces/kaggle/images/sample_00172.tif (Caused by NameResolutionError(""HTTPSConnection(host='huggingface.co', port=443): Failed to resolve 'huggingface.co' ([Errno 8] nodename nor servname provided, or not known)""))"
sample_00173,True,True,,,,,,"range request failed: ConnectionError: HTTPSConnectionPool(host='huggingface.co', port=443): Max retries exceeded with url: /buckets/scrollprize/datasets/resolve/surfaces/kaggle/labels/sample_00173.tif (Caused by NameResolutionError(""HTTPSConnection(host='huggingface.co', port=443): Failed to resolve 'huggingface.co' ([Errno 8] nodename nor servname provided, or not known)""))",,,,,,"range request failed: ConnectionError: HTTPSConnectionPool(host='huggingface.co', port=443): Max retries exceeded with url: /buckets/scrollprize/datasets/resolve/surfaces/kaggle/images/sample_00173.tif (Caused by NameResolutionError(""HTTPSConnection(host='huggingface.co', port=443): Failed to resolve 'huggingface.co' ([Errno 8] nodename nor servname provided, or not known)""))"
sample_00174,True,True,,,,,,"range request failed: ConnectionError: HTTPSConnectionPool(host='huggingface.co', port=443): Max retries exceeded with url: /buckets/scrollprize/datasets/resolve/surfaces/kaggle/labels/sample_00174.tif (Caused by NameResolutionError(""HTTPSConnection(host='huggingface.co', port=443): Failed to resolve 'huggingface.co' ([Errno 8] nodename nor servname provided, or not known)""))",,,,,,"range request failed: ConnectionError: HTTPSConnectionPool(host='huggingface.co', port=443): Max retries exceeded with url: /buckets/scrollprize/datasets/resolve/surfaces/kaggle/images/sample_00174.tif (Caused by NameResolutionError(""HTTPSConnection(host='huggingface.co', port=443): Failed to resolve 'huggingface.co' ([Errno 8] nodename nor servname provided, or not known)""))"
sample_00175,True,True,,,,,,"range request failed: ConnectionError: HTTPSConnectionPool(host='huggingface.co', port=443): Max retries exceeded with url: /buckets/scrollprize/datasets/resolve/surfaces/kaggle/labels/sample_00175.tif (Caused by NameResolutionError(""HTTPSConnection(host='huggingface.co', port=443): Failed to resolve 'huggingface.co' ([Errno 8] nodename nor servname provided, or not known)""))",,,,,,"range request failed: ConnectionError: HTTPSConnectionPool(host='huggingface.co', port=443): Max retries exceeded with url: /buckets/scrollprize/datasets/resolve/surfaces/kaggle/images/sample_00175.tif (Caused by NameResolutionError(""HTTPSConnection(host='huggingface.co', port=443): Failed to resolve 'huggingface.co' ([Errno 8] nodename nor servname provided, or not known)""))"
sample_00176,True,True,,,,,,"range request failed: ConnectionError: HTTPSConnectionPool(host='huggingface.co', port=443): Max retries exceeded with url: /buckets/scrollprize/datasets/resolve/surfaces/kaggle/labels/sample_00176.tif (Caused by NameResolutionError(""HTTPSConnection(host='huggingface.co', port=443): Failed to resolve 'huggingface.co' ([Errno 8] nodename nor servname provided, or not known)""))",,,,,,"range request failed: ConnectionError: HTTPSConnectionPool(host='huggingface.co', port=443): Max retries exceeded with url: /buckets/scrollprize/datasets/resolve/surfaces/kaggle/images/sample_00176.tif (Caused by NameResolutionError(""HTTPSConnection(host='huggingface.co', port=443): Failed to resolve 'huggingface.co' ([Errno 8] nodename nor servname provided, or not known)""))"
sample_00177,True,True,,,,,,"range request failed: ConnectionError: HTTPSConnectionPool(host='huggingface.co', port=443): Max retries exceeded with url: /buckets/scrollprize/datasets/resolve/surfaces/kaggle/labels/sample_00177.tif (Caused by NameResolutionError(""HTTPSConnection(host='huggingface.co', port=443): Failed to resolve 'huggingface.co' ([Errno 8] nodename nor servname provided, or not known)""))",,,,,,"range request failed: ConnectionError: HTTPSConnectionPool(host='huggingface.co', port=443): Max retries exceeded with url: /buckets/scrollprize/datasets/resolve/surfaces/kaggle/images/sample_00177.tif (Caused by NameResolutionError(""HTTPSConnection(host='huggingface.co', port=443): Failed to resolve 'huggingface.co' ([Errno 8] nodename nor servname provided, or not known)""))"
sample_00178,True,True,,,,,,"range request failed: ConnectionError: HTTPSConnectionPool(host='huggingface.co', port=443): Max retries exceeded with url: /buckets/scrollprize/datasets/resolve/surfaces/kaggle/labels/sample_00178.tif (Caused by NameResolutionError(""HTTPSConnection(host='huggingface.co', port=443): Failed to resolve 'huggingface.co' ([Errno 8] nodename nor servname provided, or not known)""))",,,,,,"range request failed: ConnectionError: HTTPSConnectionPool(host='huggingface.co', port=443): Max retries exceeded with url: /buckets/scrollprize/datasets/resolve/surfaces/kaggle/images/sample_00178.tif (Caused by NameResolutionError(""HTTPSConnection(host='huggingface.co', port=443): Failed to resolve 'huggingface.co' ([Errno 8] nodename nor servname provided, or not known)""))"
sample_00179,True,True,,,,,,"range request failed: ConnectionError: HTTPSConnectionPool(host='huggingface.co', port=443): Max retries exceeded with url: /buckets/scrollprize/datasets/resolve/surfaces/kaggle/labels/sample_00179.tif (Caused by NameResolutionError(""HTTPSConnection(host='huggingface.co', port=443): Failed to resolve 'huggingface.co' ([Errno 8] nodename nor servname provided, or not known)""))",,,,,,"range request failed: ConnectionError: HTTPSConnectionPool(host='huggingface.co', port=443): Max retries exceeded with url: /buckets/scrollprize/datasets/resolve/surfaces/kaggle/images/sample_00179.tif (Caused by NameResolutionError(""HTTPSConnection(host='huggingface.co', port=443): Failed to resolve 'huggingface.co' ([Errno 8] nodename nor servname provided, or not known)""))"
sample_00180,True,True,,,,,,"range request failed: ConnectionError: HTTPSConnectionPool(host='huggingface.co', port=443): Max retries exceeded with url: /buckets/scrollprize/datasets/resolve/surfaces/kaggle/labels/sample_00180.tif (Caused by NameResolutionError(""HTTPSConnection(host='huggingface.co', port=443): Failed to resolve 'huggingface.co' ([Errno 8] nodename nor servname provided, or not known)""))",,,,,,"range request failed: ConnectionError: HTTPSConnectionPool(host='huggingface.co', port=443): Max retries exceeded with url: /buckets/scrollprize/datasets/resolve/surfaces/kaggle/images/sample_00180.tif (Caused by NameResolutionError(""HTTPSConnection(host='huggingface.co', port=443): Failed to resolve 'huggingface.co' ([Errno 8] nodename nor servname provided, or not known)""))"
sample_00181,True,True,"[null, 320, 320]","[320, 320]",uint8,LZW,1095065,,"[null, 320, 320]","[320, 320]",uint8,LZW,33163170,
sample_00182,True,True,"[null, 320, 320]","[320, 320]",uint8,LZW,727961,,"[null, 320, 320]","[320, 320]",uint8,LZW,32690301,
sample_00183,True,True,"[320, 320, 320]","[320, 320]",uint8,NONE,32821210,,"[null, 320, 320]","[320, 320]",uint8,LZW,32498837,
sample_00184,True,True,"[320, 320, 320]","[320, 320]",uint8,NONE,32821210,,"[null, 320, 320]","[320, 320]",uint8,LZW,31914521,
sample_00185,True,True,"[null, 320, 320]","[320, 320]",uint8,LZW,536809,,"[null, 320, 320]","[320, 320]",uint8,LZW,31241826,
sample_00186,True,True,"[320, 320, 320]","[320, 320]",uint8,NONE,32821210,,"[null, 320, 320]","[320, 320]",uint8,LZW,30244305,
sample_00187,True,True,"[320, 320, 320]","[320, 320]",uint8,NONE,32821210,,"[null, 320, 320]","[320, 320]",uint8,LZW,30461616,
sample_00188,True,True,"[320, 320, 320]","[320, 320]",uint8,NONE,32821210,,"[null, 320, 320]","[320, 320]",uint8,LZW,30652249,
sample_00189,True,True,"[320, 320, 320]","[320, 320]",uint8,NONE,32821210,,"[null, 320, 320]","[320, 320]",uint8,LZW,32944466,
sample_00190,True,True,"[null, 320, 320]","[320, 320]",uint8,LZW,509097,,"[null, 320, 320]","[320, 320]",uint8,LZW,32000626,
sample_00191,True,True,"[320, 320, 320]","[320, 320]",uint8,NONE,32821210,,"[null, 320, 320]","[320, 320]",uint8,LZW,31530206,
sample_00192,True,True,"[320, 320, 320]","[320, 320]",uint8,NONE,32821210,,"[null, 320, 320]","[320, 320]",uint8,LZW,31409576,
sample_00193,True,True,"[320, 320, 320]","[320, 320]",uint8,NONE,32821210,,"[null, 320, 320]","[320, 320]",uint8,LZW,31744977,
sample_00194,True,True,"[null, 320, 320]","[320, 320]",uint8,LZW,917241,,"[null, 320, 320]","[320, 320]",uint8,LZW,31238141,
sample_00195,True,True,"[null, 320, 320]","[320, 320]",uint8,LZW,478649,,"[null, 320, 320]","[320, 320]",uint8,LZW,30265858,
sample_00196,True,True,"[null, 320, 320]","[320, 320]",uint8,LZW,1179497,,"[null, 320, 320]","[320, 320]",uint8,LZW,33006710,
sample_00197,True,True,"[null, 320, 320]","[320, 320]",uint8,LZW,1338393,,"[null, 320, 320]","[320, 320]",uint8,LZW,33564016,
sample_00198,True,True,"[320, 320, 320]","[320, 320]",uint8,NONE,32821210,,"[null, 320, 320]","[320, 320]",uint8,LZW,33373557,
sample_00199,True,True,"[320, 320, 320]","[320, 320]",uint8,NONE,32821210,,"[null, 320, 320]","[320, 320]",uint8,LZW,33023216,
sample_00200,True,True,"[320, 320, 320]","[320, 320]",uint8,NONE,32821210,,"[null, 320, 320]","[320, 320]",uint8,LZW,32951578,
sample_00201,True,True,"[320, 320, 320]","[320, 320]",uint8,NONE,32821210,,"[null, 320, 320]","[320, 320]",uint8,LZW,33270839,
sample_00202,True,True,"[320, 320, 320]","[320, 320]",uint8,NONE,32821210,,"[null, 320, 320]","[320, 320]",uint8,LZW,32626146,
sample_00203,True,True,"[320, 320, 320]","[320, 320]",uint8,NONE,32821210,,"[null, 320, 320]","[320, 320]",uint8,LZW,33396097,
sample_00204,True,True,"[320, 320, 320]","[320, 320]",uint8,NONE,32821210,,"[null, 320, 320]","[320, 320]",uint8,LZW,32575837,
sample_00205,True,True,"[null, 320, 320]","[320, 320]",uint8,LZW,999705,,"[null, 320, 320]","[320, 320]",uint8,LZW,31837869,
sample_00206,True,True,"[320, 320, 320]","[320, 320]",uint8,NONE,32821210,,"[null, 320, 320]","[320, 320]",uint8,LZW,32725251,
sample_00207,True,True,"[320, 320, 320]","[320, 320]",uint8,NONE,32821210,,"[null, 320, 320]","[320, 320]",uint8,LZW,32735219,
sample_00208,True,True,"[320, 320, 320]","[320, 320]",uint8,NONE,32821210,,"[null, 320, 320]","[320, 320]",uint8,LZW,31326314,
sample_00209,True,True,"[null, 320, 320]","[320, 320]",uint8,LZW,770553,,"[null, 320, 320]","[320, 320]",uint8,LZW,31305346,
sample_00210,True,True,"[320, 320, 320]","[320, 320]",uint8,NONE,32821210,,"[null, 320, 320]","[320, 320]",uint8,LZW,33173535,
sample_00211,True,True,"[320, 320, 320]","[320, 320]",uint8,NONE,32821210,,"[null, 320, 320]","[320, 320]",uint8,LZW,33237147,
sample_00212,True,True,"[320, 320, 320]","[320, 320]",uint8,NONE,32821210,,"[null, 320, 320]","[320, 320]",uint8,LZW,33550001,
sample_00213,True,True,"[320, 320, 320]","[320, 320]",uint8,NONE,32821210,,"[null, 320, 320]","[320, 320]",uint8,LZW,33138173,
sample_00214,True,True,"[320, 320, 320]","[320, 320]",uint8,NONE,32821210,,"[null, 320, 320]","[320, 320]",uint8,LZW,33799441,
sample_00215,True,True,"[320, 320, 320]","[320, 320]",uint8,NONE,32821210,,"[null, 320, 320]","[320, 320]",uint8,LZW,34772872,
sample_00216,True,True,"[null, 320, 320]","[320, 320]",uint8,LZW,833961,,"[null, 320, 320]","[320, 320]",uint8,LZW,35879954,
sample_00217,True,True,"[320, 320, 320]","[320, 320]",uint8,NONE,32821210,,"[null, 320, 320]","[320, 320]",uint8,LZW,32426326,
sample_00218,True,True,"[320, 320, 320]","[320, 320]",uint8,NONE,32821210,,"[null, 320, 320]","[320, 320]",uint8,LZW,31057778,
sample_00219,True,True,"[320, 320, 320]","[320, 320]",uint8,NONE,32821210,,"[null, 320, 320]","[320, 320]",uint8,LZW,30696872,
sample_00220,True,True,"[320, 320, 320]","[320, 320]",uint8,NONE,32821210,,"[null, 320, 320]","[320, 320]",uint8,LZW,31580631,
sample_00221,True,True,"[320, 320, 320]","[320, 320]",uint8,NONE,32821210,,"[null, 320, 320]","[320, 320]",uint8,LZW,34914344,
sample_00222,True,True,"[null, 320, 320]","[320, 320]",uint8,LZW,953305,,"[null, 320, 320]","[320, 320]",uint8,LZW,30766674,
sample_00223,True,True,"[null, 320, 320]","[320, 320]",uint8,LZW,525417,,"[null, 320, 320]","[320, 320]",uint8,LZW,29104513,
sample_00224,True,True,"[null, 320, 320]","[320, 320]",uint8,LZW,954649,,"[null, 320, 320]","[320, 320]",uint8,LZW,32064704,
sample_00225,True,True,"[null, 320, 320]","[320, 320]",uint8,LZW,929049,,"[null, 320, 320]","[320, 320]",uint8,LZW,31284014,
sample_00226,True,True,"[320, 320, 320]","[320, 320]",uint8,NONE,32821210,,"[null, 320, 320]","[320, 320]",uint8,LZW,31368687,
sample_00227,True,True,"[null, 320, 320]","[320, 320]",uint8,LZW,592281,,"[null, 320, 320]","[320, 320]",uint8,LZW,31551874,
sample_00229,True,True,"[320, 320, 320]","[320, 320]",uint8,NONE,32821210,,"[null, 320, 320]","[320, 320]",uint8,LZW,33576021,
sample_00230,True,True,"[320, 320, 320]","[320, 320]",uint8,NONE,32821210,,"[null, 320, 320]","[320, 320]",uint8,LZW,33080124,
sample_00231,True,True,"[320, 320, 320]","[320, 320]",uint8,NONE,32821210,,"[null, 320, 320]","[320, 320]",uint8,LZW,31722931,
sample_00232,True,True,"[320, 320, 320]","[320, 320]",uint8,NONE,32821210,,"[null, 320, 320]","[320, 320]",uint8,LZW,34616637,
sample_00233,True,True,"[null, 320, 320]","[320, 320]",uint8,LZW,937833,,"[null, 320, 320]","[320, 320]",uint8,LZW,35843914,
sample_00234,True,True,"[320, 320, 320]","[320, 320]",uint8,NONE,32821210,,"[null, 320, 320]","[320, 320]",uint8,LZW,32093656,
sample_00236,True,True,"[320, 320, 320]","[320, 320]",uint8,NONE,32821210,,"[null, 320, 320]","[320, 320]",uint8,LZW,30879033,
sample_00237,True,True,"[320, 320, 320]","[320, 320]",uint8,NONE,32821210,,"[null, 320, 320]","[320, 320]",uint8,LZW,30334568,
sample_00238,True,True,"[320, 320, 320]","[320, 320]",uint8,NONE,32821210,,"[null, 320, 320]","[320, 320]",uint8,LZW,30835328,
sample_00239,True,True,"[320, 320, 320]","[320, 320]",uint8,NONE,32821210,,"[null, 320, 320]","[320, 320]",uint8,LZW,31930376,
sample_00241,True,True,"[320, 320, 320]","[320, 320]",uint8,NONE,32821210,,"[null, 320, 320]","[320, 320]",uint8,LZW,31999400,
sample_00242,True,True,"[320, 320, 320]","[320, 320]",uint8,NONE,32821210,,"[null, 320, 320]","[320, 320]",uint8,LZW,32971616,
sample_00243,True,True,"[320, 320, 320]","[320, 320]",uint8,NONE,32821210,,"[null, 320, 320]","[320, 320]",uint8,LZW,33059500,
sample_00244,True,True,"[320, 320, 320]","[320, 320]",uint8,NONE,32821210,,"[null, 320, 320]","[320, 320]",uint8,LZW,32373179,
sample_00245,True,True,"[320, 320, 320]","[320, 320]",uint8,NONE,32821210,,"[null, 320, 320]","[320, 320]",uint8,LZW,34055732,
sample_00246,True,True,"[320, 320, 320]","[320, 320]",uint8,NONE,32821210,,"[null, 320, 320]","[320, 320]",uint8,LZW,35056551,
sample_00247,True,True,"[320, 320, 320]","[320, 320]",uint8,NONE,32821210,,"[null, 320, 320]","[320, 320]",uint8,LZW,34350582,
sample_00248,True,True,"[320, 320, 320]","[320, 320]",uint8,NONE,32821210,,"[null, 320, 320]","[320, 320]",uint8,LZW,35217087,
sample_00249,True,True,"[320, 320, 320]","[320, 320]",uint8,NONE,32821210,,"[null, 320, 320]","[320, 320]",uint8,LZW,35835130,
sample_00250,True,True,"[320, 320, 320]","[320, 320]",uint8,NONE,32821210,,"[null, 320, 320]","[320, 320]",uint8,LZW,33676118,
sample_00251,True,True,"[320, 320, 320]","[320, 320]",uint8,NONE,32821210,,"[null, 320, 320]","[320, 320]",uint8,LZW,33930122,
sample_00252,True,True,"[null, 320, 320]","[320, 320]",uint8,LZW,805209,,"[null, 320, 320]","[320, 320]",uint8,LZW,36251396,
sample_00253,True,True,"[320, 320, 320]","[320, 320]",uint8,NONE,32821210,,"[null, 320, 320]","[320, 320]",uint8,LZW,35288835,
sample_00254,True,True,"[null, 320, 320]","[320, 320]",uint8,LZW,578761,,"[null, 320, 320]","[320, 320]",uint8,LZW,34397605,
sample_00255,True,True,"[320, 320, 320]","[320, 320]",uint8,NONE,32821210,,"[null, 320, 320]","[320, 320]",uint8,LZW,34377416,
sample_00256,True,True,"[null, 320, 320]","[320, 320]",uint8,LZW,963961,,"[null, 320, 320]","[320, 320]",uint8,LZW,35656277,
sample_00257,True,True,"[320, 320, 320]","[320, 320]",uint8,NONE,32821210,,"[null, 320, 320]","[320, 320]",uint8,LZW,35329559,
sample_00258,True,True,"[null, 320, 320]","[320, 320]",uint8,LZW,859209,,"[null, 320, 320]","[320, 320]",uint8,LZW,35316789,
sample_00259,True,True,"[null, 320, 320]","[320, 320]",uint8,LZW,832985,,"[null, 320, 320]","[320, 320]",uint8,LZW,33388879,
sample_00260,True,True,"[320, 320, 320]","[320, 320]",uint8,NONE,32821210,,"[null, 320, 320]","[320, 320]",uint8,LZW,35152091,
sample_00261,True,True,"[320, 320, 320]","[320, 320]",uint8,NONE,32821210,,"[null, 320, 320]","[320, 320]",uint8,LZW,34031858,
sample_00263,True,True,"[null, 320, 320]","[320, 320]",uint8,LZW,644153,,"[null, 320, 320]","[320, 320]",uint8,LZW,31806353,
sample_00264,True,True,"[null, 320, 320]","[320, 320]",uint8,LZW,844969,,"[null, 320, 320]","[320, 320]",uint8,LZW,32340870,
sample_00265,True,True,"[320, 320, 320]","[320, 320]",uint8,NONE,32821210,,"[null, 320, 320]","[320, 320]",uint8,LZW,36217350,
sample_00266,True,True,"[320, 320, 320]","[320, 320]",uint8,NONE,32821210,,"[null, 320, 320]","[320, 320]",uint8,LZW,32926234,
sample_00267,True,True,"[320, 320, 320]","[320, 320]",uint8,NONE,32821210,,"[null, 320, 320]","[320, 320]",uint8,LZW,33258878,
sample_00268,True,True,"[null, 320, 320]","[320, 320]",uint8,LZW,871849,,"[null, 320, 320]","[320, 320]",uint8,LZW,31729110,
sample_00269,True,True,"[320, 320, 320]","[320, 320]",uint8,NONE,32821210,,"[null, 320, 320]","[320, 320]",uint8,LZW,36007618,
sample_00270,True,True,"[320, 320, 320]","[320, 320]",uint8,NONE,32821210,,"[null, 320, 320]","[320, 320]",uint8,LZW,36610239,
sample_00271,True,True,"[null, 320, 320]","[320, 320]",uint8,LZW,899305,,"[null, 320, 320]","[320, 320]",uint8,LZW,32487874,
sample_00272,True,True,"[null, 320, 320]","[320, 320]",uint8,LZW,1125225,,"[null, 320, 320]","[320, 320]",uint8,LZW,36808372,
sample_00273,True,True,"[320, 320, 320]","[320, 320]",uint8,NONE,32821210,,"[null, 320, 320]","[320, 320]",uint8,LZW,32670556,
sample_00274,True,True,"[320, 320, 320]","[320, 320]",uint8,NONE,32821210,,"[null, 320, 320]","[320, 320]",uint8,LZW,33202490,
sample_00275,True,True,"[320, 320, 320]","[320, 320]",uint8,NONE,32821210,,"[null, 320, 320]","[320, 320]",uint8,LZW,37674621,
sample_00276,True,True,"[320, 320, 320]","[320, 320]",uint8,NONE,32821210,,"[null, 320, 320]","[320, 320]",uint8,LZW,34952880,
sample_00277,True,True,"[null, 320, 320]","[320, 320]",uint8,LZW,1474889,,"[null, 320, 320]","[320, 320]",uint8,LZW,34416173,
sample_00278,True,True,"[null, 320, 320]","[320, 320]",uint8,LZW,839833,,"[null, 320, 320]","[320, 320]",uint8,LZW,34068735,
sample_00279,True,True,"[320, 320, 320]","[320, 320]",uint8,NONE,32821210,,"[null, 320, 320]","[320, 320]",uint8,LZW,35436920,
sample_00280,True,True,"[320, 320, 320]","[320, 320]",uint8,NONE,32821210,,"[null, 320, 320]","[320, 320]",uint8,LZW,35524027,
sample_00281,True,True,"[320, 320, 320]","[320, 320]",uint8,NONE,32821210,,"[null, 320, 320]","[320, 320]",uint8,LZW,36075396,
sample_00282,True,True,"[320, 320, 320]","[320, 320]",uint8,NONE,32821210,,"[null, 320, 320]","[320, 320]",uint8,LZW,35645309,
sample_00284,True,True,"[null, 320, 320]","[320, 320]",uint8,LZW,608057,,"[null, 320, 320]","[320, 320]",uint8,LZW,35976395,
sample_00285,True,True,"[null, 320, 320]","[320, 320]",uint8,LZW,687209,,"[null, 320, 320]","[320, 320]",uint8,LZW,35314326,
sample_00286,True,True,"[null, 320, 320]","[320, 320]",uint8,LZW,719817,,"[null, 320, 320]","[320, 320]",uint8,LZW,32589254,
sample_00287,True,True,"[320, 320, 320]","[320, 320]",uint8,NONE,32821210,,"[null, 320, 320]","[320, 320]",uint8,LZW,35566300,
sample_00288,True,True,"[null, 320, 320]","[320, 320]",uint8,LZW,869625,,"[null, 320, 320]","[320, 320]",uint8,LZW,33904786,
sample_00289,True,True,"[320, 320, 320]","[320, 320]",uint8,NONE,32821210,,"[null, 320, 320]","[320, 320]",uint8,LZW,34284399,
sample_00290,True,True,"[320, 320, 320]","[320, 320]",uint8,NONE,32821210,,"[null, 320, 320]","[320, 320]",uint8,LZW,36592499,
sample_00291,True,True,"[null, 320, 320]","[320, 320]",uint8,LZW,886729,,"[null, 320, 320]","[320, 320]",uint8,LZW,34814406,
sample_00292,True,True,"[320, 320, 320]","[320, 320]",uint8,NONE,32821210,,"[null, 320, 320]","[320, 320]",uint8,LZW,33215578,
sample_00293,True,True,"[320, 320, 320]","[320, 320]",uint8,NONE,32821210,,"[null, 320, 320]","[320, 320]",uint8,LZW,35404072,
sample_00295,True,True,"[null, 320, 320]","[320, 320]",uint8,LZW,996905,,"[null, 320, 320]","[320, 320]",uint8,LZW,36805607,
sample_00296,True,True,"[320, 320, 320]","[320, 320]",uint8,NONE,32821210,,"[null, 320, 320]","[320, 320]",uint8,LZW,35970504,
sample_00297,True,True,"[320, 320, 320]","[320, 320]",uint8,NONE,32821210,,"[null, 320, 320]","[320, 320]",uint8,LZW,36412466,
sample_00298,True,True,"[320, 320, 320]","[320, 320]",uint8,NONE,32821210,,"[null, 320, 320]","[320, 320]",uint8,LZW,35276296,
sample_00299,True,True,"[320, 320, 320]","[320, 320]",uint8,NONE,32821210,,"[null, 320, 320]","[320, 320]",uint8,LZW,34942050,
sample_00300,True,True,"[320, 320, 320]","[320, 320]",uint8,NONE,32821210,,"[null, 320, 320]","[320, 320]",uint8,LZW,35514364,
sample_00301,True,True,"[null, 320, 320]","[320, 320]",uint8,LZW,554793,,"[null, 320, 320]","[320, 320]",uint8,LZW,35425222,
sample_00302,True,True,"[null, 320, 320]","[320, 320]",uint8,LZW,596953,,"[null, 320, 320]","[320, 320]",uint8,LZW,38042420,
sample_00303,True,True,"[null, 320, 320]","[320, 320]",uint8,LZW,845097,,"[null, 320, 320]","[320, 320]",uint8,LZW,35187460,
sample_00304,True,True,"[320, 320, 320]","[320, 320]",uint8,NONE,32821210,,"[null, 320, 320]","[320, 320]",uint8,LZW,33490090,
sample_00305,True,True,"[320, 320, 320]","[320, 320]",uint8,NONE,32821210,,"[null, 320, 320]","[320, 320]",uint8,LZW,33219171,
sample_00306,True,True,"[320, 320, 320]","[320, 320]",uint8,NONE,32821210,,"[null, 320, 320]","[320, 320]",uint8,LZW,36048092,
sample_00307,True,True,"[320, 320, 320]","[320, 320]",uint8,NONE,32821210,,"[null, 320, 320]","[320, 320]",uint8,LZW,33551412,
sample_00308,True,True,"[320, 320, 320]","[320, 320]",uint8,NONE,32821210,,"[null, 320, 320]","[320, 320]",uint8,LZW,34500831,
sample_00309,True,True,"[null, 320, 320]","[320, 320]",uint8,LZW,529017,,"[null, 320, 320]","[320, 320]",uint8,LZW,32178830,
sample_00310,True,True,"[320, 320, 320]","[320, 320]",uint8,NONE,32821210,,"[null, 320, 320]","[320, 320]",uint8,LZW,34363456,
sample_00311,True,True,"[320, 320, 320]","[320, 320]",uint8,NONE,32821210,,"[null, 320, 320]","[320, 320]",uint8,LZW,36574421,
sample_00312,True,True,"[320, 320, 320]","[320, 320]",uint8,NONE,32821210,,"[null, 320, 320]","[320, 320]",uint8,LZW,37033452,
sample_00313,True,True,"[320, 320, 320]","[320, 320]",uint8,NONE,32821210,,"[null, 320, 320]","[320, 320]",uint8,LZW,36247935,
sample_00314,True,True,"[320, 320, 320]","[320, 320]",uint8,NONE,32821210,,"[null, 320, 320]","[320, 320]",uint8,LZW,33375011,
sample_00315,True,True,"[320, 320, 320]","[320, 320]",uint8,NONE,32821210,,"[null, 320, 320]","[320, 320]",uint8,LZW,34848142,
sample_00316,True,True,"[320, 320, 320]","[320, 320]",uint8,NONE,32821210,,"[null, 320, 320]","[320, 320]",uint8,LZW,35830102,
sample_00317,True,True,"[320, 320, 320]","[320, 320]",uint8,NONE,32821210,,"[null, 320, 320]","[320, 320]",uint8,LZW,35280008,
sample_00318,True,True,"[320, 320, 320]","[320, 320]",uint8,NONE,32821210,,"[null, 320, 320]","[320, 320]",uint8,LZW,35863967,
sample_00319,True,True,"[320, 320, 320]","[320, 320]",uint8,NONE,32821210,,"[null, 320, 320]","[320, 320]",uint8,LZW,37153861,
sample_00320,True,True,"[320, 320, 320]","[320, 320]",uint8,NONE,32821210,,"[null, 320, 320]","[320, 320]",uint8,LZW,37465724,
sample_00321,True,True,"[320, 320, 320]","[320, 320]",uint8,NONE,32821210,,"[null, 320, 320]","[320, 320]",uint8,LZW,36045826,
sample_00322,True,True,"[320, 320, 320]","[320, 320]",uint8,NONE,32821210,,"[null, 320, 320]","[320, 320]",uint8,LZW,34910079,
sample_00323,True,True,"[320, 320, 320]","[320, 320]",uint8,NONE,32821210,,"[null, 320, 320]","[320, 320]",uint8,LZW,35667555,
sample_00324,True,True,"[null, 320, 320]","[320, 320]",uint8,LZW,967945,,"[null, 320, 320]","[320, 320]",uint8,LZW,37083403,
sample_00325,True,True,"[null, 320, 320]","[320, 320]",uint8,LZW,962441,,"[null, 320, 320]","[320, 320]",uint8,LZW,37097039,
sample_00326,True,True,"[320, 320, 320]","[320, 320]",uint8,NONE,32821210,,"[null, 320, 320]","[320, 320]",uint8,LZW,34702868,
sample_00327,True,True,"[320, 320, 320]","[320, 320]",uint8,NONE,32821210,,"[null, 320, 320]","[320, 320]",uint8,LZW,35111383,
sample_00328,True,True,"[320, 320, 320]","[320, 320]",uint8,NONE,32821210,,"[null, 320, 320]","[320, 320]",uint8,LZW,36344854,
sample_00329,True,True,"[320, 320, 320]","[320, 320]",uint8,NONE,32821210,,"[null, 320, 320]","[320, 320]",uint8,LZW,36951699,
sample_00330,True,True,"[null, 320, 320]","[320, 320]",uint8,LZW,1371897,,"[null, 320, 320]","[320, 320]",uint8,LZW,35503622,
sample_00331,True,True,"[320, 320, 320]","[320, 320]",uint8,NONE,32821210,,"[null, 320, 320]","[320, 320]",uint8,LZW,33325543,
sample_00332,True,True,"[null, 320, 320]","[320, 320]",uint8,LZW,1241257,,"[null, 320, 320]","[320, 320]",uint8,LZW,35062331,
sample_00333,True,True,"[320, 320, 320]","[320, 320]",uint8,NONE,32821210,,"[null, 320, 320]","[320, 320]",uint8,LZW,34367879,
sample_00334,True,True,"[320, 320, 320]","[320, 320]",uint8,NONE,32821210,,"[null, 320, 320]","[320, 320]",uint8,LZW,33362887,
sample_00335,True,True,"[null, 320, 320]","[320, 320]",uint8,LZW,1447081,,"[null, 320, 320]","[320, 320]",uint8,LZW,35476773,
sample_00336,True,True,"[null, 320, 320]","[320, 320]",uint8,LZW,1083241,,"[null, 320, 320]","[320, 320]",uint8,LZW,36107648,
sample_00337,True,True,"[320, 320, 320]","[320, 320]",uint8,NONE,32821210,,"[null, 320, 320]","[320, 320]",uint8,LZW,32140881,
sample_00339,True,True,"[320, 320, 320]","[320, 320]",uint8,NONE,32821210,,"[null, 320, 320]","[320, 320]",uint8,LZW,32569192,
sample_00340,True,True,"[320, 320, 320]","[320, 320]",uint8,NONE,32821210,,"[null, 320, 320]","[320, 320]",uint8,LZW,29007515,
sample_00341,True,True,"[320, 320, 320]","[320, 320]",uint8,NONE,32821210,,"[null, 320, 320]","[320, 320]",uint8,LZW,29778891,
sample_00342,True,True,"[320, 320, 320]","[320, 320]",uint8,NONE,32821210,,"[null, 320, 320]","[320, 320]",uint8,LZW,31284059,
sample_00345,True,True,"[320, 320, 320]","[320, 320]",uint8,NONE,32821210,,"[null, 320, 320]","[320, 320]",uint8,LZW,30279897,
sample_00346,True,True,"[320, 320, 320]","[320, 320]",uint8,NONE,32821210,,"[null, 320, 320]","[320, 320]",uint8,LZW,29253111,
sample_00347,True,True,"[320, 320, 320]","[320, 320]",uint8,NONE,32821210,,"[null, 320, 320]","[320, 320]",uint8,LZW,30176715,
sample_00348,True,True,"[null, 320, 320]","[320, 320]",uint8,LZW,832745,,"[null, 320, 320]","[320, 320]",uint8,LZW,30591373,
sample_00349,True,True,"[320, 320, 320]","[320, 320]",uint8,NONE,32821210,,"[null, 320, 320]","[320, 320]",uint8,LZW,30408550,
sample_00351,True,True,"[null, 320, 320]","[320, 320]",uint8,LZW,754169,,"[null, 320, 320]","[320, 320]",uint8,LZW,27689443,
sample_00352,True,True,"[320, 320, 320]","[320, 320]",uint8,NONE,32821210,,"[null, 320, 320]","[320, 320]",uint8,LZW,30399602,
sample_00353,True,True,"[320, 320, 320]","[320, 320]",uint8,NONE,32821210,,"[null, 320, 320]","[320, 320]",uint8,LZW,30598724,
sample_00354,True,True,"[null, 320, 320]","[320, 320]",uint8,LZW,734921,,"[null, 320, 320]","[320, 320]",uint8,LZW,32014297,
sample_00355,True,True,"[320, 320, 320]","[320, 320]",uint8,NONE,32821210,,"[null, 320, 320]","[320, 320]",uint8,LZW,26554018,
sample_00356,True,True,"[320, 320, 320]","[320, 320]",uint8,NONE,32821210,,"[null, 320, 320]","[320, 320]",uint8,LZW,26772624,
sample_00357,True,True,"[320, 320, 320]","[320, 320]",uint8,NONE,32821210,,"[null, 320, 320]","[320, 320]",uint8,LZW,31009256,
sample_00358,True,True,"[320, 320, 320]","[320, 320]",uint8,NONE,32821210,,"[null, 320, 320]","[320, 320]",uint8,LZW,26734238,
sample_00359,True,True,"[320, 320, 320]","[320, 320]",uint8,NONE,32821210,,"[null, 320, 320]","[320, 320]",uint8,LZW,27754440,
sample_00360,True,True,"[320, 320, 320]","[320, 320]",uint8,NONE,32821210,,"[null, 320, 320]","[320, 320]",uint8,LZW,31635762,
sample_00361,True,True,"[320, 320, 320]","[320, 320]",uint8,NONE,32821210,,"[null, 320, 320]","[320, 320]",uint8,LZW,28166246,
sample_00362,True,True,"[320, 320, 320]","[320, 320]",uint8,NONE,32821210,,"[null, 320, 320]","[320, 320]",uint8,LZW,27999525,
sample_00363,True,True,"[320, 320, 320]","[320, 320]",uint8,NONE,32821210,,"[null, 320, 320]","[320, 320]",uint8,LZW,29916871,
sample_00364,True,True,"[320, 320, 320]","[320, 320]",uint8,NONE,32821210,,"[null, 320, 320]","[320, 320]",uint8,LZW,31166705,
sample_00365,True,True,"[320, 320, 320]","[320, 320]",uint8,NONE,32821210,,"[null, 320, 320]","[320, 320]",uint8,LZW,26458887,
sample_00366,True,True,"[320, 320, 320]","[320, 320]",uint8,NONE,32821210,,"[null, 320, 320]","[320, 320]",uint8,LZW,29088343,
sample_00367,True,True,"[320, 320, 320]","[320, 320]",uint8,NONE,32821210,,"[null, 320, 320]","[320, 320]",uint8,LZW,26615888,
sample_00368,True,True,"[null, 320, 320]","[320, 320]",uint8,LZW,943449,,"[null, 320, 320]","[320, 320]",uint8,LZW,26529632,
sample_00369,True,True,"[null, 320, 320]","[320, 320]",uint8,LZW,804857,,"[null, 320, 320]","[320, 320]",uint8,LZW,30350112,
sample_00370,True,True,"[320, 320, 320]","[320, 320]",uint8,NONE,32821210,,"[null, 320, 320]","[320, 320]",uint8,LZW,31311211,
sample_00371,True,True,"[320, 320, 320]","[320, 320]",uint8,NONE,32821210,,"[null, 320, 320]","[320, 320]",uint8,LZW,30099457,
sample_00372,True,True,"[320, 320, 320]","[320, 320]",uint8,NONE,32821210,,"[null, 320, 320]","[320, 320]",uint8,LZW,27533809,
sample_00373,True,True,"[320, 320, 320]","[320, 320]",uint8,NONE,32821210,,"[null, 320, 320]","[320, 320]",uint8,LZW,27946079,
sample_00374,True,True,"[320, 320, 320]","[320, 320]",uint8,NONE,32821210,,"[null, 320, 320]","[320, 320]",uint8,LZW,30241419,
sample_00375,True,True,"[320, 320, 320]","[320, 320]",uint8,NONE,32821210,,"[null, 320, 320]","[320, 320]",uint8,LZW,26554612,
sample_00376,True,True,"[null, 320, 320]","[320, 320]",uint8,LZW,835657,,"[null, 320, 320]","[320, 320]",uint8,LZW,29458247,
sample_00377,True,True,"[320, 320, 320]","[320, 320]",uint8,NONE,32821210,,"[null, 320, 320]","[320, 320]",uint8,LZW,29386707,
sample_00378,True,True,"[320, 320, 320]","[320, 320]",uint8,NONE,32821210,,"[null, 320, 320]","[320, 320]",uint8,LZW,30107766,
sample_00379,True,True,"[320, 320, 320]","[320, 320]",uint8,NONE,32821210,,"[null, 320, 320]","[320, 320]",uint8,LZW,30376525,
sample_00380,True,True,"[320, 320, 320]","[320, 320]",uint8,NONE,32821210,,"[null, 320, 320]","[320, 320]",uint8,LZW,29715068,
sample_00381,True,True,"[320, 320, 320]","[320, 320]",uint8,NONE,32821210,,"[null, 320, 320]","[320, 320]",uint8,LZW,29658702,
sample_00382,True,True,"[320, 320, 320]","[320, 320]",uint8,NONE,32821210,,"[null, 320, 320]","[320, 320]",uint8,LZW,31081827,
sample_00383,True,True,"[320, 320, 320]","[320, 320]",uint8,NONE,32821210,,"[null, 320, 320]","[320, 320]",uint8,LZW,29111463,
sample_00384,True,True,"[320, 320, 320]","[320, 320]",uint8,NONE,32821210,,"[null, 320, 320]","[320, 320]",uint8,LZW,26430576,
sample_00385,True,True,"[320, 320, 320]","[320, 320]",uint8,NONE,32821210,,"[null, 320, 320]","[320, 320]",uint8,LZW,28030941,
sample_00386,True,True,"[320, 320, 320]","[320, 320]",uint8,NONE,32821210,,"[null, 320, 320]","[320, 320]",uint8,LZW,30277745,
sample_00387,True,True,"[320, 320, 320]","[320, 320]",uint8,NONE,32821210,,"[null, 320, 320]","[320, 320]",uint8,LZW,29267594,
sample_00388,True,True,"[320, 320, 320]","[320, 320]",uint8,NONE,32821210,,"[null, 320, 320]","[320, 320]",uint8,LZW,27635465,
sample_00389,True,True,"[320, 320, 320]","[320, 320]",uint8,NONE,32821210,,"[null, 320, 320]","[320, 320]",uint8,LZW,27760423,
sample_00390,True,True,"[320, 320, 320]","[320, 320]",uint8,NONE,32821210,,"[null, 320, 320]","[320, 320]",uint8,LZW,31210286,
sample_00391,True,True,"[320, 320, 320]","[320, 320]",uint8,NONE,32821210,,"[null, 320, 320]","[320, 320]",uint8,LZW,28397172,
sample_00392,True,True,"[320, 320, 320]","[320, 320]",uint8,NONE,32821210,,"[null, 320, 320]","[320, 320]",uint8,LZW,28426417,
sample_00393,True,True,"[320, 320, 320]","[320, 320]",uint8,NONE,32821210,,"[null, 320, 320]","[320, 320]",uint8,LZW,26266268,
sample_00394,True,True,"[320, 320, 320]","[320, 320]",uint8,NONE,32821210,,"[null, 320, 320]","[320, 320]",uint8,LZW,26718020,
sample_00395,True,True,"[null, 320, 320]","[320, 320]",uint8,LZW,851657,,"[null, 320, 320]","[320, 320]",uint8,LZW,28258865,
sample_00396,True,True,"[320, 320, 320]","[320, 320]",uint8,NONE,32821210,,"[null, 320, 320]","[320, 320]",uint8,LZW,24343425,
sample_00397,True,True,"[320, 320, 320]","[320, 320]",uint8,NONE,32821210,,"[null, 320, 320]","[320, 320]",uint8,LZW,30309245,
sample_00398,True,True,"[320, 320, 320]","[320, 320]",uint8,NONE,32821210,,"[null, 320, 320]","[320, 320]",uint8,LZW,30389809,
sample_00399,True,True,"[null, 320, 320]","[320, 320]",uint8,LZW,497689,,"[null, 320, 320]","[320, 320]",uint8,LZW,29429481,
sample_00400,True,True,"[320, 320, 320]","[320, 320]",uint8,NONE,32821210,,"[null, 320, 320]","[320, 320]",uint8,LZW,29838485,
sample_00401,True,True,"[320, 320, 320]","[320, 320]",uint8,NONE,32821210,,"[null, 320, 320]","[320, 320]",uint8,LZW,24568204,
sample_00402,True,True,"[320, 320, 320]","[320, 320]",uint8,NONE,32821210,,"[null, 320, 320]","[320, 320]",uint8,LZW,26332836,
sample_00403,True,True,"[320, 320, 320]","[320, 320]",uint8,NONE,32821210,,"[null, 320, 320]","[320, 320]",uint8,LZW,31063704,
sample_00404,True,True,"[320, 320, 320]","[320, 320]",uint8,NONE,32821210,,"[null, 320, 320]","[320, 320]",uint8,LZW,29837451,
sample_00405,True,True,"[320, 320, 320]","[320, 320]",uint8,NONE,32821210,,"[null, 320, 320]","[320, 320]",uint8,LZW,27465682,
sample_00406,True,True,"[320, 320, 320]","[320, 320]",uint8,NONE,32821210,,"[null, 320, 320]","[320, 320]",uint8,LZW,32175513,
sample_00407,True,True,"[null, 320, 320]","[320, 320]",uint8,LZW,779833,,"[null, 320, 320]","[320, 320]",uint8,LZW,30064488,
sample_00408,True,True,"[320, 320, 320]","[320, 320]",uint8,NONE,32821210,,"[null, 320, 320]","[320, 320]",uint8,LZW,25417881,
sample_00409,True,True,"[320, 320, 320]","[320, 320]",uint8,NONE,32821210,,"[null, 320, 320]","[320, 320]",uint8,LZW,32235061,
sample_00411,True,True,"[320, 320, 320]","[320, 320]",uint8,NONE,32821210,,"[null, 320, 320]","[320, 320]",uint8,LZW,27326475,
sample_00412,True,True,"[null, 320, 320]","[320, 320]",uint8,LZW,1053561,,"[null, 320, 320]","[320, 320]",uint8,LZW,27044820,
sample_00413,True,True,"[320, 320, 320]","[320, 320]",uint8,NONE,32821210,,"[null, 320, 320]","[320, 320]",uint8,LZW,27249040,
sample_00414,True,True,"[320, 320, 320]","[320, 320]",uint8,NONE,32821210,,"[null, 320, 320]","[320, 320]",uint8,LZW,28904498,
sample_00416,True,True,"[320, 320, 320]","[320, 320]",uint8,NONE,32821210,,"[null, 320, 320]","[320, 320]",uint8,LZW,26661670,
sample_00417,True,True,"[320, 320, 320]","[320, 320]",uint8,NONE,32821210,,"[null, 320, 320]","[320, 320]",uint8,LZW,32939077,
sample_00418,True,True,"[320, 320, 320]","[320, 320]",uint8,NONE,32821210,,"[null, 320, 320]","[320, 320]",uint8,LZW,33180070,
sample_00419,True,True,"[320, 320, 320]","[320, 320]",uint8,NONE,32821210,,"[null, 320, 320]","[320, 320]",uint8,LZW,33693900,
sample_00420,True,True,"[320, 320, 320]","[320, 320]",uint8,NONE,32821210,,"[null, 320, 320]","[320, 320]",uint8,LZW,28200507,
sample_00421,True,True,"[320, 320, 320]","[320, 320]",uint8,NONE,32821210,,"[null, 320, 320]","[320, 320]",uint8,LZW,27867806,
sample_00422,True,True,"[320, 320, 320]","[320, 320]",uint8,NONE,32821210,,"[null, 320, 320]","[320, 320]",uint8,LZW,31151961,
sample_00423,True,True,"[320, 320, 320]","[320, 320]",uint8,NONE,32821210,,"[null, 320, 320]","[320, 320]",uint8,LZW,28823774,
sample_00424,True,True,"[320, 320, 320]","[320, 320]",uint8,NONE,32821210,,"[null, 320, 320]","[320, 320]",uint8,LZW,27564601,
sample_00425,True,True,"[320, 320, 320]","[320, 320]",uint8,NONE,32821210,,"[null, 320, 320]","[320, 320]",uint8,LZW,35407402,
sample_00426,True,True,"[320, 320, 320]","[320, 320]",uint8,NONE,32821210,,"[null, 320, 320]","[320, 320]",uint8,LZW,36253171,
sample_00427,True,True,"[320, 320, 320]","[320, 320]",uint8,NONE,32821210,,"[null, 320, 320]","[320, 320]",uint8,LZW,36467021,
sample_00428,True,True,"[320, 320, 320]","[320, 320]",uint8,NONE,32821210,,"[null, 320, 320]","[320, 320]",uint8,LZW,36829420,
sample_00429,True,True,"[320, 320, 320]","[320, 320]",uint8,NONE,32821210,,"[null, 320, 320]","[320, 320]",uint8,LZW,36913342,
sample_00430,True,True,"[320, 320, 320]","[320, 320]",uint8,NONE,32821210,,"[null, 320, 320]","[320, 320]",uint8,LZW,37448994,
sample_00431,True,True,"[320, 320, 320]","[320, 320]",uint8,NONE,32821210,,"[null, 320, 320]","[320, 320]",uint8,LZW,36369072,
sample_00432,True,True,"[320, 320, 320]","[320, 320]",uint8,NONE,32821210,,"[null, 320, 320]","[320, 320]",uint8,LZW,36426374,
sample_00433,True,True,"[320, 320, 320]","[320, 320]",uint8,NONE,32821210,,"[null, 320, 320]","[320, 320]",uint8,LZW,38155404,
sample_00434,True,True,"[320, 320, 320]","[320, 320]",uint8,NONE,32821210,,"[null, 320, 320]","[320, 320]",uint8,LZW,38016270,
sample_00435,True,True,"[320, 320, 320]","[320, 320]",uint8,NONE,32821210,,"[null, 320, 320]","[320, 320]",uint8,LZW,37925386,
sample_00436,True,True,"[320, 320, 320]","[320, 320]",uint8,NONE,32821210,,"[null, 320, 320]","[320, 320]",uint8,LZW,38350038,
sample_00437,True,True,"[null, 320, 320]","[320, 320]",uint8,LZW,868681,,"[null, 320, 320]","[320, 320]",uint8,LZW,37266376,
sample_00438,True,True,"[320, 320, 320]","[320, 320]",uint8,NONE,32821210,,"[null, 320, 320]","[320, 320]",uint8,LZW,35432703,
sample_00439,True,True,"[null, 320, 320]","[320, 320]",uint8,LZW,624713,,"[null, 320, 320]","[320, 320]",uint8,LZW,37940588,
sample_00440,True,True,"[null, 320, 320]","[320, 320]",uint8,LZW,882153,,"[null, 320, 320]","[320, 320]",uint8,LZW,36189391,
sample_00441,True,True,"[null, 320, 320]","[320, 320]",uint8,LZW,754889,,"[null, 320, 320]","[320, 320]",uint8,LZW,37449432,
sample_00442,True,True,"[320, 320, 320]","[320, 320]",uint8,NONE,32821210,,"[null, 320, 320]","[320, 320]",uint8,LZW,36723549,
sample_00443,True,True,"[320, 320, 320]","[320, 320]",uint8,NONE,32821210,,"[null, 320, 320]","[320, 320]",uint8,LZW,37365870,
sample_00444,True,True,"[null, 320, 320]","[320, 320]",uint8,LZW,633977,,"[null, 320, 320]","[320, 320]",uint8,LZW,36589500,
sample_00445,True,True,"[320, 320, 320]","[320, 320]",uint8,NONE,32821210,,"[null, 320, 320]","[320, 320]",uint8,LZW,36498272,
sample_00446,True,True,"[320, 320, 320]","[320, 320]",uint8,NONE,32821210,,"[null, 320, 320]","[320, 320]",uint8,LZW,36093779,
sample_00447,True,True,"[320, 320, 320]","[320, 320]",uint8,NONE,32821210,,"[null, 320, 320]","[320, 320]",uint8,LZW,34873713,
sample_00448,True,True,"[320, 320, 320]","[320, 320]",uint8,NONE,32821210,,"[null, 320, 320]","[320, 320]",uint8,LZW,36099877,
sample_00449,True,True,"[320, 320, 320]","[320, 320]",uint8,NONE,32821210,,"[null, 320, 320]","[320, 320]",uint8,LZW,35374720,
sample_00450,True,True,"[320, 320, 320]","[320, 320]",uint8,NONE,32821210,,"[null, 320, 320]","[320, 320]",uint8,LZW,36188042,
sample_00451,True,True,"[320, 320, 320]","[320, 320]",uint8,NONE,32821210,,"[null, 320, 320]","[320, 320]",uint8,LZW,36509565,
sample_00452,True,True,"[null, 320, 320]","[320, 320]",uint8,LZW,742825,,"[null, 320, 320]","[320, 320]",uint8,LZW,37115395,
sample_00453,True,True,"[null, 320, 320]","[320, 320]",uint8,LZW,1117529,,"[null, 320, 320]","[320, 320]",uint8,LZW,37190632,
sample_00454,True,True,"[null, 320, 320]","[320, 320]",uint8,LZW,1190121,,"[null, 320, 320]","[320, 320]",uint8,LZW,37780016,
sample_00455,True,True,"[320, 320, 320]","[320, 320]",uint8,NONE,32821210,,"[null, 320, 320]","[320, 320]",uint8,LZW,37600236,
sample_00456,True,True,"[320, 320, 320]","[320, 320]",uint8,NONE,32821210,,"[null, 320, 320]","[320, 320]",uint8,LZW,36843558,
sample_00457,True,True,"[320, 320, 320]","[320, 320]",uint8,NONE,32821210,,"[null, 320, 320]","[320, 320]",uint8,LZW,37290584,
sample_00458,True,True,"[null, 320, 320]","[320, 320]",uint8,LZW,865017,,"[null, 320, 320]","[320, 320]",uint8,LZW,37707147,
sample_00459,True,True,"[320, 320, 320]","[320, 320]",uint8,NONE,32821210,,"[null, 320, 320]","[320, 320]",uint8,LZW,37262350,
sample_00460,True,True,"[320, 320, 320]","[320, 320]",uint8,NONE,32821210,,"[null, 320, 320]","[320, 320]",uint8,LZW,37369633,
sample_00461,True,True,"[null, 320, 320]","[320, 320]",uint8,LZW,771225,,"[null, 320, 320]","[320, 320]",uint8,LZW,36739415,
sample_00462,True,True,"[320, 320, 320]","[320, 320]",uint8,NONE,32821210,,"[null, 320, 320]","[320, 320]",uint8,LZW,37333052,
sample_00463,True,True,"[320, 320, 320]","[320, 320]",uint8,NONE,32821210,,"[null, 320, 320]","[320, 320]",uint8,LZW,37458011,
sample_00464,True,True,"[null, 320, 320]","[320, 320]",uint8,LZW,1273625,,"[null, 320, 320]","[320, 320]",uint8,LZW,36202856,
sample_00465,True,True,"[null, 320, 320]","[320, 320]",uint8,LZW,809241,,"[null, 320, 320]","[320, 320]",uint8,LZW,36142205,
sample_00466,True,True,"[320, 320, 320]","[320, 320]",uint8,NONE,32821210,,"[null, 320, 320]","[320, 320]",uint8,LZW,36152836,
sample_00467,True,True,"[320, 320, 320]","[320, 320]",uint8,NONE,32821210,,"[null, 320, 320]","[320, 320]",uint8,LZW,36667105,
sample_00468,True,True,"[320, 320, 320]","[320, 320]",uint8,NONE,32821210,,"[null, 320, 320]","[320, 320]",uint8,LZW,36384590,
sample_00469,True,True,"[320, 320, 320]","[320, 320]",uint8,NONE,32821210,,"[null, 320, 320]","[320, 320]",uint8,LZW,36530791,
sample_00470,True,True,"[320, 320, 320]","[320, 320]",uint8,NONE,32821210,,"[null, 320, 320]","[320, 320]",uint8,LZW,36974841,
sample_00471,True,True,"[320, 320, 320]","[320, 320]",uint8,NONE,32821210,,"[null, 320, 320]","[320, 320]",uint8,LZW,35764095,
sample_00472,True,True,"[null, 320, 320]","[320, 320]",uint8,LZW,1018393,,"[null, 320, 320]","[320, 320]",uint8,LZW,35117497,
sample_00473,True,True,"[null, 320, 320]","[320, 320]",uint8,LZW,1259977,,"[null, 320, 320]","[320, 320]",uint8,LZW,36072098,
sample_00474,True,True,"[320, 320, 320]","[320, 320]",uint8,NONE,32821210,,"[null, 320, 320]","[320, 320]",uint8,LZW,35873534,
sample_00475,True,True,"[null, 320, 320]","[320, 320]",uint8,LZW,578921,,"[null, 320, 320]","[320, 320]",uint8,LZW,36327851,
sample_00476,True,True,"[320, 320, 320]","[320, 320]",uint8,NONE,32821210,,"[null, 320, 320]","[320, 320]",uint8,LZW,35458861,
sample_00477,True,True,"[null, 256, 256]","[256, 256]",uint8,LZW,319304,,"[null, 256, 256]","[256, 256]",uint8,LZW,18077252,
sample_00478,True,True,"[256, 256, 256]","[256, 256]",uint8,NONE,16819802,,"[null, 256, 256]","[256, 256]",uint8,LZW,18369223,
sample_00479,True,True,"[256, 256, 256]","[256, 256]",uint8,NONE,16819802,,"[null, 256, 256]","[256, 256]",uint8,LZW,18665732,
sample_00480,True,True,"[256, 256, 256]","[256, 256]",uint8,NONE,16819802,,"[null, 256, 256]","[256, 256]",uint8,LZW,18717291,
sample_00481,True,True,"[null, 256, 256]","[256, 256]",uint8,LZW,418280,,"[null, 256, 256]","[256, 256]",uint8,LZW,18494335,
sample_00482,True,True,"[null, 256, 256]","[256, 256]",uint8,LZW,402424,,"[null, 256, 256]","[256, 256]",uint8,LZW,18590848,
sample_00483,True,True,"[256, 256, 256]","[256, 256]",uint8,NONE,16819802,,"[null, 256, 256]","[256, 256]",uint8,LZW,18647225,
sample_00484,True,True,"[null, 256, 256]","[256, 256]",uint8,LZW,497464,,"[null, 256, 256]","[256, 256]",uint8,LZW,18833373,
sample_00485,True,True,"[256, 256, 256]","[256, 256]",uint8,NONE,16819802,,"[null, 256, 256]","[256, 256]",uint8,LZW,18880246,
sample_00486,True,True,"[null, 256, 256]","[256, 256]",uint8,LZW,541016,,"[null, 256, 256]","[256, 256]",uint8,LZW,19043905,
sample_00487,True,True,"[256, 256, 256]","[256, 256]",uint8,NONE,16819802,,"[null, 256, 256]","[256, 256]",uint8,LZW,18184661,
sample_00488,True,True,"[null, 256, 256]","[256, 256]",uint8,LZW,446760,,"[null, 256, 256]","[256, 256]",uint8,LZW,18020139,
sample_00489,True,True,"[256, 256, 256]","[256, 256]",uint8,NONE,16819802,,"[null, 256, 256]","[256, 256]",uint8,LZW,18910936,
sample_00490,True,True,"[256, 256, 256]","[256, 256]",uint8,NONE,16819802,,"[null, 256, 256]","[256, 256]",uint8,LZW,19171495,
sample_00491,True,True,"[256, 256, 256]","[256, 256]",uint8,NONE,16819802,,"[null, 256, 256]","[256, 256]",uint8,LZW,18863127,
sample_00492,True,True,"[256, 256, 256]","[256, 256]",uint8,NONE,16819802,,"[null, 256, 256]","[256, 256]",uint8,LZW,18192615,
sample_00493,True,True,"[null, 256, 256]","[256, 256]",uint8,LZW,434024,,"[null, 256, 256]","[256, 256]",uint8,LZW,19189088,
sample_00494,True,True,"[null, 256, 256]","[256, 256]",uint8,LZW,619320,,"[null, 256, 256]","[256, 256]",uint8,LZW,19070571,
sample_00495,True,True,"[256, 256, 256]","[256, 256]",uint8,NONE,16819802,,"[null, 256, 256]","[256, 256]",uint8,LZW,18473010,
sample_00496,True,True,"[256, 256, 256]","[256, 256]",uint8,NONE,16819802,,"[null, 256, 256]","[256, 256]",uint8,LZW,17856746,
sample_00497,True,True,"[256, 256, 256]","[256, 256]",uint8,NONE,16819802,,"[null, 256, 256]","[256, 256]",uint8,LZW,18804158,
sample_00498,True,True,"[256, 256, 256]","[256, 256]",uint8,NONE,16819802,,"[null, 256, 256]","[256, 256]",uint8,LZW,17884020,
sample_00499,True,True,"[null, 256, 256]","[256, 256]",uint8,LZW,387064,,"[null, 256, 256]","[256, 256]",uint8,LZW,18252590,
sample_00500,True,True,"[256, 256, 256]","[256, 256]",uint8,NONE,16819802,,"[null, 256, 256]","[256, 256]",uint8,LZW,18477630,
sample_00502,True,True,"[256, 256, 256]","[256, 256]",uint8,NONE,16819802,,"[null, 256, 256]","[256, 256]",uint8,LZW,18203137,
sample_00503,True,True,"[256, 256, 256]","[256, 256]",uint8,NONE,16819802,,"[null, 256, 256]","[256, 256]",uint8,LZW,18223297,
sample_00504,True,True,"[256, 256, 256]","[256, 256]",uint8,NONE,16819802,,"[null, 256, 256]","[256, 256]",uint8,LZW,18032517,
sample_00505,True,True,"[256, 256, 256]","[256, 256]",uint8,NONE,16819802,,"[null, 256, 256]","[256, 256]",uint8,LZW,18504047,
sample_00506,True,True,"[256, 256, 256]","[256, 256]",uint8,NONE,16819802,,"[null, 256, 256]","[256, 256]",uint8,LZW,19296218,
sample_00507,True,True,"[256, 256, 256]","[256, 256]",uint8,NONE,16819802,,"[null, 256, 256]","[256, 256]",uint8,LZW,18710691,
sample_00508,True,True,"[null, 256, 256]","[256, 256]",uint8,LZW,553832,,"[null, 256, 256]","[256, 256]",uint8,LZW,18622389,
sample_00509,True,True,"[null, 256, 256]","[256, 256]",uint8,LZW,401544,,"[null, 256, 256]","[256, 256]",uint8,LZW,18381273,
sample_00510,True,True,"[null, 256, 256]","[256, 256]",uint8,LZW,344728,,"[null, 256, 256]","[256, 256]",uint8,LZW,18420700,
sample_00511,True,True,"[null, 256, 256]","[256, 256]",uint8,LZW,565624,,"[null, 256, 256]","[256, 256]",uint8,LZW,18934766,
sample_00512,True,True,"[256, 256, 256]","[256, 256]",uint8,NONE,16819802,,"[null, 256, 256]","[256, 256]",uint8,LZW,18888393,
sample_00513,True,True,"[256, 256, 256]","[256, 256]",uint8,NONE,16819802,,"[null, 256, 256]","[256, 256]",uint8,LZW,19233798,
sample_00514,True,True,"[null, 256, 256]","[256, 256]",uint8,LZW,507608,,"[null, 256, 256]","[256, 256]",uint8,LZW,19406939,
sample_00515,True,True,"[256, 256, 256]","[256, 256]",uint8,NONE,16819802,,"[null, 256, 256]","[256, 256]",uint8,LZW,18799219,
sample_00516,True,True,"[null, 256, 256]","[256, 256]",uint8,LZW,648024,,"[null, 256, 256]","[256, 256]",uint8,LZW,18661347,
sample_00517,True,True,"[256, 256, 256]","[256, 256]",uint8,NONE,16819802,,"[null, 256, 256]","[256, 256]",uint8,LZW,18948276,
sample_00518,True,True,"[null, 256, 256]","[256, 256]",uint8,LZW,706904,,"[null, 256, 256]","[256, 256]",uint8,LZW,18348402,
sample_00519,True,True,"[320, 320, 320]","[320, 320]",uint8,NONE,32821210,,"[null, 320, 320]","[320, 320]",uint8,LZW,35632650,
sample_00520,True,True,"[320, 320, 320]","[320, 320]",uint8,NONE,32821210,,"[null, 320, 320]","[320, 320]",uint8,LZW,37993779,
sample_00521,True,True,"[320, 320, 320]","[320, 320]",uint8,NONE,32821210,,"[null, 320, 320]","[320, 320]",uint8,LZW,36345364,
sample_00522,True,True,"[null, 320, 320]","[320, 320]",uint8,LZW,740745,,"[null, 320, 320]","[320, 320]",uint8,LZW,35694165,
sample_00523,True,True,"[null, 320, 320]","[320, 320]",uint8,LZW,702521,,"[null, 320, 320]","[320, 320]",uint8,LZW,36146470,
sample_00524,True,True,"[320, 320, 320]","[320, 320]",uint8,NONE,32821210,,"[null, 320, 320]","[320, 320]",uint8,LZW,36136253,
sample_00525,True,True,"[null, 320, 320]","[320, 320]",uint8,LZW,701593,,"[null, 320, 320]","[320, 320]",uint8,LZW,36690411,
sample_00526,True,True,"[320, 320, 320]","[320, 320]",uint8,NONE,32821210,,"[null, 320, 320]","[320, 320]",uint8,LZW,35842770,
sample_00527,True,True,"[320, 320, 320]","[320, 320]",uint8,NONE,32821210,,"[null, 320, 320]","[320, 320]",uint8,LZW,36242679,
sample_00528,True,True,"[null, 320, 320]","[320, 320]",uint8,LZW,921769,,"[null, 320, 320]","[320, 320]",uint8,LZW,36964026,
sample_00529,True,True,"[320, 320, 320]","[320, 320]",uint8,NONE,32821210,,"[null, 320, 320]","[320, 320]",uint8,LZW,36627510,
sample_00530,True,True,"[null, 320, 320]","[320, 320]",uint8,LZW,679449,,"[null, 320, 320]","[320, 320]",uint8,LZW,38234046,
sample_00531,True,True,"[320, 320, 320]","[320, 320]",uint8,NONE,32821210,,"[null, 320, 320]","[320, 320]",uint8,LZW,36689010,
sample_00532,True,True,"[null, 320, 320]","[320, 320]",uint8,LZW,805001,,"[null, 320, 320]","[320, 320]",uint8,LZW,34545246,
sample_00533,True,True,"[320, 320, 320]","[320, 320]",uint8,NONE,32821210,,"[null, 320, 320]","[320, 320]",uint8,LZW,34306379,
sample_00534,True,True,"[320, 320, 320]","[320, 320]",uint8,NONE,32821210,,"[null, 320, 320]","[320, 320]",uint8,LZW,34251932,
sample_00535,True,True,"[null, 320, 320]","[320, 320]",uint8,LZW,918905,,"[null, 320, 320]","[320, 320]",uint8,LZW,34279322,
sample_00536,True,True,"[320, 320, 320]","[320, 320]",uint8,NONE,32821210,,"[null, 320, 320]","[320, 320]",uint8,LZW,33874372,
sample_00537,True,True,"[320, 320, 320]","[320, 320]",uint8,NONE,32821210,,"[null, 320, 320]","[320, 320]",uint8,LZW,34166051,
sample_00538,True,True,"[null, 320, 320]","[320, 320]",uint8,LZW,473177,,"[null, 320, 320]","[320, 320]",uint8,LZW,34687563,
sample_00539,True,True,"[null, 320, 320]","[320, 320]",uint8,LZW,827769,,"[null, 320, 320]","[320, 320]",uint8,LZW,36480293,
sample_00540,True,True,"[null, 320, 320]","[320, 320]",uint8,LZW,662297,,"[null, 320, 320]","[320, 320]",uint8,LZW,31523183,
sample_00541,True,True,"[320, 320, 320]","[320, 320]",uint8,NONE,32821210,,"[null, 320, 320]","[320, 320]",uint8,LZW,34828623,
sample_00542,True,True,"[320, 320, 320]","[320, 320]",uint8,NONE,32821210,,"[null, 320, 320]","[320, 320]",uint8,LZW,35764116,
sample_00543,True,True,"[320, 320, 320]","[320, 320]",uint8,NONE,32821210,,"[null, 320, 320]","[320, 320]",uint8,LZW,35745426,
sample_00544,True,True,"[null, 320, 320]","[320, 320]",uint8,LZW,527801,,"[null, 320, 320]","[320, 320]",uint8,LZW,36634882,
sample_00545,True,True,"[320, 320, 320]","[320, 320]",uint8,NONE,32821210,,"[null, 320, 320]","[320, 320]",uint8,LZW,37199990,
sample_00546,True,True,"[null, 320, 320]","[320, 320]",uint8,LZW,788121,,"[null, 320, 320]","[320, 320]",uint8,LZW,37910550,
sample_00547,True,True,"[320, 320, 320]","[320, 320]",uint8,NONE,32821210,,"[null, 320, 320]","[320, 320]",uint8,LZW,36824713,
sample_00548,True,True,"[320, 320, 320]","[320, 320]",uint8,NONE,32821210,,"[null, 320, 320]","[320, 320]",uint8,LZW,37528502,
sample_00549,True,True,"[320, 320, 320]","[320, 320]",uint8,NONE,32821210,,"[null, 320, 320]","[320, 320]",uint8,LZW,37660943,
sample_00550,True,True,"[null, 320, 320]","[320, 320]",uint8,LZW,623417,,"[null, 320, 320]","[320, 320]",uint8,LZW,36553134,
sample_00551,True,True,"[320, 320, 320]","[320, 320]",uint8,NONE,32821210,,"[null, 320, 320]","[320, 320]",uint8,LZW,38068572,
sample_00552,True,True,"[320, 320, 320]","[320, 320]",uint8,NONE,32821210,,"[null, 320, 320]","[320, 320]",uint8,LZW,37569513,
sample_00553,True,True,"[null, 320, 320]","[320, 320]",uint8,LZW,1006841,,"[null, 320, 320]","[320, 320]",uint8,LZW,37255120,
sample_00554,True,True,"[null, 320, 320]","[320, 320]",uint8,LZW,637609,,"[null, 320, 320]","[320, 320]",uint8,LZW,36593454,
sample_00555,True,True,"[null, 320, 320]","[320, 320]",uint8,LZW,640329,,"[null, 320, 320]","[320, 320]",uint8,LZW,34806784,
sample_00556,True,True,"[320, 320, 320]","[320, 320]",uint8,NONE,32821210,,"[null, 320, 320]","[320, 320]",uint8,LZW,34515150,
sample_00557,True,True,"[320, 320, 320]","[320, 320]",uint8,NONE,32821210,,"[null, 320, 320]","[320, 320]",uint8,LZW,36661164,
sample_00558,True,True,"[null, 320, 320]","[320, 320]",uint8,LZW,674121,,"[null, 320, 320]","[320, 320]",uint8,LZW,35759164,
sample_00559,True,True,"[320, 320, 320]","[320, 320]",uint8,NONE,32821210,,"[null, 320, 320]","[320, 320]",uint8,LZW,35108220,
sample_00560,True,True,"[320, 320, 320]","[320, 320]",uint8,NONE,32821210,,"[null, 320, 320]","[320, 320]",uint8,LZW,34645826,
sample_00561,True,True,"[null, 320, 320]","[320, 320]",uint8,LZW,722361,,"[null, 320, 320]","[320, 320]",uint8,LZW,36323261,
sample_00562,True,True,"[320, 320, 320]","[320, 320]",uint8,NONE,32821210,,"[null, 320, 320]","[320, 320]",uint8,LZW,35936933,
sample_00563,True,True,"[320, 320, 320]","[320, 320]",uint8,NONE,32821210,,"[null, 320, 320]","[320, 320]",uint8,LZW,35112402,
sample_00564,True,True,"[320, 320, 320]","[320, 320]",uint8,NONE,32821210,,"[null, 320, 320]","[320, 320]",uint8,LZW,34517003,
sample_00565,True,True,"[null, 320, 320]","[320, 320]",uint8,LZW,737833,,"[null, 320, 320]","[320, 320]",uint8,LZW,36501925,
sample_00566,True,True,"[320, 320, 320]","[320, 320]",uint8,NONE,32821210,,"[null, 320, 320]","[320, 320]",uint8,LZW,34154757,
sample_00567,True,True,"[320, 320, 320]","[320, 320]",uint8,NONE,32821210,,"[null, 320, 320]","[320, 320]",uint8,LZW,34454633,
sample_00568,True,True,"[null, 320, 320]","[320, 320]",uint8,LZW,444329,,"[null, 320, 320]","[320, 320]",uint8,LZW,36678641,
sample_00569,True,True,"[320, 320, 320]","[320, 320]",uint8,NONE,32821210,,"[null, 320, 320]","[320, 320]",uint8,LZW,37578681,
sample_00570,True,True,"[320, 320, 320]","[320, 320]",uint8,NONE,32821210,,"[null, 320, 320]","[320, 320]",uint8,LZW,36786660,
sample_00571,True,True,"[320, 320, 320]","[320, 320]",uint8,NONE,32821210,,"[null, 320, 320]","[320, 320]",uint8,LZW,35129003,
sample_00572,True,True,"[320, 320, 320]","[320, 320]",uint8,NONE,32821210,,"[null, 320, 320]","[320, 320]",uint8,LZW,36239485,
sample_00573,True,True,"[null, 320, 320]","[320, 320]",uint8,LZW,928185,,"[null, 320, 320]","[320, 320]",uint8,LZW,37890550,
sample_00574,True,True,"[320, 320, 320]","[320, 320]",uint8,NONE,32821210,,"[null, 320, 320]","[320, 320]",uint8,LZW,37582407,
sample_00575,True,True,"[320, 320, 320]","[320, 320]",uint8,NONE,32821210,,"[null, 320, 320]","[320, 320]",uint8,LZW,36807204,
sample_00576,True,True,"[null, 320, 320]","[320, 320]",uint8,LZW,632985,,"[null, 320, 320]","[320, 320]",uint8,LZW,37347220,
sample_00577,True,True,"[null, 320, 320]","[320, 320]",uint8,LZW,1414681,,"[null, 320, 320]","[320, 320]",uint8,LZW,37537442,
sample_00578,True,True,"[null, 320, 320]","[320, 320]",uint8,LZW,693417,,"[null, 320, 320]","[320, 320]",uint8,LZW,37859768,
sample_00579,True,True,"[320, 320, 320]","[320, 320]",uint8,NONE,32821210,,"[null, 320, 320]","[320, 320]",uint8,LZW,36579246,
sample_00580,True,True,"[null, 320, 320]","[320, 320]",uint8,LZW,844393,,"[null, 320, 320]","[320, 320]",uint8,LZW,36210703,
sample_00581,True,True,"[320, 320, 320]","[320, 320]",uint8,NONE,32821210,,"[null, 320, 320]","[320, 320]",uint8,LZW,36502325,
sample_00582,True,True,"[320, 320, 320]","[320, 320]",uint8,NONE,32821210,,"[null, 320, 320]","[320, 320]",uint8,LZW,34313950,
sample_00583,True,True,"[null, 320, 320]","[320, 320]",uint8,LZW,894137,,"[null, 320, 320]","[320, 320]",uint8,LZW,36097046,
sample_00584,True,True,"[null, 320, 320]","[320, 320]",uint8,LZW,422745,,"[null, 320, 320]","[320, 320]",uint8,LZW,35423458,
sample_00585,True,True,"[320, 320, 320]","[320, 320]",uint8,NONE,32821210,,"[null, 320, 320]","[320, 320]",uint8,LZW,35811972,
sample_00586,True,True,"[null, 320, 320]","[320, 320]",uint8,LZW,495497,,"[null, 320, 320]","[320, 320]",uint8,LZW,35847894,
sample_00587,True,True,"[null, 320, 320]","[320, 320]",uint8,LZW,560393,,"[null, 320, 320]","[320, 320]",uint8,LZW,36158465,
sample_00588,True,True,"[null, 320, 320]","[320, 320]",uint8,LZW,618473,,"[null, 320, 320]","[320, 320]",uint8,LZW,36694005,
sample_00589,True,True,"[320, 320, 320]","[320, 320]",uint8,NONE,32821210,,"[null, 320, 320]","[320, 320]",uint8,LZW,35852399,
sample_00590,True,True,"[320, 320, 320]","[320, 320]",uint8,NONE,32821210,,"[null, 320, 320]","[320, 320]",uint8,LZW,36659244,
sample_00591,True,True,"[320, 320, 320]","[320, 320]",uint8,NONE,32821210,,"[null, 320, 320]","[320, 320]",uint8,LZW,37352987,
sample_00592,True,True,"[320, 320, 320]","[320, 320]",uint8,NONE,32821210,,"[null, 320, 320]","[320, 320]",uint8,LZW,36919649,
sample_00593,True,True,"[320, 320, 320]","[320, 320]",uint8,NONE,32821210,,"[null, 320, 320]","[320, 320]",uint8,LZW,36142685,
sample_00594,True,True,"[null, 320, 320]","[320, 320]",uint8,LZW,887225,,"[null, 320, 320]","[320, 320]",uint8,LZW,36636113,
sample_00595,True,True,"[320, 320, 320]","[320, 320]",uint8,NONE,32821210,,"[null, 320, 320]","[320, 320]",uint8,LZW,36757806,
sample_00596,True,True,"[320, 320, 320]","[320, 320]",uint8,NONE,32821210,,"[null, 320, 320]","[320, 320]",uint8,LZW,36871851,
sample_00597,True,True,"[null, 320, 320]","[320, 320]",uint8,LZW,1364281,,"[null, 320, 320]","[320, 320]",uint8,LZW,37558263,
sample_00598,True,True,"[320, 320, 320]","[320, 320]",uint8,NONE,32821210,,"[null, 320, 320]","[320, 320]",uint8,LZW,36988730,
sample_00599,True,True,"[null, 320, 320]","[320, 320]",uint8,LZW,1066393,,"[null, 320, 320]","[320, 320]",uint8,LZW,36177806,
sample_00600,True,True,"[null, 320, 320]","[320, 320]",uint8,LZW,1259225,,"[null, 320, 320]","[320, 320]",uint8,LZW,36352110,
sample_00601,True,True,"[320, 320, 320]","[320, 320]",uint8,NONE,32821210,,"[null, 320, 320]","[320, 320]",uint8,LZW,34540645,
sample_00602,True,True,"[320, 320, 320]","[320, 320]",uint8,NONE,32821210,,"[null, 320, 320]","[320, 320]",uint8,LZW,37065486,
sample_00603,True,True,"[320, 320, 320]","[320, 320]",uint8,NONE,32821210,,"[null, 320, 320]","[320, 320]",uint8,LZW,34867321,
sample_00604,True,True,"[320, 320, 320]","[320, 320]",uint8,NONE,32821210,,"[null, 320, 320]","[320, 320]",uint8,LZW,35761779,
sample_00605,True,True,"[320, 320, 320]","[320, 320]",uint8,NONE,32821210,,"[null, 320, 320]","[320, 320]",uint8,LZW,34687984,
sample_00606,True,True,"[320, 320, 320]","[320, 320]",uint8,NONE,32821210,,"[null, 320, 320]","[320, 320]",uint8,LZW,35550375,
sample_00607,True,True,"[320, 320, 320]","[320, 320]",uint8,NONE,32821210,,"[null, 320, 320]","[320, 320]",uint8,LZW,35013963,
sample_00608,True,True,"[null, 320, 320]","[320, 320]",uint8,LZW,573641,,"[null, 320, 320]","[320, 320]",uint8,LZW,35977544,
sample_00609,True,True,"[320, 320, 320]","[320, 320]",uint8,NONE,32821210,,"[null, 320, 320]","[320, 320]",uint8,LZW,36609450,
sample_00610,True,True,"[320, 320, 320]","[320, 320]",uint8,NONE,32821210,,"[null, 320, 320]","[320, 320]",uint8,LZW,35736537,
sample_00611,True,True,"[320, 320, 320]","[320, 320]",uint8,NONE,32821210,,"[null, 320, 320]","[320, 320]",uint8,LZW,37333014,
sample_00612,True,True,"[320, 320, 320]","[320, 320]",uint8,NONE,32821210,,"[null, 320, 320]","[320, 320]",uint8,LZW,36737607,
sample_00613,True,True,"[null, 320, 320]","[320, 320]",uint8,LZW,1253513,,"[null, 320, 320]","[320, 320]",uint8,LZW,36901999,
sample_00614,True,True,"[320, 320, 320]","[320, 320]",uint8,NONE,32821210,,"[null, 320, 320]","[320, 320]",uint8,LZW,37271070,
sample_00615,True,True,"[320, 320, 320]","[320, 320]",uint8,NONE,32821210,,"[null, 320, 320]","[320, 320]",uint8,LZW,35905321,
sample_00616,True,True,"[320, 320, 320]","[320, 320]",uint8,NONE,32821210,,"[null, 320, 320]","[320, 320]",uint8,LZW,36152454,
sample_00617,True,True,"[null, 320, 320]","[320, 320]",uint8,LZW,1302841,,"[null, 320, 320]","[320, 320]",uint8,LZW,36904585,
sample_00618,True,True,"[320, 320, 320]","[320, 320]",uint8,NONE,32821210,,"[null, 320, 320]","[320, 320]",uint8,LZW,36447465,
sample_00619,True,True,"[320, 320, 320]","[320, 320]",uint8,NONE,32821210,,"[null, 320, 320]","[320, 320]",uint8,LZW,36740494,
sample_00620,True,True,"[320, 320, 320]","[320, 320]",uint8,NONE,32821210,,"[null, 320, 320]","[320, 320]",uint8,LZW,36372893,
sample_00621,True,True,"[320, 320, 320]","[320, 320]",uint8,NONE,32821210,,"[null, 320, 320]","[320, 320]",uint8,LZW,36463381,
sample_00622,True,True,"[320, 320, 320]","[320, 320]",uint8,NONE,32821210,,"[null, 320, 320]","[320, 320]",uint8,LZW,35609338,
sample_00623,True,True,"[320, 320, 320]","[320, 320]",uint8,NONE,32821210,,"[null, 320, 320]","[320, 320]",uint8,LZW,34860591,
sample_00624,True,True,"[320, 320, 320]","[320, 320]",uint8,NONE,32821210,,"[null, 320, 320]","[320, 320]",uint8,LZW,35599555,
sample_00625,True,True,"[320, 320, 320]","[320, 320]",uint8,NONE,32821210,,"[null, 320, 320]","[320, 320]",uint8,LZW,36581286,
sample_00627,True,True,"[null, 320, 320]","[320, 320]",uint8,LZW,551897,,"[null, 320, 320]","[320, 320]",uint8,LZW,35272594,
sample_00628,True,True,"[320, 320, 320]","[320, 320]",uint8,NONE,32821210,,"[null, 320, 320]","[320, 320]",uint8,LZW,36541848,
sample_00629,True,True,"[null, 320, 320]","[320, 320]",uint8,LZW,692985,,"[null, 320, 320]","[320, 320]",uint8,LZW,36213507,
sample_00630,True,True,"[320, 320, 320]","[320, 320]",uint8,NONE,32821210,,"[null, 320, 320]","[320, 320]",uint8,LZW,36207646,
sample_00631,True,True,"[320, 320, 320]","[320, 320]",uint8,NONE,32821210,,"[null, 320, 320]","[320, 320]",uint8,LZW,35647001,
sample_00632,True,True,"[320, 320, 320]","[320, 320]",uint8,NONE,32821210,,"[null, 320, 320]","[320, 320]",uint8,LZW,37170108,
sample_00633,True,True,"[320, 320, 320]","[320, 320]",uint8,NONE,32821210,,"[null, 320, 320]","[320, 320]",uint8,LZW,36166175,
sample_00634,True,True,"[320, 320, 320]","[320, 320]",uint8,NONE,32821210,,"[null, 320, 320]","[320, 320]",uint8,LZW,37168202,
sample_00635,True,True,"[null, 320, 320]","[320, 320]",uint8,LZW,899113,,"[null, 320, 320]","[320, 320]",uint8,LZW,37044764,
sample_00636,True,True,"[null, 320, 320]","[320, 320]",uint8,LZW,1204857,,"[null, 320, 320]","[320, 320]",uint8,LZW,37589181,
sample_00637,True,True,"[null, 320, 320]","[320, 320]",uint8,LZW,1245833,,"[null, 320, 320]","[320, 320]",uint8,LZW,36113118,
sample_00638,True,True,"[null, 320, 320]","[320, 320]",uint8,LZW,1511561,,"[null, 320, 320]","[320, 320]",uint8,LZW,38246171,
sample_00639,True,True,"[320, 320, 320]","[320, 320]",uint8,NONE,32821210,,"[null, 320, 320]","[320, 320]",uint8,LZW,36681534,
sample_00640,True,True,"[320, 320, 320]","[320, 320]",uint8,NONE,32821210,,"[null, 320, 320]","[320, 320]",uint8,LZW,37216129,
sample_00641,True,True,"[320, 320, 320]","[320, 320]",uint8,NONE,32821210,,"[null, 320, 320]","[320, 320]",uint8,LZW,36608033,
sample_00642,True,True,"[320, 320, 320]","[320, 320]",uint8,NONE,32821210,,"[null, 320, 320]","[320, 320]",uint8,LZW,36622012,
sample_00643,True,True,"[null, 320, 320]","[320, 320]",uint8,LZW,799817,,"[null, 320, 320]","[320, 320]",uint8,LZW,37019835,
sample_00644,True,True,"[320, 320, 320]","[320, 320]",uint8,NONE,32821210,,"[null, 320, 320]","[320, 320]",uint8,LZW,37013208,
sample_00645,True,True,,,,,,"range request failed: ConnectionError: ('Connection aborted.', OSError(49, ""Can't assign requested address""))",,,,,,"range request failed: ConnectionError: HTTPSConnectionPool(host='huggingface.co', port=443): Max retries exceeded with url: /buckets/scrollprize/datasets/resolve/surfaces/kaggle/images/sample_00645.tif (Caused by NameResolutionError(""HTTPSConnection(host='huggingface.co', port=443): Failed to resolve 'huggingface.co' ([Errno 8] nodename nor servname provided, or not known)""))"
sample_00646,True,True,,,,,,"range request failed: ConnectionError: HTTPSConnectionPool(host='huggingface.co', port=443): Max retries exceeded with url: /buckets/scrollprize/datasets/resolve/surfaces/kaggle/labels/sample_00646.tif (Caused by NameResolutionError(""HTTPSConnection(host='huggingface.co', port=443): Failed to resolve 'huggingface.co' ([Errno 8] nodename nor servname provided, or not known)""))",,,,,,"range request failed: ConnectionError: HTTPSConnectionPool(host='huggingface.co', port=443): Max retries exceeded with url: /buckets/scrollprize/datasets/resolve/surfaces/kaggle/images/sample_00646.tif (Caused by NameResolutionError(""HTTPSConnection(host='huggingface.co', port=443): Failed to resolve 'huggingface.co' ([Errno 8] nodename nor servname provided, or not known)""))"
sample_00647,True,True,,,,,,"range request failed: ConnectionError: HTTPSConnectionPool(host='huggingface.co', port=443): Max retries exceeded with url: /buckets/scrollprize/datasets/resolve/surfaces/kaggle/labels/sample_00647.tif (Caused by NameResolutionError(""HTTPSConnection(host='huggingface.co', port=443): Failed to resolve 'huggingface.co' ([Errno 8] nodename nor servname provided, or not known)""))",,,,,,"range request failed: ConnectionError: HTTPSConnectionPool(host='huggingface.co', port=443): Max retries exceeded with url: /buckets/scrollprize/datasets/resolve/surfaces/kaggle/images/sample_00647.tif (Caused by NameResolutionError(""HTTPSConnection(host='huggingface.co', port=443): Failed to resolve 'huggingface.co' ([Errno 8] nodename nor servname provided, or not known)""))"
sample_00648,True,True,,,,,,"range request failed: ConnectionError: HTTPSConnectionPool(host='huggingface.co', port=443): Max retries exceeded with url: /buckets/scrollprize/datasets/resolve/surfaces/kaggle/labels/sample_00648.tif (Caused by NameResolutionError(""HTTPSConnection(host='huggingface.co', port=443): Failed to resolve 'huggingface.co' ([Errno 8] nodename nor servname provided, or not known)""))",,,,,,"range request failed: ConnectionError: HTTPSConnectionPool(host='huggingface.co', port=443): Max retries exceeded with url: /buckets/scrollprize/datasets/resolve/surfaces/kaggle/images/sample_00648.tif (Caused by NameResolutionError(""HTTPSConnection(host='huggingface.co', port=443): Failed to resolve 'huggingface.co' ([Errno 8] nodename nor servname provided, or not known)""))"
sample_00649,True,True,,,,,,"range request failed: ConnectionError: HTTPSConnectionPool(host='huggingface.co', port=443): Max retries exceeded with url: /buckets/scrollprize/datasets/resolve/surfaces/kaggle/labels/sample_00649.tif (Caused by NameResolutionError(""HTTPSConnection(host='huggingface.co', port=443): Failed to resolve 'huggingface.co' ([Errno 8] nodename nor servname provided, or not known)""))",,,,,,"range request failed: ConnectionError: HTTPSConnectionPool(host='huggingface.co', port=443): Max retries exceeded with url: /buckets/scrollprize/datasets/resolve/surfaces/kaggle/images/sample_00649.tif (Caused by NameResolutionError(""HTTPSConnection(host='huggingface.co', port=443): Failed to resolve 'huggingface.co' ([Errno 8] nodename nor servname provided, or not known)""))"
sample_00650,True,True,,,,,,"range request failed: ConnectionError: HTTPSConnectionPool(host='huggingface.co', port=443): Max retries exceeded with url: /buckets/scrollprize/datasets/resolve/surfaces/kaggle/labels/sample_00650.tif (Caused by NameResolutionError(""HTTPSConnection(host='huggingface.co', port=443): Failed to resolve 'huggingface.co' ([Errno 8] nodename nor servname provided, or not known)""))",,,,,,"range request failed: ConnectionError: HTTPSConnectionPool(host='huggingface.co', port=443): Max retries exceeded with url: /buckets/scrollprize/datasets/resolve/surfaces/kaggle/images/sample_00650.tif (Caused by NameResolutionError(""HTTPSConnection(host='huggingface.co', port=443): Failed to resolve 'huggingface.co' ([Errno 8] nodename nor servname provided, or not known)""))"
sample_00651,True,True,,,,,,"range request failed: ConnectionError: HTTPSConnectionPool(host='huggingface.co', port=443): Max retries exceeded with url: /buckets/scrollprize/datasets/resolve/surfaces/kaggle/labels/sample_00651.tif (Caused by NameResolutionError(""HTTPSConnection(host='huggingface.co', port=443): Failed to resolve 'huggingface.co' ([Errno 8] nodename nor servname provided, or not known)""))",,,,,,"range request failed: ConnectionError: HTTPSConnectionPool(host='huggingface.co', port=443): Max retries exceeded with url: /buckets/scrollprize/datasets/resolve/surfaces/kaggle/images/sample_00651.tif (Caused by NameResolutionError(""HTTPSConnection(host='huggingface.co', port=443): Failed to resolve 'huggingface.co' ([Errno 8] nodename nor servname provided, or not known)""))"
sample_00652,True,True,,,,,,"range request failed: ConnectionError: HTTPSConnectionPool(host='huggingface.co', port=443): Max retries exceeded with url: /buckets/scrollprize/datasets/resolve/surfaces/kaggle/labels/sample_00652.tif (Caused by NameResolutionError(""HTTPSConnection(host='huggingface.co', port=443): Failed to resolve 'huggingface.co' ([Errno 8] nodename nor servname provided, or not known)""))",,,,,,"range request failed: ConnectionError: HTTPSConnectionPool(host='huggingface.co', port=443): Max retries exceeded with url: /buckets/scrollprize/datasets/resolve/surfaces/kaggle/images/sample_00652.tif (Caused by NameResolutionError(""HTTPSConnection(host='huggingface.co', port=443): Failed to resolve 'huggingface.co' ([Errno 8] nodename nor servname provided, or not known)""))"
sample_00653,True,True,,,,,,"range request failed: ConnectionError: HTTPSConnectionPool(host='huggingface.co', port=443): Max retries exceeded with url: /buckets/scrollprize/datasets/resolve/surfaces/kaggle/labels/sample_00653.tif (Caused by NameResolutionError(""HTTPSConnection(host='huggingface.co', port=443): Failed to resolve 'huggingface.co' ([Errno 8] nodename nor servname provided, or not known)""))",,,,,,"range request failed: ConnectionError: HTTPSConnectionPool(host='huggingface.co', port=443): Max retries exceeded with url: /buckets/scrollprize/datasets/resolve/surfaces/kaggle/images/sample_00653.tif (Caused by NameResolutionError(""HTTPSConnection(host='huggingface.co', port=443): Failed to resolve 'huggingface.co' ([Errno 8] nodename nor servname provided, or not known)""))"
sample_00654,True,True,,,,,,"range request failed: ConnectionError: HTTPSConnectionPool(host='huggingface.co', port=443): Max retries exceeded with url: /buckets/scrollprize/datasets/resolve/surfaces/kaggle/labels/sample_00654.tif (Caused by NameResolutionError(""HTTPSConnection(host='huggingface.co', port=443): Failed to resolve 'huggingface.co' ([Errno 8] nodename nor servname provided, or not known)""))",,,,,,"range request failed: ConnectionError: HTTPSConnectionPool(host='huggingface.co', port=443): Max retries exceeded with url: /buckets/scrollprize/datasets/resolve/surfaces/kaggle/images/sample_00654.tif (Caused by NameResolutionError(""HTTPSConnection(host='huggingface.co', port=443): Failed to resolve 'huggingface.co' ([Errno 8] nodename nor servname provided, or not known)""))"
sample_00655,True,True,,,,,,"range request failed: ConnectionError: HTTPSConnectionPool(host='huggingface.co', port=443): Max retries exceeded with url: /buckets/scrollprize/datasets/resolve/surfaces/kaggle/labels/sample_00655.tif (Caused by NameResolutionError(""HTTPSConnection(host='huggingface.co', port=443): Failed to resolve 'huggingface.co' ([Errno 8] nodename nor servname provided, or not known)""))",,,,,,"range request failed: ConnectionError: HTTPSConnectionPool(host='huggingface.co', port=443): Max retries exceeded with url: /buckets/scrollprize/datasets/resolve/surfaces/kaggle/images/sample_00655.tif (Caused by NameResolutionError(""HTTPSConnection(host='huggingface.co', port=443): Failed to resolve 'huggingface.co' ([Errno 8] nodename nor servname provided, or not known)""))"
sample_00656,True,True,,,,,,"range request failed: ConnectionError: HTTPSConnectionPool(host='huggingface.co', port=443): Max retries exceeded with url: /buckets/scrollprize/datasets/resolve/surfaces/kaggle/labels/sample_00656.tif (Caused by NameResolutionError(""HTTPSConnection(host='huggingface.co', port=443): Failed to resolve 'huggingface.co' ([Errno 8] nodename nor servname provided, or not known)""))",,,,,,"range request failed: ConnectionError: HTTPSConnectionPool(host='huggingface.co', port=443): Max retries exceeded with url: /buckets/scrollprize/datasets/resolve/surfaces/kaggle/images/sample_00656.tif (Caused by NameResolutionError(""HTTPSConnection(host='huggingface.co', port=443): Failed to resolve 'huggingface.co' ([Errno 8] nodename nor servname provided, or not known)""))"
sample_00657,True,True,,,,,,"range request failed: ConnectionError: HTTPSConnectionPool(host='huggingface.co', port=443): Max retries exceeded with url: /buckets/scrollprize/datasets/resolve/surfaces/kaggle/labels/sample_00657.tif (Caused by NameResolutionError(""HTTPSConnection(host='huggingface.co', port=443): Failed to resolve 'huggingface.co' ([Errno 8] nodename nor servname provided, or not known)""))",,,,,,"range request failed: ConnectionError: HTTPSConnectionPool(host='huggingface.co', port=443): Max retries exceeded with url: /buckets/scrollprize/datasets/resolve/surfaces/kaggle/images/sample_00657.tif (Caused by NameResolutionError(""HTTPSConnection(host='huggingface.co', port=443): Failed to resolve 'huggingface.co' ([Errno 8] nodename nor servname provided, or not known)""))"
sample_00658,True,True,,,,,,"range request failed: ConnectionError: HTTPSConnectionPool(host='huggingface.co', port=443): Max retries exceeded with url: /buckets/scrollprize/datasets/resolve/surfaces/kaggle/labels/sample_00658.tif (Caused by NameResolutionError(""HTTPSConnection(host='huggingface.co', port=443): Failed to resolve 'huggingface.co' ([Errno 8] nodename nor servname provided, or not known)""))",,,,,,"range request failed: ConnectionError: HTTPSConnectionPool(host='huggingface.co', port=443): Max retries exceeded with url: /buckets/scrollprize/datasets/resolve/surfaces/kaggle/images/sample_00658.tif (Caused by NameResolutionError(""HTTPSConnection(host='huggingface.co', port=443): Failed to resolve 'huggingface.co' ([Errno 8] nodename nor servname provided, or not known)""))"
sample_00659,True,True,,,,,,"range request failed: ConnectionError: HTTPSConnectionPool(host='huggingface.co', port=443): Max retries exceeded with url: /buckets/scrollprize/datasets/resolve/surfaces/kaggle/labels/sample_00659.tif (Caused by NameResolutionError(""HTTPSConnection(host='huggingface.co', port=443): Failed to resolve 'huggingface.co' ([Errno 8] nodename nor servname provided, or not known)""))",,,,,,"range request failed: ConnectionError: HTTPSConnectionPool(host='huggingface.co', port=443): Max retries exceeded with url: /buckets/scrollprize/datasets/resolve/surfaces/kaggle/images/sample_00659.tif (Caused by NameResolutionError(""HTTPSConnection(host='huggingface.co', port=443): Failed to resolve 'huggingface.co' ([Errno 8] nodename nor servname provided, or not known)""))"
sample_00660,True,True,,,,,,"range request failed: ConnectionError: HTTPSConnectionPool(host='huggingface.co', port=443): Max retries exceeded with url: /buckets/scrollprize/datasets/resolve/surfaces/kaggle/labels/sample_00660.tif (Caused by NameResolutionError(""HTTPSConnection(host='huggingface.co', port=443): Failed to resolve 'huggingface.co' ([Errno 8] nodename nor servname provided, or not known)""))",,,,,,"range request failed: ConnectionError: HTTPSConnectionPool(host='huggingface.co', port=443): Max retries exceeded with url: /buckets/scrollprize/datasets/resolve/surfaces/kaggle/images/sample_00660.tif (Caused by NameResolutionError(""HTTPSConnection(host='huggingface.co', port=443): Failed to resolve 'huggingface.co' ([Errno 8] nodename nor servname provided, or not known)""))"
sample_00661,True,True,,,,,,"range request failed: ConnectionError: HTTPSConnectionPool(host='huggingface.co', port=443): Max retries exceeded with url: /buckets/scrollprize/datasets/resolve/surfaces/kaggle/labels/sample_00661.tif (Caused by NameResolutionError(""HTTPSConnection(host='huggingface.co', port=443): Failed to resolve 'huggingface.co' ([Errno 8] nodename nor servname provided, or not known)""))",,,,,,"range request failed: ConnectionError: HTTPSConnectionPool(host='huggingface.co', port=443): Max retries exceeded with url: /buckets/scrollprize/datasets/resolve/surfaces/kaggle/images/sample_00661.tif (Caused by NameResolutionError(""HTTPSConnection(host='huggingface.co', port=443): Failed to resolve 'huggingface.co' ([Errno 8] nodename nor servname provided, or not known)""))"
sample_00662,True,True,,,,,,"range request failed: ConnectionError: HTTPSConnectionPool(host='huggingface.co', port=443): Max retries exceeded with url: /buckets/scrollprize/datasets/resolve/surfaces/kaggle/labels/sample_00662.tif (Caused by NameResolutionError(""HTTPSConnection(host='huggingface.co', port=443): Failed to resolve 'huggingface.co' ([Errno 8] nodename nor servname provided, or not known)""))",,,,,,"range request failed: ConnectionError: HTTPSConnectionPool(host='huggingface.co', port=443): Max retries exceeded with url: /buckets/scrollprize/datasets/resolve/surfaces/kaggle/images/sample_00662.tif (Caused by NameResolutionError(""HTTPSConnection(host='huggingface.co', port=443): Failed to resolve 'huggingface.co' ([Errno 8] nodename nor servname provided, or not known)""))"
sample_00663,True,True,,,,,,"range request failed: ConnectionError: HTTPSConnectionPool(host='huggingface.co', port=443): Max retries exceeded with url: /buckets/scrollprize/datasets/resolve/surfaces/kaggle/labels/sample_00663.tif (Caused by NameResolutionError(""HTTPSConnection(host='huggingface.co', port=443): Failed to resolve 'huggingface.co' ([Errno 8] nodename nor servname provided, or not known)""))",,,,,,"range request failed: ConnectionError: HTTPSConnectionPool(host='huggingface.co', port=443): Max retries exceeded with url: /buckets/scrollprize/datasets/resolve/surfaces/kaggle/images/sample_00663.tif (Caused by NameResolutionError(""HTTPSConnection(host='huggingface.co', port=443): Failed to resolve 'huggingface.co' ([Errno 8] nodename nor servname provided, or not known)""))"
sample_00664,True,True,,,,,,"range request failed: ConnectionError: HTTPSConnectionPool(host='huggingface.co', port=443): Max retries exceeded with url: /buckets/scrollprize/datasets/resolve/surfaces/kaggle/labels/sample_00664.tif (Caused by NameResolutionError(""HTTPSConnection(host='huggingface.co', port=443): Failed to resolve 'huggingface.co' ([Errno 8] nodename nor servname provided, or not known)""))",,,,,,"range request failed: ConnectionError: HTTPSConnectionPool(host='huggingface.co', port=443): Max retries exceeded with url: /buckets/scrollprize/datasets/resolve/surfaces/kaggle/images/sample_00664.tif (Caused by NameResolutionError(""HTTPSConnection(host='huggingface.co', port=443): Failed to resolve 'huggingface.co' ([Errno 8] nodename nor servname provided, or not known)""))"
sample_00665,True,True,,,,,,"range request failed: ConnectionError: HTTPSConnectionPool(host='huggingface.co', port=443): Max retries exceeded with url: /buckets/scrollprize/datasets/resolve/surfaces/kaggle/labels/sample_00665.tif (Caused by NameResolutionError(""HTTPSConnection(host='huggingface.co', port=443): Failed to resolve 'huggingface.co' ([Errno 8] nodename nor servname provided, or not known)""))",,,,,,"range request failed: ConnectionError: HTTPSConnectionPool(host='huggingface.co', port=443): Max retries exceeded with url: /buckets/scrollprize/datasets/resolve/surfaces/kaggle/images/sample_00665.tif (Caused by NameResolutionError(""HTTPSConnection(host='huggingface.co', port=443): Failed to resolve 'huggingface.co' ([Errno 8] nodename nor servname provided, or not known)""))"
sample_00666,True,True,,,,,,"range request failed: ConnectionError: HTTPSConnectionPool(host='huggingface.co', port=443): Max retries exceeded with url: /buckets/scrollprize/datasets/resolve/surfaces/kaggle/labels/sample_00666.tif (Caused by NameResolutionError(""HTTPSConnection(host='huggingface.co', port=443): Failed to resolve 'huggingface.co' ([Errno 8] nodename nor servname provided, or not known)""))",,,,,,"range request failed: ConnectionError: HTTPSConnectionPool(host='huggingface.co', port=443): Max retries exceeded with url: /buckets/scrollprize/datasets/resolve/surfaces/kaggle/images/sample_00666.tif (Caused by NameResolutionError(""HTTPSConnection(host='huggingface.co', port=443): Failed to resolve 'huggingface.co' ([Errno 8] nodename nor servname provided, or not known)""))"
sample_00667,True,True,,,,,,"range request failed: ConnectionError: HTTPSConnectionPool(host='huggingface.co', port=443): Max retries exceeded with url: /buckets/scrollprize/datasets/resolve/surfaces/kaggle/labels/sample_00667.tif (Caused by NameResolutionError(""HTTPSConnection(host='huggingface.co', port=443): Failed to resolve 'huggingface.co' ([Errno 8] nodename nor servname provided, or not known)""))",,,,,,"range request failed: ConnectionError: HTTPSConnectionPool(host='huggingface.co', port=443): Max retries exceeded with url: /buckets/scrollprize/datasets/resolve/surfaces/kaggle/images/sample_00667.tif (Caused by NameResolutionError(""HTTPSConnection(host='huggingface.co', port=443): Failed to resolve 'huggingface.co' ([Errno 8] nodename nor servname provided, or not known)""))"
sample_00668,True,True,,,,,,"range request failed: ConnectionError: HTTPSConnectionPool(host='huggingface.co', port=443): Max retries exceeded with url: /buckets/scrollprize/datasets/resolve/surfaces/kaggle/labels/sample_00668.tif (Caused by NameResolutionError(""HTTPSConnection(host='huggingface.co', port=443): Failed to resolve 'huggingface.co' ([Errno 8] nodename nor servname provided, or not known)""))",,,,,,"range request failed: ConnectionError: HTTPSConnectionPool(host='huggingface.co', port=443): Max retries exceeded with url: /buckets/scrollprize/datasets/resolve/surfaces/kaggle/images/sample_00668.tif (Caused by NameResolutionError(""HTTPSConnection(host='huggingface.co', port=443): Failed to resolve 'huggingface.co' ([Errno 8] nodename nor servname provided, or not known)""))"
sample_00669,True,True,,,,,,"range request failed: ConnectionError: HTTPSConnectionPool(host='huggingface.co', port=443): Max retries exceeded with url: /buckets/scrollprize/datasets/resolve/surfaces/kaggle/labels/sample_00669.tif (Caused by NameResolutionError(""HTTPSConnection(host='huggingface.co', port=443): Failed to resolve 'huggingface.co' ([Errno 8] nodename nor servname provided, or not known)""))",,,,,,"range request failed: ConnectionError: HTTPSConnectionPool(host='huggingface.co', port=443): Max retries exceeded with url: /buckets/scrollprize/datasets/resolve/surfaces/kaggle/images/sample_00669.tif (Caused by NameResolutionError(""HTTPSConnection(host='huggingface.co', port=443): Failed to resolve 'huggingface.co' ([Errno 8] nodename nor servname provided, or not known)""))"
sample_00670,True,True,,,,,,"range request failed: ConnectionError: HTTPSConnectionPool(host='huggingface.co', port=443): Max retries exceeded with url: /buckets/scrollprize/datasets/resolve/surfaces/kaggle/labels/sample_00670.tif (Caused by NameResolutionError(""HTTPSConnection(host='huggingface.co', port=443): Failed to resolve 'huggingface.co' ([Errno 8] nodename nor servname provided, or not known)""))",,,,,,"range request failed: ConnectionError: HTTPSConnectionPool(host='huggingface.co', port=443): Max retries exceeded with url: /buckets/scrollprize/datasets/resolve/surfaces/kaggle/images/sample_00670.tif (Caused by NameResolutionError(""HTTPSConnection(host='huggingface.co', port=443): Failed to resolve 'huggingface.co' ([Errno 8] nodename nor servname provided, or not known)""))"
sample_00671,True,True,,,,,,"range request failed: ConnectionError: HTTPSConnectionPool(host='huggingface.co', port=443): Max retries exceeded with url: /buckets/scrollprize/datasets/resolve/surfaces/kaggle/labels/sample_00671.tif (Caused by NameResolutionError(""HTTPSConnection(host='huggingface.co', port=443): Failed to resolve 'huggingface.co' ([Errno 8] nodename nor servname provided, or not known)""))",,,,,,"range request failed: ConnectionError: HTTPSConnectionPool(host='huggingface.co', port=443): Max retries exceeded with url: /buckets/scrollprize/datasets/resolve/surfaces/kaggle/images/sample_00671.tif (Caused by NameResolutionError(""HTTPSConnection(host='huggingface.co', port=443): Failed to resolve 'huggingface.co' ([Errno 8] nodename nor servname provided, or not known)""))"
sample_00672,True,True,,,,,,"range request failed: ConnectionError: HTTPSConnectionPool(host='huggingface.co', port=443): Max retries exceeded with url: /buckets/scrollprize/datasets/resolve/surfaces/kaggle/labels/sample_00672.tif (Caused by NameResolutionError(""HTTPSConnection(host='huggingface.co', port=443): Failed to resolve 'huggingface.co' ([Errno 8] nodename nor servname provided, or not known)""))",,,,,,"range request failed: ConnectionError: HTTPSConnectionPool(host='huggingface.co', port=443): Max retries exceeded with url: /buckets/scrollprize/datasets/resolve/surfaces/kaggle/images/sample_00672.tif (Caused by NameResolutionError(""HTTPSConnection(host='huggingface.co', port=443): Failed to resolve 'huggingface.co' ([Errno 8] nodename nor servname provided, or not known)""))"
sample_00673,True,True,,,,,,"range request failed: ConnectionError: HTTPSConnectionPool(host='huggingface.co', port=443): Max retries exceeded with url: /buckets/scrollprize/datasets/resolve/surfaces/kaggle/labels/sample_00673.tif (Caused by NameResolutionError(""HTTPSConnection(host='huggingface.co', port=443): Failed to resolve 'huggingface.co' ([Errno 8] nodename nor servname provided, or not known)""))",,,,,,"range request failed: ConnectionError: HTTPSConnectionPool(host='huggingface.co', port=443): Max retries exceeded with url: /buckets/scrollprize/datasets/resolve/surfaces/kaggle/images/sample_00673.tif (Caused by NameResolutionError(""HTTPSConnection(host='huggingface.co', port=443): Failed to resolve 'huggingface.co' ([Errno 8] nodename nor servname provided, or not known)""))"
sample_00674,True,True,,,,,,"range request failed: ConnectionError: HTTPSConnectionPool(host='huggingface.co', port=443): Max retries exceeded with url: /buckets/scrollprize/datasets/resolve/surfaces/kaggle/labels/sample_00674.tif (Caused by NameResolutionError(""HTTPSConnection(host='huggingface.co', port=443): Failed to resolve 'huggingface.co' ([Errno 8] nodename nor servname provided, or not known)""))",,,,,,"range request failed: ConnectionError: HTTPSConnectionPool(host='huggingface.co', port=443): Max retries exceeded with url: /buckets/scrollprize/datasets/resolve/surfaces/kaggle/images/sample_00674.tif (Caused by NameResolutionError(""HTTPSConnection(host='huggingface.co', port=443): Failed to resolve 'huggingface.co' ([Errno 8] nodename nor servname provided, or not known)""))"
sample_00675,True,True,,,,,,"range request failed: ConnectionError: HTTPSConnectionPool(host='huggingface.co', port=443): Max retries exceeded with url: /buckets/scrollprize/datasets/resolve/surfaces/kaggle/labels/sample_00675.tif (Caused by NameResolutionError(""HTTPSConnection(host='huggingface.co', port=443): Failed to resolve 'huggingface.co' ([Errno 8] nodename nor servname provided, or not known)""))",,,,,,"range request failed: ConnectionError: HTTPSConnectionPool(host='huggingface.co', port=443): Max retries exceeded with url: /buckets/scrollprize/datasets/resolve/surfaces/kaggle/images/sample_00675.tif (Caused by NameResolutionError(""HTTPSConnection(host='huggingface.co', port=443): Failed to resolve 'huggingface.co' ([Errno 8] nodename nor servname provided, or not known)""))"
sample_00676,True,True,,,,,,"range request failed: ConnectionError: HTTPSConnectionPool(host='huggingface.co', port=443): Max retries exceeded with url: /buckets/scrollprize/datasets/resolve/surfaces/kaggle/labels/sample_00676.tif (Caused by NameResolutionError(""HTTPSConnection(host='huggingface.co', port=443): Failed to resolve 'huggingface.co' ([Errno 8] nodename nor servname provided, or not known)""))",,,,,,"range request failed: ConnectionError: HTTPSConnectionPool(host='huggingface.co', port=443): Max retries exceeded with url: /buckets/scrollprize/datasets/resolve/surfaces/kaggle/images/sample_00676.tif (Caused by NameResolutionError(""HTTPSConnection(host='huggingface.co', port=443): Failed to resolve 'huggingface.co' ([Errno 8] nodename nor servname provided, or not known)""))"
sample_00678,True,True,,,,,,"range request failed: ConnectionError: HTTPSConnectionPool(host='huggingface.co', port=443): Max retries exceeded with url: /buckets/scrollprize/datasets/resolve/surfaces/kaggle/labels/sample_00678.tif (Caused by NameResolutionError(""HTTPSConnection(host='huggingface.co', port=443): Failed to resolve 'huggingface.co' ([Errno 8] nodename nor servname provided, or not known)""))",,,,,,"range request failed: ConnectionError: HTTPSConnectionPool(host='huggingface.co', port=443): Max retries exceeded with url: /buckets/scrollprize/datasets/resolve/surfaces/kaggle/images/sample_00678.tif (Caused by NameResolutionError(""HTTPSConnection(host='huggingface.co', port=443): Failed to resolve 'huggingface.co' ([Errno 8] nodename nor servname provided, or not known)""))"
sample_00679,True,True,,,,,,"range request failed: ConnectionError: HTTPSConnectionPool(host='huggingface.co', port=443): Max retries exceeded with url: /buckets/scrollprize/datasets/resolve/surfaces/kaggle/labels/sample_00679.tif (Caused by NameResolutionError(""HTTPSConnection(host='huggingface.co', port=443): Failed to resolve 'huggingface.co' ([Errno 8] nodename nor servname provided, or not known)""))",,,,,,"range request failed: ConnectionError: HTTPSConnectionPool(host='huggingface.co', port=443): Max retries exceeded with url: /buckets/scrollprize/datasets/resolve/surfaces/kaggle/images/sample_00679.tif (Caused by NameResolutionError(""HTTPSConnection(host='huggingface.co', port=443): Failed to resolve 'huggingface.co' ([Errno 8] nodename nor servname provided, or not known)""))"
sample_00680,True,True,,,,,,"range request failed: ConnectionError: HTTPSConnectionPool(host='huggingface.co', port=443): Max retries exceeded with url: /buckets/scrollprize/datasets/resolve/surfaces/kaggle/labels/sample_00680.tif (Caused by NameResolutionError(""HTTPSConnection(host='huggingface.co', port=443): Failed to resolve 'huggingface.co' ([Errno 8] nodename nor servname provided, or not known)""))",,,,,,"range request failed: ConnectionError: HTTPSConnectionPool(host='huggingface.co', port=443): Max retries exceeded with url: /buckets/scrollprize/datasets/resolve/surfaces/kaggle/images/sample_00680.tif (Caused by NameResolutionError(""HTTPSConnection(host='huggingface.co', port=443): Failed to resolve 'huggingface.co' ([Errno 8] nodename nor servname provided, or not known)""))"
sample_00681,True,True,,,,,,"range request failed: ConnectionError: HTTPSConnectionPool(host='huggingface.co', port=443): Max retries exceeded with url: /buckets/scrollprize/datasets/resolve/surfaces/kaggle/labels/sample_00681.tif (Caused by NameResolutionError(""HTTPSConnection(host='huggingface.co', port=443): Failed to resolve 'huggingface.co' ([Errno 8] nodename nor servname provided, or not known)""))",,,,,,"range request failed: ConnectionError: HTTPSConnectionPool(host='huggingface.co', port=443): Max retries exceeded with url: /buckets/scrollprize/datasets/resolve/surfaces/kaggle/images/sample_00681.tif (Caused by NameResolutionError(""HTTPSConnection(host='huggingface.co', port=443): Failed to resolve 'huggingface.co' ([Errno 8] nodename nor servname provided, or not known)""))"
sample_00682,True,True,,,,,,"range request failed: ConnectionError: HTTPSConnectionPool(host='huggingface.co', port=443): Max retries exceeded with url: /buckets/scrollprize/datasets/resolve/surfaces/kaggle/labels/sample_00682.tif (Caused by NameResolutionError(""HTTPSConnection(host='huggingface.co', port=443): Failed to resolve 'huggingface.co' ([Errno 8] nodename nor servname provided, or not known)""))",,,,,,"range request failed: ConnectionError: HTTPSConnectionPool(host='huggingface.co', port=443): Max retries exceeded with url: /buckets/scrollprize/datasets/resolve/surfaces/kaggle/images/sample_00682.tif (Caused by NameResolutionError(""HTTPSConnection(host='huggingface.co', port=443): Failed to resolve 'huggingface.co' ([Errno 8] nodename nor servname provided, or not known)""))"
sample_00683,True,True,,,,,,"range request failed: ConnectionError: HTTPSConnectionPool(host='huggingface.co', port=443): Max retries exceeded with url: /buckets/scrollprize/datasets/resolve/surfaces/kaggle/labels/sample_00683.tif (Caused by NameResolutionError(""HTTPSConnection(host='huggingface.co', port=443): Failed to resolve 'huggingface.co' ([Errno 8] nodename nor servname provided, or not known)""))",,,,,,"range request failed: ConnectionError: HTTPSConnectionPool(host='huggingface.co', port=443): Max retries exceeded with url: /buckets/scrollprize/datasets/resolve/surfaces/kaggle/images/sample_00683.tif (Caused by NameResolutionError(""HTTPSConnection(host='huggingface.co', port=443): Failed to resolve 'huggingface.co' ([Errno 8] nodename nor servname provided, or not known)""))"
sample_00684,True,True,,,,,,"range request failed: ConnectionError: HTTPSConnectionPool(host='huggingface.co', port=443): Max retries exceeded with url: /buckets/scrollprize/datasets/resolve/surfaces/kaggle/labels/sample_00684.tif (Caused by NameResolutionError(""HTTPSConnection(host='huggingface.co', port=443): Failed to resolve 'huggingface.co' ([Errno 8] nodename nor servname provided, or not known)""))",,,,,,"range request failed: ConnectionError: HTTPSConnectionPool(host='huggingface.co', port=443): Max retries exceeded with url: /buckets/scrollprize/datasets/resolve/surfaces/kaggle/images/sample_00684.tif (Caused by NameResolutionError(""HTTPSConnection(host='huggingface.co', port=443): Failed to resolve 'huggingface.co' ([Errno 8] nodename nor servname provided, or not known)""))"
sample_00685,True,True,,,,,,"range request failed: ConnectionError: HTTPSConnectionPool(host='huggingface.co', port=443): Max retries exceeded with url: /buckets/scrollprize/datasets/resolve/surfaces/kaggle/labels/sample_00685.tif (Caused by NameResolutionError(""HTTPSConnection(host='huggingface.co', port=443): Failed to resolve 'huggingface.co' ([Errno 8] nodename nor servname provided, or not known)""))",,,,,,"range request failed: ConnectionError: HTTPSConnectionPool(host='huggingface.co', port=443): Max retries exceeded with url: /buckets/scrollprize/datasets/resolve/surfaces/kaggle/images/sample_00685.tif (Caused by NameResolutionError(""HTTPSConnection(host='huggingface.co', port=443): Failed to resolve 'huggingface.co' ([Errno 8] nodename nor servname provided, or not known)""))"
sample_00686,True,True,,,,,,"range request failed: ConnectionError: HTTPSConnectionPool(host='huggingface.co', port=443): Max retries exceeded with url: /buckets/scrollprize/datasets/resolve/surfaces/kaggle/labels/sample_00686.tif (Caused by NameResolutionError(""HTTPSConnection(host='huggingface.co', port=443): Failed to resolve 'huggingface.co' ([Errno 8] nodename nor servname provided, or not known)""))",,,,,,"range request failed: ConnectionError: HTTPSConnectionPool(host='huggingface.co', port=443): Max retries exceeded with url: /buckets/scrollprize/datasets/resolve/surfaces/kaggle/images/sample_00686.tif (Caused by NameResolutionError(""HTTPSConnection(host='huggingface.co', port=443): Failed to resolve 'huggingface.co' ([Errno 8] nodename nor servname provided, or not known)""))"
sample_00687,True,True,,,,,,"range request failed: ConnectionError: HTTPSConnectionPool(host='huggingface.co', port=443): Max retries exceeded with url: /buckets/scrollprize/datasets/resolve/surfaces/kaggle/labels/sample_00687.tif (Caused by NameResolutionError(""HTTPSConnection(host='huggingface.co', port=443): Failed to resolve 'huggingface.co' ([Errno 8] nodename nor servname provided, or not known)""))",,,,,,"range request failed: ConnectionError: HTTPSConnectionPool(host='huggingface.co', port=443): Max retries exceeded with url: /buckets/scrollprize/datasets/resolve/surfaces/kaggle/images/sample_00687.tif (Caused by NameResolutionError(""HTTPSConnection(host='huggingface.co', port=443): Failed to resolve 'huggingface.co' ([Errno 8] nodename nor servname provided, or not known)""))"
sample_00688,True,True,,,,,,"range request failed: ConnectionError: HTTPSConnectionPool(host='huggingface.co', port=443): Max retries exceeded with url: /buckets/scrollprize/datasets/resolve/surfaces/kaggle/labels/sample_00688.tif (Caused by NameResolutionError(""HTTPSConnection(host='huggingface.co', port=443): Failed to resolve 'huggingface.co' ([Errno 8] nodename nor servname provided, or not known)""))",,,,,,"range request failed: ConnectionError: HTTPSConnectionPool(host='huggingface.co', port=443): Max retries exceeded with url: /buckets/scrollprize/datasets/resolve/surfaces/kaggle/images/sample_00688.tif (Caused by NameResolutionError(""HTTPSConnection(host='huggingface.co', port=443): Failed to resolve 'huggingface.co' ([Errno 8] nodename nor servname provided, or not known)""))"
sample_00689,True,True,,,,,,"range request failed: ConnectionError: HTTPSConnectionPool(host='huggingface.co', port=443): Max retries exceeded with url: /buckets/scrollprize/datasets/resolve/surfaces/kaggle/labels/sample_00689.tif (Caused by NameResolutionError(""HTTPSConnection(host='huggingface.co', port=443): Failed to resolve 'huggingface.co' ([Errno 8] nodename nor servname provided, or not known)""))",,,,,,"range request failed: ConnectionError: HTTPSConnectionPool(host='huggingface.co', port=443): Max retries exceeded with url: /buckets/scrollprize/datasets/resolve/surfaces/kaggle/images/sample_00689.tif (Caused by NameResolutionError(""HTTPSConnection(host='huggingface.co', port=443): Failed to resolve 'huggingface.co' ([Errno 8] nodename nor servname provided, or not known)""))"
sample_00690,True,True,,,,,,"range request failed: ConnectionError: HTTPSConnectionPool(host='huggingface.co', port=443): Max retries exceeded with url: /buckets/scrollprize/datasets/resolve/surfaces/kaggle/labels/sample_00690.tif (Caused by NameResolutionError(""HTTPSConnection(host='huggingface.co', port=443): Failed to resolve 'huggingface.co' ([Errno 8] nodename nor servname provided, or not known)""))",,,,,,"range request failed: ConnectionError: HTTPSConnectionPool(host='huggingface.co', port=443): Max retries exceeded with url: /buckets/scrollprize/datasets/resolve/surfaces/kaggle/images/sample_00690.tif (Caused by NameResolutionError(""HTTPSConnection(host='huggingface.co', port=443): Failed to resolve 'huggingface.co' ([Errno 8] nodename nor servname provided, or not known)""))"
sample_00692,True,True,,,,,,"range request failed: ConnectionError: HTTPSConnectionPool(host='huggingface.co', port=443): Max retries exceeded with url: /buckets/scrollprize/datasets/resolve/surfaces/kaggle/labels/sample_00692.tif (Caused by NameResolutionError(""HTTPSConnection(host='huggingface.co', port=443): Failed to resolve 'huggingface.co' ([Errno 8] nodename nor servname provided, or not known)""))",,,,,,"range request failed: ConnectionError: HTTPSConnectionPool(host='huggingface.co', port=443): Max retries exceeded with url: /buckets/scrollprize/datasets/resolve/surfaces/kaggle/images/sample_00692.tif (Caused by NameResolutionError(""HTTPSConnection(host='huggingface.co', port=443): Failed to resolve 'huggingface.co' ([Errno 8] nodename nor servname provided, or not known)""))"
sample_00693,True,True,,,,,,"range request failed: ConnectionError: HTTPSConnectionPool(host='huggingface.co', port=443): Max retries exceeded with url: /buckets/scrollprize/datasets/resolve/surfaces/kaggle/labels/sample_00693.tif (Caused by NameResolutionError(""HTTPSConnection(host='huggingface.co', port=443): Failed to resolve 'huggingface.co' ([Errno 8] nodename nor servname provided, or not known)""))",,,,,,"range request failed: ConnectionError: HTTPSConnectionPool(host='huggingface.co', port=443): Max retries exceeded with url: /buckets/scrollprize/datasets/resolve/surfaces/kaggle/images/sample_00693.tif (Caused by NameResolutionError(""HTTPSConnection(host='huggingface.co', port=443): Failed to resolve 'huggingface.co' ([Errno 8] nodename nor servname provided, or not known)""))"
sample_00694,True,True,,,,,,"range request failed: ConnectionError: HTTPSConnectionPool(host='huggingface.co', port=443): Max retries exceeded with url: /buckets/scrollprize/datasets/resolve/surfaces/kaggle/labels/sample_00694.tif (Caused by NameResolutionError(""HTTPSConnection(host='huggingface.co', port=443): Failed to resolve 'huggingface.co' ([Errno 8] nodename nor servname provided, or not known)""))",,,,,,"range request failed: ConnectionError: HTTPSConnectionPool(host='huggingface.co', port=443): Max retries exceeded with url: /buckets/scrollprize/datasets/resolve/surfaces/kaggle/images/sample_00694.tif (Caused by NameResolutionError(""HTTPSConnection(host='huggingface.co', port=443): Failed to resolve 'huggingface.co' ([Errno 8] nodename nor servname provided, or not known)""))"
sample_00695,True,True,,,,,,"range request failed: ConnectionError: HTTPSConnectionPool(host='huggingface.co', port=443): Max retries exceeded with url: /buckets/scrollprize/datasets/resolve/surfaces/kaggle/labels/sample_00695.tif (Caused by NameResolutionError(""HTTPSConnection(host='huggingface.co', port=443): Failed to resolve 'huggingface.co' ([Errno 8] nodename nor servname provided, or not known)""))",,,,,,"range request failed: ConnectionError: HTTPSConnectionPool(host='huggingface.co', port=443): Max retries exceeded with url: /buckets/scrollprize/datasets/resolve/surfaces/kaggle/images/sample_00695.tif (Caused by NameResolutionError(""HTTPSConnection(host='huggingface.co', port=443): Failed to resolve 'huggingface.co' ([Errno 8] nodename nor servname provided, or not known)""))"
sample_00696,True,True,,,,,,"range request failed: ConnectionError: HTTPSConnectionPool(host='huggingface.co', port=443): Max retries exceeded with url: /buckets/scrollprize/datasets/resolve/surfaces/kaggle/labels/sample_00696.tif (Caused by NameResolutionError(""HTTPSConnection(host='huggingface.co', port=443): Failed to resolve 'huggingface.co' ([Errno 8] nodename nor servname provided, or not known)""))",,,,,,"range request failed: ConnectionError: HTTPSConnectionPool(host='huggingface.co', port=443): Max retries exceeded with url: /buckets/scrollprize/datasets/resolve/surfaces/kaggle/images/sample_00696.tif (Caused by NameResolutionError(""HTTPSConnection(host='huggingface.co', port=443): Failed to resolve 'huggingface.co' ([Errno 8] nodename nor servname provided, or not known)""))"
sample_00697,True,True,,,,,,"range request failed: ConnectionError: HTTPSConnectionPool(host='huggingface.co', port=443): Max retries exceeded with url: /buckets/scrollprize/datasets/resolve/surfaces/kaggle/labels/sample_00697.tif (Caused by NameResolutionError(""HTTPSConnection(host='huggingface.co', port=443): Failed to resolve 'huggingface.co' ([Errno 8] nodename nor servname provided, or not known)""))",,,,,,"range request failed: ConnectionError: HTTPSConnectionPool(host='huggingface.co', port=443): Max retries exceeded with url: /buckets/scrollprize/datasets/resolve/surfaces/kaggle/images/sample_00697.tif (Caused by NameResolutionError(""HTTPSConnection(host='huggingface.co', port=443): Failed to resolve 'huggingface.co' ([Errno 8] nodename nor servname provided, or not known)""))"
sample_00698,True,True,,,,,,"range request failed: ConnectionError: HTTPSConnectionPool(host='huggingface.co', port=443): Max retries exceeded with url: /buckets/scrollprize/datasets/resolve/surfaces/kaggle/labels/sample_00698.tif (Caused by NameResolutionError(""HTTPSConnection(host='huggingface.co', port=443): Failed to resolve 'huggingface.co' ([Errno 8] nodename nor servname provided, or not known)""))",,,,,,"range request failed: ConnectionError: HTTPSConnectionPool(host='huggingface.co', port=443): Max retries exceeded with url: /buckets/scrollprize/datasets/resolve/surfaces/kaggle/images/sample_00698.tif (Caused by NameResolutionError(""HTTPSConnection(host='huggingface.co', port=443): Failed to resolve 'huggingface.co' ([Errno 8] nodename nor servname provided, or not known)""))"
sample_00699,True,True,,,,,,"range request failed: ConnectionError: HTTPSConnectionPool(host='huggingface.co', port=443): Max retries exceeded with url: /buckets/scrollprize/datasets/resolve/surfaces/kaggle/labels/sample_00699.tif (Caused by NameResolutionError(""HTTPSConnection(host='huggingface.co', port=443): Failed to resolve 'huggingface.co' ([Errno 8] nodename nor servname provided, or not known)""))",,,,,,"range request failed: ConnectionError: HTTPSConnectionPool(host='huggingface.co', port=443): Max retries exceeded with url: /buckets/scrollprize/datasets/resolve/surfaces/kaggle/images/sample_00699.tif (Caused by NameResolutionError(""HTTPSConnection(host='huggingface.co', port=443): Failed to resolve 'huggingface.co' ([Errno 8] nodename nor servname provided, or not known)""))"
sample_00700,True,True,,,,,,"range request failed: ConnectionError: HTTPSConnectionPool(host='huggingface.co', port=443): Max retries exceeded with url: /buckets/scrollprize/datasets/resolve/surfaces/kaggle/labels/sample_00700.tif (Caused by NameResolutionError(""HTTPSConnection(host='huggingface.co', port=443): Failed to resolve 'huggingface.co' ([Errno 8] nodename nor servname provided, or not known)""))",,,,,,"range request failed: ConnectionError: HTTPSConnectionPool(host='huggingface.co', port=443): Max retries exceeded with url: /buckets/scrollprize/datasets/resolve/surfaces/kaggle/images/sample_00700.tif (Caused by NameResolutionError(""HTTPSConnection(host='huggingface.co', port=443): Failed to resolve 'huggingface.co' ([Errno 8] nodename nor servname provided, or not known)""))"
sample_00701,True,True,,,,,,"range request failed: ConnectionError: HTTPSConnectionPool(host='huggingface.co', port=443): Max retries exceeded with url: /buckets/scrollprize/datasets/resolve/surfaces/kaggle/labels/sample_00701.tif (Caused by NameResolutionError(""HTTPSConnection(host='huggingface.co', port=443): Failed to resolve 'huggingface.co' ([Errno 8] nodename nor servname provided, or not known)""))",,,,,,"range request failed: ConnectionError: HTTPSConnectionPool(host='huggingface.co', port=443): Max retries exceeded with url: /buckets/scrollprize/datasets/resolve/surfaces/kaggle/images/sample_00701.tif (Caused by NameResolutionError(""HTTPSConnection(host='huggingface.co', port=443): Failed to resolve 'huggingface.co' ([Errno 8] nodename nor servname provided, or not known)""))"
sample_00702,True,True,,,,,,"range request failed: ConnectionError: HTTPSConnectionPool(host='huggingface.co', port=443): Max retries exceeded with url: /buckets/scrollprize/datasets/resolve/surfaces/kaggle/labels/sample_00702.tif (Caused by NameResolutionError(""HTTPSConnection(host='huggingface.co', port=443): Failed to resolve 'huggingface.co' ([Errno 8] nodename nor servname provided, or not known)""))",,,,,,"range request failed: ConnectionError: HTTPSConnectionPool(host='huggingface.co', port=443): Max retries exceeded with url: /buckets/scrollprize/datasets/resolve/surfaces/kaggle/images/sample_00702.tif (Caused by NameResolutionError(""HTTPSConnection(host='huggingface.co', port=443): Failed to resolve 'huggingface.co' ([Errno 8] nodename nor servname provided, or not known)""))"
sample_00703,True,True,,,,,,"range request failed: ConnectionError: HTTPSConnectionPool(host='huggingface.co', port=443): Max retries exceeded with url: /buckets/scrollprize/datasets/resolve/surfaces/kaggle/labels/sample_00703.tif (Caused by NameResolutionError(""HTTPSConnection(host='huggingface.co', port=443): Failed to resolve 'huggingface.co' ([Errno 8] nodename nor servname provided, or not known)""))",,,,,,"range request failed: ConnectionError: HTTPSConnectionPool(host='huggingface.co', port=443): Max retries exceeded with url: /buckets/scrollprize/datasets/resolve/surfaces/kaggle/images/sample_00703.tif (Caused by NameResolutionError(""HTTPSConnection(host='huggingface.co', port=443): Failed to resolve 'huggingface.co' ([Errno 8] nodename nor servname provided, or not known)""))"
sample_00704,True,True,,,,,,"range request failed: ConnectionError: HTTPSConnectionPool(host='huggingface.co', port=443): Max retries exceeded with url: /buckets/scrollprize/datasets/resolve/surfaces/kaggle/labels/sample_00704.tif (Caused by NameResolutionError(""HTTPSConnection(host='huggingface.co', port=443): Failed to resolve 'huggingface.co' ([Errno 8] nodename nor servname provided, or not known)""))",,,,,,"range request failed: ConnectionError: HTTPSConnectionPool(host='huggingface.co', port=443): Max retries exceeded with url: /buckets/scrollprize/datasets/resolve/surfaces/kaggle/images/sample_00704.tif (Caused by NameResolutionError(""HTTPSConnection(host='huggingface.co', port=443): Failed to resolve 'huggingface.co' ([Errno 8] nodename nor servname provided, or not known)""))"
sample_00705,True,True,,,,,,"range request failed: ConnectionError: HTTPSConnectionPool(host='huggingface.co', port=443): Max retries exceeded with url: /buckets/scrollprize/datasets/resolve/surfaces/kaggle/labels/sample_00705.tif (Caused by NameResolutionError(""HTTPSConnection(host='huggingface.co', port=443): Failed to resolve 'huggingface.co' ([Errno 8] nodename nor servname provided, or not known)""))",,,,,,"range request failed: ConnectionError: HTTPSConnectionPool(host='huggingface.co', port=443): Max retries exceeded with url: /buckets/scrollprize/datasets/resolve/surfaces/kaggle/images/sample_00705.tif (Caused by NameResolutionError(""HTTPSConnection(host='huggingface.co', port=443): Failed to resolve 'huggingface.co' ([Errno 8] nodename nor servname provided, or not known)""))"
sample_00706,True,True,,,,,,"range request failed: ConnectionError: HTTPSConnectionPool(host='huggingface.co', port=443): Max retries exceeded with url: /buckets/scrollprize/datasets/resolve/surfaces/kaggle/labels/sample_00706.tif (Caused by NameResolutionError(""HTTPSConnection(host='huggingface.co', port=443): Failed to resolve 'huggingface.co' ([Errno 8] nodename nor servname provided, or not known)""))",,,,,,"range request failed: ConnectionError: HTTPSConnectionPool(host='huggingface.co', port=443): Max retries exceeded with url: /buckets/scrollprize/datasets/resolve/surfaces/kaggle/images/sample_00706.tif (Caused by NameResolutionError(""HTTPSConnection(host='huggingface.co', port=443): Failed to resolve 'huggingface.co' ([Errno 8] nodename nor servname provided, or not known)""))"
sample_00707,True,True,,,,,,"range request failed: ConnectionError: HTTPSConnectionPool(host='huggingface.co', port=443): Max retries exceeded with url: /buckets/scrollprize/datasets/resolve/surfaces/kaggle/labels/sample_00707.tif (Caused by NameResolutionError(""HTTPSConnection(host='huggingface.co', port=443): Failed to resolve 'huggingface.co' ([Errno 8] nodename nor servname provided, or not known)""))",,,,,,"range request failed: ConnectionError: HTTPSConnectionPool(host='huggingface.co', port=443): Max retries exceeded with url: /buckets/scrollprize/datasets/resolve/surfaces/kaggle/images/sample_00707.tif (Caused by NameResolutionError(""HTTPSConnection(host='huggingface.co', port=443): Failed to resolve 'huggingface.co' ([Errno 8] nodename nor servname provided, or not known)""))"
sample_00708,True,True,,,,,,"range request failed: ConnectionError: HTTPSConnectionPool(host='huggingface.co', port=443): Max retries exceeded with url: /buckets/scrollprize/datasets/resolve/surfaces/kaggle/labels/sample_00708.tif (Caused by NameResolutionError(""HTTPSConnection(host='huggingface.co', port=443): Failed to resolve 'huggingface.co' ([Errno 8] nodename nor servname provided, or not known)""))",,,,,,"range request failed: ConnectionError: HTTPSConnectionPool(host='huggingface.co', port=443): Max retries exceeded with url: /buckets/scrollprize/datasets/resolve/surfaces/kaggle/images/sample_00708.tif (Caused by NameResolutionError(""HTTPSConnection(host='huggingface.co', port=443): Failed to resolve 'huggingface.co' ([Errno 8] nodename nor servname provided, or not known)""))"
sample_00709,True,True,,,,,,"range request failed: ConnectionError: HTTPSConnectionPool(host='huggingface.co', port=443): Max retries exceeded with url: /buckets/scrollprize/datasets/resolve/surfaces/kaggle/labels/sample_00709.tif (Caused by NameResolutionError(""HTTPSConnection(host='huggingface.co', port=443): Failed to resolve 'huggingface.co' ([Errno 8] nodename nor servname provided, or not known)""))",,,,,,"range request failed: ConnectionError: HTTPSConnectionPool(host='huggingface.co', port=443): Max retries exceeded with url: /buckets/scrollprize/datasets/resolve/surfaces/kaggle/images/sample_00709.tif (Caused by NameResolutionError(""HTTPSConnection(host='huggingface.co', port=443): Failed to resolve 'huggingface.co' ([Errno 8] nodename nor servname provided, or not known)""))"
sample_00710,True,True,,,,,,"range request failed: ConnectionError: HTTPSConnectionPool(host='huggingface.co', port=443): Max retries exceeded with url: /buckets/scrollprize/datasets/resolve/surfaces/kaggle/labels/sample_00710.tif (Caused by NameResolutionError(""HTTPSConnection(host='huggingface.co', port=443): Failed to resolve 'huggingface.co' ([Errno 8] nodename nor servname provided, or not known)""))",,,,,,"range request failed: ConnectionError: HTTPSConnectionPool(host='huggingface.co', port=443): Max retries exceeded with url: /buckets/scrollprize/datasets/resolve/surfaces/kaggle/images/sample_00710.tif (Caused by NameResolutionError(""HTTPSConnection(host='huggingface.co', port=443): Failed to resolve 'huggingface.co' ([Errno 8] nodename nor servname provided, or not known)""))"
sample_00711,True,True,,,,,,"range request failed: ConnectionError: HTTPSConnectionPool(host='huggingface.co', port=443): Max retries exceeded with url: /buckets/scrollprize/datasets/resolve/surfaces/kaggle/labels/sample_00711.tif (Caused by NameResolutionError(""HTTPSConnection(host='huggingface.co', port=443): Failed to resolve 'huggingface.co' ([Errno 8] nodename nor servname provided, or not known)""))",,,,,,"range request failed: ConnectionError: HTTPSConnectionPool(host='huggingface.co', port=443): Max retries exceeded with url: /buckets/scrollprize/datasets/resolve/surfaces/kaggle/images/sample_00711.tif (Caused by NameResolutionError(""HTTPSConnection(host='huggingface.co', port=443): Failed to resolve 'huggingface.co' ([Errno 8] nodename nor servname provided, or not known)""))"
sample_00712,True,True,,,,,,"range request failed: ConnectionError: HTTPSConnectionPool(host='huggingface.co', port=443): Max retries exceeded with url: /buckets/scrollprize/datasets/resolve/surfaces/kaggle/labels/sample_00712.tif (Caused by NameResolutionError(""HTTPSConnection(host='huggingface.co', port=443): Failed to resolve 'huggingface.co' ([Errno 8] nodename nor servname provided, or not known)""))",,,,,,"range request failed: ConnectionError: HTTPSConnectionPool(host='huggingface.co', port=443): Max retries exceeded with url: /buckets/scrollprize/datasets/resolve/surfaces/kaggle/images/sample_00712.tif (Caused by NameResolutionError(""HTTPSConnection(host='huggingface.co', port=443): Failed to resolve 'huggingface.co' ([Errno 8] nodename nor servname provided, or not known)""))"
sample_00713,True,True,,,,,,"range request failed: ConnectionError: HTTPSConnectionPool(host='huggingface.co', port=443): Max retries exceeded with url: /buckets/scrollprize/datasets/resolve/surfaces/kaggle/labels/sample_00713.tif (Caused by NameResolutionError(""HTTPSConnection(host='huggingface.co', port=443): Failed to resolve 'huggingface.co' ([Errno 8] nodename nor servname provided, or not known)""))",,,,,,"range request failed: ConnectionError: HTTPSConnectionPool(host='huggingface.co', port=443): Max retries exceeded with url: /buckets/scrollprize/datasets/resolve/surfaces/kaggle/images/sample_00713.tif (Caused by NameResolutionError(""HTTPSConnection(host='huggingface.co', port=443): Failed to resolve 'huggingface.co' ([Errno 8] nodename nor servname provided, or not known)""))"
sample_00714,True,True,,,,,,"range request failed: ConnectionError: HTTPSConnectionPool(host='huggingface.co', port=443): Max retries exceeded with url: /buckets/scrollprize/datasets/resolve/surfaces/kaggle/labels/sample_00714.tif (Caused by NameResolutionError(""HTTPSConnection(host='huggingface.co', port=443): Failed to resolve 'huggingface.co' ([Errno 8] nodename nor servname provided, or not known)""))",,,,,,"range request failed: ConnectionError: HTTPSConnectionPool(host='huggingface.co', port=443): Max retries exceeded with url: /buckets/scrollprize/datasets/resolve/surfaces/kaggle/images/sample_00714.tif (Caused by NameResolutionError(""HTTPSConnection(host='huggingface.co', port=443): Failed to resolve 'huggingface.co' ([Errno 8] nodename nor servname provided, or not known)""))"
sample_00715,True,True,,,,,,"range request failed: ConnectionError: HTTPSConnectionPool(host='huggingface.co', port=443): Max retries exceeded with url: /buckets/scrollprize/datasets/resolve/surfaces/kaggle/labels/sample_00715.tif (Caused by NameResolutionError(""HTTPSConnection(host='huggingface.co', port=443): Failed to resolve 'huggingface.co' ([Errno 8] nodename nor servname provided, or not known)""))",,,,,,"range request failed: ConnectionError: HTTPSConnectionPool(host='huggingface.co', port=443): Max retries exceeded with url: /buckets/scrollprize/datasets/resolve/surfaces/kaggle/images/sample_00715.tif (Caused by NameResolutionError(""HTTPSConnection(host='huggingface.co', port=443): Failed to resolve 'huggingface.co' ([Errno 8] nodename nor servname provided, or not known)""))"
sample_00716,True,True,,,,,,"range request failed: ConnectionError: HTTPSConnectionPool(host='huggingface.co', port=443): Max retries exceeded with url: /buckets/scrollprize/datasets/resolve/surfaces/kaggle/labels/sample_00716.tif (Caused by NameResolutionError(""HTTPSConnection(host='huggingface.co', port=443): Failed to resolve 'huggingface.co' ([Errno 8] nodename nor servname provided, or not known)""))",,,,,,"range request failed: ConnectionError: HTTPSConnectionPool(host='huggingface.co', port=443): Max retries exceeded with url: /buckets/scrollprize/datasets/resolve/surfaces/kaggle/images/sample_00716.tif (Caused by NameResolutionError(""HTTPSConnection(host='huggingface.co', port=443): Failed to resolve 'huggingface.co' ([Errno 8] nodename nor servname provided, or not known)""))"
sample_00718,True,True,,,,,,"range request failed: ConnectionError: HTTPSConnectionPool(host='huggingface.co', port=443): Max retries exceeded with url: /buckets/scrollprize/datasets/resolve/surfaces/kaggle/labels/sample_00718.tif (Caused by NameResolutionError(""HTTPSConnection(host='huggingface.co', port=443): Failed to resolve 'huggingface.co' ([Errno 8] nodename nor servname provided, or not known)""))",,,,,,"range request failed: ConnectionError: HTTPSConnectionPool(host='huggingface.co', port=443): Max retries exceeded with url: /buckets/scrollprize/datasets/resolve/surfaces/kaggle/images/sample_00718.tif (Caused by NameResolutionError(""HTTPSConnection(host='huggingface.co', port=443): Failed to resolve 'huggingface.co' ([Errno 8] nodename nor servname provided, or not known)""))"
sample_00719,True,True,,,,,,"range request failed: ConnectionError: HTTPSConnectionPool(host='huggingface.co', port=443): Max retries exceeded with url: /buckets/scrollprize/datasets/resolve/surfaces/kaggle/labels/sample_00719.tif (Caused by NameResolutionError(""HTTPSConnection(host='huggingface.co', port=443): Failed to resolve 'huggingface.co' ([Errno 8] nodename nor servname provided, or not known)""))",,,,,,"range request failed: ConnectionError: HTTPSConnectionPool(host='huggingface.co', port=443): Max retries exceeded with url: /buckets/scrollprize/datasets/resolve/surfaces/kaggle/images/sample_00719.tif (Caused by NameResolutionError(""HTTPSConnection(host='huggingface.co', port=443): Failed to resolve 'huggingface.co' ([Errno 8] nodename nor servname provided, or not known)""))"
sample_00720,True,True,,,,,,"range request failed: ConnectionError: HTTPSConnectionPool(host='huggingface.co', port=443): Max retries exceeded with url: /buckets/scrollprize/datasets/resolve/surfaces/kaggle/labels/sample_00720.tif (Caused by NameResolutionError(""HTTPSConnection(host='huggingface.co', port=443): Failed to resolve 'huggingface.co' ([Errno 8] nodename nor servname provided, or not known)""))",,,,,,"range request failed: ConnectionError: HTTPSConnectionPool(host='huggingface.co', port=443): Max retries exceeded with url: /buckets/scrollprize/datasets/resolve/surfaces/kaggle/images/sample_00720.tif (Caused by NameResolutionError(""HTTPSConnection(host='huggingface.co', port=443): Failed to resolve 'huggingface.co' ([Errno 8] nodename nor servname provided, or not known)""))"
sample_00721,True,True,,,,,,"range request failed: ConnectionError: HTTPSConnectionPool(host='huggingface.co', port=443): Max retries exceeded with url: /buckets/scrollprize/datasets/resolve/surfaces/kaggle/labels/sample_00721.tif (Caused by NameResolutionError(""HTTPSConnection(host='huggingface.co', port=443): Failed to resolve 'huggingface.co' ([Errno 8] nodename nor servname provided, or not known)""))",,,,,,"range request failed: ConnectionError: HTTPSConnectionPool(host='huggingface.co', port=443): Max retries exceeded with url: /buckets/scrollprize/datasets/resolve/surfaces/kaggle/images/sample_00721.tif (Caused by NameResolutionError(""HTTPSConnection(host='huggingface.co', port=443): Failed to resolve 'huggingface.co' ([Errno 8] nodename nor servname provided, or not known)""))"
sample_00722,True,True,,,,,,"range request failed: ConnectionError: HTTPSConnectionPool(host='huggingface.co', port=443): Max retries exceeded with url: /buckets/scrollprize/datasets/resolve/surfaces/kaggle/labels/sample_00722.tif (Caused by NameResolutionError(""HTTPSConnection(host='huggingface.co', port=443): Failed to resolve 'huggingface.co' ([Errno 8] nodename nor servname provided, or not known)""))",,,,,,"range request failed: ConnectionError: HTTPSConnectionPool(host='huggingface.co', port=443): Max retries exceeded with url: /buckets/scrollprize/datasets/resolve/surfaces/kaggle/images/sample_00722.tif (Caused by NameResolutionError(""HTTPSConnection(host='huggingface.co', port=443): Failed to resolve 'huggingface.co' ([Errno 8] nodename nor servname provided, or not known)""))"
sample_00723,True,True,,,,,,"range request failed: ConnectionError: HTTPSConnectionPool(host='huggingface.co', port=443): Max retries exceeded with url: /buckets/scrollprize/datasets/resolve/surfaces/kaggle/labels/sample_00723.tif (Caused by NameResolutionError(""HTTPSConnection(host='huggingface.co', port=443): Failed to resolve 'huggingface.co' ([Errno 8] nodename nor servname provided, or not known)""))",,,,,,"range request failed: ConnectionError: HTTPSConnectionPool(host='huggingface.co', port=443): Max retries exceeded with url: /buckets/scrollprize/datasets/resolve/surfaces/kaggle/images/sample_00723.tif (Caused by NameResolutionError(""HTTPSConnection(host='huggingface.co', port=443): Failed to resolve 'huggingface.co' ([Errno 8] nodename nor servname provided, or not known)""))"
sample_00724,True,True,,,,,,"range request failed: ConnectionError: HTTPSConnectionPool(host='huggingface.co', port=443): Max retries exceeded with url: /buckets/scrollprize/datasets/resolve/surfaces/kaggle/labels/sample_00724.tif (Caused by NameResolutionError(""HTTPSConnection(host='huggingface.co', port=443): Failed to resolve 'huggingface.co' ([Errno 8] nodename nor servname provided, or not known)""))",,,,,,"range request failed: ConnectionError: HTTPSConnectionPool(host='huggingface.co', port=443): Max retries exceeded with url: /buckets/scrollprize/datasets/resolve/surfaces/kaggle/images/sample_00724.tif (Caused by NameResolutionError(""HTTPSConnection(host='huggingface.co', port=443): Failed to resolve 'huggingface.co' ([Errno 8] nodename nor servname provided, or not known)""))"
sample_00725,True,True,,,,,,"range request failed: ConnectionError: HTTPSConnectionPool(host='huggingface.co', port=443): Max retries exceeded with url: /buckets/scrollprize/datasets/resolve/surfaces/kaggle/labels/sample_00725.tif (Caused by NameResolutionError(""HTTPSConnection(host='huggingface.co', port=443): Failed to resolve 'huggingface.co' ([Errno 8] nodename nor servname provided, or not known)""))",,,,,,"range request failed: ConnectionError: HTTPSConnectionPool(host='huggingface.co', port=443): Max retries exceeded with url: /buckets/scrollprize/datasets/resolve/surfaces/kaggle/images/sample_00725.tif (Caused by NameResolutionError(""HTTPSConnection(host='huggingface.co', port=443): Failed to resolve 'huggingface.co' ([Errno 8] nodename nor servname provided, or not known)""))"
sample_00726,True,True,,,,,,"range request failed: ConnectionError: HTTPSConnectionPool(host='huggingface.co', port=443): Max retries exceeded with url: /buckets/scrollprize/datasets/resolve/surfaces/kaggle/labels/sample_00726.tif (Caused by NameResolutionError(""HTTPSConnection(host='huggingface.co', port=443): Failed to resolve 'huggingface.co' ([Errno 8] nodename nor servname provided, or not known)""))",,,,,,"range request failed: ConnectionError: HTTPSConnectionPool(host='huggingface.co', port=443): Max retries exceeded with url: /buckets/scrollprize/datasets/resolve/surfaces/kaggle/images/sample_00726.tif (Caused by NameResolutionError(""HTTPSConnection(host='huggingface.co', port=443): Failed to resolve 'huggingface.co' ([Errno 8] nodename nor servname provided, or not known)""))"
sample_00727,True,True,,,,,,"range request failed: ConnectionError: HTTPSConnectionPool(host='huggingface.co', port=443): Max retries exceeded with url: /buckets/scrollprize/datasets/resolve/surfaces/kaggle/labels/sample_00727.tif (Caused by NameResolutionError(""HTTPSConnection(host='huggingface.co', port=443): Failed to resolve 'huggingface.co' ([Errno 8] nodename nor servname provided, or not known)""))",,,,,,"range request failed: ConnectionError: HTTPSConnectionPool(host='huggingface.co', port=443): Max retries exceeded with url: /buckets/scrollprize/datasets/resolve/surfaces/kaggle/images/sample_00727.tif (Caused by NameResolutionError(""HTTPSConnection(host='huggingface.co', port=443): Failed to resolve 'huggingface.co' ([Errno 8] nodename nor servname provided, or not known)""))"
sample_00728,True,True,,,,,,"range request failed: ConnectionError: HTTPSConnectionPool(host='huggingface.co', port=443): Max retries exceeded with url: /buckets/scrollprize/datasets/resolve/surfaces/kaggle/labels/sample_00728.tif (Caused by NameResolutionError(""HTTPSConnection(host='huggingface.co', port=443): Failed to resolve 'huggingface.co' ([Errno 8] nodename nor servname provided, or not known)""))",,,,,,"range request failed: ConnectionError: HTTPSConnectionPool(host='huggingface.co', port=443): Max retries exceeded with url: /buckets/scrollprize/datasets/resolve/surfaces/kaggle/images/sample_00728.tif (Caused by NameResolutionError(""HTTPSConnection(host='huggingface.co', port=443): Failed to resolve 'huggingface.co' ([Errno 8] nodename nor servname provided, or not known)""))"
sample_00729,True,True,,,,,,"range request failed: ConnectionError: HTTPSConnectionPool(host='huggingface.co', port=443): Max retries exceeded with url: /buckets/scrollprize/datasets/resolve/surfaces/kaggle/labels/sample_00729.tif (Caused by NameResolutionError(""HTTPSConnection(host='huggingface.co', port=443): Failed to resolve 'huggingface.co' ([Errno 8] nodename nor servname provided, or not known)""))",,,,,,"range request failed: ConnectionError: HTTPSConnectionPool(host='huggingface.co', port=443): Max retries exceeded with url: /buckets/scrollprize/datasets/resolve/surfaces/kaggle/images/sample_00729.tif (Caused by NameResolutionError(""HTTPSConnection(host='huggingface.co', port=443): Failed to resolve 'huggingface.co' ([Errno 8] nodename nor servname provided, or not known)""))"
sample_00730,True,True,,,,,,"range request failed: ConnectionError: HTTPSConnectionPool(host='huggingface.co', port=443): Max retries exceeded with url: /buckets/scrollprize/datasets/resolve/surfaces/kaggle/labels/sample_00730.tif (Caused by NameResolutionError(""HTTPSConnection(host='huggingface.co', port=443): Failed to resolve 'huggingface.co' ([Errno 8] nodename nor servname provided, or not known)""))",,,,,,"range request failed: ConnectionError: HTTPSConnectionPool(host='huggingface.co', port=443): Max retries exceeded with url: /buckets/scrollprize/datasets/resolve/surfaces/kaggle/images/sample_00730.tif (Caused by NameResolutionError(""HTTPSConnection(host='huggingface.co', port=443): Failed to resolve 'huggingface.co' ([Errno 8] nodename nor servname provided, or not known)""))"
sample_00731,True,True,,,,,,"range request failed: ConnectionError: HTTPSConnectionPool(host='huggingface.co', port=443): Max retries exceeded with url: /buckets/scrollprize/datasets/resolve/surfaces/kaggle/labels/sample_00731.tif (Caused by NameResolutionError(""HTTPSConnection(host='huggingface.co', port=443): Failed to resolve 'huggingface.co' ([Errno 8] nodename nor servname provided, or not known)""))",,,,,,"range request failed: ConnectionError: HTTPSConnectionPool(host='huggingface.co', port=443): Max retries exceeded with url: /buckets/scrollprize/datasets/resolve/surfaces/kaggle/images/sample_00731.tif (Caused by NameResolutionError(""HTTPSConnection(host='huggingface.co', port=443): Failed to resolve 'huggingface.co' ([Errno 8] nodename nor servname provided, or not known)""))"
sample_00732,True,True,,,,,,"range request failed: ConnectionError: HTTPSConnectionPool(host='huggingface.co', port=443): Max retries exceeded with url: /buckets/scrollprize/datasets/resolve/surfaces/kaggle/labels/sample_00732.tif (Caused by NameResolutionError(""HTTPSConnection(host='huggingface.co', port=443): Failed to resolve 'huggingface.co' ([Errno 8] nodename nor servname provided, or not known)""))",,,,,,"range request failed: ConnectionError: HTTPSConnectionPool(host='huggingface.co', port=443): Max retries exceeded with url: /buckets/scrollprize/datasets/resolve/surfaces/kaggle/images/sample_00732.tif (Caused by NameResolutionError(""HTTPSConnection(host='huggingface.co', port=443): Failed to resolve 'huggingface.co' ([Errno 8] nodename nor servname provided, or not known)""))"
sample_00733,True,True,,,,,,"range request failed: ConnectionError: HTTPSConnectionPool(host='huggingface.co', port=443): Max retries exceeded with url: /buckets/scrollprize/datasets/resolve/surfaces/kaggle/labels/sample_00733.tif (Caused by NameResolutionError(""HTTPSConnection(host='huggingface.co', port=443): Failed to resolve 'huggingface.co' ([Errno 8] nodename nor servname provided, or not known)""))",,,,,,"range request failed: ConnectionError: HTTPSConnectionPool(host='huggingface.co', port=443): Max retries exceeded with url: /buckets/scrollprize/datasets/resolve/surfaces/kaggle/images/sample_00733.tif (Caused by NameResolutionError(""HTTPSConnection(host='huggingface.co', port=443): Failed to resolve 'huggingface.co' ([Errno 8] nodename nor servname provided, or not known)""))"
sample_00734,True,True,,,,,,"range request failed: ConnectionError: HTTPSConnectionPool(host='huggingface.co', port=443): Max retries exceeded with url: /buckets/scrollprize/datasets/resolve/surfaces/kaggle/labels/sample_00734.tif (Caused by NameResolutionError(""HTTPSConnection(host='huggingface.co', port=443): Failed to resolve 'huggingface.co' ([Errno 8] nodename nor servname provided, or not known)""))",,,,,,"range request failed: ConnectionError: HTTPSConnectionPool(host='huggingface.co', port=443): Max retries exceeded with url: /buckets/scrollprize/datasets/resolve/surfaces/kaggle/images/sample_00734.tif (Caused by NameResolutionError(""HTTPSConnection(host='huggingface.co', port=443): Failed to resolve 'huggingface.co' ([Errno 8] nodename nor servname provided, or not known)""))"
sample_00735,True,True,,,,,,"range request failed: ConnectionError: HTTPSConnectionPool(host='huggingface.co', port=443): Max retries exceeded with url: /buckets/scrollprize/datasets/resolve/surfaces/kaggle/labels/sample_00735.tif (Caused by NameResolutionError(""HTTPSConnection(host='huggingface.co', port=443): Failed to resolve 'huggingface.co' ([Errno 8] nodename nor servname provided, or not known)""))",,,,,,"range request failed: ConnectionError: HTTPSConnectionPool(host='huggingface.co', port=443): Max retries exceeded with url: /buckets/scrollprize/datasets/resolve/surfaces/kaggle/images/sample_00735.tif (Caused by NameResolutionError(""HTTPSConnection(host='huggingface.co', port=443): Failed to resolve 'huggingface.co' ([Errno 8] nodename nor servname provided, or not known)""))"
sample_00736,True,True,,,,,,"range request failed: ConnectionError: HTTPSConnectionPool(host='huggingface.co', port=443): Max retries exceeded with url: /buckets/scrollprize/datasets/resolve/surfaces/kaggle/labels/sample_00736.tif (Caused by NameResolutionError(""HTTPSConnection(host='huggingface.co', port=443): Failed to resolve 'huggingface.co' ([Errno 8] nodename nor servname provided, or not known)""))",,,,,,"range request failed: ConnectionError: HTTPSConnectionPool(host='huggingface.co', port=443): Max retries exceeded with url: /buckets/scrollprize/datasets/resolve/surfaces/kaggle/images/sample_00736.tif (Caused by NameResolutionError(""HTTPSConnection(host='huggingface.co', port=443): Failed to resolve 'huggingface.co' ([Errno 8] nodename nor servname provided, or not known)""))"
sample_00737,True,True,,,,,,"range request failed: ConnectionError: HTTPSConnectionPool(host='huggingface.co', port=443): Max retries exceeded with url: /buckets/scrollprize/datasets/resolve/surfaces/kaggle/labels/sample_00737.tif (Caused by NameResolutionError(""HTTPSConnection(host='huggingface.co', port=443): Failed to resolve 'huggingface.co' ([Errno 8] nodename nor servname provided, or not known)""))",,,,,,"range request failed: ConnectionError: HTTPSConnectionPool(host='huggingface.co', port=443): Max retries exceeded with url: /buckets/scrollprize/datasets/resolve/surfaces/kaggle/images/sample_00737.tif (Caused by NameResolutionError(""HTTPSConnection(host='huggingface.co', port=443): Failed to resolve 'huggingface.co' ([Errno 8] nodename nor servname provided, or not known)""))"
sample_00738,True,True,,,,,,"range request failed: ConnectionError: HTTPSConnectionPool(host='huggingface.co', port=443): Max retries exceeded with url: /buckets/scrollprize/datasets/resolve/surfaces/kaggle/labels/sample_00738.tif (Caused by NameResolutionError(""HTTPSConnection(host='huggingface.co', port=443): Failed to resolve 'huggingface.co' ([Errno 8] nodename nor servname provided, or not known)""))",,,,,,"range request failed: ConnectionError: HTTPSConnectionPool(host='huggingface.co', port=443): Max retries exceeded with url: /buckets/scrollprize/datasets/resolve/surfaces/kaggle/images/sample_00738.tif (Caused by NameResolutionError(""HTTPSConnection(host='huggingface.co', port=443): Failed to resolve 'huggingface.co' ([Errno 8] nodename nor servname provided, or not known)""))"
sample_00739,True,True,,,,,,"range request failed: ConnectionError: HTTPSConnectionPool(host='huggingface.co', port=443): Max retries exceeded with url: /buckets/scrollprize/datasets/resolve/surfaces/kaggle/labels/sample_00739.tif (Caused by NameResolutionError(""HTTPSConnection(host='huggingface.co', port=443): Failed to resolve 'huggingface.co' ([Errno 8] nodename nor servname provided, or not known)""))",,,,,,"range request failed: ConnectionError: HTTPSConnectionPool(host='huggingface.co', port=443): Max retries exceeded with url: /buckets/scrollprize/datasets/resolve/surfaces/kaggle/images/sample_00739.tif (Caused by NameResolutionError(""HTTPSConnection(host='huggingface.co', port=443): Failed to resolve 'huggingface.co' ([Errno 8] nodename nor servname provided, or not known)""))"
sample_00740,True,True,,,,,,"range request failed: ConnectionError: HTTPSConnectionPool(host='huggingface.co', port=443): Max retries exceeded with url: /buckets/scrollprize/datasets/resolve/surfaces/kaggle/labels/sample_00740.tif (Caused by NameResolutionError(""HTTPSConnection(host='huggingface.co', port=443): Failed to resolve 'huggingface.co' ([Errno 8] nodename nor servname provided, or not known)""))",,,,,,"range request failed: ConnectionError: HTTPSConnectionPool(host='huggingface.co', port=443): Max retries exceeded with url: /buckets/scrollprize/datasets/resolve/surfaces/kaggle/images/sample_00740.tif (Caused by NameResolutionError(""HTTPSConnection(host='huggingface.co', port=443): Failed to resolve 'huggingface.co' ([Errno 8] nodename nor servname provided, or not known)""))"
sample_00741,True,True,,,,,,"range request failed: ConnectionError: HTTPSConnectionPool(host='huggingface.co', port=443): Max retries exceeded with url: /buckets/scrollprize/datasets/resolve/surfaces/kaggle/labels/sample_00741.tif (Caused by NameResolutionError(""HTTPSConnection(host='huggingface.co', port=443): Failed to resolve 'huggingface.co' ([Errno 8] nodename nor servname provided, or not known)""))",,,,,,"range request failed: ConnectionError: HTTPSConnectionPool(host='huggingface.co', port=443): Max retries exceeded with url: /buckets/scrollprize/datasets/resolve/surfaces/kaggle/images/sample_00741.tif (Caused by NameResolutionError(""HTTPSConnection(host='huggingface.co', port=443): Failed to resolve 'huggingface.co' ([Errno 8] nodename nor servname provided, or not known)""))"
sample_00742,True,True,,,,,,"range request failed: ConnectionError: HTTPSConnectionPool(host='huggingface.co', port=443): Max retries exceeded with url: /buckets/scrollprize/datasets/resolve/surfaces/kaggle/labels/sample_00742.tif (Caused by NameResolutionError(""HTTPSConnection(host='huggingface.co', port=443): Failed to resolve 'huggingface.co' ([Errno 8] nodename nor servname provided, or not known)""))",,,,,,"range request failed: ConnectionError: HTTPSConnectionPool(host='huggingface.co', port=443): Max retries exceeded with url: /buckets/scrollprize/datasets/resolve/surfaces/kaggle/images/sample_00742.tif (Caused by NameResolutionError(""HTTPSConnection(host='huggingface.co', port=443): Failed to resolve 'huggingface.co' ([Errno 8] nodename nor servname provided, or not known)""))"
sample_00743,True,True,,,,,,"range request failed: ConnectionError: HTTPSConnectionPool(host='huggingface.co', port=443): Max retries exceeded with url: /buckets/scrollprize/datasets/resolve/surfaces/kaggle/labels/sample_00743.tif (Caused by NameResolutionError(""HTTPSConnection(host='huggingface.co', port=443): Failed to resolve 'huggingface.co' ([Errno 8] nodename nor servname provided, or not known)""))",,,,,,"range request failed: ConnectionError: HTTPSConnectionPool(host='huggingface.co', port=443): Max retries exceeded with url: /buckets/scrollprize/datasets/resolve/surfaces/kaggle/images/sample_00743.tif (Caused by NameResolutionError(""HTTPSConnection(host='huggingface.co', port=443): Failed to resolve 'huggingface.co' ([Errno 8] nodename nor servname provided, or not known)""))"
sample_00744,True,True,,,,,,"range request failed: ConnectionError: HTTPSConnectionPool(host='huggingface.co', port=443): Max retries exceeded with url: /buckets/scrollprize/datasets/resolve/surfaces/kaggle/labels/sample_00744.tif (Caused by NameResolutionError(""HTTPSConnection(host='huggingface.co', port=443): Failed to resolve 'huggingface.co' ([Errno 8] nodename nor servname provided, or not known)""))",,,,,,"range request failed: ConnectionError: HTTPSConnectionPool(host='huggingface.co', port=443): Max retries exceeded with url: /buckets/scrollprize/datasets/resolve/surfaces/kaggle/images/sample_00744.tif (Caused by NameResolutionError(""HTTPSConnection(host='huggingface.co', port=443): Failed to resolve 'huggingface.co' ([Errno 8] nodename nor servname provided, or not known)""))"
sample_00745,True,True,,,,,,"range request failed: ConnectionError: HTTPSConnectionPool(host='huggingface.co', port=443): Max retries exceeded with url: /buckets/scrollprize/datasets/resolve/surfaces/kaggle/labels/sample_00745.tif (Caused by NameResolutionError(""HTTPSConnection(host='huggingface.co', port=443): Failed to resolve 'huggingface.co' ([Errno 8] nodename nor servname provided, or not known)""))",,,,,,"range request failed: ConnectionError: HTTPSConnectionPool(host='huggingface.co', port=443): Max retries exceeded with url: /buckets/scrollprize/datasets/resolve/surfaces/kaggle/images/sample_00745.tif (Caused by NameResolutionError(""HTTPSConnection(host='huggingface.co', port=443): Failed to resolve 'huggingface.co' ([Errno 8] nodename nor servname provided, or not known)""))"
sample_00746,True,True,,,,,,"range request failed: ConnectionError: HTTPSConnectionPool(host='huggingface.co', port=443): Max retries exceeded with url: /buckets/scrollprize/datasets/resolve/surfaces/kaggle/labels/sample_00746.tif (Caused by NameResolutionError(""HTTPSConnection(host='huggingface.co', port=443): Failed to resolve 'huggingface.co' ([Errno 8] nodename nor servname provided, or not known)""))",,,,,,"range request failed: ConnectionError: HTTPSConnectionPool(host='huggingface.co', port=443): Max retries exceeded with url: /buckets/scrollprize/datasets/resolve/surfaces/kaggle/images/sample_00746.tif (Caused by NameResolutionError(""HTTPSConnection(host='huggingface.co', port=443): Failed to resolve 'huggingface.co' ([Errno 8] nodename nor servname provided, or not known)""))"
sample_00747,True,True,,,,,,"range request failed: ConnectionError: HTTPSConnectionPool(host='huggingface.co', port=443): Max retries exceeded with url: /buckets/scrollprize/datasets/resolve/surfaces/kaggle/labels/sample_00747.tif (Caused by NameResolutionError(""HTTPSConnection(host='huggingface.co', port=443): Failed to resolve 'huggingface.co' ([Errno 8] nodename nor servname provided, or not known)""))",,,,,,"range request failed: ConnectionError: HTTPSConnectionPool(host='huggingface.co', port=443): Max retries exceeded with url: /buckets/scrollprize/datasets/resolve/surfaces/kaggle/images/sample_00747.tif (Caused by NameResolutionError(""HTTPSConnection(host='huggingface.co', port=443): Failed to resolve 'huggingface.co' ([Errno 8] nodename nor servname provided, or not known)""))"
sample_00748,True,True,,,,,,"range request failed: ConnectionError: HTTPSConnectionPool(host='huggingface.co', port=443): Max retries exceeded with url: /buckets/scrollprize/datasets/resolve/surfaces/kaggle/labels/sample_00748.tif (Caused by NameResolutionError(""HTTPSConnection(host='huggingface.co', port=443): Failed to resolve 'huggingface.co' ([Errno 8] nodename nor servname provided, or not known)""))",,,,,,"range request failed: ConnectionError: HTTPSConnectionPool(host='huggingface.co', port=443): Max retries exceeded with url: /buckets/scrollprize/datasets/resolve/surfaces/kaggle/images/sample_00748.tif (Caused by NameResolutionError(""HTTPSConnection(host='huggingface.co', port=443): Failed to resolve 'huggingface.co' ([Errno 8] nodename nor servname provided, or not known)""))"
sample_00749,True,True,,,,,,"range request failed: ConnectionError: HTTPSConnectionPool(host='huggingface.co', port=443): Max retries exceeded with url: /buckets/scrollprize/datasets/resolve/surfaces/kaggle/labels/sample_00749.tif (Caused by NameResolutionError(""HTTPSConnection(host='huggingface.co', port=443): Failed to resolve 'huggingface.co' ([Errno 8] nodename nor servname provided, or not known)""))",,,,,,"range request failed: ConnectionError: HTTPSConnectionPool(host='huggingface.co', port=443): Max retries exceeded with url: /buckets/scrollprize/datasets/resolve/surfaces/kaggle/images/sample_00749.tif (Caused by NameResolutionError(""HTTPSConnection(host='huggingface.co', port=443): Failed to resolve 'huggingface.co' ([Errno 8] nodename nor servname provided, or not known)""))"
sample_00750,True,True,,,,,,"range request failed: ConnectionError: HTTPSConnectionPool(host='huggingface.co', port=443): Max retries exceeded with url: /buckets/scrollprize/datasets/resolve/surfaces/kaggle/labels/sample_00750.tif (Caused by NameResolutionError(""HTTPSConnection(host='huggingface.co', port=443): Failed to resolve 'huggingface.co' ([Errno 8] nodename nor servname provided, or not known)""))",,,,,,"range request failed: ConnectionError: HTTPSConnectionPool(host='huggingface.co', port=443): Max retries exceeded with url: /buckets/scrollprize/datasets/resolve/surfaces/kaggle/images/sample_00750.tif (Caused by NameResolutionError(""HTTPSConnection(host='huggingface.co', port=443): Failed to resolve 'huggingface.co' ([Errno 8] nodename nor servname provided, or not known)""))"
sample_00751,True,True,,,,,,"range request failed: ConnectionError: HTTPSConnectionPool(host='huggingface.co', port=443): Max retries exceeded with url: /buckets/scrollprize/datasets/resolve/surfaces/kaggle/labels/sample_00751.tif (Caused by NameResolutionError(""HTTPSConnection(host='huggingface.co', port=443): Failed to resolve 'huggingface.co' ([Errno 8] nodename nor servname provided, or not known)""))",,,,,,"range request failed: ConnectionError: HTTPSConnectionPool(host='huggingface.co', port=443): Max retries exceeded with url: /buckets/scrollprize/datasets/resolve/surfaces/kaggle/images/sample_00751.tif (Caused by NameResolutionError(""HTTPSConnection(host='huggingface.co', port=443): Failed to resolve 'huggingface.co' ([Errno 8] nodename nor servname provided, or not known)""))"
sample_00752,True,True,,,,,,"range request failed: ConnectionError: HTTPSConnectionPool(host='huggingface.co', port=443): Max retries exceeded with url: /buckets/scrollprize/datasets/resolve/surfaces/kaggle/labels/sample_00752.tif (Caused by NameResolutionError(""HTTPSConnection(host='huggingface.co', port=443): Failed to resolve 'huggingface.co' ([Errno 8] nodename nor servname provided, or not known)""))",,,,,,"range request failed: ConnectionError: HTTPSConnectionPool(host='huggingface.co', port=443): Max retries exceeded with url: /buckets/scrollprize/datasets/resolve/surfaces/kaggle/images/sample_00752.tif (Caused by NameResolutionError(""HTTPSConnection(host='huggingface.co', port=443): Failed to resolve 'huggingface.co' ([Errno 8] nodename nor servname provided, or not known)""))"
sample_00753,True,True,,,,,,"range request failed: ConnectionError: HTTPSConnectionPool(host='huggingface.co', port=443): Max retries exceeded with url: /buckets/scrollprize/datasets/resolve/surfaces/kaggle/labels/sample_00753.tif (Caused by NameResolutionError(""HTTPSConnection(host='huggingface.co', port=443): Failed to resolve 'huggingface.co' ([Errno 8] nodename nor servname provided, or not known)""))",,,,,,"range request failed: ConnectionError: HTTPSConnectionPool(host='huggingface.co', port=443): Max retries exceeded with url: /buckets/scrollprize/datasets/resolve/surfaces/kaggle/images/sample_00753.tif (Caused by NameResolutionError(""HTTPSConnection(host='huggingface.co', port=443): Failed to resolve 'huggingface.co' ([Errno 8] nodename nor servname provided, or not known)""))"
sample_00754,True,True,,,,,,"range request failed: ConnectionError: HTTPSConnectionPool(host='huggingface.co', port=443): Max retries exceeded with url: /buckets/scrollprize/datasets/resolve/surfaces/kaggle/labels/sample_00754.tif (Caused by NameResolutionError(""HTTPSConnection(host='huggingface.co', port=443): Failed to resolve 'huggingface.co' ([Errno 8] nodename nor servname provided, or not known)""))",,,,,,"range request failed: ConnectionError: HTTPSConnectionPool(host='huggingface.co', port=443): Max retries exceeded with url: /buckets/scrollprize/datasets/resolve/surfaces/kaggle/images/sample_00754.tif (Caused by NameResolutionError(""HTTPSConnection(host='huggingface.co', port=443): Failed to resolve 'huggingface.co' ([Errno 8] nodename nor servname provided, or not known)""))"
sample_00755,True,True,,,,,,"range request failed: ConnectionError: HTTPSConnectionPool(host='huggingface.co', port=443): Max retries exceeded with url: /buckets/scrollprize/datasets/resolve/surfaces/kaggle/labels/sample_00755.tif (Caused by NameResolutionError(""HTTPSConnection(host='huggingface.co', port=443): Failed to resolve 'huggingface.co' ([Errno 8] nodename nor servname provided, or not known)""))",,,,,,"range request failed: ConnectionError: HTTPSConnectionPool(host='huggingface.co', port=443): Max retries exceeded with url: /buckets/scrollprize/datasets/resolve/surfaces/kaggle/images/sample_00755.tif (Caused by NameResolutionError(""HTTPSConnection(host='huggingface.co', port=443): Failed to resolve 'huggingface.co' ([Errno 8] nodename nor servname provided, or not known)""))"
sample_00756,True,True,,,,,,"range request failed: ConnectionError: HTTPSConnectionPool(host='huggingface.co', port=443): Max retries exceeded with url: /buckets/scrollprize/datasets/resolve/surfaces/kaggle/labels/sample_00756.tif (Caused by NameResolutionError(""HTTPSConnection(host='huggingface.co', port=443): Failed to resolve 'huggingface.co' ([Errno 8] nodename nor servname provided, or not known)""))",,,,,,"range request failed: ConnectionError: HTTPSConnectionPool(host='huggingface.co', port=443): Max retries exceeded with url: /buckets/scrollprize/datasets/resolve/surfaces/kaggle/images/sample_00756.tif (Caused by NameResolutionError(""HTTPSConnection(host='huggingface.co', port=443): Failed to resolve 'huggingface.co' ([Errno 8] nodename nor servname provided, or not known)""))"
sample_00757,True,True,,,,,,"range request failed: ConnectionError: HTTPSConnectionPool(host='huggingface.co', port=443): Max retries exceeded with url: /buckets/scrollprize/datasets/resolve/surfaces/kaggle/labels/sample_00757.tif (Caused by NameResolutionError(""HTTPSConnection(host='huggingface.co', port=443): Failed to resolve 'huggingface.co' ([Errno 8] nodename nor servname provided, or not known)""))",,,,,,"range request failed: ConnectionError: HTTPSConnectionPool(host='huggingface.co', port=443): Max retries exceeded with url: /buckets/scrollprize/datasets/resolve/surfaces/kaggle/images/sample_00757.tif (Caused by NameResolutionError(""HTTPSConnection(host='huggingface.co', port=443): Failed to resolve 'huggingface.co' ([Errno 8] nodename nor servname provided, or not known)""))"
sample_00758,True,True,,,,,,"range request failed: ConnectionError: HTTPSConnectionPool(host='huggingface.co', port=443): Max retries exceeded with url: /buckets/scrollprize/datasets/resolve/surfaces/kaggle/labels/sample_00758.tif (Caused by NameResolutionError(""HTTPSConnection(host='huggingface.co', port=443): Failed to resolve 'huggingface.co' ([Errno 8] nodename nor servname provided, or not known)""))",,,,,,"range request failed: ConnectionError: HTTPSConnectionPool(host='huggingface.co', port=443): Max retries exceeded with url: /buckets/scrollprize/datasets/resolve/surfaces/kaggle/images/sample_00758.tif (Caused by NameResolutionError(""HTTPSConnection(host='huggingface.co', port=443): Failed to resolve 'huggingface.co' ([Errno 8] nodename nor servname provided, or not known)""))"
sample_00759,True,True,,,,,,"range request failed: ConnectionError: HTTPSConnectionPool(host='huggingface.co', port=443): Max retries exceeded with url: /buckets/scrollprize/datasets/resolve/surfaces/kaggle/labels/sample_00759.tif (Caused by NameResolutionError(""HTTPSConnection(host='huggingface.co', port=443): Failed to resolve 'huggingface.co' ([Errno 8] nodename nor servname provided, or not known)""))",,,,,,"range request failed: ConnectionError: HTTPSConnectionPool(host='huggingface.co', port=443): Max retries exceeded with url: /buckets/scrollprize/datasets/resolve/surfaces/kaggle/images/sample_00759.tif (Caused by NameResolutionError(""HTTPSConnection(host='huggingface.co', port=443): Failed to resolve 'huggingface.co' ([Errno 8] nodename nor servname provided, or not known)""))"
sample_00760,True,True,,,,,,"range request failed: ConnectionError: HTTPSConnectionPool(host='huggingface.co', port=443): Max retries exceeded with url: /buckets/scrollprize/datasets/resolve/surfaces/kaggle/labels/sample_00760.tif (Caused by NameResolutionError(""HTTPSConnection(host='huggingface.co', port=443): Failed to resolve 'huggingface.co' ([Errno 8] nodename nor servname provided, or not known)""))",,,,,,"range request failed: ConnectionError: HTTPSConnectionPool(host='huggingface.co', port=443): Max retries exceeded with url: /buckets/scrollprize/datasets/resolve/surfaces/kaggle/images/sample_00760.tif (Caused by NameResolutionError(""HTTPSConnection(host='huggingface.co', port=443): Failed to resolve 'huggingface.co' ([Errno 8] nodename nor servname provided, or not known)""))"
sample_00761,True,True,,,,,,"range request failed: ConnectionError: HTTPSConnectionPool(host='huggingface.co', port=443): Max retries exceeded with url: /buckets/scrollprize/datasets/resolve/surfaces/kaggle/labels/sample_00761.tif (Caused by NameResolutionError(""HTTPSConnection(host='huggingface.co', port=443): Failed to resolve 'huggingface.co' ([Errno 8] nodename nor servname provided, or not known)""))",,,,,,"range request failed: ConnectionError: HTTPSConnectionPool(host='huggingface.co', port=443): Max retries exceeded with url: /buckets/scrollprize/datasets/resolve/surfaces/kaggle/images/sample_00761.tif (Caused by NameResolutionError(""HTTPSConnection(host='huggingface.co', port=443): Failed to resolve 'huggingface.co' ([Errno 8] nodename nor servname provided, or not known)""))"
sample_00762,True,True,,,,,,"range request failed: ConnectionError: HTTPSConnectionPool(host='huggingface.co', port=443): Max retries exceeded with url: /buckets/scrollprize/datasets/resolve/surfaces/kaggle/labels/sample_00762.tif (Caused by NameResolutionError(""HTTPSConnection(host='huggingface.co', port=443): Failed to resolve 'huggingface.co' ([Errno 8] nodename nor servname provided, or not known)""))",,,,,,"range request failed: ConnectionError: HTTPSConnectionPool(host='huggingface.co', port=443): Max retries exceeded with url: /buckets/scrollprize/datasets/resolve/surfaces/kaggle/images/sample_00762.tif (Caused by NameResolutionError(""HTTPSConnection(host='huggingface.co', port=443): Failed to resolve 'huggingface.co' ([Errno 8] nodename nor servname provided, or not known)""))"
sample_00763,True,True,,,,,,"range request failed: ConnectionError: HTTPSConnectionPool(host='huggingface.co', port=443): Max retries exceeded with url: /buckets/scrollprize/datasets/resolve/surfaces/kaggle/labels/sample_00763.tif (Caused by NameResolutionError(""HTTPSConnection(host='huggingface.co', port=443): Failed to resolve 'huggingface.co' ([Errno 8] nodename nor servname provided, or not known)""))",,,,,,"range request failed: ConnectionError: HTTPSConnectionPool(host='huggingface.co', port=443): Max retries exceeded with url: /buckets/scrollprize/datasets/resolve/surfaces/kaggle/images/sample_00763.tif (Caused by NameResolutionError(""HTTPSConnection(host='huggingface.co', port=443): Failed to resolve 'huggingface.co' ([Errno 8] nodename nor servname provided, or not known)""))"
sample_00764,True,True,,,,,,"range request failed: ConnectionError: HTTPSConnectionPool(host='huggingface.co', port=443): Max retries exceeded with url: /buckets/scrollprize/datasets/resolve/surfaces/kaggle/labels/sample_00764.tif (Caused by NameResolutionError(""HTTPSConnection(host='huggingface.co', port=443): Failed to resolve 'huggingface.co' ([Errno 8] nodename nor servname provided, or not known)""))",,,,,,"range request failed: ConnectionError: HTTPSConnectionPool(host='huggingface.co', port=443): Max retries exceeded with url: /buckets/scrollprize/datasets/resolve/surfaces/kaggle/images/sample_00764.tif (Caused by NameResolutionError(""HTTPSConnection(host='huggingface.co', port=443): Failed to resolve 'huggingface.co' ([Errno 8] nodename nor servname provided, or not known)""))"
sample_00766,True,True,,,,,,"range request failed: ConnectionError: HTTPSConnectionPool(host='huggingface.co', port=443): Max retries exceeded with url: /buckets/scrollprize/datasets/resolve/surfaces/kaggle/labels/sample_00766.tif (Caused by NameResolutionError(""HTTPSConnection(host='huggingface.co', port=443): Failed to resolve 'huggingface.co' ([Errno 8] nodename nor servname provided, or not known)""))",,,,,,"range request failed: ConnectionError: HTTPSConnectionPool(host='huggingface.co', port=443): Max retries exceeded with url: /buckets/scrollprize/datasets/resolve/surfaces/kaggle/images/sample_00766.tif (Caused by NameResolutionError(""HTTPSConnection(host='huggingface.co', port=443): Failed to resolve 'huggingface.co' ([Errno 8] nodename nor servname provided, or not known)""))"
sample_00767,True,True,,,,,,"range request failed: ConnectionError: HTTPSConnectionPool(host='huggingface.co', port=443): Max retries exceeded with url: /buckets/scrollprize/datasets/resolve/surfaces/kaggle/labels/sample_00767.tif (Caused by NameResolutionError(""HTTPSConnection(host='huggingface.co', port=443): Failed to resolve 'huggingface.co' ([Errno 8] nodename nor servname provided, or not known)""))",,,,,,"range request failed: ConnectionError: HTTPSConnectionPool(host='huggingface.co', port=443): Max retries exceeded with url: /buckets/scrollprize/datasets/resolve/surfaces/kaggle/images/sample_00767.tif (Caused by NameResolutionError(""HTTPSConnection(host='huggingface.co', port=443): Failed to resolve 'huggingface.co' ([Errno 8] nodename nor servname provided, or not known)""))"
sample_00768,True,True,,,,,,"range request failed: ConnectionError: HTTPSConnectionPool(host='huggingface.co', port=443): Max retries exceeded with url: /buckets/scrollprize/datasets/resolve/surfaces/kaggle/labels/sample_00768.tif (Caused by NameResolutionError(""HTTPSConnection(host='huggingface.co', port=443): Failed to resolve 'huggingface.co' ([Errno 8] nodename nor servname provided, or not known)""))",,,,,,"range request failed: ConnectionError: HTTPSConnectionPool(host='huggingface.co', port=443): Max retries exceeded with url: /buckets/scrollprize/datasets/resolve/surfaces/kaggle/images/sample_00768.tif (Caused by NameResolutionError(""HTTPSConnection(host='huggingface.co', port=443): Failed to resolve 'huggingface.co' ([Errno 8] nodename nor servname provided, or not known)""))"
sample_00769,True,True,,,,,,"range request failed: ConnectionError: HTTPSConnectionPool(host='huggingface.co', port=443): Max retries exceeded with url: /buckets/scrollprize/datasets/resolve/surfaces/kaggle/labels/sample_00769.tif (Caused by NameResolutionError(""HTTPSConnection(host='huggingface.co', port=443): Failed to resolve 'huggingface.co' ([Errno 8] nodename nor servname provided, or not known)""))",,,,,,"range request failed: ConnectionError: HTTPSConnectionPool(host='huggingface.co', port=443): Max retries exceeded with url: /buckets/scrollprize/datasets/resolve/surfaces/kaggle/images/sample_00769.tif (Caused by NameResolutionError(""HTTPSConnection(host='huggingface.co', port=443): Failed to resolve 'huggingface.co' ([Errno 8] nodename nor servname provided, or not known)""))"
sample_00770,True,True,,,,,,"range request failed: ConnectionError: HTTPSConnectionPool(host='huggingface.co', port=443): Max retries exceeded with url: /buckets/scrollprize/datasets/resolve/surfaces/kaggle/labels/sample_00770.tif (Caused by NameResolutionError(""HTTPSConnection(host='huggingface.co', port=443): Failed to resolve 'huggingface.co' ([Errno 8] nodename nor servname provided, or not known)""))",,,,,,"range request failed: ConnectionError: HTTPSConnectionPool(host='huggingface.co', port=443): Max retries exceeded with url: /buckets/scrollprize/datasets/resolve/surfaces/kaggle/images/sample_00770.tif (Caused by NameResolutionError(""HTTPSConnection(host='huggingface.co', port=443): Failed to resolve 'huggingface.co' ([Errno 8] nodename nor servname provided, or not known)""))"
sample_00771,True,True,,,,,,"range request failed: ConnectionError: HTTPSConnectionPool(host='huggingface.co', port=443): Max retries exceeded with url: /buckets/scrollprize/datasets/resolve/surfaces/kaggle/labels/sample_00771.tif (Caused by NameResolutionError(""HTTPSConnection(host='huggingface.co', port=443): Failed to resolve 'huggingface.co' ([Errno 8] nodename nor servname provided, or not known)""))",,,,,,"range request failed: ConnectionError: HTTPSConnectionPool(host='huggingface.co', port=443): Max retries exceeded with url: /buckets/scrollprize/datasets/resolve/surfaces/kaggle/images/sample_00771.tif (Caused by NameResolutionError(""HTTPSConnection(host='huggingface.co', port=443): Failed to resolve 'huggingface.co' ([Errno 8] nodename nor servname provided, or not known)""))"
sample_00772,True,True,,,,,,"range request failed: ConnectionError: HTTPSConnectionPool(host='huggingface.co', port=443): Max retries exceeded with url: /buckets/scrollprize/datasets/resolve/surfaces/kaggle/labels/sample_00772.tif (Caused by NameResolutionError(""HTTPSConnection(host='huggingface.co', port=443): Failed to resolve 'huggingface.co' ([Errno 8] nodename nor servname provided, or not known)""))",,,,,,"range request failed: ConnectionError: HTTPSConnectionPool(host='huggingface.co', port=443): Max retries exceeded with url: /buckets/scrollprize/datasets/resolve/surfaces/kaggle/images/sample_00772.tif (Caused by NameResolutionError(""HTTPSConnection(host='huggingface.co', port=443): Failed to resolve 'huggingface.co' ([Errno 8] nodename nor servname provided, or not known)""))"
sample_00773,True,True,,,,,,"range request failed: ConnectionError: HTTPSConnectionPool(host='huggingface.co', port=443): Max retries exceeded with url: /buckets/scrollprize/datasets/resolve/surfaces/kaggle/labels/sample_00773.tif (Caused by NameResolutionError(""HTTPSConnection(host='huggingface.co', port=443): Failed to resolve 'huggingface.co' ([Errno 8] nodename nor servname provided, or not known)""))",,,,,,"range request failed: ConnectionError: HTTPSConnectionPool(host='huggingface.co', port=443): Max retries exceeded with url: /buckets/scrollprize/datasets/resolve/surfaces/kaggle/images/sample_00773.tif (Caused by NameResolutionError(""HTTPSConnection(host='huggingface.co', port=443): Failed to resolve 'huggingface.co' ([Errno 8] nodename nor servname provided, or not known)""))"
sample_00774,True,True,,,,,,"range request failed: ConnectionError: HTTPSConnectionPool(host='huggingface.co', port=443): Max retries exceeded with url: /buckets/scrollprize/datasets/resolve/surfaces/kaggle/labels/sample_00774.tif (Caused by NameResolutionError(""HTTPSConnection(host='huggingface.co', port=443): Failed to resolve 'huggingface.co' ([Errno 8] nodename nor servname provided, or not known)""))",,,,,,"range request failed: ConnectionError: HTTPSConnectionPool(host='huggingface.co', port=443): Max retries exceeded with url: /buckets/scrollprize/datasets/resolve/surfaces/kaggle/images/sample_00774.tif (Caused by NameResolutionError(""HTTPSConnection(host='huggingface.co', port=443): Failed to resolve 'huggingface.co' ([Errno 8] nodename nor servname provided, or not known)""))"
sample_00775,True,True,,,,,,"range request failed: ConnectionError: HTTPSConnectionPool(host='huggingface.co', port=443): Max retries exceeded with url: /buckets/scrollprize/datasets/resolve/surfaces/kaggle/labels/sample_00775.tif (Caused by NameResolutionError(""HTTPSConnection(host='huggingface.co', port=443): Failed to resolve 'huggingface.co' ([Errno 8] nodename nor servname provided, or not known)""))",,,,,,"range request failed: ConnectionError: HTTPSConnectionPool(host='huggingface.co', port=443): Max retries exceeded with url: /buckets/scrollprize/datasets/resolve/surfaces/kaggle/images/sample_00775.tif (Caused by NameResolutionError(""HTTPSConnection(host='huggingface.co', port=443): Failed to resolve 'huggingface.co' ([Errno 8] nodename nor servname provided, or not known)""))"
sample_00776,True,True,,,,,,"range request failed: ConnectionError: HTTPSConnectionPool(host='huggingface.co', port=443): Max retries exceeded with url: /buckets/scrollprize/datasets/resolve/surfaces/kaggle/labels/sample_00776.tif (Caused by NameResolutionError(""HTTPSConnection(host='huggingface.co', port=443): Failed to resolve 'huggingface.co' ([Errno 8] nodename nor servname provided, or not known)""))",,,,,,"range request failed: ConnectionError: HTTPSConnectionPool(host='huggingface.co', port=443): Max retries exceeded with url: /buckets/scrollprize/datasets/resolve/surfaces/kaggle/images/sample_00776.tif (Caused by NameResolutionError(""HTTPSConnection(host='huggingface.co', port=443): Failed to resolve 'huggingface.co' ([Errno 8] nodename nor servname provided, or not known)""))"
sample_00777,True,True,,,,,,"range request failed: ConnectionError: HTTPSConnectionPool(host='huggingface.co', port=443): Max retries exceeded with url: /buckets/scrollprize/datasets/resolve/surfaces/kaggle/labels/sample_00777.tif (Caused by NameResolutionError(""HTTPSConnection(host='huggingface.co', port=443): Failed to resolve 'huggingface.co' ([Errno 8] nodename nor servname provided, or not known)""))",,,,,,"range request failed: ConnectionError: HTTPSConnectionPool(host='huggingface.co', port=443): Max retries exceeded with url: /buckets/scrollprize/datasets/resolve/surfaces/kaggle/images/sample_00777.tif (Caused by NameResolutionError(""HTTPSConnection(host='huggingface.co', port=443): Failed to resolve 'huggingface.co' ([Errno 8] nodename nor servname provided, or not known)""))"
sample_00778,True,True,,,,,,"range request failed: ConnectionError: HTTPSConnectionPool(host='huggingface.co', port=443): Max retries exceeded with url: /buckets/scrollprize/datasets/resolve/surfaces/kaggle/labels/sample_00778.tif (Caused by NameResolutionError(""HTTPSConnection(host='huggingface.co', port=443): Failed to resolve 'huggingface.co' ([Errno 8] nodename nor servname provided, or not known)""))",,,,,,"range request failed: ConnectionError: HTTPSConnectionPool(host='huggingface.co', port=443): Max retries exceeded with url: /buckets/scrollprize/datasets/resolve/surfaces/kaggle/images/sample_00778.tif (Caused by NameResolutionError(""HTTPSConnection(host='huggingface.co', port=443): Failed to resolve 'huggingface.co' ([Errno 8] nodename nor servname provided, or not known)""))"
sample_00779,True,True,,,,,,"range request failed: ConnectionError: HTTPSConnectionPool(host='huggingface.co', port=443): Max retries exceeded with url: /buckets/scrollprize/datasets/resolve/surfaces/kaggle/labels/sample_00779.tif (Caused by NameResolutionError(""HTTPSConnection(host='huggingface.co', port=443): Failed to resolve 'huggingface.co' ([Errno 8] nodename nor servname provided, or not known)""))",,,,,,"range request failed: ConnectionError: HTTPSConnectionPool(host='huggingface.co', port=443): Max retries exceeded with url: /buckets/scrollprize/datasets/resolve/surfaces/kaggle/images/sample_00779.tif (Caused by NameResolutionError(""HTTPSConnection(host='huggingface.co', port=443): Failed to resolve 'huggingface.co' ([Errno 8] nodename nor servname provided, or not known)""))"
sample_00780,True,True,,,,,,"range request failed: ConnectionError: HTTPSConnectionPool(host='huggingface.co', port=443): Max retries exceeded with url: /buckets/scrollprize/datasets/resolve/surfaces/kaggle/labels/sample_00780.tif (Caused by NameResolutionError(""HTTPSConnection(host='huggingface.co', port=443): Failed to resolve 'huggingface.co' ([Errno 8] nodename nor servname provided, or not known)""))",,,,,,"range request failed: ConnectionError: HTTPSConnectionPool(host='huggingface.co', port=443): Max retries exceeded with url: /buckets/scrollprize/datasets/resolve/surfaces/kaggle/images/sample_00780.tif (Caused by NameResolutionError(""HTTPSConnection(host='huggingface.co', port=443): Failed to resolve 'huggingface.co' ([Errno 8] nodename nor servname provided, or not known)""))"
sample_00781,True,True,,,,,,"range request failed: ConnectionError: HTTPSConnectionPool(host='huggingface.co', port=443): Max retries exceeded with url: /buckets/scrollprize/datasets/resolve/surfaces/kaggle/labels/sample_00781.tif (Caused by NameResolutionError(""HTTPSConnection(host='huggingface.co', port=443): Failed to resolve 'huggingface.co' ([Errno 8] nodename nor servname provided, or not known)""))",,,,,,"range request failed: ConnectionError: HTTPSConnectionPool(host='huggingface.co', port=443): Max retries exceeded with url: /buckets/scrollprize/datasets/resolve/surfaces/kaggle/images/sample_00781.tif (Caused by NameResolutionError(""HTTPSConnection(host='huggingface.co', port=443): Failed to resolve 'huggingface.co' ([Errno 8] nodename nor servname provided, or not known)""))"
sample_00782,True,True,,,,,,"range request failed: ConnectionError: HTTPSConnectionPool(host='huggingface.co', port=443): Max retries exceeded with url: /buckets/scrollprize/datasets/resolve/surfaces/kaggle/labels/sample_00782.tif (Caused by NameResolutionError(""HTTPSConnection(host='huggingface.co', port=443): Failed to resolve 'huggingface.co' ([Errno 8] nodename nor servname provided, or not known)""))",,,,,,"range request failed: ConnectionError: HTTPSConnectionPool(host='huggingface.co', port=443): Max retries exceeded with url: /buckets/scrollprize/datasets/resolve/surfaces/kaggle/images/sample_00782.tif (Caused by NameResolutionError(""HTTPSConnection(host='huggingface.co', port=443): Failed to resolve 'huggingface.co' ([Errno 8] nodename nor servname provided, or not known)""))"
sample_00783,True,True,,,,,,"range request failed: ConnectionError: HTTPSConnectionPool(host='huggingface.co', port=443): Max retries exceeded with url: /buckets/scrollprize/datasets/resolve/surfaces/kaggle/labels/sample_00783.tif (Caused by NameResolutionError(""HTTPSConnection(host='huggingface.co', port=443): Failed to resolve 'huggingface.co' ([Errno 8] nodename nor servname provided, or not known)""))",,,,,,"range request failed: ConnectionError: HTTPSConnectionPool(host='huggingface.co', port=443): Max retries exceeded with url: /buckets/scrollprize/datasets/resolve/surfaces/kaggle/images/sample_00783.tif (Caused by NameResolutionError(""HTTPSConnection(host='huggingface.co', port=443): Failed to resolve 'huggingface.co' ([Errno 8] nodename nor servname provided, or not known)""))"
sample_00784,True,True,,,,,,"range request failed: ConnectionError: HTTPSConnectionPool(host='huggingface.co', port=443): Max retries exceeded with url: /buckets/scrollprize/datasets/resolve/surfaces/kaggle/labels/sample_00784.tif (Caused by NameResolutionError(""HTTPSConnection(host='huggingface.co', port=443): Failed to resolve 'huggingface.co' ([Errno 8] nodename nor servname provided, or not known)""))",,,,,,"range request failed: ConnectionError: HTTPSConnectionPool(host='huggingface.co', port=443): Max retries exceeded with url: /buckets/scrollprize/datasets/resolve/surfaces/kaggle/images/sample_00784.tif (Caused by NameResolutionError(""HTTPSConnection(host='huggingface.co', port=443): Failed to resolve 'huggingface.co' ([Errno 8] nodename nor servname provided, or not known)""))"
sample_00785,True,True,,,,,,"range request failed: ConnectionError: HTTPSConnectionPool(host='huggingface.co', port=443): Max retries exceeded with url: /buckets/scrollprize/datasets/resolve/surfaces/kaggle/labels/sample_00785.tif (Caused by NameResolutionError(""HTTPSConnection(host='huggingface.co', port=443): Failed to resolve 'huggingface.co' ([Errno 8] nodename nor servname provided, or not known)""))",,,,,,"range request failed: ConnectionError: HTTPSConnectionPool(host='huggingface.co', port=443): Max retries exceeded with url: /buckets/scrollprize/datasets/resolve/surfaces/kaggle/images/sample_00785.tif (Caused by NameResolutionError(""HTTPSConnection(host='huggingface.co', port=443): Failed to resolve 'huggingface.co' ([Errno 8] nodename nor servname provided, or not known)""))"
sample_00786,True,True,,,,,,"range request failed: ConnectionError: HTTPSConnectionPool(host='huggingface.co', port=443): Max retries exceeded with url: /buckets/scrollprize/datasets/resolve/surfaces/kaggle/labels/sample_00786.tif (Caused by NameResolutionError(""HTTPSConnection(host='huggingface.co', port=443): Failed to resolve 'huggingface.co' ([Errno 8] nodename nor servname provided, or not known)""))",,,,,,"range request failed: ConnectionError: HTTPSConnectionPool(host='huggingface.co', port=443): Max retries exceeded with url: /buckets/scrollprize/datasets/resolve/surfaces/kaggle/images/sample_00786.tif (Caused by NameResolutionError(""HTTPSConnection(host='huggingface.co', port=443): Failed to resolve 'huggingface.co' ([Errno 8] nodename nor servname provided, or not known)""))"
sample_00787,True,True,,,,,,"range request failed: ConnectionError: HTTPSConnectionPool(host='huggingface.co', port=443): Max retries exceeded with url: /buckets/scrollprize/datasets/resolve/surfaces/kaggle/labels/sample_00787.tif (Caused by NameResolutionError(""HTTPSConnection(host='huggingface.co', port=443): Failed to resolve 'huggingface.co' ([Errno 8] nodename nor servname provided, or not known)""))",,,,,,"range request failed: ConnectionError: HTTPSConnectionPool(host='huggingface.co', port=443): Max retries exceeded with url: /buckets/scrollprize/datasets/resolve/surfaces/kaggle/images/sample_00787.tif (Caused by NameResolutionError(""HTTPSConnection(host='huggingface.co', port=443): Failed to resolve 'huggingface.co' ([Errno 8] nodename nor servname provided, or not known)""))"
sample_00788,True,True,,,,,,"range request failed: ConnectionError: HTTPSConnectionPool(host='huggingface.co', port=443): Max retries exceeded with url: /buckets/scrollprize/datasets/resolve/surfaces/kaggle/labels/sample_00788.tif (Caused by NameResolutionError(""HTTPSConnection(host='huggingface.co', port=443): Failed to resolve 'huggingface.co' ([Errno 8] nodename nor servname provided, or not known)""))",,,,,,"range request failed: ConnectionError: HTTPSConnectionPool(host='huggingface.co', port=443): Max retries exceeded with url: /buckets/scrollprize/datasets/resolve/surfaces/kaggle/images/sample_00788.tif (Caused by NameResolutionError(""HTTPSConnection(host='huggingface.co', port=443): Failed to resolve 'huggingface.co' ([Errno 8] nodename nor servname provided, or not known)""))"
sample_00789,True,True,,,,,,"range request failed: ConnectionError: HTTPSConnectionPool(host='huggingface.co', port=443): Max retries exceeded with url: /buckets/scrollprize/datasets/resolve/surfaces/kaggle/labels/sample_00789.tif (Caused by NameResolutionError(""HTTPSConnection(host='huggingface.co', port=443): Failed to resolve 'huggingface.co' ([Errno 8] nodename nor servname provided, or not known)""))",,,,,,"range request failed: ConnectionError: HTTPSConnectionPool(host='huggingface.co', port=443): Max retries exceeded with url: /buckets/scrollprize/datasets/resolve/surfaces/kaggle/images/sample_00789.tif (Caused by NameResolutionError(""HTTPSConnection(host='huggingface.co', port=443): Failed to resolve 'huggingface.co' ([Errno 8] nodename nor servname provided, or not known)""))"
sample_00790,True,True,,,,,,"range request failed: ConnectionError: HTTPSConnectionPool(host='huggingface.co', port=443): Max retries exceeded with url: /buckets/scrollprize/datasets/resolve/surfaces/kaggle/labels/sample_00790.tif (Caused by NameResolutionError(""HTTPSConnection(host='huggingface.co', port=443): Failed to resolve 'huggingface.co' ([Errno 8] nodename nor servname provided, or not known)""))",,,,,,"range request failed: ConnectionError: HTTPSConnectionPool(host='huggingface.co', port=443): Max retries exceeded with url: /buckets/scrollprize/datasets/resolve/surfaces/kaggle/images/sample_00790.tif (Caused by NameResolutionError(""HTTPSConnection(host='huggingface.co', port=443): Failed to resolve 'huggingface.co' ([Errno 8] nodename nor servname provided, or not known)""))"
sample_00791,True,True,,,,,,"range request failed: ConnectionError: HTTPSConnectionPool(host='huggingface.co', port=443): Max retries exceeded with url: /buckets/scrollprize/datasets/resolve/surfaces/kaggle/labels/sample_00791.tif (Caused by NameResolutionError(""HTTPSConnection(host='huggingface.co', port=443): Failed to resolve 'huggingface.co' ([Errno 8] nodename nor servname provided, or not known)""))",,,,,,"range request failed: ConnectionError: HTTPSConnectionPool(host='huggingface.co', port=443): Max retries exceeded with url: /buckets/scrollprize/datasets/resolve/surfaces/kaggle/images/sample_00791.tif (Caused by NameResolutionError(""HTTPSConnection(host='huggingface.co', port=443): Failed to resolve 'huggingface.co' ([Errno 8] nodename nor servname provided, or not known)""))"
sample_00792,True,True,,,,,,"range request failed: ConnectionError: HTTPSConnectionPool(host='huggingface.co', port=443): Max retries exceeded with url: /buckets/scrollprize/datasets/resolve/surfaces/kaggle/labels/sample_00792.tif (Caused by NameResolutionError(""HTTPSConnection(host='huggingface.co', port=443): Failed to resolve 'huggingface.co' ([Errno 8] nodename nor servname provided, or not known)""))",,,,,,"range request failed: ConnectionError: HTTPSConnectionPool(host='huggingface.co', port=443): Max retries exceeded with url: /buckets/scrollprize/datasets/resolve/surfaces/kaggle/images/sample_00792.tif (Caused by NameResolutionError(""HTTPSConnection(host='huggingface.co', port=443): Failed to resolve 'huggingface.co' ([Errno 8] nodename nor servname provided, or not known)""))"
sample_00793,True,True,,,,,,"range request failed: ConnectionError: HTTPSConnectionPool(host='huggingface.co', port=443): Max retries exceeded with url: /buckets/scrollprize/datasets/resolve/surfaces/kaggle/labels/sample_00793.tif (Caused by NameResolutionError(""HTTPSConnection(host='huggingface.co', port=443): Failed to resolve 'huggingface.co' ([Errno 8] nodename nor servname provided, or not known)""))",,,,,,"range request failed: ConnectionError: HTTPSConnectionPool(host='huggingface.co', port=443): Max retries exceeded with url: /buckets/scrollprize/datasets/resolve/surfaces/kaggle/images/sample_00793.tif (Caused by NameResolutionError(""HTTPSConnection(host='huggingface.co', port=443): Failed to resolve 'huggingface.co' ([Errno 8] nodename nor servname provided, or not known)""))"
sample_00794,True,True,,,,,,"range request failed: ConnectionError: HTTPSConnectionPool(host='huggingface.co', port=443): Max retries exceeded with url: /buckets/scrollprize/datasets/resolve/surfaces/kaggle/labels/sample_00794.tif (Caused by NameResolutionError(""HTTPSConnection(host='huggingface.co', port=443): Failed to resolve 'huggingface.co' ([Errno 8] nodename nor servname provided, or not known)""))",,,,,,"range request failed: ConnectionError: HTTPSConnectionPool(host='huggingface.co', port=443): Max retries exceeded with url: /buckets/scrollprize/datasets/resolve/surfaces/kaggle/images/sample_00794.tif (Caused by NameResolutionError(""HTTPSConnection(host='huggingface.co', port=443): Failed to resolve 'huggingface.co' ([Errno 8] nodename nor servname provided, or not known)""))"
sample_00795,True,True,,,,,,"range request failed: ConnectionError: HTTPSConnectionPool(host='huggingface.co', port=443): Max retries exceeded with url: /buckets/scrollprize/datasets/resolve/surfaces/kaggle/labels/sample_00795.tif (Caused by NameResolutionError(""HTTPSConnection(host='huggingface.co', port=443): Failed to resolve 'huggingface.co' ([Errno 8] nodename nor servname provided, or not known)""))",,,,,,"range request failed: ConnectionError: HTTPSConnectionPool(host='huggingface.co', port=443): Max retries exceeded with url: /buckets/scrollprize/datasets/resolve/surfaces/kaggle/images/sample_00795.tif (Caused by NameResolutionError(""HTTPSConnection(host='huggingface.co', port=443): Failed to resolve 'huggingface.co' ([Errno 8] nodename nor servname provided, or not known)""))"
sample_00796,True,True,,,,,,"range request failed: ConnectionError: HTTPSConnectionPool(host='huggingface.co', port=443): Max retries exceeded with url: /buckets/scrollprize/datasets/resolve/surfaces/kaggle/labels/sample_00796.tif (Caused by NameResolutionError(""HTTPSConnection(host='huggingface.co', port=443): Failed to resolve 'huggingface.co' ([Errno 8] nodename nor servname provided, or not known)""))",,,,,,"range request failed: ConnectionError: HTTPSConnectionPool(host='huggingface.co', port=443): Max retries exceeded with url: /buckets/scrollprize/datasets/resolve/surfaces/kaggle/images/sample_00796.tif (Caused by NameResolutionError(""HTTPSConnection(host='huggingface.co', port=443): Failed to resolve 'huggingface.co' ([Errno 8] nodename nor servname provided, or not known)""))"
sample_00797,True,True,,,,,,"range request failed: ConnectionError: HTTPSConnectionPool(host='huggingface.co', port=443): Max retries exceeded with url: /buckets/scrollprize/datasets/resolve/surfaces/kaggle/labels/sample_00797.tif (Caused by NameResolutionError(""HTTPSConnection(host='huggingface.co', port=443): Failed to resolve 'huggingface.co' ([Errno 8] nodename nor servname provided, or not known)""))",,,,,,"range request failed: ConnectionError: HTTPSConnectionPool(host='huggingface.co', port=443): Max retries exceeded with url: /buckets/scrollprize/datasets/resolve/surfaces/kaggle/images/sample_00797.tif (Caused by NameResolutionError(""HTTPSConnection(host='huggingface.co', port=443): Failed to resolve 'huggingface.co' ([Errno 8] nodename nor servname provided, or not known)""))"
sample_00798,True,True,,,,,,"range request failed: ConnectionError: HTTPSConnectionPool(host='huggingface.co', port=443): Max retries exceeded with url: /buckets/scrollprize/datasets/resolve/surfaces/kaggle/labels/sample_00798.tif (Caused by NameResolutionError(""HTTPSConnection(host='huggingface.co', port=443): Failed to resolve 'huggingface.co' ([Errno 8] nodename nor servname provided, or not known)""))",,,,,,"range request failed: ConnectionError: HTTPSConnectionPool(host='huggingface.co', port=443): Max retries exceeded with url: /buckets/scrollprize/datasets/resolve/surfaces/kaggle/images/sample_00798.tif (Caused by NameResolutionError(""HTTPSConnection(host='huggingface.co', port=443): Failed to resolve 'huggingface.co' ([Errno 8] nodename nor servname provided, or not known)""))"
sample_00799,True,True,,,,,,"range request failed: ConnectionError: HTTPSConnectionPool(host='huggingface.co', port=443): Max retries exceeded with url: /buckets/scrollprize/datasets/resolve/surfaces/kaggle/labels/sample_00799.tif (Caused by NameResolutionError(""HTTPSConnection(host='huggingface.co', port=443): Failed to resolve 'huggingface.co' ([Errno 8] nodename nor servname provided, or not known)""))",,,,,,"range request failed: ConnectionError: HTTPSConnectionPool(host='huggingface.co', port=443): Max retries exceeded with url: /buckets/scrollprize/datasets/resolve/surfaces/kaggle/images/sample_00799.tif (Caused by NameResolutionError(""HTTPSConnection(host='huggingface.co', port=443): Failed to resolve 'huggingface.co' ([Errno 8] nodename nor servname provided, or not known)""))"
sample_00800,True,True,,,,,,"range request failed: ConnectionError: HTTPSConnectionPool(host='huggingface.co', port=443): Max retries exceeded with url: /buckets/scrollprize/datasets/resolve/surfaces/kaggle/labels/sample_00800.tif (Caused by NameResolutionError(""HTTPSConnection(host='huggingface.co', port=443): Failed to resolve 'huggingface.co' ([Errno 8] nodename nor servname provided, or not known)""))",,,,,,"range request failed: ConnectionError: HTTPSConnectionPool(host='huggingface.co', port=443): Max retries exceeded with url: /buckets/scrollprize/datasets/resolve/surfaces/kaggle/images/sample_00800.tif (Caused by NameResolutionError(""HTTPSConnection(host='huggingface.co', port=443): Failed to resolve 'huggingface.co' ([Errno 8] nodename nor servname provided, or not known)""))"
sample_00801,True,True,,,,,,"range request failed: ConnectionError: HTTPSConnectionPool(host='huggingface.co', port=443): Max retries exceeded with url: /buckets/scrollprize/datasets/resolve/surfaces/kaggle/labels/sample_00801.tif (Caused by NameResolutionError(""HTTPSConnection(host='huggingface.co', port=443): Failed to resolve 'huggingface.co' ([Errno 8] nodename nor servname provided, or not known)""))",,,,,,"range request failed: ConnectionError: HTTPSConnectionPool(host='huggingface.co', port=443): Max retries exceeded with url: /buckets/scrollprize/datasets/resolve/surfaces/kaggle/images/sample_00801.tif (Caused by NameResolutionError(""HTTPSConnection(host='huggingface.co', port=443): Failed to resolve 'huggingface.co' ([Errno 8] nodename nor servname provided, or not known)""))"
sample_00802,True,True,,,,,,"range request failed: ConnectionError: HTTPSConnectionPool(host='huggingface.co', port=443): Max retries exceeded with url: /buckets/scrollprize/datasets/resolve/surfaces/kaggle/labels/sample_00802.tif (Caused by NameResolutionError(""HTTPSConnection(host='huggingface.co', port=443): Failed to resolve 'huggingface.co' ([Errno 8] nodename nor servname provided, or not known)""))",,,,,,"range request failed: ConnectionError: HTTPSConnectionPool(host='huggingface.co', port=443): Max retries exceeded with url: /buckets/scrollprize/datasets/resolve/surfaces/kaggle/images/sample_00802.tif (Caused by NameResolutionError(""HTTPSConnection(host='huggingface.co', port=443): Failed to resolve 'huggingface.co' ([Errno 8] nodename nor servname provided, or not known)""))"
sample_00803,True,True,,,,,,"range request failed: ConnectionError: HTTPSConnectionPool(host='huggingface.co', port=443): Max retries exceeded with url: /buckets/scrollprize/datasets/resolve/surfaces/kaggle/labels/sample_00803.tif (Caused by NameResolutionError(""HTTPSConnection(host='huggingface.co', port=443): Failed to resolve 'huggingface.co' ([Errno 8] nodename nor servname provided, or not known)""))",,,,,,"range request failed: ConnectionError: HTTPSConnectionPool(host='huggingface.co', port=443): Max retries exceeded with url: /buckets/scrollprize/datasets/resolve/surfaces/kaggle/images/sample_00803.tif (Caused by NameResolutionError(""HTTPSConnection(host='huggingface.co', port=443): Failed to resolve 'huggingface.co' ([Errno 8] nodename nor servname provided, or not known)""))"
sample_00804,True,True,,,,,,"range request failed: ConnectionError: HTTPSConnectionPool(host='huggingface.co', port=443): Max retries exceeded with url: /buckets/scrollprize/datasets/resolve/surfaces/kaggle/labels/sample_00804.tif (Caused by NameResolutionError(""HTTPSConnection(host='huggingface.co', port=443): Failed to resolve 'huggingface.co' ([Errno 8] nodename nor servname provided, or not known)""))",,,,,,"range request failed: ConnectionError: HTTPSConnectionPool(host='huggingface.co', port=443): Max retries exceeded with url: /buckets/scrollprize/datasets/resolve/surfaces/kaggle/images/sample_00804.tif (Caused by NameResolutionError(""HTTPSConnection(host='huggingface.co', port=443): Failed to resolve 'huggingface.co' ([Errno 8] nodename nor servname provided, or not known)""))"
sample_00805,True,True,,,,,,"range request failed: ConnectionError: HTTPSConnectionPool(host='huggingface.co', port=443): Max retries exceeded with url: /buckets/scrollprize/datasets/resolve/surfaces/kaggle/labels/sample_00805.tif (Caused by NameResolutionError(""HTTPSConnection(host='huggingface.co', port=443): Failed to resolve 'huggingface.co' ([Errno 8] nodename nor servname provided, or not known)""))",,,,,,"range request failed: ConnectionError: HTTPSConnectionPool(host='huggingface.co', port=443): Max retries exceeded with url: /buckets/scrollprize/datasets/resolve/surfaces/kaggle/images/sample_00805.tif (Caused by NameResolutionError(""HTTPSConnection(host='huggingface.co', port=443): Failed to resolve 'huggingface.co' ([Errno 8] nodename nor servname provided, or not known)""))"
sample_00806,True,True,,,,,,"range request failed: ConnectionError: HTTPSConnectionPool(host='huggingface.co', port=443): Max retries exceeded with url: /buckets/scrollprize/datasets/resolve/surfaces/kaggle/labels/sample_00806.tif (Caused by NameResolutionError(""HTTPSConnection(host='huggingface.co', port=443): Failed to resolve 'huggingface.co' ([Errno 8] nodename nor servname provided, or not known)""))",,,,,,"range request failed: ConnectionError: HTTPSConnectionPool(host='huggingface.co', port=443): Max retries exceeded with url: /buckets/scrollprize/datasets/resolve/surfaces/kaggle/images/sample_00806.tif (Caused by NameResolutionError(""HTTPSConnection(host='huggingface.co', port=443): Failed to resolve 'huggingface.co' ([Errno 8] nodename nor servname provided, or not known)""))"
sample_00807,True,True,,,,,,"range request failed: ConnectionError: HTTPSConnectionPool(host='huggingface.co', port=443): Max retries exceeded with url: /buckets/scrollprize/datasets/resolve/surfaces/kaggle/labels/sample_00807.tif (Caused by NameResolutionError(""HTTPSConnection(host='huggingface.co', port=443): Failed to resolve 'huggingface.co' ([Errno 8] nodename nor servname provided, or not known)""))",,,,,,"range request failed: ConnectionError: HTTPSConnectionPool(host='huggingface.co', port=443): Max retries exceeded with url: /buckets/scrollprize/datasets/resolve/surfaces/kaggle/images/sample_00807.tif (Caused by NameResolutionError(""HTTPSConnection(host='huggingface.co', port=443): Failed to resolve 'huggingface.co' ([Errno 8] nodename nor servname provided, or not known)""))"
sample_00808,True,True,,,,,,"range request failed: ConnectionError: HTTPSConnectionPool(host='huggingface.co', port=443): Max retries exceeded with url: /buckets/scrollprize/datasets/resolve/surfaces/kaggle/labels/sample_00808.tif (Caused by NameResolutionError(""HTTPSConnection(host='huggingface.co', port=443): Failed to resolve 'huggingface.co' ([Errno 8] nodename nor servname provided, or not known)""))",,,,,,"range request failed: ConnectionError: HTTPSConnectionPool(host='huggingface.co', port=443): Max retries exceeded with url: /buckets/scrollprize/datasets/resolve/surfaces/kaggle/images/sample_00808.tif (Caused by NameResolutionError(""HTTPSConnection(host='huggingface.co', port=443): Failed to resolve 'huggingface.co' ([Errno 8] nodename nor servname provided, or not known)""))"
sample_00809,True,True,,,,,,"range request failed: ConnectionError: HTTPSConnectionPool(host='huggingface.co', port=443): Max retries exceeded with url: /buckets/scrollprize/datasets/resolve/surfaces/kaggle/labels/sample_00809.tif (Caused by NameResolutionError(""HTTPSConnection(host='huggingface.co', port=443): Failed to resolve 'huggingface.co' ([Errno 8] nodename nor servname provided, or not known)""))",,,,,,"range request failed: ConnectionError: HTTPSConnectionPool(host='huggingface.co', port=443): Max retries exceeded with url: /buckets/scrollprize/datasets/resolve/surfaces/kaggle/images/sample_00809.tif (Caused by NameResolutionError(""HTTPSConnection(host='huggingface.co', port=443): Failed to resolve 'huggingface.co' ([Errno 8] nodename nor servname provided, or not known)""))"
sample_00810,True,True,,,,,,"range request failed: ConnectionError: HTTPSConnectionPool(host='huggingface.co', port=443): Max retries exceeded with url: /buckets/scrollprize/datasets/resolve/surfaces/kaggle/labels/sample_00810.tif (Caused by NameResolutionError(""HTTPSConnection(host='huggingface.co', port=443): Failed to resolve 'huggingface.co' ([Errno 8] nodename nor servname provided, or not known)""))",,,,,,"range request failed: ConnectionError: HTTPSConnectionPool(host='huggingface.co', port=443): Max retries exceeded with url: /buckets/scrollprize/datasets/resolve/surfaces/kaggle/images/sample_00810.tif (Caused by NameResolutionError(""HTTPSConnection(host='huggingface.co', port=443): Failed to resolve 'huggingface.co' ([Errno 8] nodename nor servname provided, or not known)""))"
sample_00811,True,True,,,,,,"range request failed: ConnectionError: HTTPSConnectionPool(host='huggingface.co', port=443): Max retries exceeded with url: /buckets/scrollprize/datasets/resolve/surfaces/kaggle/labels/sample_00811.tif (Caused by NameResolutionError(""HTTPSConnection(host='huggingface.co', port=443): Failed to resolve 'huggingface.co' ([Errno 8] nodename nor servname provided, or not known)""))",,,,,,"range request failed: ConnectionError: HTTPSConnectionPool(host='huggingface.co', port=443): Max retries exceeded with url: /buckets/scrollprize/datasets/resolve/surfaces/kaggle/images/sample_00811.tif (Caused by NameResolutionError(""HTTPSConnection(host='huggingface.co', port=443): Failed to resolve 'huggingface.co' ([Errno 8] nodename nor servname provided, or not known)""))"
sample_00812,True,True,,,,,,"range request failed: ConnectionError: HTTPSConnectionPool(host='huggingface.co', port=443): Max retries exceeded with url: /buckets/scrollprize/datasets/resolve/surfaces/kaggle/labels/sample_00812.tif (Caused by NameResolutionError(""HTTPSConnection(host='huggingface.co', port=443): Failed to resolve 'huggingface.co' ([Errno 8] nodename nor servname provided, or not known)""))",,,,,,"range request failed: ConnectionError: HTTPSConnectionPool(host='huggingface.co', port=443): Max retries exceeded with url: /buckets/scrollprize/datasets/resolve/surfaces/kaggle/images/sample_00812.tif (Caused by NameResolutionError(""HTTPSConnection(host='huggingface.co', port=443): Failed to resolve 'huggingface.co' ([Errno 8] nodename nor servname provided, or not known)""))"
sample_00813,True,True,,,,,,"range request failed: ConnectionError: HTTPSConnectionPool(host='huggingface.co', port=443): Max retries exceeded with url: /buckets/scrollprize/datasets/resolve/surfaces/kaggle/labels/sample_00813.tif (Caused by NameResolutionError(""HTTPSConnection(host='huggingface.co', port=443): Failed to resolve 'huggingface.co' ([Errno 8] nodename nor servname provided, or not known)""))",,,,,,"range request failed: ConnectionError: HTTPSConnectionPool(host='huggingface.co', port=443): Max retries exceeded with url: /buckets/scrollprize/datasets/resolve/surfaces/kaggle/images/sample_00813.tif (Caused by NameResolutionError(""HTTPSConnection(host='huggingface.co', port=443): Failed to resolve 'huggingface.co' ([Errno 8] nodename nor servname provided, or not known)""))"
sample_00814,True,True,,,,,,"range request failed: ConnectionError: HTTPSConnectionPool(host='huggingface.co', port=443): Max retries exceeded with url: /buckets/scrollprize/datasets/resolve/surfaces/kaggle/labels/sample_00814.tif (Caused by NameResolutionError(""HTTPSConnection(host='huggingface.co', port=443): Failed to resolve 'huggingface.co' ([Errno 8] nodename nor servname provided, or not known)""))",,,,,,"range request failed: ConnectionError: HTTPSConnectionPool(host='huggingface.co', port=443): Max retries exceeded with url: /buckets/scrollprize/datasets/resolve/surfaces/kaggle/images/sample_00814.tif (Caused by NameResolutionError(""HTTPSConnection(host='huggingface.co', port=443): Failed to resolve 'huggingface.co' ([Errno 8] nodename nor servname provided, or not known)""))"
sample_00815,True,True,,,,,,"range request failed: ConnectionError: HTTPSConnectionPool(host='huggingface.co', port=443): Max retries exceeded with url: /buckets/scrollprize/datasets/resolve/surfaces/kaggle/labels/sample_00815.tif (Caused by NameResolutionError(""HTTPSConnection(host='huggingface.co', port=443): Failed to resolve 'huggingface.co' ([Errno 8] nodename nor servname provided, or not known)""))",,,,,,"range request failed: ConnectionError: HTTPSConnectionPool(host='huggingface.co', port=443): Max retries exceeded with url: /buckets/scrollprize/datasets/resolve/surfaces/kaggle/images/sample_00815.tif (Caused by NameResolutionError(""HTTPSConnection(host='huggingface.co', port=443): Failed to resolve 'huggingface.co' ([Errno 8] nodename nor servname provided, or not known)""))"
sample_00816,True,True,,,,,,"range request failed: ConnectionError: HTTPSConnectionPool(host='huggingface.co', port=443): Max retries exceeded with url: /buckets/scrollprize/datasets/resolve/surfaces/kaggle/labels/sample_00816.tif (Caused by NameResolutionError(""HTTPSConnection(host='huggingface.co', port=443): Failed to resolve 'huggingface.co' ([Errno 8] nodename nor servname provided, or not known)""))",,,,,,"range request failed: ConnectionError: HTTPSConnectionPool(host='huggingface.co', port=443): Max retries exceeded with url: /buckets/scrollprize/datasets/resolve/surfaces/kaggle/images/sample_00816.tif (Caused by NameResolutionError(""HTTPSConnection(host='huggingface.co', port=443): Failed to resolve 'huggingface.co' ([Errno 8] nodename nor servname provided, or not known)""))"
sample_00817,True,True,,,,,,"range request failed: ConnectionError: HTTPSConnectionPool(host='huggingface.co', port=443): Max retries exceeded with url: /buckets/scrollprize/datasets/resolve/surfaces/kaggle/labels/sample_00817.tif (Caused by NameResolutionError(""HTTPSConnection(host='huggingface.co', port=443): Failed to resolve 'huggingface.co' ([Errno 8] nodename nor servname provided, or not known)""))",,,,,,"range request failed: ConnectionError: HTTPSConnectionPool(host='huggingface.co', port=443): Max retries exceeded with url: /buckets/scrollprize/datasets/resolve/surfaces/kaggle/images/sample_00817.tif (Caused by NameResolutionError(""HTTPSConnection(host='huggingface.co', port=443): Failed to resolve 'huggingface.co' ([Errno 8] nodename nor servname provided, or not known)""))"
sample_00818,True,True,,,,,,"range request failed: ConnectionError: HTTPSConnectionPool(host='huggingface.co', port=443): Max retries exceeded with url: /buckets/scrollprize/datasets/resolve/surfaces/kaggle/labels/sample_00818.tif (Caused by NameResolutionError(""HTTPSConnection(host='huggingface.co', port=443): Failed to resolve 'huggingface.co' ([Errno 8] nodename nor servname provided, or not known)""))",,,,,,"range request failed: ConnectionError: HTTPSConnectionPool(host='huggingface.co', port=443): Max retries exceeded with url: /buckets/scrollprize/datasets/resolve/surfaces/kaggle/images/sample_00818.tif (Caused by NameResolutionError(""HTTPSConnection(host='huggingface.co', port=443): Failed to resolve 'huggingface.co' ([Errno 8] nodename nor servname provided, or not known)""))"
sample_00819,True,True,,,,,,"range request failed: ConnectionError: HTTPSConnectionPool(host='huggingface.co', port=443): Max retries exceeded with url: /buckets/scrollprize/datasets/resolve/surfaces/kaggle/labels/sample_00819.tif (Caused by NameResolutionError(""HTTPSConnection(host='huggingface.co', port=443): Failed to resolve 'huggingface.co' ([Errno 8] nodename nor servname provided, or not known)""))",,,,,,"range request failed: ConnectionError: HTTPSConnectionPool(host='huggingface.co', port=443): Max retries exceeded with url: /buckets/scrollprize/datasets/resolve/surfaces/kaggle/images/sample_00819.tif (Caused by NameResolutionError(""HTTPSConnection(host='huggingface.co', port=443): Failed to resolve 'huggingface.co' ([Errno 8] nodename nor servname provided, or not known)""))"
sample_00820,True,True,,,,,,"range request failed: ConnectionError: HTTPSConnectionPool(host='huggingface.co', port=443): Max retries exceeded with url: /buckets/scrollprize/datasets/resolve/surfaces/kaggle/labels/sample_00820.tif (Caused by NameResolutionError(""HTTPSConnection(host='huggingface.co', port=443): Failed to resolve 'huggingface.co' ([Errno 8] nodename nor servname provided, or not known)""))",,,,,,"range request failed: ConnectionError: HTTPSConnectionPool(host='huggingface.co', port=443): Max retries exceeded with url: /buckets/scrollprize/datasets/resolve/surfaces/kaggle/images/sample_00820.tif (Caused by NameResolutionError(""HTTPSConnection(host='huggingface.co', port=443): Failed to resolve 'huggingface.co' ([Errno 8] nodename nor servname provided, or not known)""))"
sample_00821,True,True,,,,,,"range request failed: ConnectionError: HTTPSConnectionPool(host='huggingface.co', port=443): Max retries exceeded with url: /buckets/scrollprize/datasets/resolve/surfaces/kaggle/labels/sample_00821.tif (Caused by NameResolutionError(""HTTPSConnection(host='huggingface.co', port=443): Failed to resolve 'huggingface.co' ([Errno 8] nodename nor servname provided, or not known)""))",,,,,,"range request failed: ConnectionError: HTTPSConnectionPool(host='huggingface.co', port=443): Max retries exceeded with url: /buckets/scrollprize/datasets/resolve/surfaces/kaggle/images/sample_00821.tif (Caused by NameResolutionError(""HTTPSConnection(host='huggingface.co', port=443): Failed to resolve 'huggingface.co' ([Errno 8] nodename nor servname provided, or not known)""))"
sample_00822,True,True,,,,,,"range request failed: ConnectionError: HTTPSConnectionPool(host='huggingface.co', port=443): Max retries exceeded with url: /buckets/scrollprize/datasets/resolve/surfaces/kaggle/labels/sample_00822.tif (Caused by NameResolutionError(""HTTPSConnection(host='huggingface.co', port=443): Failed to resolve 'huggingface.co' ([Errno 8] nodename nor servname provided, or not known)""))",,,,,,"range request failed: ConnectionError: HTTPSConnectionPool(host='huggingface.co', port=443): Max retries exceeded with url: /buckets/scrollprize/datasets/resolve/surfaces/kaggle/images/sample_00822.tif (Caused by NameResolutionError(""HTTPSConnection(host='huggingface.co', port=443): Failed to resolve 'huggingface.co' ([Errno 8] nodename nor servname provided, or not known)""))"
sample_00823,True,True,,,,,,"range request failed: ConnectionError: HTTPSConnectionPool(host='huggingface.co', port=443): Max retries exceeded with url: /buckets/scrollprize/datasets/resolve/surfaces/kaggle/labels/sample_00823.tif (Caused by NameResolutionError(""HTTPSConnection(host='huggingface.co', port=443): Failed to resolve 'huggingface.co' ([Errno 8] nodename nor servname provided, or not known)""))",,,,,,"range request failed: ConnectionError: HTTPSConnectionPool(host='huggingface.co', port=443): Max retries exceeded with url: /buckets/scrollprize/datasets/resolve/surfaces/kaggle/images/sample_00823.tif (Caused by NameResolutionError(""HTTPSConnection(host='huggingface.co', port=443): Failed to resolve 'huggingface.co' ([Errno 8] nodename nor servname provided, or not known)""))"
sample_00824,True,True,,,,,,"range request failed: ConnectionError: HTTPSConnectionPool(host='huggingface.co', port=443): Max retries exceeded with url: /buckets/scrollprize/datasets/resolve/surfaces/kaggle/labels/sample_00824.tif (Caused by NameResolutionError(""HTTPSConnection(host='huggingface.co', port=443): Failed to resolve 'huggingface.co' ([Errno 8] nodename nor servname provided, or not known)""))",,,,,,"range request failed: ConnectionError: HTTPSConnectionPool(host='huggingface.co', port=443): Max retries exceeded with url: /buckets/scrollprize/datasets/resolve/surfaces/kaggle/images/sample_00824.tif (Caused by NameResolutionError(""HTTPSConnection(host='huggingface.co', port=443): Failed to resolve 'huggingface.co' ([Errno 8] nodename nor servname provided, or not known)""))"
sample_00826,True,True,,,,,,"range request failed: ConnectionError: HTTPSConnectionPool(host='huggingface.co', port=443): Max retries exceeded with url: /buckets/scrollprize/datasets/resolve/surfaces/kaggle/labels/sample_00826.tif (Caused by NameResolutionError(""HTTPSConnection(host='huggingface.co', port=443): Failed to resolve 'huggingface.co' ([Errno 8] nodename nor servname provided, or not known)""))",,,,,,"range request failed: ConnectionError: HTTPSConnectionPool(host='huggingface.co', port=443): Max retries exceeded with url: /buckets/scrollprize/datasets/resolve/surfaces/kaggle/images/sample_00826.tif (Caused by NameResolutionError(""HTTPSConnection(host='huggingface.co', port=443): Failed to resolve 'huggingface.co' ([Errno 8] nodename nor servname provided, or not known)""))"
sample_00827,True,True,,,,,,"range request failed: ConnectionError: HTTPSConnectionPool(host='huggingface.co', port=443): Max retries exceeded with url: /buckets/scrollprize/datasets/resolve/surfaces/kaggle/labels/sample_00827.tif (Caused by NameResolutionError(""HTTPSConnection(host='huggingface.co', port=443): Failed to resolve 'huggingface.co' ([Errno 8] nodename nor servname provided, or not known)""))",,,,,,"range request failed: ConnectionError: HTTPSConnectionPool(host='huggingface.co', port=443): Max retries exceeded with url: /buckets/scrollprize/datasets/resolve/surfaces/kaggle/images/sample_00827.tif (Caused by NameResolutionError(""HTTPSConnection(host='huggingface.co', port=443): Failed to resolve 'huggingface.co' ([Errno 8] nodename nor servname provided, or not known)""))"
sample_00828,True,True,,,,,,"range request failed: ConnectionError: HTTPSConnectionPool(host='huggingface.co', port=443): Max retries exceeded with url: /buckets/scrollprize/datasets/resolve/surfaces/kaggle/labels/sample_00828.tif (Caused by NameResolutionError(""HTTPSConnection(host='huggingface.co', port=443): Failed to resolve 'huggingface.co' ([Errno 8] nodename nor servname provided, or not known)""))",,,,,,"range request failed: ConnectionError: HTTPSConnectionPool(host='huggingface.co', port=443): Max retries exceeded with url: /buckets/scrollprize/datasets/resolve/surfaces/kaggle/images/sample_00828.tif (Caused by NameResolutionError(""HTTPSConnection(host='huggingface.co', port=443): Failed to resolve 'huggingface.co' ([Errno 8] nodename nor servname provided, or not known)""))"
sample_00829,True,True,,,,,,"range request failed: ConnectionError: HTTPSConnectionPool(host='huggingface.co', port=443): Max retries exceeded with url: /buckets/scrollprize/datasets/resolve/surfaces/kaggle/labels/sample_00829.tif (Caused by NameResolutionError(""HTTPSConnection(host='huggingface.co', port=443): Failed to resolve 'huggingface.co' ([Errno 8] nodename nor servname provided, or not known)""))",,,,,,"range request failed: ConnectionError: HTTPSConnectionPool(host='huggingface.co', port=443): Max retries exceeded with url: /buckets/scrollprize/datasets/resolve/surfaces/kaggle/images/sample_00829.tif (Caused by NameResolutionError(""HTTPSConnection(host='huggingface.co', port=443): Failed to resolve 'huggingface.co' ([Errno 8] nodename nor servname provided, or not known)""))"
sample_00830,True,True,,,,,,"range request failed: ConnectionError: HTTPSConnectionPool(host='huggingface.co', port=443): Max retries exceeded with url: /buckets/scrollprize/datasets/resolve/surfaces/kaggle/labels/sample_00830.tif (Caused by NameResolutionError(""HTTPSConnection(host='huggingface.co', port=443): Failed to resolve 'huggingface.co' ([Errno 8] nodename nor servname provided, or not known)""))",,,,,,"range request failed: ConnectionError: HTTPSConnectionPool(host='huggingface.co', port=443): Max retries exceeded with url: /buckets/scrollprize/datasets/resolve/surfaces/kaggle/images/sample_00830.tif (Caused by NameResolutionError(""HTTPSConnection(host='huggingface.co', port=443): Failed to resolve 'huggingface.co' ([Errno 8] nodename nor servname provided, or not known)""))"
sample_00831,True,True,,,,,,"range request failed: ConnectionError: HTTPSConnectionPool(host='huggingface.co', port=443): Max retries exceeded with url: /buckets/scrollprize/datasets/resolve/surfaces/kaggle/labels/sample_00831.tif (Caused by NameResolutionError(""HTTPSConnection(host='huggingface.co', port=443): Failed to resolve 'huggingface.co' ([Errno 8] nodename nor servname provided, or not known)""))",,,,,,"range request failed: ConnectionError: HTTPSConnectionPool(host='huggingface.co', port=443): Max retries exceeded with url: /buckets/scrollprize/datasets/resolve/surfaces/kaggle/images/sample_00831.tif (Caused by NameResolutionError(""HTTPSConnection(host='huggingface.co', port=443): Failed to resolve 'huggingface.co' ([Errno 8] nodename nor servname provided, or not known)""))"
sample_00832,True,True,,,,,,"range request failed: ConnectionError: HTTPSConnectionPool(host='huggingface.co', port=443): Max retries exceeded with url: /buckets/scrollprize/datasets/resolve/surfaces/kaggle/labels/sample_00832.tif (Caused by NameResolutionError(""HTTPSConnection(host='huggingface.co', port=443): Failed to resolve 'huggingface.co' ([Errno 8] nodename nor servname provided, or not known)""))",,,,,,"range request failed: ConnectionError: HTTPSConnectionPool(host='huggingface.co', port=443): Max retries exceeded with url: /buckets/scrollprize/datasets/resolve/surfaces/kaggle/images/sample_00832.tif (Caused by NameResolutionError(""HTTPSConnection(host='huggingface.co', port=443): Failed to resolve 'huggingface.co' ([Errno 8] nodename nor servname provided, or not known)""))"
sample_00833,True,True,,,,,,"range request failed: ConnectionError: HTTPSConnectionPool(host='huggingface.co', port=443): Max retries exceeded with url: /buckets/scrollprize/datasets/resolve/surfaces/kaggle/labels/sample_00833.tif (Caused by NameResolutionError(""HTTPSConnection(host='huggingface.co', port=443): Failed to resolve 'huggingface.co' ([Errno 8] nodename nor servname provided, or not known)""))",,,,,,"range request failed: ConnectionError: HTTPSConnectionPool(host='huggingface.co', port=443): Max retries exceeded with url: /buckets/scrollprize/datasets/resolve/surfaces/kaggle/images/sample_00833.tif (Caused by NameResolutionError(""HTTPSConnection(host='huggingface.co', port=443): Failed to resolve 'huggingface.co' ([Errno 8] nodename nor servname provided, or not known)""))"
sample_00834,True,True,,,,,,"range request failed: ConnectionError: HTTPSConnectionPool(host='huggingface.co', port=443): Max retries exceeded with url: /buckets/scrollprize/datasets/resolve/surfaces/kaggle/labels/sample_00834.tif (Caused by NameResolutionError(""HTTPSConnection(host='huggingface.co', port=443): Failed to resolve 'huggingface.co' ([Errno 8] nodename nor servname provided, or not known)""))",,,,,,"range request failed: ConnectionError: HTTPSConnectionPool(host='huggingface.co', port=443): Max retries exceeded with url: /buckets/scrollprize/datasets/resolve/surfaces/kaggle/images/sample_00834.tif (Caused by NameResolutionError(""HTTPSConnection(host='huggingface.co', port=443): Failed to resolve 'huggingface.co' ([Errno 8] nodename nor servname provided, or not known)""))"
sample_00835,True,True,,,,,,"range request failed: ConnectionError: HTTPSConnectionPool(host='huggingface.co', port=443): Max retries exceeded with url: /buckets/scrollprize/datasets/resolve/surfaces/kaggle/labels/sample_00835.tif (Caused by NameResolutionError(""HTTPSConnection(host='huggingface.co', port=443): Failed to resolve 'huggingface.co' ([Errno 8] nodename nor servname provided, or not known)""))",,,,,,"range request failed: ConnectionError: HTTPSConnectionPool(host='huggingface.co', port=443): Max retries exceeded with url: /buckets/scrollprize/datasets/resolve/surfaces/kaggle/images/sample_00835.tif (Caused by NameResolutionError(""HTTPSConnection(host='huggingface.co', port=443): Failed to resolve 'huggingface.co' ([Errno 8] nodename nor servname provided, or not known)""))"
sample_00836,True,True,,,,,,"range request failed: ConnectionError: HTTPSConnectionPool(host='huggingface.co', port=443): Max retries exceeded with url: /buckets/scrollprize/datasets/resolve/surfaces/kaggle/labels/sample_00836.tif (Caused by NameResolutionError(""HTTPSConnection(host='huggingface.co', port=443): Failed to resolve 'huggingface.co' ([Errno 8] nodename nor servname provided, or not known)""))",,,,,,"range request failed: ConnectionError: HTTPSConnectionPool(host='huggingface.co', port=443): Max retries exceeded with url: /buckets/scrollprize/datasets/resolve/surfaces/kaggle/images/sample_00836.tif (Caused by NameResolutionError(""HTTPSConnection(host='huggingface.co', port=443): Failed to resolve 'huggingface.co' ([Errno 8] nodename nor servname provided, or not known)""))"
sample_00837,True,True,,,,,,"range request failed: ConnectionError: HTTPSConnectionPool(host='huggingface.co', port=443): Max retries exceeded with url: /buckets/scrollprize/datasets/resolve/surfaces/kaggle/labels/sample_00837.tif (Caused by NameResolutionError(""HTTPSConnection(host='huggingface.co', port=443): Failed to resolve 'huggingface.co' ([Errno 8] nodename nor servname provided, or not known)""))",,,,,,"range request failed: ConnectionError: HTTPSConnectionPool(host='huggingface.co', port=443): Max retries exceeded with url: /buckets/scrollprize/datasets/resolve/surfaces/kaggle/images/sample_00837.tif (Caused by NameResolutionError(""HTTPSConnection(host='huggingface.co', port=443): Failed to resolve 'huggingface.co' ([Errno 8] nodename nor servname provided, or not known)""))"
sample_00838,True,True,,,,,,"range request failed: ConnectionError: HTTPSConnectionPool(host='huggingface.co', port=443): Max retries exceeded with url: /buckets/scrollprize/datasets/resolve/surfaces/kaggle/labels/sample_00838.tif (Caused by NameResolutionError(""HTTPSConnection(host='huggingface.co', port=443): Failed to resolve 'huggingface.co' ([Errno 8] nodename nor servname provided, or not known)""))",,,,,,"range request failed: ConnectionError: HTTPSConnectionPool(host='huggingface.co', port=443): Max retries exceeded with url: /buckets/scrollprize/datasets/resolve/surfaces/kaggle/images/sample_00838.tif (Caused by NameResolutionError(""HTTPSConnection(host='huggingface.co', port=443): Failed to resolve 'huggingface.co' ([Errno 8] nodename nor servname provided, or not known)""))"
sample_00839,True,True,,,,,,"range request failed: ConnectionError: HTTPSConnectionPool(host='huggingface.co', port=443): Max retries exceeded with url: /buckets/scrollprize/datasets/resolve/surfaces/kaggle/labels/sample_00839.tif (Caused by NameResolutionError(""HTTPSConnection(host='huggingface.co', port=443): Failed to resolve 'huggingface.co' ([Errno 8] nodename nor servname provided, or not known)""))",,,,,,"range request failed: ConnectionError: HTTPSConnectionPool(host='huggingface.co', port=443): Max retries exceeded with url: /buckets/scrollprize/datasets/resolve/surfaces/kaggle/images/sample_00839.tif (Caused by NameResolutionError(""HTTPSConnection(host='huggingface.co', port=443): Failed to resolve 'huggingface.co' ([Errno 8] nodename nor servname provided, or not known)""))"
sample_00840,True,True,,,,,,"range request failed: ConnectionError: HTTPSConnectionPool(host='huggingface.co', port=443): Max retries exceeded with url: /buckets/scrollprize/datasets/resolve/surfaces/kaggle/labels/sample_00840.tif (Caused by NameResolutionError(""HTTPSConnection(host='huggingface.co', port=443): Failed to resolve 'huggingface.co' ([Errno 8] nodename nor servname provided, or not known)""))",,,,,,"range request failed: ConnectionError: HTTPSConnectionPool(host='huggingface.co', port=443): Max retries exceeded with url: /buckets/scrollprize/datasets/resolve/surfaces/kaggle/images/sample_00840.tif (Caused by NameResolutionError(""HTTPSConnection(host='huggingface.co', port=443): Failed to resolve 'huggingface.co' ([Errno 8] nodename nor servname provided, or not known)""))"
sample_00841,True,True,,,,,,"range request failed: ConnectionError: HTTPSConnectionPool(host='huggingface.co', port=443): Max retries exceeded with url: /buckets/scrollprize/datasets/resolve/surfaces/kaggle/labels/sample_00841.tif (Caused by NameResolutionError(""HTTPSConnection(host='huggingface.co', port=443): Failed to resolve 'huggingface.co' ([Errno 8] nodename nor servname provided, or not known)""))",,,,,,"range request failed: ConnectionError: HTTPSConnectionPool(host='huggingface.co', port=443): Max retries exceeded with url: /buckets/scrollprize/datasets/resolve/surfaces/kaggle/images/sample_00841.tif (Caused by NameResolutionError(""HTTPSConnection(host='huggingface.co', port=443): Failed to resolve 'huggingface.co' ([Errno 8] nodename nor servname provided, or not known)""))"
sample_00842,True,True,,,,,,"range request failed: ConnectionError: HTTPSConnectionPool(host='huggingface.co', port=443): Max retries exceeded with url: /buckets/scrollprize/datasets/resolve/surfaces/kaggle/labels/sample_00842.tif (Caused by NameResolutionError(""HTTPSConnection(host='huggingface.co', port=443): Failed to resolve 'huggingface.co' ([Errno 8] nodename nor servname provided, or not known)""))",,,,,,"range request failed: ConnectionError: HTTPSConnectionPool(host='huggingface.co', port=443): Max retries exceeded with url: /buckets/scrollprize/datasets/resolve/surfaces/kaggle/images/sample_00842.tif (Caused by NameResolutionError(""HTTPSConnection(host='huggingface.co', port=443): Failed to resolve 'huggingface.co' ([Errno 8] nodename nor servname provided, or not known)""))"
sample_00843,True,True,,,,,,"range request failed: ConnectionError: HTTPSConnectionPool(host='huggingface.co', port=443): Max retries exceeded with url: /buckets/scrollprize/datasets/resolve/surfaces/kaggle/labels/sample_00843.tif (Caused by NameResolutionError(""HTTPSConnection(host='huggingface.co', port=443): Failed to resolve 'huggingface.co' ([Errno 8] nodename nor servname provided, or not known)""))",,,,,,"range request failed: ConnectionError: HTTPSConnectionPool(host='huggingface.co', port=443): Max retries exceeded with url: /buckets/scrollprize/datasets/resolve/surfaces/kaggle/images/sample_00843.tif (Caused by NameResolutionError(""HTTPSConnection(host='huggingface.co', port=443): Failed to resolve 'huggingface.co' ([Errno 8] nodename nor servname provided, or not known)""))"
sample_00844,True,True,,,,,,"range request failed: ConnectionError: HTTPSConnectionPool(host='huggingface.co', port=443): Max retries exceeded with url: /buckets/scrollprize/datasets/resolve/surfaces/kaggle/labels/sample_00844.tif (Caused by NameResolutionError(""HTTPSConnection(host='huggingface.co', port=443): Failed to resolve 'huggingface.co' ([Errno 8] nodename nor servname provided, or not known)""))",,,,,,"range request failed: ConnectionError: HTTPSConnectionPool(host='huggingface.co', port=443): Max retries exceeded with url: /buckets/scrollprize/datasets/resolve/surfaces/kaggle/images/sample_00844.tif (Caused by NameResolutionError(""HTTPSConnection(host='huggingface.co', port=443): Failed to resolve 'huggingface.co' ([Errno 8] nodename nor servname provided, or not known)""))"
sample_00845,True,True,,,,,,"range request failed: ConnectionError: HTTPSConnectionPool(host='huggingface.co', port=443): Max retries exceeded with url: /buckets/scrollprize/datasets/resolve/surfaces/kaggle/labels/sample_00845.tif (Caused by NameResolutionError(""HTTPSConnection(host='huggingface.co', port=443): Failed to resolve 'huggingface.co' ([Errno 8] nodename nor servname provided, or not known)""))",,,,,,"range request failed: ConnectionError: HTTPSConnectionPool(host='huggingface.co', port=443): Max retries exceeded with url: /buckets/scrollprize/datasets/resolve/surfaces/kaggle/images/sample_00845.tif (Caused by NameResolutionError(""HTTPSConnection(host='huggingface.co', port=443): Failed to resolve 'huggingface.co' ([Errno 8] nodename nor servname provided, or not known)""))"
sample_00846,True,True,,,,,,"range request failed: ConnectionError: HTTPSConnectionPool(host='huggingface.co', port=443): Max retries exceeded with url: /buckets/scrollprize/datasets/resolve/surfaces/kaggle/labels/sample_00846.tif (Caused by NameResolutionError(""HTTPSConnection(host='huggingface.co', port=443): Failed to resolve 'huggingface.co' ([Errno 8] nodename nor servname provided, or not known)""))",,,,,,"range request failed: ConnectionError: HTTPSConnectionPool(host='huggingface.co', port=443): Max retries exceeded with url: /buckets/scrollprize/datasets/resolve/surfaces/kaggle/images/sample_00846.tif (Caused by NameResolutionError(""HTTPSConnection(host='huggingface.co', port=443): Failed to resolve 'huggingface.co' ([Errno 8] nodename nor servname provided, or not known)""))"
sample_00847,True,True,,,,,,"range request failed: ConnectionError: HTTPSConnectionPool(host='huggingface.co', port=443): Max retries exceeded with url: /buckets/scrollprize/datasets/resolve/surfaces/kaggle/labels/sample_00847.tif (Caused by NameResolutionError(""HTTPSConnection(host='huggingface.co', port=443): Failed to resolve 'huggingface.co' ([Errno 8] nodename nor servname provided, or not known)""))",,,,,,"range request failed: ConnectionError: HTTPSConnectionPool(host='huggingface.co', port=443): Max retries exceeded with url: /buckets/scrollprize/datasets/resolve/surfaces/kaggle/images/sample_00847.tif (Caused by NameResolutionError(""HTTPSConnection(host='huggingface.co', port=443): Failed to resolve 'huggingface.co' ([Errno 8] nodename nor servname provided, or not known)""))"
sample_00848,True,True,,,,,,"range request failed: ConnectionError: HTTPSConnectionPool(host='huggingface.co', port=443): Max retries exceeded with url: /buckets/scrollprize/datasets/resolve/surfaces/kaggle/labels/sample_00848.tif (Caused by NameResolutionError(""HTTPSConnection(host='huggingface.co', port=443): Failed to resolve 'huggingface.co' ([Errno 8] nodename nor servname provided, or not known)""))",,,,,,"range request failed: ConnectionError: HTTPSConnectionPool(host='huggingface.co', port=443): Max retries exceeded with url: /buckets/scrollprize/datasets/resolve/surfaces/kaggle/images/sample_00848.tif (Caused by NameResolutionError(""HTTPSConnection(host='huggingface.co', port=443): Failed to resolve 'huggingface.co' ([Errno 8] nodename nor servname provided, or not known)""))"
sample_00850,True,True,,,,,,"range request failed: ConnectionError: HTTPSConnectionPool(host='huggingface.co', port=443): Max retries exceeded with url: /buckets/scrollprize/datasets/resolve/surfaces/kaggle/labels/sample_00850.tif (Caused by NameResolutionError(""HTTPSConnection(host='huggingface.co', port=443): Failed to resolve 'huggingface.co' ([Errno 8] nodename nor servname provided, or not known)""))",,,,,,"range request failed: ConnectionError: HTTPSConnectionPool(host='huggingface.co', port=443): Max retries exceeded with url: /buckets/scrollprize/datasets/resolve/surfaces/kaggle/images/sample_00850.tif (Caused by NameResolutionError(""HTTPSConnection(host='huggingface.co', port=443): Failed to resolve 'huggingface.co' ([Errno 8] nodename nor servname provided, or not known)""))"
sample_00851,True,True,,,,,,"range request failed: ConnectionError: HTTPSConnectionPool(host='huggingface.co', port=443): Max retries exceeded with url: /buckets/scrollprize/datasets/resolve/surfaces/kaggle/labels/sample_00851.tif (Caused by NameResolutionError(""HTTPSConnection(host='huggingface.co', port=443): Failed to resolve 'huggingface.co' ([Errno 8] nodename nor servname provided, or not known)""))",,,,,,"range request failed: ConnectionError: HTTPSConnectionPool(host='huggingface.co', port=443): Max retries exceeded with url: /buckets/scrollprize/datasets/resolve/surfaces/kaggle/images/sample_00851.tif (Caused by NameResolutionError(""HTTPSConnection(host='huggingface.co', port=443): Failed to resolve 'huggingface.co' ([Errno 8] nodename nor servname provided, or not known)""))"
sample_00852,True,True,,,,,,"range request failed: ConnectionError: HTTPSConnectionPool(host='huggingface.co', port=443): Max retries exceeded with url: /buckets/scrollprize/datasets/resolve/surfaces/kaggle/labels/sample_00852.tif (Caused by NameResolutionError(""HTTPSConnection(host='huggingface.co', port=443): Failed to resolve 'huggingface.co' ([Errno 8] nodename nor servname provided, or not known)""))",,,,,,"range request failed: ConnectionError: HTTPSConnectionPool(host='huggingface.co', port=443): Max retries exceeded with url: /buckets/scrollprize/datasets/resolve/surfaces/kaggle/images/sample_00852.tif (Caused by NameResolutionError(""HTTPSConnection(host='huggingface.co', port=443): Failed to resolve 'huggingface.co' ([Errno 8] nodename nor servname provided, or not known)""))"
sample_00853,True,True,,,,,,"range request failed: ConnectionError: HTTPSConnectionPool(host='huggingface.co', port=443): Max retries exceeded with url: /buckets/scrollprize/datasets/resolve/surfaces/kaggle/labels/sample_00853.tif (Caused by NameResolutionError(""HTTPSConnection(host='huggingface.co', port=443): Failed to resolve 'huggingface.co' ([Errno 8] nodename nor servname provided, or not known)""))",,,,,,"range request failed: ConnectionError: HTTPSConnectionPool(host='huggingface.co', port=443): Max retries exceeded with url: /buckets/scrollprize/datasets/resolve/surfaces/kaggle/images/sample_00853.tif (Caused by NameResolutionError(""HTTPSConnection(host='huggingface.co', port=443): Failed to resolve 'huggingface.co' ([Errno 8] nodename nor servname provided, or not known)""))"
sample_00854,True,True,,,,,,"range request failed: ConnectionError: HTTPSConnectionPool(host='huggingface.co', port=443): Max retries exceeded with url: /buckets/scrollprize/datasets/resolve/surfaces/kaggle/labels/sample_00854.tif (Caused by NameResolutionError(""HTTPSConnection(host='huggingface.co', port=443): Failed to resolve 'huggingface.co' ([Errno 8] nodename nor servname provided, or not known)""))",,,,,,"range request failed: ConnectionError: HTTPSConnectionPool(host='huggingface.co', port=443): Max retries exceeded with url: /buckets/scrollprize/datasets/resolve/surfaces/kaggle/images/sample_00854.tif (Caused by NameResolutionError(""HTTPSConnection(host='huggingface.co', port=443): Failed to resolve 'huggingface.co' ([Errno 8] nodename nor servname provided, or not known)""))"
sample_00856,True,True,,,,,,"range request failed: ConnectionError: HTTPSConnectionPool(host='huggingface.co', port=443): Max retries exceeded with url: /buckets/scrollprize/datasets/resolve/surfaces/kaggle/labels/sample_00856.tif (Caused by NameResolutionError(""HTTPSConnection(host='huggingface.co', port=443): Failed to resolve 'huggingface.co' ([Errno 8] nodename nor servname provided, or not known)""))",,,,,,"range request failed: ConnectionError: HTTPSConnectionPool(host='huggingface.co', port=443): Max retries exceeded with url: /buckets/scrollprize/datasets/resolve/surfaces/kaggle/images/sample_00856.tif (Caused by NameResolutionError(""HTTPSConnection(host='huggingface.co', port=443): Failed to resolve 'huggingface.co' ([Errno 8] nodename nor servname provided, or not known)""))"
sample_00857,True,True,,,,,,"range request failed: ConnectionError: HTTPSConnectionPool(host='huggingface.co', port=443): Max retries exceeded with url: /buckets/scrollprize/datasets/resolve/surfaces/kaggle/labels/sample_00857.tif (Caused by NameResolutionError(""HTTPSConnection(host='huggingface.co', port=443): Failed to resolve 'huggingface.co' ([Errno 8] nodename nor servname provided, or not known)""))",,,,,,"range request failed: ConnectionError: HTTPSConnectionPool(host='huggingface.co', port=443): Max retries exceeded with url: /buckets/scrollprize/datasets/resolve/surfaces/kaggle/images/sample_00857.tif (Caused by NameResolutionError(""HTTPSConnection(host='huggingface.co', port=443): Failed to resolve 'huggingface.co' ([Errno 8] nodename nor servname provided, or not known)""))"
sample_00858,True,True,,,,,,"range request failed: ConnectionError: HTTPSConnectionPool(host='huggingface.co', port=443): Max retries exceeded with url: /buckets/scrollprize/datasets/resolve/surfaces/kaggle/labels/sample_00858.tif (Caused by NameResolutionError(""HTTPSConnection(host='huggingface.co', port=443): Failed to resolve 'huggingface.co' ([Errno 8] nodename nor servname provided, or not known)""))",,,,,,"range request failed: ConnectionError: HTTPSConnectionPool(host='huggingface.co', port=443): Max retries exceeded with url: /buckets/scrollprize/datasets/resolve/surfaces/kaggle/images/sample_00858.tif (Caused by NameResolutionError(""HTTPSConnection(host='huggingface.co', port=443): Failed to resolve 'huggingface.co' ([Errno 8] nodename nor servname provided, or not known)""))"
sample_00859,True,True,,,,,,"range request failed: ConnectionError: HTTPSConnectionPool(host='huggingface.co', port=443): Max retries exceeded with url: /buckets/scrollprize/datasets/resolve/surfaces/kaggle/labels/sample_00859.tif (Caused by NameResolutionError(""HTTPSConnection(host='huggingface.co', port=443): Failed to resolve 'huggingface.co' ([Errno 8] nodename nor servname provided, or not known)""))",,,,,,"range request failed: ConnectionError: HTTPSConnectionPool(host='huggingface.co', port=443): Max retries exceeded with url: /buckets/scrollprize/datasets/resolve/surfaces/kaggle/images/sample_00859.tif (Caused by NameResolutionError(""HTTPSConnection(host='huggingface.co', port=443): Failed to resolve 'huggingface.co' ([Errno 8] nodename nor servname provided, or not known)""))"
sample_00860,True,True,,,,,,"range request failed: ConnectionError: HTTPSConnectionPool(host='huggingface.co', port=443): Max retries exceeded with url: /buckets/scrollprize/datasets/resolve/surfaces/kaggle/labels/sample_00860.tif (Caused by NameResolutionError(""HTTPSConnection(host='huggingface.co', port=443): Failed to resolve 'huggingface.co' ([Errno 8] nodename nor servname provided, or not known)""))",,,,,,"range request failed: ConnectionError: HTTPSConnectionPool(host='huggingface.co', port=443): Max retries exceeded with url: /buckets/scrollprize/datasets/resolve/surfaces/kaggle/images/sample_00860.tif (Caused by NameResolutionError(""HTTPSConnection(host='huggingface.co', port=443): Failed to resolve 'huggingface.co' ([Errno 8] nodename nor servname provided, or not known)""))"
sample_00861,True,True,,,,,,"range request failed: ConnectionError: HTTPSConnectionPool(host='huggingface.co', port=443): Max retries exceeded with url: /buckets/scrollprize/datasets/resolve/surfaces/kaggle/labels/sample_00861.tif (Caused by NameResolutionError(""HTTPSConnection(host='huggingface.co', port=443): Failed to resolve 'huggingface.co' ([Errno 8] nodename nor servname provided, or not known)""))",,,,,,"range request failed: ConnectionError: HTTPSConnectionPool(host='huggingface.co', port=443): Max retries exceeded with url: /buckets/scrollprize/datasets/resolve/surfaces/kaggle/images/sample_00861.tif (Caused by NameResolutionError(""HTTPSConnection(host='huggingface.co', port=443): Failed to resolve 'huggingface.co' ([Errno 8] nodename nor servname provided, or not known)""))"
sample_00862,True,True,,,,,,"range request failed: ConnectionError: HTTPSConnectionPool(host='huggingface.co', port=443): Max retries exceeded with url: /buckets/scrollprize/datasets/resolve/surfaces/kaggle/labels/sample_00862.tif (Caused by NameResolutionError(""HTTPSConnection(host='huggingface.co', port=443): Failed to resolve 'huggingface.co' ([Errno 8] nodename nor servname provided, or not known)""))",,,,,,"range request failed: ConnectionError: HTTPSConnectionPool(host='huggingface.co', port=443): Max retries exceeded with url: /buckets/scrollprize/datasets/resolve/surfaces/kaggle/images/sample_00862.tif (Caused by NameResolutionError(""HTTPSConnection(host='huggingface.co', port=443): Failed to resolve 'huggingface.co' ([Errno 8] nodename nor servname provided, or not known)""))"
sample_00863,True,True,,,,,,"range request failed: ConnectionError: HTTPSConnectionPool(host='huggingface.co', port=443): Max retries exceeded with url: /buckets/scrollprize/datasets/resolve/surfaces/kaggle/labels/sample_00863.tif (Caused by NameResolutionError(""HTTPSConnection(host='huggingface.co', port=443): Failed to resolve 'huggingface.co' ([Errno 8] nodename nor servname provided, or not known)""))",,,,,,"range request failed: ConnectionError: HTTPSConnectionPool(host='huggingface.co', port=443): Max retries exceeded with url: /buckets/scrollprize/datasets/resolve/surfaces/kaggle/images/sample_00863.tif (Caused by NameResolutionError(""HTTPSConnection(host='huggingface.co', port=443): Failed to resolve 'huggingface.co' ([Errno 8] nodename nor servname provided, or not known)""))"
sample_00864,True,True,,,,,,"range request failed: ConnectionError: HTTPSConnectionPool(host='huggingface.co', port=443): Max retries exceeded with url: /buckets/scrollprize/datasets/resolve/surfaces/kaggle/labels/sample_00864.tif (Caused by NameResolutionError(""HTTPSConnection(host='huggingface.co', port=443): Failed to resolve 'huggingface.co' ([Errno 8] nodename nor servname provided, or not known)""))",,,,,,"range request failed: ConnectionError: HTTPSConnectionPool(host='huggingface.co', port=443): Max retries exceeded with url: /buckets/scrollprize/datasets/resolve/surfaces/kaggle/images/sample_00864.tif (Caused by NameResolutionError(""HTTPSConnection(host='huggingface.co', port=443): Failed to resolve 'huggingface.co' ([Errno 8] nodename nor servname provided, or not known)""))"
sample_00865,True,True,,,,,,"range request failed: ConnectionError: HTTPSConnectionPool(host='huggingface.co', port=443): Max retries exceeded with url: /buckets/scrollprize/datasets/resolve/surfaces/kaggle/labels/sample_00865.tif (Caused by NameResolutionError(""HTTPSConnection(host='huggingface.co', port=443): Failed to resolve 'huggingface.co' ([Errno 8] nodename nor servname provided, or not known)""))",,,,,,"range request failed: ConnectionError: HTTPSConnectionPool(host='huggingface.co', port=443): Max retries exceeded with url: /buckets/scrollprize/datasets/resolve/surfaces/kaggle/images/sample_00865.tif (Caused by NameResolutionError(""HTTPSConnection(host='huggingface.co', port=443): Failed to resolve 'huggingface.co' ([Errno 8] nodename nor servname provided, or not known)""))"
sample_00866,True,True,,,,,,"range request failed: ConnectionError: HTTPSConnectionPool(host='huggingface.co', port=443): Max retries exceeded with url: /buckets/scrollprize/datasets/resolve/surfaces/kaggle/labels/sample_00866.tif (Caused by NameResolutionError(""HTTPSConnection(host='huggingface.co', port=443): Failed to resolve 'huggingface.co' ([Errno 8] nodename nor servname provided, or not known)""))",,,,,,"range request failed: ConnectionError: HTTPSConnectionPool(host='huggingface.co', port=443): Max retries exceeded with url: /buckets/scrollprize/datasets/resolve/surfaces/kaggle/images/sample_00866.tif (Caused by NameResolutionError(""HTTPSConnection(host='huggingface.co', port=443): Failed to resolve 'huggingface.co' ([Errno 8] nodename nor servname provided, or not known)""))"
sample_00867,True,True,,,,,,"range request failed: ConnectionError: HTTPSConnectionPool(host='huggingface.co', port=443): Max retries exceeded with url: /buckets/scrollprize/datasets/resolve/surfaces/kaggle/labels/sample_00867.tif (Caused by NameResolutionError(""HTTPSConnection(host='huggingface.co', port=443): Failed to resolve 'huggingface.co' ([Errno 8] nodename nor servname provided, or not known)""))",,,,,,"range request failed: ConnectionError: HTTPSConnectionPool(host='huggingface.co', port=443): Max retries exceeded with url: /buckets/scrollprize/datasets/resolve/surfaces/kaggle/images/sample_00867.tif (Caused by NameResolutionError(""HTTPSConnection(host='huggingface.co', port=443): Failed to resolve 'huggingface.co' ([Errno 8] nodename nor servname provided, or not known)""))"
sample_00868,True,True,,,,,,"range request failed: ConnectionError: HTTPSConnectionPool(host='huggingface.co', port=443): Max retries exceeded with url: /buckets/scrollprize/datasets/resolve/surfaces/kaggle/labels/sample_00868.tif (Caused by NameResolutionError(""HTTPSConnection(host='huggingface.co', port=443): Failed to resolve 'huggingface.co' ([Errno 8] nodename nor servname provided, or not known)""))",,,,,,"range request failed: ConnectionError: HTTPSConnectionPool(host='huggingface.co', port=443): Max retries exceeded with url: /buckets/scrollprize/datasets/resolve/surfaces/kaggle/images/sample_00868.tif (Caused by NameResolutionError(""HTTPSConnection(host='huggingface.co', port=443): Failed to resolve 'huggingface.co' ([Errno 8] nodename nor servname provided, or not known)""))"
sample_00869,True,True,,,,,,"range request failed: ConnectionError: HTTPSConnectionPool(host='huggingface.co', port=443): Max retries exceeded with url: /buckets/scrollprize/datasets/resolve/surfaces/kaggle/labels/sample_00869.tif (Caused by NameResolutionError(""HTTPSConnection(host='huggingface.co', port=443): Failed to resolve 'huggingface.co' ([Errno 8] nodename nor servname provided, or not known)""))",,,,,,"range request failed: ConnectionError: HTTPSConnectionPool(host='huggingface.co', port=443): Max retries exceeded with url: /buckets/scrollprize/datasets/resolve/surfaces/kaggle/images/sample_00869.tif (Caused by NameResolutionError(""HTTPSConnection(host='huggingface.co', port=443): Failed to resolve 'huggingface.co' ([Errno 8] nodename nor servname provided, or not known)""))"
sample_00870,True,True,,,,,,"range request failed: ConnectionError: HTTPSConnectionPool(host='huggingface.co', port=443): Max retries exceeded with url: /buckets/scrollprize/datasets/resolve/surfaces/kaggle/labels/sample_00870.tif (Caused by NameResolutionError(""HTTPSConnection(host='huggingface.co', port=443): Failed to resolve 'huggingface.co' ([Errno 8] nodename nor servname provided, or not known)""))",,,,,,"range request failed: ConnectionError: HTTPSConnectionPool(host='huggingface.co', port=443): Max retries exceeded with url: /buckets/scrollprize/datasets/resolve/surfaces/kaggle/images/sample_00870.tif (Caused by NameResolutionError(""HTTPSConnection(host='huggingface.co', port=443): Failed to resolve 'huggingface.co' ([Errno 8] nodename nor servname provided, or not known)""))"
sample_00871,True,True,,,,,,"range request failed: ConnectionError: HTTPSConnectionPool(host='huggingface.co', port=443): Max retries exceeded with url: /buckets/scrollprize/datasets/resolve/surfaces/kaggle/labels/sample_00871.tif (Caused by NameResolutionError(""HTTPSConnection(host='huggingface.co', port=443): Failed to resolve 'huggingface.co' ([Errno 8] nodename nor servname provided, or not known)""))",,,,,,"range request failed: ConnectionError: HTTPSConnectionPool(host='huggingface.co', port=443): Max retries exceeded with url: /buckets/scrollprize/datasets/resolve/surfaces/kaggle/images/sample_00871.tif (Caused by NameResolutionError(""HTTPSConnection(host='huggingface.co', port=443): Failed to resolve 'huggingface.co' ([Errno 8] nodename nor servname provided, or not known)""))"
sample_00872,True,True,,,,,,"range request failed: ConnectionError: HTTPSConnectionPool(host='huggingface.co', port=443): Max retries exceeded with url: /buckets/scrollprize/datasets/resolve/surfaces/kaggle/labels/sample_00872.tif (Caused by NameResolutionError(""HTTPSConnection(host='huggingface.co', port=443): Failed to resolve 'huggingface.co' ([Errno 8] nodename nor servname provided, or not known)""))",,,,,,"range request failed: ConnectionError: HTTPSConnectionPool(host='huggingface.co', port=443): Max retries exceeded with url: /buckets/scrollprize/datasets/resolve/surfaces/kaggle/images/sample_00872.tif (Caused by NameResolutionError(""HTTPSConnection(host='huggingface.co', port=443): Failed to resolve 'huggingface.co' ([Errno 8] nodename nor servname provided, or not known)""))"
sample_00873,True,True,,,,,,"range request failed: ConnectionError: HTTPSConnectionPool(host='huggingface.co', port=443): Max retries exceeded with url: /buckets/scrollprize/datasets/resolve/surfaces/kaggle/labels/sample_00873.tif (Caused by NameResolutionError(""HTTPSConnection(host='huggingface.co', port=443): Failed to resolve 'huggingface.co' ([Errno 8] nodename nor servname provided, or not known)""))",,,,,,"range request failed: ConnectionError: HTTPSConnectionPool(host='huggingface.co', port=443): Max retries exceeded with url: /buckets/scrollprize/datasets/resolve/surfaces/kaggle/images/sample_00873.tif (Caused by NameResolutionError(""HTTPSConnection(host='huggingface.co', port=443): Failed to resolve 'huggingface.co' ([Errno 8] nodename nor servname provided, or not known)""))"
sample_00874,True,True,,,,,,"range request failed: ConnectionError: HTTPSConnectionPool(host='huggingface.co', port=443): Max retries exceeded with url: /buckets/scrollprize/datasets/resolve/surfaces/kaggle/labels/sample_00874.tif (Caused by NameResolutionError(""HTTPSConnection(host='huggingface.co', port=443): Failed to resolve 'huggingface.co' ([Errno 8] nodename nor servname provided, or not known)""))",,,,,,"range request failed: ConnectionError: HTTPSConnectionPool(host='huggingface.co', port=443): Max retries exceeded with url: /buckets/scrollprize/datasets/resolve/surfaces/kaggle/images/sample_00874.tif (Caused by NameResolutionError(""HTTPSConnection(host='huggingface.co', port=443): Failed to resolve 'huggingface.co' ([Errno 8] nodename nor servname provided, or not known)""))"
sample_00875,True,True,,,,,,"range request failed: ConnectionError: HTTPSConnectionPool(host='huggingface.co', port=443): Max retries exceeded with url: /buckets/scrollprize/datasets/resolve/surfaces/kaggle/labels/sample_00875.tif (Caused by NameResolutionError(""HTTPSConnection(host='huggingface.co', port=443): Failed to resolve 'huggingface.co' ([Errno 8] nodename nor servname provided, or not known)""))",,,,,,"range request failed: ConnectionError: HTTPSConnectionPool(host='huggingface.co', port=443): Max retries exceeded with url: /buckets/scrollprize/datasets/resolve/surfaces/kaggle/images/sample_00875.tif (Caused by NameResolutionError(""HTTPSConnection(host='huggingface.co', port=443): Failed to resolve 'huggingface.co' ([Errno 8] nodename nor servname provided, or not known)""))"
sample_00877,True,True,,,,,,"range request failed: ConnectionError: HTTPSConnectionPool(host='huggingface.co', port=443): Max retries exceeded with url: /buckets/scrollprize/datasets/resolve/surfaces/kaggle/labels/sample_00877.tif (Caused by NameResolutionError(""HTTPSConnection(host='huggingface.co', port=443): Failed to resolve 'huggingface.co' ([Errno 8] nodename nor servname provided, or not known)""))",,,,,,"range request failed: ConnectionError: HTTPSConnectionPool(host='huggingface.co', port=443): Max retries exceeded with url: /buckets/scrollprize/datasets/resolve/surfaces/kaggle/images/sample_00877.tif (Caused by NameResolutionError(""HTTPSConnection(host='huggingface.co', port=443): Failed to resolve 'huggingface.co' ([Errno 8] nodename nor servname provided, or not known)""))"
sample_00878,True,True,,,,,,"range request failed: ConnectionError: HTTPSConnectionPool(host='huggingface.co', port=443): Max retries exceeded with url: /buckets/scrollprize/datasets/resolve/surfaces/kaggle/labels/sample_00878.tif (Caused by NameResolutionError(""HTTPSConnection(host='huggingface.co', port=443): Failed to resolve 'huggingface.co' ([Errno 8] nodename nor servname provided, or not known)""))",,,,,,"range request failed: ConnectionError: HTTPSConnectionPool(host='huggingface.co', port=443): Max retries exceeded with url: /buckets/scrollprize/datasets/resolve/surfaces/kaggle/images/sample_00878.tif (Caused by NameResolutionError(""HTTPSConnection(host='huggingface.co', port=443): Failed to resolve 'huggingface.co' ([Errno 8] nodename nor servname provided, or not known)""))"
sample_00879,True,True,,,,,,"range request failed: ConnectionError: HTTPSConnectionPool(host='huggingface.co', port=443): Max retries exceeded with url: /buckets/scrollprize/datasets/resolve/surfaces/kaggle/labels/sample_00879.tif (Caused by NameResolutionError(""HTTPSConnection(host='huggingface.co', port=443): Failed to resolve 'huggingface.co' ([Errno 8] nodename nor servname provided, or not known)""))",,,,,,"range request failed: ConnectionError: HTTPSConnectionPool(host='huggingface.co', port=443): Max retries exceeded with url: /buckets/scrollprize/datasets/resolve/surfaces/kaggle/images/sample_00879.tif (Caused by NameResolutionError(""HTTPSConnection(host='huggingface.co', port=443): Failed to resolve 'huggingface.co' ([Errno 8] nodename nor servname provided, or not known)""))"
sample_00880,True,True,,,,,,"range request failed: ConnectionError: HTTPSConnectionPool(host='huggingface.co', port=443): Max retries exceeded with url: /buckets/scrollprize/datasets/resolve/surfaces/kaggle/labels/sample_00880.tif (Caused by NameResolutionError(""HTTPSConnection(host='huggingface.co', port=443): Failed to resolve 'huggingface.co' ([Errno 8] nodename nor servname provided, or not known)""))",,,,,,"range request failed: ConnectionError: HTTPSConnectionPool(host='huggingface.co', port=443): Max retries exceeded with url: /buckets/scrollprize/datasets/resolve/surfaces/kaggle/images/sample_00880.tif (Caused by NameResolutionError(""HTTPSConnection(host='huggingface.co', port=443): Failed to resolve 'huggingface.co' ([Errno 8] nodename nor servname provided, or not known)""))"
sample_00881,True,True,,,,,,"range request failed: ConnectionError: HTTPSConnectionPool(host='huggingface.co', port=443): Max retries exceeded with url: /buckets/scrollprize/datasets/resolve/surfaces/kaggle/labels/sample_00881.tif (Caused by NameResolutionError(""HTTPSConnection(host='huggingface.co', port=443): Failed to resolve 'huggingface.co' ([Errno 8] nodename nor servname provided, or not known)""))",,,,,,"range request failed: ConnectionError: HTTPSConnectionPool(host='huggingface.co', port=443): Max retries exceeded with url: /buckets/scrollprize/datasets/resolve/surfaces/kaggle/images/sample_00881.tif (Caused by NameResolutionError(""HTTPSConnection(host='huggingface.co', port=443): Failed to resolve 'huggingface.co' ([Errno 8] nodename nor servname provided, or not known)""))"
sample_00882,True,True,,,,,,"range request failed: ConnectionError: HTTPSConnectionPool(host='huggingface.co', port=443): Max retries exceeded with url: /buckets/scrollprize/datasets/resolve/surfaces/kaggle/labels/sample_00882.tif (Caused by NameResolutionError(""HTTPSConnection(host='huggingface.co', port=443): Failed to resolve 'huggingface.co' ([Errno 8] nodename nor servname provided, or not known)""))",,,,,,"range request failed: ConnectionError: HTTPSConnectionPool(host='huggingface.co', port=443): Max retries exceeded with url: /buckets/scrollprize/datasets/resolve/surfaces/kaggle/images/sample_00882.tif (Caused by NameResolutionError(""HTTPSConnection(host='huggingface.co', port=443): Failed to resolve 'huggingface.co' ([Errno 8] nodename nor servname provided, or not known)""))"
sample_00883,True,True,,,,,,"range request failed: ConnectionError: HTTPSConnectionPool(host='huggingface.co', port=443): Max retries exceeded with url: /buckets/scrollprize/datasets/resolve/surfaces/kaggle/labels/sample_00883.tif (Caused by NameResolutionError(""HTTPSConnection(host='huggingface.co', port=443): Failed to resolve 'huggingface.co' ([Errno 8] nodename nor servname provided, or not known)""))",,,,,,"range request failed: ConnectionError: HTTPSConnectionPool(host='huggingface.co', port=443): Max retries exceeded with url: /buckets/scrollprize/datasets/resolve/surfaces/kaggle/images/sample_00883.tif (Caused by NameResolutionError(""HTTPSConnection(host='huggingface.co', port=443): Failed to resolve 'huggingface.co' ([Errno 8] nodename nor servname provided, or not known)""))"
sample_00884,True,True,,,,,,"range request failed: ConnectionError: HTTPSConnectionPool(host='huggingface.co', port=443): Max retries exceeded with url: /buckets/scrollprize/datasets/resolve/surfaces/kaggle/labels/sample_00884.tif (Caused by NameResolutionError(""HTTPSConnection(host='huggingface.co', port=443): Failed to resolve 'huggingface.co' ([Errno 8] nodename nor servname provided, or not known)""))",,,,,,"range request failed: ConnectionError: HTTPSConnectionPool(host='huggingface.co', port=443): Max retries exceeded with url: /buckets/scrollprize/datasets/resolve/surfaces/kaggle/images/sample_00884.tif (Caused by NameResolutionError(""HTTPSConnection(host='huggingface.co', port=443): Failed to resolve 'huggingface.co' ([Errno 8] nodename nor servname provided, or not known)""))"
sample_00885,True,True,,,,,,"range request failed: ConnectionError: HTTPSConnectionPool(host='huggingface.co', port=443): Max retries exceeded with url: /buckets/scrollprize/datasets/resolve/surfaces/kaggle/labels/sample_00885.tif (Caused by NameResolutionError(""HTTPSConnection(host='huggingface.co', port=443): Failed to resolve 'huggingface.co' ([Errno 8] nodename nor servname provided, or not known)""))",,,,,,"range request failed: ConnectionError: HTTPSConnectionPool(host='huggingface.co', port=443): Max retries exceeded with url: /buckets/scrollprize/datasets/resolve/surfaces/kaggle/images/sample_00885.tif (Caused by NameResolutionError(""HTTPSConnection(host='huggingface.co', port=443): Failed to resolve 'huggingface.co' ([Errno 8] nodename nor servname provided, or not known)""))"
sample_00886,True,True,,,,,,"range request failed: ConnectionError: HTTPSConnectionPool(host='huggingface.co', port=443): Max retries exceeded with url: /buckets/scrollprize/datasets/resolve/surfaces/kaggle/labels/sample_00886.tif (Caused by NameResolutionError(""HTTPSConnection(host='huggingface.co', port=443): Failed to resolve 'huggingface.co' ([Errno 8] nodename nor servname provided, or not known)""))",,,,,,"range request failed: ConnectionError: HTTPSConnectionPool(host='huggingface.co', port=443): Max retries exceeded with url: /buckets/scrollprize/datasets/resolve/surfaces/kaggle/images/sample_00886.tif (Caused by NameResolutionError(""HTTPSConnection(host='huggingface.co', port=443): Failed to resolve 'huggingface.co' ([Errno 8] nodename nor servname provided, or not known)""))"
sample_00887,True,True,,,,,,"range request failed: ConnectionError: HTTPSConnectionPool(host='huggingface.co', port=443): Max retries exceeded with url: /buckets/scrollprize/datasets/resolve/surfaces/kaggle/labels/sample_00887.tif (Caused by NameResolutionError(""HTTPSConnection(host='huggingface.co', port=443): Failed to resolve 'huggingface.co' ([Errno 8] nodename nor servname provided, or not known)""))",,,,,,"range request failed: ConnectionError: HTTPSConnectionPool(host='huggingface.co', port=443): Max retries exceeded with url: /buckets/scrollprize/datasets/resolve/surfaces/kaggle/images/sample_00887.tif (Caused by NameResolutionError(""HTTPSConnection(host='huggingface.co', port=443): Failed to resolve 'huggingface.co' ([Errno 8] nodename nor servname provided, or not known)""))"
sample_00888,True,True,,,,,,"range request failed: ConnectionError: HTTPSConnectionPool(host='huggingface.co', port=443): Max retries exceeded with url: /buckets/scrollprize/datasets/resolve/surfaces/kaggle/labels/sample_00888.tif (Caused by NameResolutionError(""HTTPSConnection(host='huggingface.co', port=443): Failed to resolve 'huggingface.co' ([Errno 8] nodename nor servname provided, or not known)""))",,,,,,"range request failed: ConnectionError: HTTPSConnectionPool(host='huggingface.co', port=443): Max retries exceeded with url: /buckets/scrollprize/datasets/resolve/surfaces/kaggle/images/sample_00888.tif (Caused by NameResolutionError(""HTTPSConnection(host='huggingface.co', port=443): Failed to resolve 'huggingface.co' ([Errno 8] nodename nor servname provided, or not known)""))"
sample_00889,True,True,,,,,,"range request failed: ConnectionError: HTTPSConnectionPool(host='huggingface.co', port=443): Max retries exceeded with url: /buckets/scrollprize/datasets/resolve/surfaces/kaggle/labels/sample_00889.tif (Caused by NameResolutionError(""HTTPSConnection(host='huggingface.co', port=443): Failed to resolve 'huggingface.co' ([Errno 8] nodename nor servname provided, or not known)""))",,,,,,"range request failed: ConnectionError: HTTPSConnectionPool(host='huggingface.co', port=443): Max retries exceeded with url: /buckets/scrollprize/datasets/resolve/surfaces/kaggle/images/sample_00889.tif (Caused by NameResolutionError(""HTTPSConnection(host='huggingface.co', port=443): Failed to resolve 'huggingface.co' ([Errno 8] nodename nor servname provided, or not known)""))"
sample_00890,True,True,,,,,,"range request failed: ConnectionError: HTTPSConnectionPool(host='huggingface.co', port=443): Max retries exceeded with url: /buckets/scrollprize/datasets/resolve/surfaces/kaggle/labels/sample_00890.tif (Caused by NameResolutionError(""HTTPSConnection(host='huggingface.co', port=443): Failed to resolve 'huggingface.co' ([Errno 8] nodename nor servname provided, or not known)""))",,,,,,"range request failed: ConnectionError: HTTPSConnectionPool(host='huggingface.co', port=443): Max retries exceeded with url: /buckets/scrollprize/datasets/resolve/surfaces/kaggle/images/sample_00890.tif (Caused by NameResolutionError(""HTTPSConnection(host='huggingface.co', port=443): Failed to resolve 'huggingface.co' ([Errno 8] nodename nor servname provided, or not known)""))"
sample_00891,True,True,,,,,,"range request failed: ConnectionError: HTTPSConnectionPool(host='huggingface.co', port=443): Max retries exceeded with url: /buckets/scrollprize/datasets/resolve/surfaces/kaggle/labels/sample_00891.tif (Caused by NameResolutionError(""HTTPSConnection(host='huggingface.co', port=443): Failed to resolve 'huggingface.co' ([Errno 8] nodename nor servname provided, or not known)""))",,,,,,"range request failed: ConnectionError: HTTPSConnectionPool(host='huggingface.co', port=443): Max retries exceeded with url: /buckets/scrollprize/datasets/resolve/surfaces/kaggle/images/sample_00891.tif (Caused by NameResolutionError(""HTTPSConnection(host='huggingface.co', port=443): Failed to resolve 'huggingface.co' ([Errno 8] nodename nor servname provided, or not known)""))"
sample_00892,True,True,,,,,,"range request failed: ConnectionError: HTTPSConnectionPool(host='huggingface.co', port=443): Max retries exceeded with url: /buckets/scrollprize/datasets/resolve/surfaces/kaggle/labels/sample_00892.tif (Caused by NameResolutionError(""HTTPSConnection(host='huggingface.co', port=443): Failed to resolve 'huggingface.co' ([Errno 8] nodename nor servname provided, or not known)""))",,,,,,"range request failed: ConnectionError: HTTPSConnectionPool(host='huggingface.co', port=443): Max retries exceeded with url: /buckets/scrollprize/datasets/resolve/surfaces/kaggle/images/sample_00892.tif (Caused by NameResolutionError(""HTTPSConnection(host='huggingface.co', port=443): Failed to resolve 'huggingface.co' ([Errno 8] nodename nor servname provided, or not known)""))"
sample_00893,True,True,,,,,,"range request failed: ConnectionError: HTTPSConnectionPool(host='huggingface.co', port=443): Max retries exceeded with url: /buckets/scrollprize/datasets/resolve/surfaces/kaggle/labels/sample_00893.tif (Caused by NameResolutionError(""HTTPSConnection(host='huggingface.co', port=443): Failed to resolve 'huggingface.co' ([Errno 8] nodename nor servname provided, or not known)""))",,,,,,"range request failed: ConnectionError: HTTPSConnectionPool(host='huggingface.co', port=443): Max retries exceeded with url: /buckets/scrollprize/datasets/resolve/surfaces/kaggle/images/sample_00893.tif (Caused by NameResolutionError(""HTTPSConnection(host='huggingface.co', port=443): Failed to resolve 'huggingface.co' ([Errno 8] nodename nor servname provided, or not known)""))"
sample_00894,True,True,,,,,,"range request failed: ConnectionError: HTTPSConnectionPool(host='huggingface.co', port=443): Max retries exceeded with url: /buckets/scrollprize/datasets/resolve/surfaces/kaggle/labels/sample_00894.tif (Caused by NameResolutionError(""HTTPSConnection(host='huggingface.co', port=443): Failed to resolve 'huggingface.co' ([Errno 8] nodename nor servname provided, or not known)""))",,,,,,"range request failed: ConnectionError: HTTPSConnectionPool(host='huggingface.co', port=443): Max retries exceeded with url: /buckets/scrollprize/datasets/resolve/surfaces/kaggle/images/sample_00894.tif (Caused by NameResolutionError(""HTTPSConnection(host='huggingface.co', port=443): Failed to resolve 'huggingface.co' ([Errno 8] nodename nor servname provided, or not known)""))"
sample_00895,True,True,,,,,,"range request failed: ConnectionError: HTTPSConnectionPool(host='huggingface.co', port=443): Max retries exceeded with url: /buckets/scrollprize/datasets/resolve/surfaces/kaggle/labels/sample_00895.tif (Caused by NameResolutionError(""HTTPSConnection(host='huggingface.co', port=443): Failed to resolve 'huggingface.co' ([Errno 8] nodename nor servname provided, or not known)""))",,,,,,"range request failed: ConnectionError: HTTPSConnectionPool(host='huggingface.co', port=443): Max retries exceeded with url: /buckets/scrollprize/datasets/resolve/surfaces/kaggle/images/sample_00895.tif (Caused by NameResolutionError(""HTTPSConnection(host='huggingface.co', port=443): Failed to resolve 'huggingface.co' ([Errno 8] nodename nor servname provided, or not known)""))"
sample_00896,True,True,,,,,,"range request failed: ConnectionError: HTTPSConnectionPool(host='huggingface.co', port=443): Max retries exceeded with url: /buckets/scrollprize/datasets/resolve/surfaces/kaggle/labels/sample_00896.tif (Caused by NameResolutionError(""HTTPSConnection(host='huggingface.co', port=443): Failed to resolve 'huggingface.co' ([Errno 8] nodename nor servname provided, or not known)""))",,,,,,"range request failed: ConnectionError: HTTPSConnectionPool(host='huggingface.co', port=443): Max retries exceeded with url: /buckets/scrollprize/datasets/resolve/surfaces/kaggle/images/sample_00896.tif (Caused by NameResolutionError(""HTTPSConnection(host='huggingface.co', port=443): Failed to resolve 'huggingface.co' ([Errno 8] nodename nor servname provided, or not known)""))"
sample_00897,True,True,,,,,,"range request failed: ConnectionError: HTTPSConnectionPool(host='huggingface.co', port=443): Max retries exceeded with url: /buckets/scrollprize/datasets/resolve/surfaces/kaggle/labels/sample_00897.tif (Caused by NameResolutionError(""HTTPSConnection(host='huggingface.co', port=443): Failed to resolve 'huggingface.co' ([Errno 8] nodename nor servname provided, or not known)""))",,,,,,"range request failed: ConnectionError: HTTPSConnectionPool(host='huggingface.co', port=443): Max retries exceeded with url: /buckets/scrollprize/datasets/resolve/surfaces/kaggle/images/sample_00897.tif (Caused by NameResolutionError(""HTTPSConnection(host='huggingface.co', port=443): Failed to resolve 'huggingface.co' ([Errno 8] nodename nor servname provided, or not known)""))"
sample_00898,True,True,,,,,,"range request failed: ConnectionError: HTTPSConnectionPool(host='huggingface.co', port=443): Max retries exceeded with url: /buckets/scrollprize/datasets/resolve/surfaces/kaggle/labels/sample_00898.tif (Caused by NameResolutionError(""HTTPSConnection(host='huggingface.co', port=443): Failed to resolve 'huggingface.co' ([Errno 8] nodename nor servname provided, or not known)""))",,,,,,"range request failed: ConnectionError: HTTPSConnectionPool(host='huggingface.co', port=443): Max retries exceeded with url: /buckets/scrollprize/datasets/resolve/surfaces/kaggle/images/sample_00898.tif (Caused by NameResolutionError(""HTTPSConnection(host='huggingface.co', port=443): Failed to resolve 'huggingface.co' ([Errno 8] nodename nor servname provided, or not known)""))"
sample_00899,True,True,,,,,,"range request failed: ConnectionError: HTTPSConnectionPool(host='huggingface.co', port=443): Max retries exceeded with url: /buckets/scrollprize/datasets/resolve/surfaces/kaggle/labels/sample_00899.tif (Caused by NameResolutionError(""HTTPSConnection(host='huggingface.co', port=443): Failed to resolve 'huggingface.co' ([Errno 8] nodename nor servname provided, or not known)""))",,,,,,"range request failed: ConnectionError: HTTPSConnectionPool(host='huggingface.co', port=443): Max retries exceeded with url: /buckets/scrollprize/datasets/resolve/surfaces/kaggle/images/sample_00899.tif (Caused by NameResolutionError(""HTTPSConnection(host='huggingface.co', port=443): Failed to resolve 'huggingface.co' ([Errno 8] nodename nor servname provided, or not known)""))"
sample_00900,True,True,,,,,,"range request failed: ConnectionError: HTTPSConnectionPool(host='huggingface.co', port=443): Max retries exceeded with url: /buckets/scrollprize/datasets/resolve/surfaces/kaggle/labels/sample_00900.tif (Caused by NameResolutionError(""HTTPSConnection(host='huggingface.co', port=443): Failed to resolve 'huggingface.co' ([Errno 8] nodename nor servname provided, or not known)""))",,,,,,"range request failed: ConnectionError: HTTPSConnectionPool(host='huggingface.co', port=443): Max retries exceeded with url: /buckets/scrollprize/datasets/resolve/surfaces/kaggle/images/sample_00900.tif (Caused by NameResolutionError(""HTTPSConnection(host='huggingface.co', port=443): Failed to resolve 'huggingface.co' ([Errno 8] nodename nor servname provided, or not known)""))"
sample_00901,True,True,,,,,,"range request failed: ConnectionError: HTTPSConnectionPool(host='huggingface.co', port=443): Max retries exceeded with url: /buckets/scrollprize/datasets/resolve/surfaces/kaggle/labels/sample_00901.tif (Caused by NameResolutionError(""HTTPSConnection(host='huggingface.co', port=443): Failed to resolve 'huggingface.co' ([Errno 8] nodename nor servname provided, or not known)""))",,,,,,"range request failed: ConnectionError: HTTPSConnectionPool(host='huggingface.co', port=443): Max retries exceeded with url: /buckets/scrollprize/datasets/resolve/surfaces/kaggle/images/sample_00901.tif (Caused by NameResolutionError(""HTTPSConnection(host='huggingface.co', port=443): Failed to resolve 'huggingface.co' ([Errno 8] nodename nor servname provided, or not known)""))"
sample_00902,True,True,,,,,,"range request failed: ConnectionError: HTTPSConnectionPool(host='huggingface.co', port=443): Max retries exceeded with url: /buckets/scrollprize/datasets/resolve/surfaces/kaggle/labels/sample_00902.tif (Caused by NameResolutionError(""HTTPSConnection(host='huggingface.co', port=443): Failed to resolve 'huggingface.co' ([Errno 8] nodename nor servname provided, or not known)""))",,,,,,"range request failed: ConnectionError: HTTPSConnectionPool(host='huggingface.co', port=443): Max retries exceeded with url: /buckets/scrollprize/datasets/resolve/surfaces/kaggle/images/sample_00902.tif (Caused by NameResolutionError(""HTTPSConnection(host='huggingface.co', port=443): Failed to resolve 'huggingface.co' ([Errno 8] nodename nor servname provided, or not known)""))"
sample_00903,True,True,,,,,,"range request failed: ConnectionError: HTTPSConnectionPool(host='huggingface.co', port=443): Max retries exceeded with url: /buckets/scrollprize/datasets/resolve/surfaces/kaggle/labels/sample_00903.tif (Caused by NameResolutionError(""HTTPSConnection(host='huggingface.co', port=443): Failed to resolve 'huggingface.co' ([Errno 8] nodename nor servname provided, or not known)""))",,,,,,"range request failed: ConnectionError: HTTPSConnectionPool(host='huggingface.co', port=443): Max retries exceeded with url: /buckets/scrollprize/datasets/resolve/surfaces/kaggle/images/sample_00903.tif (Caused by NameResolutionError(""HTTPSConnection(host='huggingface.co', port=443): Failed to resolve 'huggingface.co' ([Errno 8] nodename nor servname provided, or not known)""))"
sample_00904,True,True,,,,,,"range request failed: ConnectionError: HTTPSConnectionPool(host='huggingface.co', port=443): Max retries exceeded with url: /buckets/scrollprize/datasets/resolve/surfaces/kaggle/labels/sample_00904.tif (Caused by NameResolutionError(""HTTPSConnection(host='huggingface.co', port=443): Failed to resolve 'huggingface.co' ([Errno 8] nodename nor servname provided, or not known)""))",,,,,,"range request failed: ConnectionError: HTTPSConnectionPool(host='huggingface.co', port=443): Max retries exceeded with url: /buckets/scrollprize/datasets/resolve/surfaces/kaggle/images/sample_00904.tif (Caused by NameResolutionError(""HTTPSConnection(host='huggingface.co', port=443): Failed to resolve 'huggingface.co' ([Errno 8] nodename nor servname provided, or not known)""))"
sample_00905,True,True,,,,,,"range request failed: ConnectionError: HTTPSConnectionPool(host='huggingface.co', port=443): Max retries exceeded with url: /buckets/scrollprize/datasets/resolve/surfaces/kaggle/labels/sample_00905.tif (Caused by NameResolutionError(""HTTPSConnection(host='huggingface.co', port=443): Failed to resolve 'huggingface.co' ([Errno 8] nodename nor servname provided, or not known)""))",,,,,,"range request failed: ConnectionError: HTTPSConnectionPool(host='huggingface.co', port=443): Max retries exceeded with url: /buckets/scrollprize/datasets/resolve/surfaces/kaggle/images/sample_00905.tif (Caused by NameResolutionError(""HTTPSConnection(host='huggingface.co', port=443): Failed to resolve 'huggingface.co' ([Errno 8] nodename nor servname provided, or not known)""))"
sample_00906,True,True,,,,,,"range request failed: ConnectionError: HTTPSConnectionPool(host='huggingface.co', port=443): Max retries exceeded with url: /buckets/scrollprize/datasets/resolve/surfaces/kaggle/labels/sample_00906.tif (Caused by NameResolutionError(""HTTPSConnection(host='huggingface.co', port=443): Failed to resolve 'huggingface.co' ([Errno 8] nodename nor servname provided, or not known)""))",,,,,,"range request failed: ConnectionError: HTTPSConnectionPool(host='huggingface.co', port=443): Max retries exceeded with url: /buckets/scrollprize/datasets/resolve/surfaces/kaggle/images/sample_00906.tif (Caused by NameResolutionError(""HTTPSConnection(host='huggingface.co', port=443): Failed to resolve 'huggingface.co' ([Errno 8] nodename nor servname provided, or not known)""))"
sample_00907,True,True,,,,,,"range request failed: ConnectionError: HTTPSConnectionPool(host='huggingface.co', port=443): Max retries exceeded with url: /buckets/scrollprize/datasets/resolve/surfaces/kaggle/labels/sample_00907.tif (Caused by NameResolutionError(""HTTPSConnection(host='huggingface.co', port=443): Failed to resolve 'huggingface.co' ([Errno 8] nodename nor servname provided, or not known)""))",,,,,,"range request failed: ConnectionError: HTTPSConnectionPool(host='huggingface.co', port=443): Max retries exceeded with url: /buckets/scrollprize/datasets/resolve/surfaces/kaggle/images/sample_00907.tif (Caused by NameResolutionError(""HTTPSConnection(host='huggingface.co', port=443): Failed to resolve 'huggingface.co' ([Errno 8] nodename nor servname provided, or not known)""))"
sample_00908,True,True,,,,,,"range request failed: ConnectionError: HTTPSConnectionPool(host='huggingface.co', port=443): Max retries exceeded with url: /buckets/scrollprize/datasets/resolve/surfaces/kaggle/labels/sample_00908.tif (Caused by NameResolutionError(""HTTPSConnection(host='huggingface.co', port=443): Failed to resolve 'huggingface.co' ([Errno 8] nodename nor servname provided, or not known)""))",,,,,,"range request failed: ConnectionError: HTTPSConnectionPool(host='huggingface.co', port=443): Max retries exceeded with url: /buckets/scrollprize/datasets/resolve/surfaces/kaggle/images/sample_00908.tif (Caused by NameResolutionError(""HTTPSConnection(host='huggingface.co', port=443): Failed to resolve 'huggingface.co' ([Errno 8] nodename nor servname provided, or not known)""))"
sample_00909,True,True,,,,,,"range request failed: ConnectionError: HTTPSConnectionPool(host='huggingface.co', port=443): Max retries exceeded with url: /buckets/scrollprize/datasets/resolve/surfaces/kaggle/labels/sample_00909.tif (Caused by NameResolutionError(""HTTPSConnection(host='huggingface.co', port=443): Failed to resolve 'huggingface.co' ([Errno 8] nodename nor servname provided, or not known)""))",,,,,,"range request failed: ConnectionError: HTTPSConnectionPool(host='huggingface.co', port=443): Max retries exceeded with url: /buckets/scrollprize/datasets/resolve/surfaces/kaggle/images/sample_00909.tif (Caused by NameResolutionError(""HTTPSConnection(host='huggingface.co', port=443): Failed to resolve 'huggingface.co' ([Errno 8] nodename nor servname provided, or not known)""))"
sample_00910,True,True,,,,,,"range request failed: ConnectionError: HTTPSConnectionPool(host='huggingface.co', port=443): Max retries exceeded with url: /buckets/scrollprize/datasets/resolve/surfaces/kaggle/labels/sample_00910.tif (Caused by NameResolutionError(""HTTPSConnection(host='huggingface.co', port=443): Failed to resolve 'huggingface.co' ([Errno 8] nodename nor servname provided, or not known)""))",,,,,,"range request failed: ConnectionError: HTTPSConnectionPool(host='huggingface.co', port=443): Max retries exceeded with url: /buckets/scrollprize/datasets/resolve/surfaces/kaggle/images/sample_00910.tif (Caused by NameResolutionError(""HTTPSConnection(host='huggingface.co', port=443): Failed to resolve 'huggingface.co' ([Errno 8] nodename nor servname provided, or not known)""))"
sample_00911,True,True,,,,,,"range request failed: ConnectionError: HTTPSConnectionPool(host='huggingface.co', port=443): Max retries exceeded with url: /buckets/scrollprize/datasets/resolve/surfaces/kaggle/labels/sample_00911.tif (Caused by NameResolutionError(""HTTPSConnection(host='huggingface.co', port=443): Failed to resolve 'huggingface.co' ([Errno 8] nodename nor servname provided, or not known)""))",,,,,,"range request failed: ConnectionError: HTTPSConnectionPool(host='huggingface.co', port=443): Max retries exceeded with url: /buckets/scrollprize/datasets/resolve/surfaces/kaggle/images/sample_00911.tif (Caused by NameResolutionError(""HTTPSConnection(host='huggingface.co', port=443): Failed to resolve 'huggingface.co' ([Errno 8] nodename nor servname provided, or not known)""))"
sample_00912,True,True,,,,,,"range request failed: ConnectionError: HTTPSConnectionPool(host='huggingface.co', port=443): Max retries exceeded with url: /buckets/scrollprize/datasets/resolve/surfaces/kaggle/labels/sample_00912.tif (Caused by NameResolutionError(""HTTPSConnection(host='huggingface.co', port=443): Failed to resolve 'huggingface.co' ([Errno 8] nodename nor servname provided, or not known)""))",,,,,,"range request failed: ConnectionError: HTTPSConnectionPool(host='huggingface.co', port=443): Max retries exceeded with url: /buckets/scrollprize/datasets/resolve/surfaces/kaggle/images/sample_00912.tif (Caused by NameResolutionError(""HTTPSConnection(host='huggingface.co', port=443): Failed to resolve 'huggingface.co' ([Errno 8] nodename nor servname provided, or not known)""))"
sample_00913,True,True,,,,,,"range request failed: ConnectionError: HTTPSConnectionPool(host='huggingface.co', port=443): Max retries exceeded with url: /buckets/scrollprize/datasets/resolve/surfaces/kaggle/labels/sample_00913.tif (Caused by NameResolutionError(""HTTPSConnection(host='huggingface.co', port=443): Failed to resolve 'huggingface.co' ([Errno 8] nodename nor servname provided, or not known)""))",,,,,,"range request failed: ConnectionError: HTTPSConnectionPool(host='huggingface.co', port=443): Max retries exceeded with url: /buckets/scrollprize/datasets/resolve/surfaces/kaggle/images/sample_00913.tif (Caused by NameResolutionError(""HTTPSConnection(host='huggingface.co', port=443): Failed to resolve 'huggingface.co' ([Errno 8] nodename nor servname provided, or not known)""))"
sample_00914,True,True,,,,,,"range request failed: ConnectionError: HTTPSConnectionPool(host='huggingface.co', port=443): Max retries exceeded with url: /buckets/scrollprize/datasets/resolve/surfaces/kaggle/labels/sample_00914.tif (Caused by NameResolutionError(""HTTPSConnection(host='huggingface.co', port=443): Failed to resolve 'huggingface.co' ([Errno 8] nodename nor servname provided, or not known)""))",,,,,,"range request failed: ConnectionError: HTTPSConnectionPool(host='huggingface.co', port=443): Max retries exceeded with url: /buckets/scrollprize/datasets/resolve/surfaces/kaggle/images/sample_00914.tif (Caused by NameResolutionError(""HTTPSConnection(host='huggingface.co', port=443): Failed to resolve 'huggingface.co' ([Errno 8] nodename nor servname provided, or not known)""))"
sample_00915,True,True,,,,,,"range request failed: ConnectionError: HTTPSConnectionPool(host='huggingface.co', port=443): Max retries exceeded with url: /buckets/scrollprize/datasets/resolve/surfaces/kaggle/labels/sample_00915.tif (Caused by NameResolutionError(""HTTPSConnection(host='huggingface.co', port=443): Failed to resolve 'huggingface.co' ([Errno 8] nodename nor servname provided, or not known)""))",,,,,,"range request failed: ConnectionError: HTTPSConnectionPool(host='huggingface.co', port=443): Max retries exceeded with url: /buckets/scrollprize/datasets/resolve/surfaces/kaggle/images/sample_00915.tif (Caused by NameResolutionError(""HTTPSConnection(host='huggingface.co', port=443): Failed to resolve 'huggingface.co' ([Errno 8] nodename nor servname provided, or not known)""))"
sample_00916,True,True,,,,,,"range request failed: ConnectionError: HTTPSConnectionPool(host='huggingface.co', port=443): Max retries exceeded with url: /buckets/scrollprize/datasets/resolve/surfaces/kaggle/labels/sample_00916.tif (Caused by NameResolutionError(""HTTPSConnection(host='huggingface.co', port=443): Failed to resolve 'huggingface.co' ([Errno 8] nodename nor servname provided, or not known)""))",,,,,,"range request failed: ConnectionError: HTTPSConnectionPool(host='huggingface.co', port=443): Max retries exceeded with url: /buckets/scrollprize/datasets/resolve/surfaces/kaggle/images/sample_00916.tif (Caused by NameResolutionError(""HTTPSConnection(host='huggingface.co', port=443): Failed to resolve 'huggingface.co' ([Errno 8] nodename nor servname provided, or not known)""))"
