name,has_image,has_label,label_shape,label_plane_shape,label_dtype,label_compression,label_bytes,label_header_error,image_shape,image_plane_shape,image_dtype,image_compression,image_bytes,image_header_error,shape,dtype,values,value_fractions_0,value_fractions_1,value_fractions_2,n_values,foreground_fraction,border_touch_fraction,per_class_1,per_class_2,surface_class,surface_fraction,surface_thickness_median,surface_thickness_p95,surface_components,surface_fragment_fraction,surface_worst_planarity
sample_00001,True,True,"[320, 320, 320]",,uint8,LZW,689529,,"[320, 320, 320]",,uint8,LZW,32543645,,"[320, 320, 320]",uint8,"[0, 1, 2]",0.20694009399414062,0.042213470458984374,0.750846435546875,3,0.7930599060058594,0.02364260235324703,"{'fraction': 0.042213470458984374, 'border_touch_fraction': 0.0, 'thickness': {'median': 2.0, 'p95': 4.0, 'max': 6.0, 'mean': 2.688699960708618, 'saturated': 1.4458691878769652e-05}, 'components': {'n_components': 5, 'n_components_ge_min_size': 5, 'largest_component_fraction': 0.22286844542313725, 'fragment_fraction': 0.0, 'median_planarity': 0.00594125631878609, 'worst_planarity': 0.0073660660139176935}}","{'fraction': 0.750846435546875, 'border_touch_fraction': 0.024971817288236227, 'skipped': 'fraction 0.75 exceeds sheet_fraction_max'}",1,0.042213470458984374,2.0,4.0,5,0.0,0.0073660660139176935
sample_00002,True,True,"[320, 320, 320]",,uint8,LZW,705353,,"[320, 320, 320]",,uint8,LZW,31062469,,"[320, 320, 320]",uint8,"[0, 1, 2]",0.32041799926757814,0.05950210571289063,0.6200798950195312,3,0.6795820007324219,0.027590489418189597,"{'fraction': 0.05950210571289063, 'border_touch_fraction': 0.0, 'thickness': {'median': 2.0, 'p95': 4.0, 'max': 6.0, 'mean': 2.6628599166870117, 'saturated': 0.0002046400463645619}, 'components': {'n_components': 8, 'n_components_ge_min_size': 8, 'largest_component_fraction': 0.15460170841101364, 'fragment_fraction': 0.0, 'median_planarity': 0.0035564986398791123, 'worst_planarity': 0.009443482759909555}}","{'fraction': 0.6200798950195312, 'border_touch_fraction': 0.03023803892143514, 'skipped': 'fraction 0.62 exceeds sheet_fraction_max'}",1,0.05950210571289063,2.0,4.0,8,0.0,0.009443482759909555
sample_00003,True,True,"[320, 320, 320]",,uint8,LZW,1149609,,"[320, 320, 320]",,uint8,LZW,35955507,,"[320, 320, 320]",uint8,"[0, 1, 2]",0.2986820068359375,0.0635909423828125,0.63772705078125,3,0.7013179931640625,0.02673537565378524,"{'fraction': 0.0635909423828125, 'border_touch_fraction': 0.0, 'thickness': {'median': 2.0, 'p95': 4.0, 'max': 6.0, 'mean': 2.8214900493621826, 'saturated': 3.935216734461173e-05}, 'components': {'n_components': 8, 'n_components_ge_min_size': 8, 'largest_component_fraction': 0.16160591395888563, 'fragment_fraction': 0.0, 'median_planarity': 0.004949228720277377, 'worst_planarity': 0.0077270652493464966}}","{'fraction': 0.63772705078125, 'border_touch_fraction': 0.029401293197505483, 'skipped': 'fraction 0.64 exceeds sheet_fraction_max'}",1,0.0635909423828125,2.0,4.0,8,0.0,0.0077270652493464966
sample_00004,True,True,"[320, 320, 320]",,uint8,LZW,1391545,,"[320, 320, 320]",,uint8,LZW,33415165,,"[320, 320, 320]",uint8,"[0, 1, 2]",0.7027449035644531,0.1087099609375,0.18854513549804688,3,0.2972550964355469,0.06307713551369007,"{'fraction': 0.1087099609375, 'border_touch_fraction': 0.0, 'thickness': {'median': 2.0, 'p95': 4.0, 'max': 6.0, 'mean': 2.709789991378784, 'saturated': 4.6600310818458666e-05}, 'components': {'n_components': 18, 'n_components_ge_min_size': 18, 'largest_component_fraction': 0.08819024604964112, 'fragment_fraction': 0.0, 'median_planarity': 0.007265065106701151, 'worst_planarity': 0.017033283561247208}}","{'fraction': 0.18854513549804688, 'border_touch_fraction': 0.09944568418841138, 'thickness': {'median': 8.0, 'p95': 8.0, 'max': 8.0, 'mean': 6.578179836273193, 'saturated': 0.6432619155563059}, 'components': {'n_components': 1, 'n_components_ge_min_size': 1, 'largest_component_fraction': 1.0, 'fragment_fraction': 0.0, 'median_planarity': 0.19897733847515142, 'worst_planarity': 0.19897733847515142}}",1,0.1087099609375,2.0,4.0,18,0.0,0.017033283561247208
sample_00005,True,True,"[320, 320, 320]",,uint8,NONE,32821210,,"[320, 320, 320]",,uint8,LZW,31010108,,"[320, 320, 320]",uint8,"[0, 1, 2]",0.7096263732910156,0.09949990844726563,0.19087371826171876,3,0.29037362670898437,0.0645719799435899,"{'fraction': 0.09949990844726563, 'border_touch_fraction': 0.0, 'thickness': {'median': 2.0, 'p95': 4.0, 'max': 4.0, 'mean': 2.6521100997924805, 'saturated': 2.760386490913881e-06}, 'components': {'n_components': 15, 'n_components_ge_min_size': 15, 'largest_component_fraction': 0.09122433262289165, 'fragment_fraction': 0.0, 'median_planarity': 0.0025089489328294044, 'worst_planarity': 0.005523406786065025}}","{'fraction': 0.19087371826171876, 'border_touch_fraction': 0.09823248674964626, 'thickness': {'median': 8.0, 'p95': 8.0, 'max': 8.0, 'mean': 6.645669937133789, 'saturated': 0.6622342134925774}, 'components': {'n_components': 1, 'n_components_ge_min_size': 1, 'largest_component_fraction': 1.0, 'fragment_fraction': 0.0, 'median_planarity': 0.3153245841514754, 'worst_planarity': 0.3153245841514754}}",1,0.09949990844726563,2.0,4.0,15,0.0,0.005523406786065025
sample_00006,True,True,"[320, 320, 320]",,uint8,LZW,1179177,,"[320, 320, 320]",,uint8,LZW,33984817,,"[320, 320, 320]",uint8,"[0, 1, 2]",0.3682284851074219,0.07312643432617187,0.5586450805664063,3,0.6317715148925781,0.029678451082410885,"{'fraction': 0.07312643432617187, 'border_touch_fraction': 0.0, 'thickness': {'median': 2.0, 'p95': 4.0, 'max': 6.0, 'mean': 2.7187299728393555, 'saturated': 0.00015566267855823807}, 'components': {'n_components': 8, 'n_components_ge_min_size': 8, 'largest_component_fraction': 0.13149740402227353, 'fragment_fraction': 0.0, 'median_planarity': 0.001953911905237797, 'worst_planarity': 0.0036225777696647803}}","{'fraction': 0.5586450805664063, 'border_touch_fraction': 0.033563349346940476, 'skipped': 'fraction 0.56 exceeds sheet_fraction_max'}",1,0.07312643432617187,2.0,4.0,8,0.0,0.0036225777696647803
sample_00007,True,True,"[320, 320, 320]",,uint8,LZW,654393,,"[320, 320, 320]",,uint8,LZW,34235621,,"[320, 320, 320]",uint8,"[0, 1, 2]",0.12556842041015626,0.026177215576171874,0.8482543640136718,3,0.8744315795898437,0.021442500977371808,"{'fraction': 0.026177215576171874, 'border_touch_fraction': 0.0, 'thickness': {'median': 2.0, 'p95': 4.0, 'max': 6.0, 'mean': 2.7771201133728027, 'saturated': 2.098452391361371e-05}, 'components': {'n_components': 6, 'n_components_ge_min_size': 6, 'largest_component_fraction': 0.27360904666142055, 'fragment_fraction': 0.0, 'median_planarity': 0.004560775612775209, 'worst_planarity': 0.006875444597294464}}","{'fraction': 0.8482543640136718, 'border_touch_fraction': 0.02210421872901534, 'skipped': 'fraction 0.85 exceeds sheet_fraction_max'}",1,0.026177215576171874,2.0,4.0,6,0.0,0.006875444597294464
sample_00008,True,True,"[320, 320, 320]",,uint8,LZW,1467001,,"[320, 320, 320]",,uint8,LZW,37018317,,"[320, 320, 320]",uint8,"[0, 1, 2]",0.33531817626953125,0.0810006103515625,0.5836812133789062,3,0.6646818237304688,0.028208985608734208,"{'fraction': 0.0810006103515625, 'border_touch_fraction': 0.0, 'thickness': {'median': 2.0, 'p95': 4.0, 'max': 6.0, 'mean': 2.8114700317382812, 'saturated': 0.00021512846673307643}, 'components': {'n_components': 17, 'n_components_ge_min_size': 17, 'largest_component_fraction': 0.1272147682866732, 'fragment_fraction': 0.0, 'median_planarity': 0.002567356607582396, 'worst_planarity': 0.02004574016598955}}","{'fraction': 0.5836812133789062, 'border_touch_fraction': 0.03212369966724992, 'skipped': 'fraction 0.58 exceeds sheet_fraction_max'}",1,0.0810006103515625,2.0,4.0,17,0.0,0.02004574016598955
sample_00009,True,True,"[320, 320, 320]",,uint8,LZW,995065,,"[320, 320, 320]",,uint8,LZW,34761488,,"[320, 320, 320]",uint8,"[0, 1, 2]",0.30540960693359376,0.06422171020507812,0.6303686828613281,3,0.6945903930664062,0.0269943267099109,"{'fraction': 0.06422171020507812, 'border_touch_fraction': 0.0, 'thickness': {'median': 2.0, 'p95': 4.0, 'max': 6.0, 'mean': 2.689120054244995, 'saturated': 8.553437840504044e-06}, 'components': {'n_components': 12, 'n_components_ge_min_size': 12, 'largest_component_fraction': 0.14495321031905747, 'fragment_fraction': 0.0, 'median_planarity': 0.001867897126285795, 'worst_planarity': 0.0060581166845177096}}","{'fraction': 0.6303686828613281, 'border_touch_fraction': 0.029744497957752646, 'skipped': 'fraction 0.63 exceeds sheet_fraction_max'}",1,0.06422171020507812,2.0,4.0,12,0.0,0.0060581166845177096
sample_00010,True,True,"[320, 320, 320]",,uint8,LZW,730729,,"[320, 320, 320]",,uint8,LZW,32912723,,"[320, 320, 320]",uint8,"[0, 1, 2]",0.226891357421875,0.034011871337890624,0.7390967712402344,3,0.773108642578125,0.02425273624865118,"{'fraction': 0.034011871337890624, 'border_touch_fraction': 0.0, 'thickness': {'median': 2.0, 'p95': 4.0, 'max': 6.0, 'mean': 2.737299919128418, 'saturated': 4.66576521689976e-05}, 'components': {'n_components': 8, 'n_components_ge_min_size': 8, 'largest_component_fraction': 0.2409849789277892, 'fragment_fraction': 0.0, 'median_planarity': 0.012330793086653864, 'worst_planarity': 0.023197614776243585}}","{'fraction': 0.7390967712402344, 'border_touch_fraction': 0.025368802475671404, 'skipped': 'fraction 0.74 exceeds sheet_fraction_max'}",1,0.034011871337890624,2.0,4.0,8,0.0,0.023197614776243585
sample_00011,True,True,"[320, 320, 320]",,uint8,LZW,654121,,"[320, 320, 320]",,uint8,LZW,30993058,,"[320, 320, 320]",uint8,"[0, 1, 2]",0.22920343017578124,0.05275820922851562,0.7180383605957031,3,0.7707965698242187,0.024325484484545596,"{'fraction': 0.05275820922851562, 'border_touch_fraction': 0.0, 'thickness': {'median': 2.0, 'p95': 4.0, 'max': 4.0, 'mean': 2.659820079803467, 'saturated': 0.3290428342282799}, 'components': {'n_components': 8, 'n_components_ge_min_size': 8, 'largest_component_fraction': 0.17157580977578998, 'fragment_fraction': 0.0, 'median_planarity': 0.004705166288416365, 'worst_planarity': 0.010730067370694409}}","{'fraction': 0.7180383605957031, 'border_touch_fraction': 0.02611281099862759, 'skipped': 'fraction 0.72 exceeds sheet_fraction_max'}",1,0.05275820922851562,2.0,4.0,8,0.0,0.010730067370694409
sample_00012,True,True,"[320, 320, 320]",,uint8,NONE,32821210,,"[320, 320, 320]",,uint8,LZW,31361317,,"[320, 320, 320]",uint8,"[0, 1, 2]",0.3375872802734375,0.05579953002929688,0.6066131896972656,3,0.6624127197265625,0.02830561588210416,"{'fraction': 0.05579953002929688, 'border_touch_fraction': 0.0, 'thickness': {'median': 2.0, 'p95': 4.0, 'max': 6.0, 'mean': 2.709089994430542, 'saturated': 0.0001996238321322177}, 'components': {'n_components': 7, 'n_components_ge_min_size': 7, 'largest_component_fraction': 0.1699400417514612, 'fragment_fraction': 0.0, 'median_planarity': 0.0057878863380925755, 'worst_planarity': 0.01035353149310498}}","{'fraction': 0.6066131896972656, 'border_touch_fraction': 0.030909318027452243, 'skipped': 'fraction 0.61 exceeds sheet_fraction_max'}",1,0.05579953002929688,2.0,4.0,7,0.0,0.01035353149310498
sample_00013,True,True,"[320, 320, 320]",,uint8,LZW,753817,,"[320, 320, 320]",,uint8,LZW,34129525,,"[320, 320, 320]",uint8,"[0, 1, 2]",0.15484246826171874,0.029949462890625,0.8152080688476563,3,0.8451575317382812,0.022185213165450777,"{'fraction': 0.029949462890625, 'border_touch_fraction': 0.0, 'thickness': {'median': 2.0, 'p95': 4.0, 'max': 6.0, 'mean': 2.804680109024048, 'saturated': 0.0002588181588450596}, 'components': {'n_components': 3, 'n_components_ge_min_size': 3, 'largest_component_fraction': 0.34418127868398096, 'fragment_fraction': 0.0, 'median_planarity': 0.008905395157334753, 'worst_planarity': 0.010550693072993705}}","{'fraction': 0.8152080688476563, 'border_touch_fraction': 0.023000263020585908, 'skipped': 'fraction 0.82 exceeds sheet_fraction_max'}",1,0.029949462890625,2.0,4.0,3,0.0,0.010550693072993705
sample_00014,True,True,"[320, 320, 320]",,uint8,NONE,32821210,,"[320, 320, 320]",,uint8,LZW,35305129,,"[320, 320, 320]",uint8,"[0, 1, 2]",0.37310992431640627,0.07454763793945313,0.5523424377441406,3,0.6268900756835938,0.029909549899245123,"{'fraction': 0.07454763793945313, 'border_touch_fraction': 0.0, 'thickness': {'median': 2.0, 'p95': 4.0, 'max': 6.0, 'mean': 2.7368600368499756, 'saturated': 0.00014246081406530354}, 'components': {'n_components': 13, 'n_components_ge_min_size': 13, 'largest_component_fraction': 0.13020181539289097, 'fragment_fraction': 0.0, 'median_planarity': 0.0139462009455166, 'worst_planarity': 0.03424007899389308}}","{'fraction': 0.5523424377441406, 'border_touch_fraction': 0.03394633241758166, 'skipped': 'fraction 0.55 exceeds sheet_fraction_max'}",1,0.07454763793945313,2.0,4.0,13,0.0,0.03424007899389308
sample_00015,True,True,"[320, 320, 320]",,uint8,LZW,443593,,"[320, 320, 320]",,uint8,LZW,31598440,,"[320, 320, 320]",uint8,"[0, 1, 2]",0.18563601684570313,0.03574710083007813,0.7786168823242188,3,0.8143639831542969,0.023024102720475365,"{'fraction': 0.03574710083007813, 'border_touch_fraction': 0.0, 'thickness': {'median': 2.0, 'p95': 4.0, 'max': 6.0, 'mean': 2.649630069732666, 'saturated': 1.0244493371385935e-05}, 'components': {'n_components': 4, 'n_components_ge_min_size': 4, 'largest_component_fraction': 0.25321485007610806, 'fragment_fraction': 0.0, 'median_planarity': 0.0013420840207344167, 'worst_planarity': 0.004569159510567251}}","{'fraction': 0.7786168823242188, 'border_touch_fraction': 0.024081162925764094, 'skipped': 'fraction 0.78 exceeds sheet_fraction_max'}",1,0.03574710083007813,2.0,4.0,4,0.0,0.004569159510567251
sample_00016,True,True,"[320, 320, 320]",,uint8,LZW,899641,,"[320, 320, 320]",,uint8,LZW,29123664,,"[320, 320, 320]",uint8,"[0, 1, 2]",0.6110146484375,0.06951663208007812,0.3194687194824219,3,0.3889853515625,0.0482023292771408,"{'fraction': 0.06951663208007812, 'border_touch_fraction': 0.0, 'thickness': {'median': 2.0, 'p95': 4.0, 'max': 6.0, 'mean': 2.677489995956421, 'saturated': 5.311861122488444e-05}, 'components': {'n_components': 11, 'n_components_ge_min_size': 11, 'largest_component_fraction': 0.13401298815893967, 'fragment_fraction': 0.0, 'median_planarity': 0.009081838291931935, 'worst_planarity': 0.02846023680978363}}","{'fraction': 0.3194687194824219, 'border_touch_fraction': 0.05869119214669053, 'skipped': 'fraction 0.32 exceeds sheet_fraction_max'}",1,0.06951663208007812,2.0,4.0,11,0.0,0.02846023680978363
sample_00017,True,True,"[320, 320, 320]",,uint8,LZW,643961,,"[320, 320, 320]",,uint8,LZW,36727318,,"[320, 320, 320]",uint8,"[0, 1, 2]",0.09615530395507813,0.026715667724609374,0.8771290283203125,3,0.9038446960449219,0.02074471430993285,"{'fraction': 0.026715667724609374, 'border_touch_fraction': 0.0, 'thickness': {'median': 2.0, 'p95': 4.0, 'max': 6.0, 'mean': 2.745529890060425, 'saturated': 0.00021018506566569838}, 'components': {'n_components': 5, 'n_components_ge_min_size': 5, 'largest_component_fraction': 0.2735570052740459, 'fragment_fraction': 0.0, 'median_planarity': 0.01654843231823115, 'worst_planarity': 0.02078759768516485}}","{'fraction': 0.8771290283203125, 'border_touch_fraction': 0.021376558516032627, 'skipped': 'fraction 0.88 exceeds sheet_fraction_max'}",1,0.026715667724609374,2.0,4.0,5,0.0,0.02078759768516485
sample_00018,True,True,"[320, 320, 320]",,uint8,LZW,698873,,"[320, 320, 320]",,uint8,LZW,33351926,,"[320, 320, 320]",uint8,"[0, 1, 2]",0.2474979248046875,0.030993560791015624,0.7215085144042969,3,0.7525020751953125,0.024916874807466044,"{'fraction': 0.030993560791015624, 'border_touch_fraction': 0.0, 'thickness': {'median': 2.0, 'p95': 4.0, 'max': 6.0, 'mean': 2.7249600887298584, 'saturated': 0.00012603424389792407}, 'components': {'n_components': 7, 'n_components_ge_min_size': 7, 'largest_component_fraction': 0.2934953529795775, 'fragment_fraction': 0.0, 'median_planarity': 0.0254718088815887, 'worst_planarity': 0.031654295187112026}}","{'fraction': 0.7215085144042969, 'border_touch_fraction': 0.025987219312970503, 'skipped': 'fraction 0.72 exceeds sheet_fraction_max'}",1,0.030993560791015624,2.0,4.0,7,0.0,0.031654295187112026
sample_00019,True,True,"[320, 320, 320]",,uint8,LZW,1101545,,"[320, 320, 320]",,uint8,LZW,32982265,,"[320, 320, 320]",uint8,"[0, 1, 2]",0.44762957763671873,0.07853189086914063,0.4738385314941406,3,0.5523704223632813,0.033944612602136326,"{'fraction': 0.07853189086914063, 'border_touch_fraction': 0.0, 'thickness': {'median': 2.0, 'p95': 4.0, 'max': 6.0, 'mean': 2.682620048522949, 'saturated': 4.779793365258208e-05}, 'components': {'n_components': 12, 'n_components_ge_min_size': 12, 'largest_component_fraction': 0.11990325387347849, 'fragment_fraction': 0.0, 'median_planarity': 0.005990050179706573, 'worst_planarity': 0.032005542035613364}}","{'fraction': 0.4738385314941406, 'border_touch_fraction': 0.03957044173017377, 'skipped': 'fraction 0.47 exceeds sheet_fraction_max'}",1,0.07853189086914063,2.0,4.0,12,0.0,0.032005542035613364
sample_00020,True,True,"[320, 320, 320]",,uint8,LZW,516489,,"[320, 320, 320]",,uint8,LZW,30171101,,"[320, 320, 320]",uint8,"[0, 1, 2]",0.31897515869140625,0.045283660888671876,0.6357411804199219,3,0.6810248413085938,0.02753203534245792,"{'fraction': 0.045283660888671876, 'border_touch_fraction': 0.0, 'thickness': {'median': 2.0, 'p95': 4.0, 'max': 6.0, 'mean': 2.6601901054382324, 'saturated': 5.391362363573261e-06}, 'components': {'n_components': 5, 'n_components_ge_min_size': 5, 'largest_component_fraction': 0.20059102809910673, 'fragment_fraction': 0.0, 'median_planarity': 0.00203319833240633, 'worst_planarity': 0.009174449705250439}}","{'fraction': 0.6357411804199219, 'border_touch_fraction': 0.02949313427771847, 'skipped': 'fraction 0.64 exceeds sheet_fraction_max'}",1,0.045283660888671876,2.0,4.0,5,0.0,0.009174449705250439
sample_00021,True,True,"[320, 320, 320]",,uint8,LZW,666041,,"[320, 320, 320]",,uint8,LZW,29804929,,"[320, 320, 320]",uint8,"[0, 1, 2]",0.40170553588867186,0.04555682373046875,0.5527376403808594,3,0.5982944641113281,0.031339083218578936,"{'fraction': 0.04555682373046875, 'border_touch_fraction': 0.0, 'thickness': {'median': 2.0, 'p95': 4.0, 'max': 6.0, 'mean': 2.6701200008392334, 'saturated': 9.378311716324828e-06}, 'components': {'n_components': 5, 'n_components_ge_min_size': 5, 'largest_component_fraction': 0.20224865119781138, 'fragment_fraction': 0.0, 'median_planarity': 0.003871944093611867, 'worst_planarity': 0.011284864205359357}}","{'fraction': 0.5527376403808594, 'border_touch_fraction': 0.03392206108323013, 'skipped': 'fraction 0.55 exceeds sheet_fraction_max'}",1,0.04555682373046875,2.0,4.0,5,0.0,0.011284864205359357
sample_00022,True,True,"[320, 320, 320]",,uint8,NONE,32821210,,"[320, 320, 320]",,uint8,LZW,31894846,,"[320, 320, 320]",uint8,"[0, 1, 2]",0.3824151916503906,0.06301544189453125,0.5545693664550781,3,0.6175848083496094,0.03036020275515875,"{'fraction': 0.06301544189453125, 'border_touch_fraction': 0.0, 'thickness': {'median': 2.0, 'p95': 4.0, 'max': 6.0, 'mean': 2.7543299198150635, 'saturated': 0.000246502234985883}, 'components': {'n_components': 7, 'n_components_ge_min_size': 7, 'largest_component_fraction': 0.15869077771697282, 'fragment_fraction': 0.0, 'median_planarity': 0.009575274642977628, 'worst_planarity': 0.015612440316260419}}","{'fraction': 0.5545693664550781, 'border_touch_fraction': 0.033810017527390435, 'skipped': 'fraction 0.55 exceeds sheet_fraction_max'}",1,0.06301544189453125,2.0,4.0,7,0.0,0.015612440316260419
sample_00023,True,True,"[320, 320, 320]",,uint8,LZW,668713,,"[320, 320, 320]",,uint8,LZW,32249785,,"[320, 320, 320]",uint8,"[0, 1, 2]",0.09972222900390625,0.023123016357421877,0.8771547546386719,3,0.9002777709960937,0.020826905433035905,"{'fraction': 0.023123016357421877, 'border_touch_fraction': 0.0, 'thickness': {'median': 2.0, 'p95': 4.0, 'max': 6.0, 'mean': 2.7714500427246094, 'saturated': 7.258857455836451e-05}, 'components': {'n_components': 5, 'n_components_ge_min_size': 5, 'largest_component_fraction': 0.4212460158771009, 'fragment_fraction': 0.0, 'median_planarity': 0.002487685402187708, 'worst_planarity': 0.003505788318443024}}","{'fraction': 0.8771547546386719, 'border_touch_fraction': 0.021375931556939145, 'skipped': 'fraction 0.88 exceeds sheet_fraction_max'}",1,0.023123016357421877,2.0,4.0,5,0.0,0.003505788318443024
sample_00024,True,True,"[320, 320, 320]",,uint8,NONE,32821210,,"[320, 320, 320]",,uint8,LZW,36906405,,"[320, 320, 320]",uint8,"[0, 1, 2]",0.20131948852539064,0.050890625,0.7477898864746094,3,0.7986805114746094,0.023476220754882007,"{'fraction': 0.050890625, 'border_touch_fraction': 0.0, 'thickness': {'median': 2.0, 'p95': 4.0, 'max': 6.0, 'mean': 2.777980089187622, 'saturated': 7.555841264967762e-05}, 'components': {'n_components': 6, 'n_components_ge_min_size': 6, 'largest_component_fraction': 0.22755735243322076, 'fragment_fraction': 0.0, 'median_planarity': 0.004607675135399806, 'worst_planarity': 0.00962765243098646}}","{'fraction': 0.7477898864746094, 'border_touch_fraction': 0.025073888185885008, 'skipped': 'fraction 0.75 exceeds sheet_fraction_max'}",1,0.050890625,2.0,4.0,6,0.0,0.00962765243098646
sample_00025,True,True,"[320, 320, 320]",,uint8,NONE,32821210,,"[320, 320, 320]",,uint8,LZW,34449311,,"[320, 320, 320]",uint8,"[0, 1, 2]",0.440748779296875,0.07707131958007812,0.4821799011230469,3,0.559251220703125,0.03352697196874483,"{'fraction': 0.07707131958007812, 'border_touch_fraction': 0.0, 'thickness': {'median': 2.0, 'p95': 4.0, 'max': 6.0, 'mean': 2.667220115661621, 'saturated': 1.3066859158660575e-05}, 'components': {'n_components': 15, 'n_components_ge_min_size': 15, 'largest_component_fraction': 0.11961917628895656, 'fragment_fraction': 0.0, 'median_planarity': 0.002541920613154977, 'worst_planarity': 0.012449382536054165}}","{'fraction': 0.4821799011230469, 'border_touch_fraction': 0.03888590120892495, 'skipped': 'fraction 0.48 exceeds sheet_fraction_max'}",1,0.07707131958007812,2.0,4.0,15,0.0,0.012449382536054165
sample_00026,True,True,"[320, 320, 320]",,uint8,LZW,663849,,"[320, 320, 320]",,uint8,LZW,31490138,,"[320, 320, 320]",uint8,"[0, 1, 2]",0.5100180358886719,0.06658154296875,0.42340042114257814,3,0.4899819641113281,0.03826671464123491,"{'fraction': 0.06658154296875, 'border_touch_fraction': 0.0, 'thickness': {'median': 2.0, 'p95': 4.0, 'max': 6.0, 'mean': 2.6584999561309814, 'saturated': 1.5125514267485095e-05}, 'components': {'n_components': 10, 'n_components_ge_min_size': 10, 'largest_component_fraction': 0.13639455408150544, 'fragment_fraction': 0.0, 'median_planarity': 0.0015599838142792192, 'worst_planarity': 0.004105579589443424}}","{'fraction': 0.42340042114257814, 'border_touch_fraction': 0.044284320618769586, 'skipped': 'fraction 0.42 exceeds sheet_fraction_max'}",1,0.06658154296875,2.0,4.0,10,0.0,0.004105579589443424
sample_00027,True,True,"[320, 320, 320]",,uint8,LZW,698377,,"[320, 320, 320]",,uint8,LZW,31593195,,"[320, 320, 320]",uint8,"[0, 1, 2]",0.27001419067382815,0.03919976806640625,0.6907860412597656,3,0.7299858093261719,0.02568543081311069,"{'fraction': 0.03919976806640625, 'border_touch_fraction': 0.0, 'thickness': {'median': 2.0, 'p95': 4.0, 'max': 6.0, 'mean': 2.6691300868988037, 'saturated': 4.3596798126583304e-05}, 'components': {'n_components': 7, 'n_components_ge_min_size': 7, 'largest_component_fraction': 0.23448460020957604, 'fragment_fraction': 0.0, 'median_planarity': 0.0026255779599710415, 'worst_planarity': 0.004452794099929435}}","{'fraction': 0.6907860412597656, 'border_touch_fraction': 0.02714299201212316, 'skipped': 'fraction 0.69 exceeds sheet_fraction_max'}",1,0.03919976806640625,2.0,4.0,7,0.0,0.004452794099929435
sample_00028,True,True,"[320, 320, 320]",,uint8,LZW,1084633,,"[320, 320, 320]",,uint8,LZW,33041903,,"[320, 320, 320]",uint8,"[0, 1, 2]",0.20626193237304688,0.045380767822265626,0.7483572998046875,3,0.7937380676269531,0.023622402357564968,"{'fraction': 0.045380767822265626, 'border_touch_fraction': 0.0, 'thickness': {'median': 2.0, 'p95': 4.0, 'max': 6.0, 'mean': 2.7130799293518066, 'saturated': 2.084682492769178e-05}, 'components': {'n_components': 5, 'n_components_ge_min_size': 5, 'largest_component_fraction': 0.20975201020552953, 'fragment_fraction': 0.0, 'median_planarity': 0.0028786505250680996, 'worst_planarity': 0.0032026016347652085}}","{'fraction': 0.7483572998046875, 'border_touch_fraction': 0.02505487686816649, 'skipped': 'fraction 0.75 exceeds sheet_fraction_max'}",1,0.045380767822265626,2.0,4.0,5,0.0,0.0032026016347652085
sample_00029,True,True,"[320, 320, 320]",,uint8,LZW,998121,,"[320, 320, 320]",,uint8,LZW,37388414,,"[320, 320, 320]",uint8,"[0, 1, 2]",0.13266387939453125,0.040567840576171875,0.8267682800292969,3,0.8673361206054687,0.02161791669290912,"{'fraction': 0.040567840576171875, 'border_touch_fraction': 0.0, 'thickness': {'median': 2.0, 'p95': 4.0, 'max': 6.0, 'mean': 2.7915499210357666, 'saturated': 5.4162745509569883e-05}, 'components': {'n_components': 6, 'n_components_ge_min_size': 6, 'largest_component_fraction': 0.25939968119206186, 'fragment_fraction': 0.0, 'median_planarity': 0.0011894309904471882, 'worst_planarity': 0.0018755836082255646}}","{'fraction': 0.8267682800292969, 'border_touch_fraction': 0.022678663965356272, 'skipped': 'fraction 0.83 exceeds sheet_fraction_max'}",1,0.040567840576171875,2.0,4.0,6,0.0,0.0018755836082255646
sample_00030,True,True,"[320, 320, 320]",,uint8,NONE,32821210,,"[320, 320, 320]",,uint8,LZW,36799688,,"[320, 320, 320]",uint8,"[0, 1, 2]",0.480075927734375,0.07385665893554688,0.4460674133300781,3,0.519924072265625,0.036062958035958714,"{'fraction': 0.07385665893554688, 'border_touch_fraction': 0.0, 'thickness': {'median': 2.0, 'p95': 4.0, 'max': 6.0, 'mean': 2.8053700923919678, 'saturated': 8.718521900637774e-05}, 'components': {'n_components': 16, 'n_components_ge_min_size': 16, 'largest_component_fraction': 0.14306805198883532, 'fragment_fraction': 0.0, 'median_planarity': 0.0014949799883973809, 'worst_planarity': 0.006285318075064412}}","{'fraction': 0.4460674133300781, 'border_touch_fraction': 0.04203400526396555, 'skipped': 'fraction 0.45 exceeds sheet_fraction_max'}",1,0.07385665893554688,2.0,4.0,16,0.0,0.006285318075064412
sample_00031,True,True,"[320, 320, 320]",,uint8,LZW,939929,,"[320, 320, 320]",,uint8,LZW,32401577,,"[320, 320, 320]",uint8,"[0, 1, 2]",0.6477963256835938,0.10417889404296875,0.2480247802734375,3,0.35220367431640626,0.05323624188870818,"{'fraction': 0.10417889404296875, 'border_touch_fraction': 0.0, 'thickness': {'median': 2.0, 'p95': 4.0, 'max': 6.0, 'mean': 2.664330005645752, 'saturated': 1.611139004972268e-05}, 'components': {'n_components': 12, 'n_components_ge_min_size': 12, 'largest_component_fraction': 0.08866800986837288, 'fragment_fraction': 0.0, 'median_planarity': 0.0023060966881284653, 'worst_planarity': 0.011091959250225842}}","{'fraction': 0.2480247802734375, 'border_touch_fraction': 0.07559728499438188, 'thickness': {'median': 8.0, 'p95': 8.0, 'max': 8.0, 'mean': 6.952119827270508, 'saturated': 0.7367307324126805}, 'components': {'n_components': 1, 'n_components_ge_min_size': 1, 'largest_component_fraction': 1.0, 'fragment_fraction': 0.0, 'median_planarity': 0.24960438302985616, 'worst_planarity': 0.24960438302985616}}",1,0.10417889404296875,2.0,4.0,12,0.0,0.011091959250225842
sample_00032,True,True,"[320, 320, 320]",,uint8,NONE,32821210,,"[320, 320, 320]",,uint8,LZW,28235775,,"[320, 320, 320]",uint8,"[0, 1, 2]",0.8488425903320312,0.09595550537109375,0.055201904296875,3,0.15115740966796876,0.124042877164845,"{'fraction': 0.09595550537109375, 'border_touch_fraction': 0.0, 'thickness': {'median': 2.0, 'p95': 4.0, 'max': 6.0, 'mean': 2.6731700897216797, 'saturated': 5.215837062338794e-05}, 'components': {'n_components': 15, 'n_components_ge_min_size': 15, 'largest_component_fraction': 0.11093449353904086, 'fragment_fraction': 0.0, 'median_planarity': 0.001468423540404144, 'worst_planarity': 0.0656843345124363}}","{'fraction': 0.055201904296875, 'border_touch_fraction': 0.3396621953322984, 'thickness': {'median': 4.0, 'p95': 6.0, 'max': 14.0, 'mean': 4.07459020614624, 'saturated': 4.422684835055969e-06}, 'components': {'n_components': 1, 'n_components_ge_min_size': 1, 'largest_component_fraction': 1.0, 'fragment_fraction': 0.0, 'median_planarity': 0.33223717243291884, 'worst_planarity': 0.33223717243291884}}",1,0.09595550537109375,2.0,4.0,15,0.0,0.0656843345124363
sample_00033,True,True,"[320, 320, 320]",,uint8,LZW,1247609,,"[320, 320, 320]",,uint8,LZW,28386126,,"[320, 320, 320]",uint8,"[0, 1, 2]",0.6231261596679688,0.06826730346679688,0.30860653686523437,3,0.37687384033203125,0.049751396869257315,"{'fraction': 0.06826730346679688, 'border_touch_fraction': 0.0, 'thickness': {'median': 2.0, 'p95': 4.0, 'max': 6.0, 'mean': 2.706589937210083, 'saturated': 0.00010862845180316525}, 'components': {'n_components': 10, 'n_components_ge_min_size': 10, 'largest_component_fraction': 0.13880972720847679, 'fragment_fraction': 0.0, 'median_planarity': 0.0034243570661764474, 'worst_planarity': 0.024010403300637393}}","{'fraction': 0.30860653686523437, 'border_touch_fraction': 0.060756976149821326, 'skipped': 'fraction 0.31 exceeds sheet_fraction_max'}",1,0.06826730346679688,2.0,4.0,10,0.0,0.024010403300637393
sample_00034,True,True,"[320, 320, 320]",,uint8,LZW,1383817,,"[320, 320, 320]",,uint8,LZW,31060004,,"[320, 320, 320]",uint8,"[0, 1, 2]",0.8260758056640625,0.07453372192382812,0.09939047241210938,3,0.1739241943359375,0.10780558778259487,"{'fraction': 0.07453372192382812, 'border_touch_fraction': 0.0, 'thickness': {'median': 2.0, 'p95': 4.0, 'max': 6.0, 'mean': 2.7282400131225586, 'saturated': 0.0003320611827847363}, 'components': {'n_components': 11, 'n_components_ge_min_size': 11, 'largest_component_fraction': 0.14582030781375585, 'fragment_fraction': 0.0, 'median_planarity': 0.00912208928530408, 'worst_planarity': 0.022781888894522276}}","{'fraction': 0.09939047241210938, 'border_touch_fraction': 0.1886498730205811, 'thickness': {'median': 6.0, 'p95': 48.0, 'max': 48.0, 'mean': 20.802030563354492, 'saturated': 0.2844486366638449}, 'components': {'n_components': 1, 'n_components_ge_min_size': 1, 'largest_component_fraction': 1.0, 'fragment_fraction': 0.0, 'median_planarity': 0.23370228183079161, 'worst_planarity': 0.23370228183079161}}",1,0.07453372192382812,2.0,4.0,11,0.0,0.022781888894522276
sample_00035,True,True,"[320, 320, 320]",,uint8,LZW,1845081,,"[320, 320, 320]",,uint8,LZW,34904649,,"[320, 320, 320]",uint8,"[0, 1, 2]",0.4857725524902344,0.08775796508789062,0.426469482421875,3,0.5142274475097657,0.03646246440325207,"{'fraction': 0.08775796508789062, 'border_touch_fraction': 0.0, 'thickness': {'median': 2.0, 'p95': 4.0, 'max': 6.0, 'mean': 2.6693999767303467, 'saturated': 6.885392639515269e-05}, 'components': {'n_components': 14, 'n_components_ge_min_size': 14, 'largest_component_fraction': 0.1067319318429588, 'fragment_fraction': 0.0, 'median_planarity': 0.006804926767511675, 'worst_planarity': 0.014871205142324491}}","{'fraction': 0.426469482421875, 'border_touch_fraction': 0.043965631241702774, 'skipped': 'fraction 0.43 exceeds sheet_fraction_max'}",1,0.08775796508789062,2.0,4.0,14,0.0,0.014871205142324491
sample_00036,True,True,"[320, 320, 320]",,uint8,LZW,617929,,"[320, 320, 320]",,uint8,LZW,38016625,,"[320, 320, 320]",uint8,"[0, 1, 2]",0.10553213500976563,0.022090118408203126,0.8723777465820313,3,0.8944678649902343,0.02096218403576154,"{'fraction': 0.022090118408203126, 'border_touch_fraction': 0.0, 'thickness': {'median': 2.0, 'p95': 4.0, 'max': 6.0, 'mean': 2.758810043334961, 'saturated': 4.6971122430230614e-05}, 'components': {'n_components': 6, 'n_components_ge_min_size': 6, 'largest_component_fraction': 0.28216520296360154, 'fragment_fraction': 0.0, 'median_planarity': 0.0005256965363495012, 'worst_planarity': 0.0014562221142583318}}","{'fraction': 0.8723777465820313, 'border_touch_fraction': 0.021492982911889193, 'skipped': 'fraction 0.87 exceeds sheet_fraction_max'}",1,0.022090118408203126,2.0,4.0,6,0.0,0.0014562221142583318
sample_00037,True,True,"[320, 320, 320]",,uint8,LZW,793929,,"[320, 320, 320]",,uint8,LZW,34940928,,"[320, 320, 320]",uint8,"[0, 1, 2]",0.17216943359375,0.03137646484375,0.7964541015625,3,0.82783056640625,0.022649562314903234,"{'fraction': 0.03137646484375, 'border_touch_fraction': 0.0, 'thickness': {'median': 2.0, 'p95': 4.0, 'max': 6.0, 'mean': 2.7623300552368164, 'saturated': 0.00013422244354876359}, 'components': {'n_components': 6, 'n_components_ge_min_size': 6, 'largest_component_fraction': 0.24413311753995548, 'fragment_fraction': 0.0, 'median_planarity': 0.0017331869915516046, 'worst_planarity': 0.004603626711511154}}","{'fraction': 0.7964541015625, 'border_touch_fraction': 0.023541846244768988, 'skipped': 'fraction 0.80 exceeds sheet_fraction_max'}",1,0.03137646484375,2.0,4.0,6,0.0,0.004603626711511154
sample_00038,True,True,"[320, 320, 320]",,uint8,LZW,490937,,"[320, 320, 320]",,uint8,LZW,31781068,,"[320, 320, 320]",uint8,"[0, 1, 2]",0.0520010986328125,0.011779541015625,0.9362193603515625,3,0.9479989013671875,0.019778503933874897,"{'fraction': 0.011779541015625, 'border_touch_fraction': 0.0, 'thickness': {'median': 2.0, 'p95': 4.0, 'max': 6.0, 'mean': 2.804270029067993, 'saturated': 1.036290907583577e-05}, 'components': {'n_components': 3, 'n_components_ge_min_size': 3, 'largest_component_fraction': 0.4348768886401791, 'fragment_fraction': 0.0, 'median_planarity': 0.0013783338501028254, 'worst_planarity': 0.001409046925134242}}","{'fraction': 0.9362193603515625, 'border_touch_fraction': 0.020027357683523157, 'skipped': 'fraction 0.94 exceeds sheet_fraction_max'}",1,0.011779541015625,2.0,4.0,3,0.0,0.001409046925134242
sample_00039,True,True,"[320, 320, 320]",,uint8,NONE,32821210,,"[320, 320, 320]",,uint8,LZW,27888679,,"[320, 320, 320]",uint8,"[0, 1, 2]",0.8074560852050782,0.056425567626953124,0.13611834716796875,3,0.1925439147949219,0.09738038213241164,"{'fraction': 0.056425567626953124, 'border_touch_fraction': 0.0, 'thickness': {'median': 2.0, 'p95': 4.0, 'max': 6.0, 'mean': 2.7511000633239746, 'saturated': 6.922836870380156e-05}, 'components': {'n_components': 8, 'n_components_ge_min_size': 8, 'largest_component_fraction': 0.18720973437399435, 'fragment_fraction': 0.0, 'median_planarity': 0.006279153924035073, 'worst_planarity': 0.021964232679312842}}","{'fraction': 0.13611834716796875, 'border_touch_fraction': 0.13774777897400325, 'thickness': {'median': 8.0, 'p95': 8.0, 'max': 8.0, 'mean': 6.541069984436035, 'saturated': 0.6334418156879116}, 'components': {'n_components': 1, 'n_components_ge_min_size': 1, 'largest_component_fraction': 1.0, 'fragment_fraction': 0.0, 'median_planarity': 0.2558990731718196, 'worst_planarity': 0.2558990731718196}}",1,0.056425567626953124,2.0,4.0,8,0.0,0.021964232679312842
sample_00040,True,True,"[320, 320, 320]",,uint8,LZW,1215817,,"[320, 320, 320]",,uint8,LZW,27444112,,"[320, 320, 320]",uint8,"[0, 1, 2]",0.5777457275390625,0.04799014282226562,0.3742641296386719,3,0.4222542724609375,0.04440452405779873,"{'fraction': 0.04799014282226562, 'border_touch_fraction': 0.0, 'thickness': {'median': 2.0, 'p95': 4.0, 'max': 6.0, 'mean': 2.757430076599121, 'saturated': 3.497524070914526e-05}, 'components': {'n_components': 7, 'n_components_ge_min_size': 7, 'largest_component_fraction': 0.21740100894030745, 'fragment_fraction': 0.0, 'median_planarity': 0.005143640006642494, 'worst_planarity': 0.027347248589417082}}","{'fraction': 0.3742641296386719, 'border_touch_fraction': 0.05009830896191395, 'skipped': 'fraction 0.37 exceeds sheet_fraction_max'}",1,0.04799014282226562,2.0,4.0,7,0.0,0.027347248589417082
sample_00041,True,True,"[320, 320, 320]",,uint8,LZW,775753,,"[320, 320, 320]",,uint8,LZW,32055866,,"[320, 320, 320]",uint8,"[0, 1, 2]",0.21339633178710937,0.026882415771484376,0.7597212524414062,3,0.7866036682128906,0.023836654668288937,"{'fraction': 0.026882415771484376, 'border_touch_fraction': 0.0, 'thickness': {'median': 2.0, 'p95': 4.0, 'max': 6.0, 'mean': 2.7239201068878174, 'saturated': 9.195318788079688e-05}, 'components': {'n_components': 3, 'n_components_ge_min_size': 3, 'largest_component_fraction': 0.35085249686961834, 'fragment_fraction': 0.0, 'median_planarity': 0.011190713140272108, 'worst_planarity': 0.012309054288795003}}","{'fraction': 0.7597212524414062, 'border_touch_fraction': 0.0246801046301467, 'skipped': 'fraction 0.76 exceeds sheet_fraction_max'}",1,0.026882415771484376,2.0,4.0,3,0.0,0.012309054288795003
sample_00042,True,True,"[320, 320, 320]",,uint8,LZW,913801,,"[320, 320, 320]",,uint8,LZW,32500930,,"[320, 320, 320]",uint8,"[0, 1, 2]",0.18562554931640626,0.03070989990234375,0.78366455078125,3,0.8143744506835937,0.023023806781095685,"{'fraction': 0.03070989990234375, 'border_touch_fraction': 0.0, 'thickness': {'median': 2.0, 'p95': 4.0, 'max': 6.0, 'mean': 2.6650800704956055, 'saturated': 3.179959892755853e-05}, 'components': {'n_components': 7, 'n_components_ge_min_size': 7, 'largest_component_fraction': 0.3059409600696411, 'fragment_fraction': 0.0, 'median_planarity': 0.0008526045881471235, 'worst_planarity': 0.011910508849877165}}","{'fraction': 0.78366455078125, 'border_touch_fraction': 0.02392605354077554, 'skipped': 'fraction 0.78 exceeds sheet_fraction_max'}",1,0.03070989990234375,2.0,4.0,7,0.0,0.011910508849877165
sample_00043,True,True,"[320, 320, 320]",,uint8,LZW,1444169,,"[320, 320, 320]",,uint8,LZW,34152875,,"[320, 320, 320]",uint8,"[0, 1, 2]",0.4184486083984375,0.0738525390625,0.5076988525390626,3,0.5815513916015626,0.03224134663036996,"{'fraction': 0.0738525390625, 'border_touch_fraction': 0.0, 'thickness': {'median': 2.0, 'p95': 4.0, 'max': 6.0, 'mean': 2.7025699615478516, 'saturated': 0.00010495867768595041}, 'components': {'n_components': 9, 'n_components_ge_min_size': 9, 'largest_component_fraction': 0.13156528925619834, 'fragment_fraction': 0.0, 'median_planarity': 0.007672691708905569, 'worst_planarity': 0.02364647827786965}}","{'fraction': 0.5076988525390626, 'border_touch_fraction': 0.03693134208641405, 'skipped': 'fraction 0.51 exceeds sheet_fraction_max'}",1,0.0738525390625,2.0,4.0,9,0.0,0.02364647827786965
sample_00044,True,True,"[320, 320, 320]",,uint8,LZW,801257,,"[320, 320, 320]",,uint8,LZW,32975458,,"[320, 320, 320]",uint8,"[0, 1, 2]",0.5751173706054687,0.06800582885742187,0.35687680053710935,3,0.42488262939453125,0.044129834224381534,"{'fraction': 0.06800582885742187, 'border_touch_fraction': 0.0, 'thickness': {'median': 2.0, 'p95': 4.0, 'max': 6.0, 'mean': 2.67372989654541, 'saturated': 2.0193725136475925e-05}, 'components': {'n_components': 8, 'n_components_ge_min_size': 8, 'largest_component_fraction': 0.1378499965221918, 'fragment_fraction': 0.0, 'median_planarity': 0.006005542823900861, 'worst_planarity': 0.011215686686871023}}","{'fraction': 0.35687680053710935, 'border_touch_fraction': 0.05253913947833184, 'skipped': 'fraction 0.36 exceeds sheet_fraction_max'}",1,0.06800582885742187,2.0,4.0,8,0.0,0.011215686686871023
sample_00045,True,True,"[320, 320, 320]",,uint8,LZW,946313,,"[320, 320, 320]",,uint8,LZW,28707135,,"[320, 320, 320]",uint8,"[0, 1, 2]",0.38953607177734373,0.0479642333984375,0.5624996948242188,3,0.6104639282226563,0.030714345488995477,"{'fraction': 0.0479642333984375, 'border_touch_fraction': 0.0, 'thickness': {'median': 2.0, 'p95': 4.0, 'max': 8.0, 'mean': 2.7062199115753174, 'saturated': 6.36256976557748e-07}, 'components': {'n_components': 12, 'n_components_ge_min_size': 12, 'largest_component_fraction': 0.19602504816465313, 'fragment_fraction': 0.0, 'median_planarity': 0.008697766212348704, 'worst_planarity': 0.02769535192763455}}","{'fraction': 0.5624996948242188, 'border_touch_fraction': 0.03333335141783388, 'skipped': 'fraction 0.56 exceeds sheet_fraction_max'}",1,0.0479642333984375,2.0,4.0,12,0.0,0.02769535192763455
sample_00046,True,True,"[320, 320, 320]",,uint8,LZW,1212073,,"[320, 320, 320]",,uint8,LZW,30409534,,"[320, 320, 320]",uint8,"[0, 1, 2]",0.8666952209472656,0.06834445190429687,0.0649603271484375,3,0.13330477905273438,0.14065512229372243,"{'fraction': 0.06834445190429687, 'border_touch_fraction': 0.0, 'thickness': {'median': 2.0, 'p95': 4.0, 'max': 6.0, 'mean': 2.766079902648926, 'saturated': 3.572208397279585e-05}, 'components': {'n_components': 14, 'n_components_ge_min_size': 14, 'largest_component_fraction': 0.1446784588242701, 'fragment_fraction': 0.0, 'median_planarity': 0.004249305716204515, 'worst_planarity': 0.023752544674124704}}","{'fraction': 0.0649603271484375, 'border_touch_fraction': 0.2886377089381853, 'thickness': {'median': 4.0, 'p95': 48.0, 'max': 48.0, 'mean': 9.699910163879395, 'saturated': 0.08767229472616062}, 'components': {'n_components': 1, 'n_components_ge_min_size': 1, 'largest_component_fraction': 1.0, 'fragment_fraction': 0.0, 'median_planarity': 0.2852969187938894, 'worst_planarity': 0.2852969187938894}}",1,0.06834445190429687,2.0,4.0,14,0.0,0.023752544674124704
sample_00047,True,True,"[320, 320, 320]",,uint8,LZW,1039001,,"[320, 320, 320]",,uint8,LZW,28585157,,"[320, 320, 320]",uint8,"[0, 1, 2]",0.3999232482910156,0.030486236572265624,0.5695905151367188,3,0.6000767517089843,0.03124600302644798,"{'fraction': 0.030486236572265624, 'border_touch_fraction': 0.0, 'thickness': {'median': 2.0, 'p95': 4.0, 'max': 6.0, 'mean': 2.664220094680786, 'saturated': 0.00015215626448362467}, 'components': {'n_components': 7, 'n_components_ge_min_size': 7, 'largest_component_fraction': 0.29822727941596017, 'fragment_fraction': 0.0, 'median_planarity': 0.0015775146153866103, 'worst_planarity': 0.007691274700070485}}","{'fraction': 0.5695905151367188, 'border_touch_fraction': 0.03291838522890333, 'skipped': 'fraction 0.57 exceeds sheet_fraction_max'}",1,0.030486236572265624,2.0,4.0,7,0.0,0.007691274700070485
sample_00048,True,True,"[320, 320, 320]",,uint8,NONE,32821210,,"[320, 320, 320]",,uint8,LZW,30308897,,"[320, 320, 320]",uint8,"[0, 1, 2]",0.365978271484375,0.0643802490234375,0.5696414794921875,3,0.634021728515625,0.02957311895902621,"{'fraction': 0.0643802490234375, 'border_touch_fraction': 0.0, 'thickness': {'median': 2.0, 'p95': 4.0, 'max': 6.0, 'mean': 2.661099910736084, 'saturated': 2.9389290542526303e-05}, 'components': {'n_components': 10, 'n_components_ge_min_size': 10, 'largest_component_fraction': 0.14088514854864306, 'fragment_fraction': 0.0, 'median_planarity': 0.004910602248364147, 'worst_planarity': 0.01285291824718438}}","{'fraction': 0.5696414794921875, 'border_touch_fraction': 0.03291544010579228, 'skipped': 'fraction 0.57 exceeds sheet_fraction_max'}",1,0.0643802490234375,2.0,4.0,10,0.0,0.01285291824718438
sample_00049,True,True,"[320, 320, 320]",,uint8,NONE,32821210,,"[320, 320, 320]",,uint8,LZW,31051779,,"[320, 320, 320]",uint8,"[0, 1, 2]",0.2659266357421875,0.05578387451171875,0.6782894897460937,3,0.7340733642578126,0.02554240613124174,"{'fraction': 0.05578387451171875, 'border_touch_fraction': 0.0, 'thickness': {'median': 2.0, 'p95': 4.0, 'max': 6.0, 'mean': 2.6606199741363525, 'saturated': 6.127162696958191e-05}, 'components': {'n_components': 7, 'n_components_ge_min_size': 7, 'largest_component_fraction': 0.1625749620061206, 'fragment_fraction': 0.0, 'median_planarity': 0.006736478973227449, 'worst_planarity': 0.017683606327044722}}","{'fraction': 0.6782894897460937, 'border_touch_fraction': 0.027643064330863724, 'skipped': 'fraction 0.68 exceeds sheet_fraction_max'}",1,0.05578387451171875,2.0,4.0,7,0.0,0.017683606327044722
sample_00050,True,True,"[320, 320, 320]",,uint8,LZW,1264617,,"[320, 320, 320]",,uint8,LZW,32158114,,"[320, 320, 320]",uint8,"[0, 1, 2]",0.48341143798828123,0.09446722412109375,0.422121337890625,3,0.5165885620117188,0.036295809429041634,"{'fraction': 0.09446722412109375, 'border_touch_fraction': 0.0, 'thickness': {'median': 2.0, 'p95': 4.0, 'max': 8.0, 'mean': 2.684079885482788, 'saturated': 2.907444414508535e-06}, 'components': {'n_components': 12, 'n_components_ge_min_size': 12, 'largest_component_fraction': 0.0987865619211359, 'fragment_fraction': 0.0, 'median_planarity': 0.003148487636086048, 'worst_planarity': 0.018282363880201886}}","{'fraction': 0.422121337890625, 'border_touch_fraction': 0.04441850794298931, 'skipped': 'fraction 0.42 exceeds sheet_fraction_max'}",1,0.09446722412109375,2.0,4.0,12,0.0,0.018282363880201886
sample_00051,True,True,"[320, 320, 320]",,uint8,NONE,32821210,,"[320, 320, 320]",,uint8,LZW,30838000,,"[320, 320, 320]",uint8,"[0, 1, 2]",0.45710040283203124,0.08084970092773437,0.46204989624023435,3,0.5428995971679688,0.03453677272521332,"{'fraction': 0.08084970092773437, 'border_touch_fraction': 0.0, 'thickness': {'median': 2.0, 'p95': 4.0, 'max': 6.0, 'mean': 2.664340019226074, 'saturated': 4.756003794234138e-05}, 'components': {'n_components': 11, 'n_components_ge_min_size': 11, 'largest_component_fraction': 0.11297547298646464, 'fragment_fraction': 0.0, 'median_planarity': 0.008947512680257716, 'worst_planarity': 0.02898281531003047}}","{'fraction': 0.46204989624023435, 'border_touch_fraction': 0.040580032919759125, 'skipped': 'fraction 0.46 exceeds sheet_fraction_max'}",1,0.08084970092773437,2.0,4.0,11,0.0,0.02898281531003047
sample_00052,True,True,"[320, 320, 320]",,uint8,LZW,690201,,"[320, 320, 320]",,uint8,LZW,29473311,,"[320, 320, 320]",uint8,"[0, 1, 2]",0.7280065612792969,0.07870053100585937,0.19329290771484375,3,0.27199343872070314,0.06893548641536705,"{'fraction': 0.07870053100585937, 'border_touch_fraction': 0.0, 'thickness': {'median': 2.0, 'p95': 4.0, 'max': 6.0, 'mean': 2.6568799018859863, 'saturated': 2.791932401112275e-05}, 'components': {'n_components': 12, 'n_components_ge_min_size': 12, 'largest_component_fraction': 0.11561508403522643, 'fragment_fraction': 0.0, 'median_planarity': 0.004614892413720324, 'worst_planarity': 0.03579781023554612}}","{'fraction': 0.19329290771484375, 'border_touch_fraction': 0.09700304176530379, 'thickness': {'median': 8.0, 'p95': 8.0, 'max': 8.0, 'mean': 6.883959770202637, 'saturated': 0.7193081839053892}, 'components': {'n_components': 1, 'n_components_ge_min_size': 1, 'largest_component_fraction': 1.0, 'fragment_fraction': 0.0, 'median_planarity': 0.22320405548606453, 'worst_planarity': 0.22320405548606453}}",1,0.07870053100585937,2.0,4.0,12,0.0,0.03579781023554612
sample_00053,True,True,"[320, 320, 320]",,uint8,LZW,835705,,"[320, 320, 320]",,uint8,LZW,30381528,,"[320, 320, 320]",uint8,"[0, 1, 2]",0.47939825439453126,0.08482937622070312,0.4357723693847656,3,0.5206017456054688,0.03601601446455664,"{'fraction': 0.08482937622070312, 'border_touch_fraction': 0.0, 'thickness': {'median': 2.0, 'p95': 4.0, 'max': 6.0, 'mean': 2.658440113067627, 'saturated': 3.201797035567648e-05}, 'components': {'n_components': 12, 'n_components_ge_min_size': 12, 'largest_component_fraction': 0.10754692341481367, 'fragment_fraction': 0.0, 'median_planarity': 0.003020670219648179, 'worst_planarity': 0.02607204388519634}}","{'fraction': 0.4357723693847656, 'border_touch_fraction': 0.04302705108740997, 'skipped': 'fraction 0.44 exceeds sheet_fraction_max'}",1,0.08482937622070312,2.0,4.0,12,0.0,0.02607204388519634
sample_00054,True,True,"[320, 320, 320]",,uint8,LZW,973689,,"[320, 320, 320]",,uint8,LZW,31709019,,"[320, 320, 320]",uint8,"[0, 1, 2]",0.38929962158203124,0.05847415161132812,0.5522262268066406,3,0.6107003784179688,0.030702453547797433,"{'fraction': 0.05847415161132812, 'border_touch_fraction': 0.0, 'thickness': {'median': 2.0, 'p95': 4.0, 'max': 6.0, 'mean': 2.68927001953125, 'saturated': 0.00010907680833952219}, 'components': {'n_components': 9, 'n_components_ge_min_size': 9, 'largest_component_fraction': 0.16182196890423733, 'fragment_fraction': 0.0, 'median_planarity': 0.0036534700059876572, 'worst_planarity': 0.025750609698233427}}","{'fraction': 0.5522262268066406, 'border_touch_fraction': 0.033953476111458256, 'skipped': 'fraction 0.55 exceeds sheet_fraction_max'}",1,0.05847415161132812,2.0,4.0,9,0.0,0.025750609698233427
sample_00055,True,True,"[320, 320, 320]",,uint8,NONE,32821210,,"[320, 320, 320]",,uint8,LZW,33888734,,"[320, 320, 320]",uint8,"[0, 1, 2]",0.35934906005859374,0.06396627807617188,0.5766846618652344,3,0.6406509399414062,0.02926710761044832,"{'fraction': 0.06396627807617188, 'border_touch_fraction': 0.0, 'thickness': {'median': 2.0, 'p95': 4.0, 'max': 6.0, 'mean': 2.7945001125335693, 'saturated': 0.0002686008472138268}, 'components': {'n_components': 9, 'n_components_ge_min_size': 9, 'largest_component_fraction': 0.1676923275098316, 'fragment_fraction': 0.0, 'median_planarity': 0.007323503357260193, 'worst_planarity': 0.013214284495418244}}","{'fraction': 0.5766846618652344, 'border_touch_fraction': 0.03251343626749985, 'skipped': 'fraction 0.58 exceeds sheet_fraction_max'}",1,0.06396627807617188,2.0,4.0,9,0.0,0.013214284495418244
sample_00056,True,True,"[320, 320, 320]",,uint8,LZW,1386121,,"[320, 320, 320]",,uint8,LZW,35435330,,"[320, 320, 320]",uint8,"[0, 1, 2]",0.3862927551269531,0.0759998779296875,0.5377073669433594,3,0.6137072448730468,0.030552026485981397,"{'fraction': 0.0759998779296875, 'border_touch_fraction': 0.0, 'thickness': {'median': 2.0, 'p95': 4.0, 'max': 6.0, 'mean': 2.775520086288452, 'saturated': 0.0001618237333980093}, 'components': {'n_components': 8, 'n_components_ge_min_size': 8, 'largest_component_fraction': 0.1418852826333821, 'fragment_fraction': 0.0, 'median_planarity': 0.006862025607765983, 'worst_planarity': 0.01366608648300687}}","{'fraction': 0.5377073669433594, 'border_touch_fraction': 0.03487026801694364, 'skipped': 'fraction 0.54 exceeds sheet_fraction_max'}",1,0.0759998779296875,2.0,4.0,8,0.0,0.01366608648300687
sample_00057,True,True,"[320, 320, 320]",,uint8,NONE,32821210,,"[320, 320, 320]",,uint8,LZW,33020712,,"[320, 320, 320]",uint8,"[0, 1, 2]",0.3089424133300781,0.05798590087890625,0.6330716857910156,3,0.6910575866699219,0.027132326396057335,"{'fraction': 0.05798590087890625, 'border_touch_fraction': 0.0, 'thickness': {'median': 2.0, 'p95': 4.0, 'max': 6.0, 'mean': 2.6632299423217773, 'saturated': 2.99987053190336e-05}, 'components': {'n_components': 12, 'n_components_ge_min_size': 12, 'largest_component_fraction': 0.15788844902483157, 'fragment_fraction': 0.0, 'median_planarity': 0.00314522335883734, 'worst_planarity': 0.007527904002066131}}","{'fraction': 0.6330716857910156, 'border_touch_fraction': 0.029617498967075263, 'skipped': 'fraction 0.63 exceeds sheet_fraction_max'}",1,0.05798590087890625,2.0,4.0,12,0.0,0.007527904002066131
sample_00058,True,True,"[320, 320, 320]",,uint8,LZW,555481,,"[320, 320, 320]",,uint8,LZW,30261470,,"[320, 320, 320]",uint8,"[0, 1, 2]",0.32831976318359374,0.060787445068359376,0.6108927917480469,3,0.6716802368164062,0.027915068766754605,"{'fraction': 0.060787445068359376, 'border_touch_fraction': 0.0, 'thickness': {'median': 2.0, 'p95': 4.0, 'max': 6.0, 'mean': 2.649899959564209, 'saturated': 1.5563163097430923e-05}, 'components': {'n_components': 10, 'n_components_ge_min_size': 10, 'largest_component_fraction': 0.14907401689757882, 'fragment_fraction': 0.0, 'median_planarity': 0.00157690419450565, 'worst_planarity': 0.004365459010606044}}","{'fraction': 0.6108927917480469, 'border_touch_fraction': 0.030692783174519993, 'skipped': 'fraction 0.61 exceeds sheet_fraction_max'}",1,0.060787445068359376,2.0,4.0,10,0.0,0.004365459010606044
sample_00059,True,True,"[320, 320, 320]",,uint8,LZW,995929,,"[320, 320, 320]",,uint8,LZW,34006240,,"[320, 320, 320]",uint8,"[0, 1, 2]",0.34711187744140626,0.044211761474609375,0.6086763610839844,3,0.6528881225585937,0.02871854970576107,"{'fraction': 0.044211761474609375, 'border_touch_fraction': 0.0, 'thickness': {'median': 2.0, 'p95': 4.0, 'max': 6.0, 'mean': 2.723949909210205, 'saturated': 0.0007668780470632574}, 'components': {'n_components': 6, 'n_components_ge_min_size': 6, 'largest_component_fraction': 0.21851537656058992, 'fragment_fraction': 0.0, 'median_planarity': 0.007643670967995437, 'worst_planarity': 0.010380364949937682}}","{'fraction': 0.6086763610839844, 'border_touch_fraction': 0.030804547701849882, 'skipped': 'fraction 0.61 exceeds sheet_fraction_max'}",1,0.044211761474609375,2.0,4.0,6,0.0,0.010380364949937682
sample_00060,True,True,"[320, 320, 320]",,uint8,LZW,676537,,"[320, 320, 320]",,uint8,LZW,35246081,,"[320, 320, 320]",uint8,"[0, 1, 2]",0.21754086303710937,0.02487359619140625,0.7575855407714843,3,0.7824591369628906,0.023962912712321295,"{'fraction': 0.02487359619140625, 'border_touch_fraction': 0.0, 'thickness': {'median': 2.0, 'p95': 4.0, 'max': 6.0, 'mean': 2.7890100479125977, 'saturated': 0.00031776879682182126}, 'components': {'n_components': 5, 'n_components_ge_min_size': 5, 'largest_component_fraction': 0.3223966883338364, 'fragment_fraction': 0.0, 'median_planarity': 0.0013490738420094991, 'worst_planarity': 0.007057200857219298}}","{'fraction': 0.7575855407714843, 'border_touch_fraction': 0.024749680387123028, 'skipped': 'fraction 0.76 exceeds sheet_fraction_max'}",1,0.02487359619140625,2.0,4.0,5,0.0,0.007057200857219298
sample_00061,True,True,"[320, 320, 320]",,uint8,LZW,929641,,"[320, 320, 320]",,uint8,LZW,32463696,,"[320, 320, 320]",uint8,"[0, 1, 2]",0.3696936340332031,0.05844317626953125,0.5718631896972656,3,0.6303063659667969,0.029747438725674726,"{'fraction': 0.05844317626953125, 'border_touch_fraction': 0.0, 'thickness': {'median': 2.0, 'p95': 4.0, 'max': 6.0, 'mean': 2.6777799129486084, 'saturated': 8.093715830159379e-05}, 'components': {'n_components': 11, 'n_components_ge_min_size': 11, 'largest_component_fraction': 0.15907597962681183, 'fragment_fraction': 0.0, 'median_planarity': 0.0025559803035608585, 'worst_planarity': 0.005659563336375764}}","{'fraction': 0.5718631896972656, 'border_touch_fraction': 0.032787562371213164, 'skipped': 'fraction 0.57 exceeds sheet_fraction_max'}",1,0.05844317626953125,2.0,4.0,11,0.0,0.005659563336375764
sample_00062,True,True,"[320, 320, 320]",,uint8,LZW,957209,,"[320, 320, 320]",,uint8,LZW,32256274,,"[320, 320, 320]",uint8,"[0, 1, 2]",0.6972996520996094,0.11316094970703125,0.18953939819335938,3,0.30270034790039063,0.061942446151961636,"{'fraction': 0.11316094970703125, 'border_touch_fraction': 0.0, 'thickness': {'median': 2.0, 'p95': 4.0, 'max': 6.0, 'mean': 2.6608500480651855, 'saturated': 1.7259708451162306e-05}, 'components': {'n_components': 15, 'n_components_ge_min_size': 15, 'largest_component_fraction': 0.0802002018307157, 'fragment_fraction': 0.0, 'median_planarity': 0.001644467607610739, 'worst_planarity': 0.009808270540518183}}","{'fraction': 0.18953939819335938, 'border_touch_fraction': 0.09892402412754372, 'thickness': {'median': 8.0, 'p95': 8.0, 'max': 8.0, 'mean': 6.582399845123291, 'saturated': 0.6455311023797636}, 'components': {'n_components': 1, 'n_components_ge_min_size': 1, 'largest_component_fraction': 1.0, 'fragment_fraction': 0.0, 'median_planarity': 0.19455729089710574, 'worst_planarity': 0.19455729089710574}}",1,0.11316094970703125,2.0,4.0,15,0.0,0.009808270540518183
sample_00063,True,True,"[320, 320, 320]",,uint8,NONE,32821210,,"[320, 320, 320]",,uint8,LZW,30689133,,"[320, 320, 320]",uint8,"[0, 1, 2]",0.6319053344726563,0.0837396240234375,0.2843550415039062,3,0.36809466552734377,0.05093798350252692,"{'fraction': 0.0837396240234375, 'border_touch_fraction': 0.0, 'thickness': {'median': 2.0, 'p95': 4.0, 'max': 6.0, 'mean': 2.672420024871826, 'saturated': 3.644341431059993e-07}, 'components': {'n_components': 12, 'n_components_ge_min_size': 12, 'largest_component_fraction': 0.11085029774269492, 'fragment_fraction': 0.0, 'median_planarity': 0.0021443317053684557, 'worst_planarity': 0.01011720036309281}}","{'fraction': 0.2843550415039062, 'border_touch_fraction': 0.0659386937570524, 'skipped': 'fraction 0.28 exceeds sheet_fraction_max'}",1,0.0837396240234375,2.0,4.0,12,0.0,0.01011720036309281
sample_00064,True,True,"[320, 320, 320]",,uint8,LZW,1155545,,"[320, 320, 320]",,uint8,LZW,29306374,,"[320, 320, 320]",uint8,"[0, 1, 2]",0.8596326904296875,0.0851654052734375,0.055201904296875,3,0.1403673095703125,0.13357811058284758,"{'fraction': 0.0851654052734375, 'border_touch_fraction': 0.0, 'thickness': {'median': 2.0, 'p95': 4.0, 'max': 6.0, 'mean': 2.702500104904175, 'saturated': 0.00020138316551402874}, 'components': {'n_components': 13, 'n_components_ge_min_size': 13, 'largest_component_fraction': 0.11230838140968216, 'fragment_fraction': 0.0, 'median_planarity': 0.0036891965062838287, 'worst_planarity': 0.023370257598001033}}","{'fraction': 0.055201904296875, 'border_touch_fraction': 0.3396621953322984, 'thickness': {'median': 4.0, 'p95': 6.0, 'max': 14.0, 'mean': 4.07459020614624, 'saturated': 4.422684835055969e-06}, 'components': {'n_components': 1, 'n_components_ge_min_size': 1, 'largest_component_fraction': 1.0, 'fragment_fraction': 0.0, 'median_planarity': 0.33223717243291884, 'worst_planarity': 0.33223717243291884}}",1,0.0851654052734375,2.0,4.0,13,0.0,0.023370257598001033
sample_00065,True,True,"[320, 320, 320]",,uint8,LZW,785177,,"[320, 320, 320]",,uint8,LZW,31706217,,"[320, 320, 320]",uint8,"[0, 1, 2]",0.30412152099609374,0.02846868896484375,0.6674097900390625,3,0.6958784790039062,0.02694435963422681,"{'fraction': 0.02846868896484375, 'border_touch_fraction': 0.0, 'thickness': {'median': 2.0, 'p95': 4.0, 'max': 6.0, 'mean': 2.744149923324585, 'saturated': 0.00030229551637862834}, 'components': {'n_components': 5, 'n_components_ge_min_size': 5, 'largest_component_fraction': 0.3179837961027462, 'fragment_fraction': 0.0, 'median_planarity': 0.006463614389233271, 'worst_planarity': 0.025301775743242886}}","{'fraction': 0.6674097900390625, 'border_touch_fraction': 0.028093684389769873, 'skipped': 'fraction 0.67 exceeds sheet_fraction_max'}",1,0.02846868896484375,2.0,4.0,5,0.0,0.025301775743242886
sample_00066,True,True,"[320, 320, 320]",,uint8,NONE,32821210,,"[320, 320, 320]",,uint8,LZW,32766533,,"[320, 320, 320]",uint8,"[0, 1, 2]",0.2943277893066406,0.03684393310546875,0.6688282775878907,3,0.7056722106933594,0.0265704100513993,"{'fraction': 0.03684393310546875, 'border_touch_fraction': 0.0, 'thickness': {'median': 2.0, 'p95': 4.0, 'max': 6.0, 'mean': 2.682339906692505, 'saturated': 6.957662622939413e-05}, 'components': {'n_components': 4, 'n_components_ge_min_size': 4, 'largest_component_fraction': 0.25103660890150103, 'fragment_fraction': 0.0, 'median_planarity': 0.004672035693374724, 'worst_planarity': 0.0072142562624967314}}","{'fraction': 0.6688282775878907, 'border_touch_fraction': 0.028034101769173574, 'skipped': 'fraction 0.67 exceeds sheet_fraction_max'}",1,0.03684393310546875,2.0,4.0,4,0.0,0.0072142562624967314
sample_00067,True,True,"[320, 320, 320]",,uint8,LZW,1186761,,"[320, 320, 320]",,uint8,LZW,33633089,,"[320, 320, 320]",uint8,"[0, 1, 2]",0.40031903076171876,0.0492076416015625,0.5504733276367187,3,0.5996809692382813,0.03126662502533034,"{'fraction': 0.0492076416015625, 'border_touch_fraction': 0.0, 'thickness': {'median': 2.0, 'p95': 4.0, 'max': 6.0, 'mean': 2.7734999656677246, 'saturated': 0.00013705970345489682}, 'components': {'n_components': 8, 'n_components_ge_min_size': 8, 'largest_component_fraction': 0.1770724543485757, 'fragment_fraction': 0.0, 'median_planarity': 0.0026841518918847215, 'worst_planarity': 0.008694815468148568}}","{'fraction': 0.5504733276367187, 'border_touch_fraction': 0.03406159582789802, 'skipped': 'fraction 0.55 exceeds sheet_fraction_max'}",1,0.0492076416015625,2.0,4.0,8,0.0,0.008694815468148568
sample_00068,True,True,"[320, 320, 320]",,uint8,LZW,1121241,,"[320, 320, 320]",,uint8,LZW,26968989,,"[320, 320, 320]",uint8,"[0, 1, 2]",0.8270248718261719,0.046824798583984376,0.12615032958984376,3,0.17297512817382812,0.10839708689886061,"{'fraction': 0.046824798583984376, 'border_touch_fraction': 0.0, 'thickness': {'median': 2.0, 'p95': 4.0, 'max': 6.0, 'mean': 2.750969886779785, 'saturated': 0.00016358665367532284}, 'components': {'n_components': 7, 'n_components_ge_min_size': 7, 'largest_component_fraction': 0.21591548240139993, 'fragment_fraction': 0.0, 'median_planarity': 0.02573052136382495, 'worst_planarity': 0.08317339949326326}}","{'fraction': 0.12615032958984376, 'border_touch_fraction': 0.14863219193292973, 'thickness': {'median': 8.0, 'p95': 8.0, 'max': 8.0, 'mean': 6.324510097503662, 'saturated': 0.5810887308059087}, 'components': {'n_components': 1, 'n_components_ge_min_size': 1, 'largest_component_fraction': 1.0, 'fragment_fraction': 0.0, 'median_planarity': 0.2474786364757671, 'worst_planarity': 0.2474786364757671}}",1,0.046824798583984376,2.0,4.0,7,0.0,0.08317339949326326
sample_00069,True,True,"[320, 320, 320]",,uint8,LZW,1300921,,"[320, 320, 320]",,uint8,LZW,26659898,,"[320, 320, 320]",uint8,"[0, 1, 2]",0.8808104553222657,0.06178472900390625,0.05740481567382812,3,0.11918954467773438,0.15731245597670834,"{'fraction': 0.06178472900390625, 'border_touch_fraction': 0.0, 'thickness': {'median': 2.0, 'p95': 4.0, 'max': 6.0, 'mean': 2.7024600505828857, 'saturated': 6.124781557690009e-05}, 'components': {'n_components': 9, 'n_components_ge_min_size': 9, 'largest_component_fraction': 0.15628269225639915, 'fragment_fraction': 0.0, 'median_planarity': 0.012804311694303017, 'worst_planarity': 0.024130487166261677}}","{'fraction': 0.05740481567382812, 'border_touch_fraction': 0.3266276492644233, 'thickness': {'median': 4.0, 'p95': 8.0, 'max': 48.0, 'mean': 5.167689800262451, 'saturated': 0.007525620122049439}, 'components': {'n_components': 1, 'n_components_ge_min_size': 1, 'largest_component_fraction': 1.0, 'fragment_fraction': 0.0, 'median_planarity': 0.3167508983244377, 'worst_planarity': 0.3167508983244377}}",1,0.06178472900390625,2.0,4.0,9,0.0,0.024130487166261677
sample_00070,True,True,"[320, 320, 320]",,uint8,LZW,1319305,,"[320, 320, 320]",,uint8,LZW,32674408,,"[320, 320, 320]",uint8,"[0, 1, 2]",0.38559130859375,0.06049298095703125,0.5539157104492187,3,0.61440869140625,0.03051714642428847,"{'fraction': 0.06049298095703125, 'border_touch_fraction': 0.0, 'thickness': {'median': 2.0, 'p95': 4.0, 'max': 6.0, 'mean': 2.6784799098968506, 'saturated': 1.7656845760894023e-05}, 'components': {'n_components': 7, 'n_components_ge_min_size': 7, 'largest_component_fraction': 0.1505019084527861, 'fragment_fraction': 0.0, 'median_planarity': 0.007200690764350865, 'worst_planarity': 0.013607091405139153}}","{'fraction': 0.5539157104492187, 'border_touch_fraction': 0.033849915512946874, 'skipped': 'fraction 0.55 exceeds sheet_fraction_max'}",1,0.06049298095703125,2.0,4.0,7,0.0,0.013607091405139153
sample_00071,True,True,"[320, 320, 320]",,uint8,NONE,32821210,,"[320, 320, 320]",,uint8,LZW,34200134,,"[320, 320, 320]",uint8,"[0, 1, 2]",0.3434678955078125,0.0562933349609375,0.60023876953125,3,0.6565321044921875,0.028559151748569392,"{'fraction': 0.0562933349609375, 'border_touch_fraction': 0.0, 'thickness': {'median': 2.0, 'p95': 4.0, 'max': 6.0, 'mean': 2.704010009765625, 'saturated': 0.00042773037265127775}, 'components': {'n_components': 6, 'n_components_ge_min_size': 6, 'largest_component_fraction': 0.16947609805813663, 'fragment_fraction': 0.0, 'median_planarity': 0.0066823784388551875, 'worst_planarity': 0.01880539587374588}}","{'fraction': 0.60023876953125, 'border_touch_fraction': 0.031237569033807346, 'skipped': 'fraction 0.60 exceeds sheet_fraction_max'}",1,0.0562933349609375,2.0,4.0,6,0.0,0.01880539587374588
sample_00072,True,True,"[320, 320, 320]",,uint8,LZW,948057,,"[320, 320, 320]",,uint8,LZW,27096918,,"[320, 320, 320]",uint8,"[0, 1, 2]",0.6362862243652344,0.033438995361328126,0.3302747802734375,3,0.36371377563476565,0.05155152555681143,"{'fraction': 0.033438995361328126, 'border_touch_fraction': 0.0, 'thickness': {'median': 2.0, 'p95': 4.0, 'max': 6.0, 'mean': 2.726490020751953, 'saturated': 0.00021720699187481577}, 'components': {'n_components': 5, 'n_components_ge_min_size': 5, 'largest_component_fraction': 0.3584134398195174, 'fragment_fraction': 0.0, 'median_planarity': 0.02250317923629095, 'worst_planarity': 0.048935496929964045}}","{'fraction': 0.3302747802734375, 'border_touch_fraction': 0.056770910526309955, 'skipped': 'fraction 0.33 exceeds sheet_fraction_max'}",1,0.033438995361328126,2.0,4.0,5,0.0,0.048935496929964045
sample_00073,True,True,"[320, 320, 320]",,uint8,NONE,32821210,,"[320, 320, 320]",,uint8,LZW,32189536,,"[320, 320, 320]",uint8,"[0, 1, 2]",0.21678475952148438,0.026771942138671876,0.7564432983398437,3,0.7832152404785157,0.02393977929814599,"{'fraction': 0.026771942138671876, 'border_touch_fraction': 0.0, 'thickness': {'median': 2.0, 'p95': 4.0, 'max': 6.0, 'mean': 2.717329978942871, 'saturated': 7.523399482253326e-05}, 'components': {'n_components': 3, 'n_components_ge_min_size': 3, 'largest_component_fraction': 0.3882552894627951, 'fragment_fraction': 0.0, 'median_planarity': 0.01564451027691249, 'worst_planarity': 0.020001440556431365}}","{'fraction': 0.7564432983398437, 'border_touch_fraction': 0.024787052831521387, 'skipped': 'fraction 0.76 exceeds sheet_fraction_max'}",1,0.026771942138671876,2.0,4.0,3,0.0,0.020001440556431365
sample_00074,True,True,"[320, 320, 320]",,uint8,LZW,1107289,,"[320, 320, 320]",,uint8,LZW,32810904,,"[320, 320, 320]",uint8,"[0, 1, 2]",0.5915178833007813,0.07921078491210938,0.3292713317871094,3,0.40848211669921874,0.0459016422836605,"{'fraction': 0.07921078491210938, 'border_touch_fraction': 0.0, 'thickness': {'median': 2.0, 'p95': 4.0, 'max': 6.0, 'mean': 2.702130079269409, 'saturated': 0.0001907088938537413}, 'components': {'n_components': 12, 'n_components_ge_min_size': 12, 'largest_component_fraction': 0.12243433931311665, 'fragment_fraction': 0.0, 'median_planarity': 0.006769218138795293, 'worst_planarity': 0.012341489199358027}}","{'fraction': 0.3292713317871094, 'border_touch_fraction': 0.05694391885936437, 'skipped': 'fraction 0.33 exceeds sheet_fraction_max'}",1,0.07921078491210938,2.0,4.0,12,0.0,0.012341489199358027
sample_00075,True,True,"[320, 320, 320]",,uint8,LZW,457705,,"[320, 320, 320]",,uint8,LZW,30282480,,"[320, 320, 320]",uint8,"[0, 1, 2]",0.19926748657226562,0.03566604614257812,0.7650664672851563,3,0.8007325134277343,0.023416059277693083,"{'fraction': 0.03566604614257812, 'border_touch_fraction': 0.0, 'thickness': {'median': 2.0, 'p95': 4.0, 'max': 6.0, 'mean': 2.6545801162719727, 'saturated': 2.139119794986759e-05}, 'components': {'n_components': 7, 'n_components_ge_min_size': 7, 'largest_component_fraction': 0.25394517863789406, 'fragment_fraction': 0.0, 'median_planarity': 0.0037383962696346555, 'worst_planarity': 0.007639774547219408}}","{'fraction': 0.7650664672851563, 'border_touch_fraction': 0.02450767456392973, 'skipped': 'fraction 0.77 exceeds sheet_fraction_max'}",1,0.03566604614257812,2.0,4.0,7,0.0,0.007639774547219408
sample_00076,True,True,"[320, 320, 320]",,uint8,NONE,32821210,,"[320, 320, 320]",,uint8,LZW,30008495,,"[320, 320, 320]",uint8,"[0, 1, 2]",0.5344482421875,0.0495966796875,0.415955078125,3,0.4655517578125,0.04027479154648907,"{'fraction': 0.0495966796875, 'border_touch_fraction': 0.0, 'thickness': {'median': 2.0, 'p95': 4.0, 'max': 10.0, 'mean': 2.7587599754333496, 'saturated': 3.6918896568019377e-06}, 'components': {'n_components': 9, 'n_components_ge_min_size': 9, 'largest_component_fraction': 0.19925066946265776, 'fragment_fraction': 0.0, 'median_planarity': 0.013231141845794797, 'worst_planarity': 0.018387634442104023}}","{'fraction': 0.415955078125, 'border_touch_fraction': 0.04507698303508961, 'skipped': 'fraction 0.42 exceeds sheet_fraction_max'}",1,0.0495966796875,2.0,4.0,9,0.0,0.018387634442104023
sample_00077,True,True,"[320, 320, 320]",,uint8,LZW,908969,,"[320, 320, 320]",,uint8,LZW,31983248,,"[320, 320, 320]",uint8,"[0, 1, 2]",0.1976864013671875,0.045652557373046875,0.7566610412597656,3,0.8023135986328125,0.023369914247933794,"{'fraction': 0.045652557373046875, 'border_touch_fraction': 0.0, 'thickness': {'median': 2.0, 'p95': 4.0, 'max': 6.0, 'mean': 2.706360101699829, 'saturated': 0.00011898849087164417}, 'components': {'n_components': 6, 'n_components_ge_min_size': 6, 'largest_component_fraction': 0.20695173546050885, 'fragment_fraction': 0.0, 'median_planarity': 0.008445391556501397, 'worst_planarity': 0.014393630249463468}}","{'fraction': 0.7566610412597656, 'border_touch_fraction': 0.02477991990810457, 'skipped': 'fraction 0.76 exceeds sheet_fraction_max'}",1,0.045652557373046875,2.0,4.0,6,0.0,0.014393630249463468
sample_00078,True,True,"[320, 320, 320]",,uint8,LZW,615065,,"[320, 320, 320]",,uint8,LZW,31358913,,"[320, 320, 320]",uint8,"[0, 1, 2]",0.23374063110351562,0.03732733154296875,0.7289320373535156,3,0.7662593688964844,0.024469521367161226,"{'fraction': 0.03732733154296875, 'border_touch_fraction': 0.0, 'thickness': {'median': 2.0, 'p95': 4.0, 'max': 6.0, 'mean': 2.6643600463867188, 'saturated': 1.962159749235984e-05}, 'components': {'n_components': 6, 'n_components_ge_min_size': 6, 'largest_component_fraction': 0.24479986788124355, 'fragment_fraction': 0.0, 'median_planarity': 0.004714191349477349, 'worst_planarity': 0.008093375447001184}}","{'fraction': 0.7289320373535156, 'border_touch_fraction': 0.025722562652170374, 'skipped': 'fraction 0.73 exceeds sheet_fraction_max'}",1,0.03732733154296875,2.0,4.0,6,0.0,0.008093375447001184
sample_00079,True,True,"[320, 320, 320]",,uint8,LZW,989273,,"[320, 320, 320]",,uint8,LZW,32740479,,"[320, 320, 320]",uint8,"[0, 1, 2]",0.3000223388671875,0.0504825439453125,0.6494951171875,3,0.6999776611328125,0.026786569116585578,"{'fraction': 0.0504825439453125, 'border_touch_fraction': 0.0, 'thickness': {'median': 2.0, 'p95': 4.0, 'max': 6.0, 'mean': 2.7481799125671387, 'saturated': 6.045174379100139e-07}, 'components': {'n_components': 5, 'n_components_ge_min_size': 5, 'largest_component_fraction': 0.22303610419946174, 'fragment_fraction': 0.0, 'median_planarity': 0.016135309297795813, 'worst_planarity': 0.02829992770939911}}","{'fraction': 0.6494951171875, 'border_touch_fraction': 0.028868577305388953, 'skipped': 'fraction 0.65 exceeds sheet_fraction_max'}",1,0.0504825439453125,2.0,4.0,5,0.0,0.02829992770939911
sample_00080,True,True,"[320, 320, 320]",,uint8,LZW,1068713,,"[320, 320, 320]",,uint8,LZW,33492921,,"[320, 320, 320]",uint8,"[0, 1, 2]",0.43720849609375,0.055114990234375,0.507676513671875,3,0.56279150390625,0.03331606797518994,"{'fraction': 0.055114990234375, 'border_touch_fraction': 0.0, 'thickness': {'median': 2.0, 'p95': 4.0, 'max': 6.0, 'mean': 2.805259943008423, 'saturated': 8.36098178967092e-05}, 'components': {'n_components': 6, 'n_components_ge_min_size': 6, 'largest_component_fraction': 0.18646595142435693, 'fragment_fraction': 0.0, 'median_planarity': 0.0026394510456647395, 'worst_planarity': 0.003180013859715927}}","{'fraction': 0.507676513671875, 'border_touch_fraction': 0.03693296714552888, 'skipped': 'fraction 0.51 exceeds sheet_fraction_max'}",1,0.055114990234375,2.0,4.0,6,0.0,0.003180013859715927
sample_00081,True,True,"[320, 320, 320]",,uint8,LZW,885481,,"[320, 320, 320]",,uint8,LZW,33823784,,"[320, 320, 320]",uint8,"[0, 1, 2]",0.20642361450195312,0.03197909545898438,0.7615972900390625,3,0.7935763854980469,0.023627215152366886,"{'fraction': 0.03197909545898438, 'border_touch_fraction': 0.0, 'thickness': {'median': 2.0, 'p95': 4.0, 'max': 6.0, 'mean': 2.7750399112701416, 'saturated': 0.00013646457503690745}, 'components': {'n_components': 7, 'n_components_ge_min_size': 7, 'largest_component_fraction': 0.30540867323032644, 'fragment_fraction': 0.0, 'median_planarity': 0.005721242861299815, 'worst_planarity': 0.008057611817716985}}","{'fraction': 0.7615972900390625, 'border_touch_fraction': 0.024619310290663336, 'skipped': 'fraction 0.76 exceeds sheet_fraction_max'}",1,0.03197909545898438,2.0,4.0,7,0.0,0.008057611817716985
sample_00082,True,True,"[320, 320, 320]",,uint8,LZW,1033625,,"[320, 320, 320]",,uint8,LZW,32780440,,"[320, 320, 320]",uint8,"[0, 1, 2]",0.4108485107421875,0.0733382568359375,0.515813232421875,3,0.5891514892578125,0.031825430881317875,"{'fraction': 0.0733382568359375, 'border_touch_fraction': 0.0, 'thickness': {'median': 2.0, 'p95': 4.0, 'max': 6.0, 'mean': 2.682960033416748, 'saturated': 0.00011651383934738934}, 'components': {'n_components': 9, 'n_components_ge_min_size': 9, 'largest_component_fraction': 0.12533144026085785, 'fragment_fraction': 0.0, 'median_planarity': 0.003935807787098542, 'worst_planarity': 0.007448731865871229}}","{'fraction': 0.515813232421875, 'border_touch_fraction': 0.03635036641453333, 'skipped': 'fraction 0.52 exceeds sheet_fraction_max'}",1,0.0733382568359375,2.0,4.0,9,0.0,0.007448731865871229
sample_00083,True,True,"[320, 320, 320]",,uint8,LZW,894345,,"[320, 320, 320]",,uint8,LZW,30276609,,"[320, 320, 320]",uint8,"[0, 1, 2]",0.4855695495605469,0.09243695068359375,0.42199349975585937,3,0.5144304504394531,0.03644807569999556,"{'fraction': 0.09243695068359375, 'border_touch_fraction': 0.0, 'thickness': {'median': 2.0, 'p95': 4.0, 'max': 6.0, 'mean': 2.6583900451660156, 'saturated': 8.583764667507876e-06}, 'components': {'n_components': 15, 'n_components_ge_min_size': 15, 'largest_component_fraction': 0.09916559204535925, 'fragment_fraction': 0.0, 'median_planarity': 0.003255698366633947, 'worst_planarity': 0.008000585396335169}}","{'fraction': 0.42199349975585937, 'border_touch_fraction': 0.04443196402515121, 'skipped': 'fraction 0.42 exceeds sheet_fraction_max'}",1,0.09243695068359375,2.0,4.0,15,0.0,0.008000585396335169
sample_00084,True,True,"[320, 320, 320]",,uint8,LZW,514713,,"[320, 320, 320]",,uint8,LZW,29975483,,"[320, 320, 320]",uint8,"[0, 1, 2]",0.3083074645996094,0.04528515625,0.6464073791503906,3,0.6916925354003907,0.027107419901743545,"{'fraction': 0.04528515625, 'border_touch_fraction': 0.0, 'thickness': {'median': 2.0, 'p95': 4.0, 'max': 6.0, 'mean': 2.660399913787842, 'saturated': 1.1456266712671439e-05}, 'components': {'n_components': 5, 'n_components_ge_min_size': 5, 'largest_component_fraction': 0.20028451975329942, 'fragment_fraction': 0.0, 'median_planarity': 0.002754446448925774, 'worst_planarity': 0.0038222238863543263}}","{'fraction': 0.6464073791503906, 'border_touch_fraction': 0.02900647579958659, 'skipped': 'fraction 0.65 exceeds sheet_fraction_max'}",1,0.04528515625,2.0,4.0,5,0.0,0.0038222238863543263
sample_00085,True,True,"[320, 320, 320]",,uint8,LZW,562489,,"[320, 320, 320]",,uint8,LZW,29179090,,"[320, 320, 320]",uint8,"[0, 1, 2]",0.24566275024414064,0.027346893310546874,0.7269903564453125,3,0.7543372497558594,0.024856256278035352,"{'fraction': 0.027346893310546874, 'border_touch_fraction': 0.0, 'thickness': {'median': 2.0, 'p95': 4.0, 'max': 6.0, 'mean': 2.669420003890991, 'saturated': 4.91014983768607e-05}, 'components': {'n_components': 3, 'n_components_ge_min_size': 3, 'largest_component_fraction': 0.3363329885069016, 'fragment_fraction': 0.0, 'median_planarity': 0.001713812553150918, 'worst_planarity': 0.002182275803485798}}","{'fraction': 0.7269903564453125, 'border_touch_fraction': 0.02579126371315279, 'skipped': 'fraction 0.73 exceeds sheet_fraction_max'}",1,0.027346893310546874,2.0,4.0,3,0.0,0.002182275803485798
sample_00086,True,True,"[320, 320, 320]",,uint8,LZW,535961,,"[320, 320, 320]",,uint8,LZW,31697578,,"[320, 320, 320]",uint8,"[0, 1, 2]",0.15936001586914061,0.013769287109375,0.8268706970214844,3,0.8406399841308594,0.022304435137457435,"{'fraction': 0.013769287109375, 'border_touch_fraction': 0.0, 'thickness': {'median': 2.0, 'p95': 4.0, 'max': 6.0, 'mean': 2.73895001411438, 'saturated': 0.0003036401354633947}, 'components': {'n_components': 4, 'n_components_ge_min_size': 4, 'largest_component_fraction': 0.4511959431904821, 'fragment_fraction': 0.0, 'median_planarity': 0.00447128952147228, 'worst_planarity': 0.006986321066124475}}","{'fraction': 0.8268706970214844, 'border_touch_fraction': 0.022675854964434448, 'skipped': 'fraction 0.83 exceeds sheet_fraction_max'}",1,0.013769287109375,2.0,4.0,4,0.0,0.006986321066124475
sample_00088,True,True,"[320, 320, 320]",,uint8,LZW,738041,,"[320, 320, 320]",,uint8,LZW,35104817,,"[320, 320, 320]",uint8,"[0, 1, 2]",0.1779415283203125,0.02727880859375,0.7947796630859375,3,0.8220584716796875,0.02280859652439161,"{'fraction': 0.02727880859375, 'border_touch_fraction': 0.0, 'thickness': {'median': 2.0, 'p95': 4.0, 'max': 6.0, 'mean': 2.7617199420928955, 'saturated': 8.16671738235452e-05}, 'components': {'n_components': 7, 'n_components_ge_min_size': 7, 'largest_component_fraction': 0.27694569244813577, 'fragment_fraction': 0.0, 'median_planarity': 0.005985083680232245, 'worst_planarity': 0.011997231135953268}}","{'fraction': 0.7947796630859375, 'border_touch_fraction': 0.023591444108167384, 'skipped': 'fraction 0.79 exceeds sheet_fraction_max'}",1,0.02727880859375,2.0,4.0,7,0.0,0.011997231135953268
sample_00089,True,True,"[320, 320, 320]",,uint8,LZW,1471129,,"[320, 320, 320]",,uint8,LZW,32942187,,"[320, 320, 320]",uint8,"[0, 1, 2]",0.7211973266601562,0.09545468139648437,0.18334799194335938,3,0.27880267333984377,0.06725186589995454,"{'fraction': 0.09545468139648437, 'border_touch_fraction': 0.0, 'thickness': {'median': 2.0, 'p95': 4.0, 'max': 6.0, 'mean': 2.7941200733184814, 'saturated': 0.00010198669441301542}, 'components': {'n_components': 13, 'n_components_ge_min_size': 13, 'largest_component_fraction': 0.10510767908655728, 'fragment_fraction': 0.0, 'median_planarity': 0.00361328203562688, 'worst_planarity': 0.00892010999903899}}","{'fraction': 0.18334799194335938, 'border_touch_fraction': 0.10226455060272668, 'thickness': {'median': 8.0, 'p95': 8.0, 'max': 8.0, 'mean': 6.989689826965332, 'saturated': 0.7481525719184939}, 'components': {'n_components': 1, 'n_components_ge_min_size': 1, 'largest_component_fraction': 1.0, 'fragment_fraction': 0.0, 'median_planarity': 0.15632518570423765, 'worst_planarity': 0.15632518570423765}}",1,0.09545468139648437,2.0,4.0,13,0.0,0.00892010999903899
sample_00090,True,True,"[320, 320, 320]",,uint8,LZW,1454041,,"[320, 320, 320]",,uint8,LZW,33031301,,"[320, 320, 320]",uint8,"[0, 1, 2]",0.6997138061523438,0.10271728515625,0.19756890869140625,3,0.30028619384765626,0.0624404331073323,"{'fraction': 0.10271728515625, 'border_touch_fraction': 0.0, 'thickness': {'median': 2.0, 'p95': 4.0, 'max': 6.0, 'mean': 2.731640100479126, 'saturated': 0.00013429040001901457}, 'components': {'n_components': 18, 'n_components_ge_min_size': 18, 'largest_component_fraction': 0.0931841679937252, 'fragment_fraction': 0.0, 'median_planarity': 0.0038843166192689222, 'worst_planarity': 0.014018434227429122}}","{'fraction': 0.19756890869140625, 'border_touch_fraction': 0.09490359654355664, 'thickness': {'median': 8.0, 'p95': 8.0, 'max': 8.0, 'mean': 7.035550117492676, 'saturated': 0.756405452137478}, 'components': {'n_components': 1, 'n_components_ge_min_size': 1, 'largest_component_fraction': 1.0, 'fragment_fraction': 0.0, 'median_planarity': 0.23529564350057341, 'worst_planarity': 0.23529564350057341}}",1,0.10271728515625,2.0,4.0,18,0.0,0.014018434227429122
sample_00091,True,True,"[320, 320, 320]",,uint8,LZW,752537,,"[320, 320, 320]",,uint8,LZW,30687680,,"[320, 320, 320]",uint8,"[0, 1, 2]",0.37132461547851564,0.06144329833984375,0.5672320861816407,3,0.6286753845214844,0.02982461292686295,"{'fraction': 0.06144329833984375, 'border_touch_fraction': 0.0, 'thickness': {'median': 2.0, 'p95': 4.0, 'max': 6.0, 'mean': 2.6599299907684326, 'saturated': 2.2847220635609676e-05}, 'components': {'n_components': 11, 'n_components_ge_min_size': 11, 'largest_component_fraction': 0.14916404006409142, 'fragment_fraction': 0.0, 'median_planarity': 0.006046009078091588, 'worst_planarity': 0.015510915163440978}}","{'fraction': 0.5672320861816407, 'border_touch_fraction': 0.03305525279117554, 'skipped': 'fraction 0.57 exceeds sheet_fraction_max'}",1,0.06144329833984375,2.0,4.0,11,0.0,0.015510915163440978
sample_00092,True,True,"[320, 320, 320]",,uint8,LZW,1032553,,"[320, 320, 320]",,uint8,LZW,28210160,,"[320, 320, 320]",uint8,"[0, 1, 2]",0.6809767150878906,0.051248291015625,0.26777499389648435,3,0.31902328491210935,0.05877313941258428,"{'fraction': 0.051248291015625, 'border_touch_fraction': 0.0, 'thickness': {'median': 2.0, 'p95': 4.0, 'max': 6.0, 'mean': 2.720089912414551, 'saturated': 8.33678714515061e-05}, 'components': {'n_components': 7, 'n_components_ge_min_size': 7, 'largest_component_fraction': 0.2120819101246707, 'fragment_fraction': 0.0, 'median_planarity': 0.01122017419337913, 'worst_planarity': 0.035771392023463446}}","{'fraction': 0.26777499389648435, 'border_touch_fraction': 0.07002147484782809, 'skipped': 'fraction 0.27 exceeds sheet_fraction_max'}",1,0.051248291015625,2.0,4.0,7,0.0,0.035771392023463446
sample_00093,True,True,"[320, 320, 320]",,uint8,LZW,1283657,,"[320, 320, 320]",,uint8,LZW,26939982,,"[320, 320, 320]",uint8,"[0, 1, 2]",0.7723553466796875,0.06605352783203125,0.16159112548828125,3,0.2276446533203125,0.08236521142281077,"{'fraction': 0.06605352783203125, 'border_touch_fraction': 0.0, 'thickness': {'median': 2.0, 'p95': 4.0, 'max': 6.0, 'mean': 2.705519914627075, 'saturated': 5.682757957940199e-05}, 'components': {'n_components': 8, 'n_components_ge_min_size': 8, 'largest_component_fraction': 0.17225086188495695, 'fragment_fraction': 0.0, 'median_planarity': 0.02234805856649739, 'worst_planarity': 0.040904222523271035}}","{'fraction': 0.16159112548828125, 'border_touch_fraction': 0.11603359988577942, 'thickness': {'median': 8.0, 'p95': 8.0, 'max': 8.0, 'mean': 6.795680046081543, 'saturated': 0.6983660867630667}, 'components': {'n_components': 1, 'n_components_ge_min_size': 1, 'largest_component_fraction': 1.0, 'fragment_fraction': 0.0, 'median_planarity': 0.23645631644273868, 'worst_planarity': 0.23645631644273868}}",1,0.06605352783203125,2.0,4.0,8,0.0,0.040904222523271035
sample_00094,True,True,"[320, 320, 320]",,uint8,LZW,1002265,,"[320, 320, 320]",,uint8,LZW,29198522,,"[320, 320, 320]",uint8,"[0, 1, 2]",0.3539727172851562,0.046873809814453125,0.5991534729003907,3,0.6460272827148438,0.029023542041762725,"{'fraction': 0.046873809814453125, 'border_touch_fraction': 0.0, 'thickness': {'median': 2.0, 'p95': 4.0, 'max': 6.0, 'mean': 2.6880099773406982, 'saturated': 3.8412433649031456e-05}, 'components': {'n_components': 5, 'n_components_ge_min_size': 5, 'largest_component_fraction': 0.21369487897153638, 'fragment_fraction': 0.0, 'median_planarity': 0.01343476169930227, 'worst_planarity': 0.03297702858067393}}","{'fraction': 0.5991534729003907, 'border_touch_fraction': 0.03129415224656002, 'skipped': 'fraction 0.60 exceeds sheet_fraction_max'}",1,0.046873809814453125,2.0,4.0,5,0.0,0.03297702858067393
sample_00095,True,True,"[320, 320, 320]",,uint8,LZW,746777,,"[320, 320, 320]",,uint8,LZW,33821211,,"[320, 320, 320]",uint8,"[0, 1, 2]",0.1950487060546875,0.02761968994140625,0.7773316040039062,3,0.8049512939453125,0.023293334815452642,"{'fraction': 0.02761968994140625, 'border_touch_fraction': 0.0, 'thickness': {'median': 2.0, 'p95': 4.0, 'max': 6.0, 'mean': 2.690419912338257, 'saturated': 0.00012596100512462404}, 'components': {'n_components': 3, 'n_components_ge_min_size': 3, 'largest_component_fraction': 0.3371014825831287, 'fragment_fraction': 0.0, 'median_planarity': 0.011236394499458117, 'worst_planarity': 0.012298447937916115}}","{'fraction': 0.7773316040039062, 'border_touch_fraction': 0.0241209799053864, 'skipped': 'fraction 0.78 exceeds sheet_fraction_max'}",1,0.02761968994140625,2.0,4.0,3,0.0,0.012298447937916115
sample_00096,True,True,"[320, 320, 320]",,uint8,LZW,1116841,,"[320, 320, 320]",,uint8,LZW,27221702,,"[320, 320, 320]",uint8,"[0, 1, 2]",0.5235882873535156,0.0493148193359375,0.4270968933105469,3,0.47641171264648435,0.039356715005689234,"{'fraction': 0.0493148193359375, 'border_touch_fraction': 0.0, 'thickness': {'median': 2.0, 'p95': 4.0, 'max': 6.0, 'mean': 2.7357399463653564, 'saturated': 0.00016460925722857418}, 'components': {'n_components': 10, 'n_components_ge_min_size': 10, 'largest_component_fraction': 0.20116922079175814, 'fragment_fraction': 0.0, 'median_planarity': 0.011742341348976153, 'worst_planarity': 0.05493594156376072}}","{'fraction': 0.4270968933105469, 'border_touch_fraction': 0.04390104515784119, 'skipped': 'fraction 0.43 exceeds sheet_fraction_max'}",1,0.0493148193359375,2.0,4.0,10,0.0,0.05493594156376072
sample_00097,True,True,"[320, 320, 320]",,uint8,LZW,970521,,"[320, 320, 320]",,uint8,LZW,29377295,,"[320, 320, 320]",uint8,"[0, 1, 2]",0.3596502380371094,0.04236203002929687,0.5979877319335938,3,0.6403497619628906,0.029280872913148043,"{'fraction': 0.04236203002929687, 'border_touch_fraction': 0.0, 'thickness': {'median': 2.0, 'p95': 4.0, 'max': 6.0, 'mean': 2.7225000858306885, 'saturated': 0.00015776745365490998}, 'components': {'n_components': 4, 'n_components_ge_min_size': 4, 'largest_component_fraction': 0.27126060517866263, 'fragment_fraction': 0.0, 'median_planarity': 0.034141206281444236, 'worst_planarity': 0.038867941638091354}}","{'fraction': 0.5979877319335938, 'border_touch_fraction': 0.03135515830629478, 'skipped': 'fraction 0.60 exceeds sheet_fraction_max'}",1,0.04236203002929687,2.0,4.0,4,0.0,0.038867941638091354
sample_00098,True,True,"[320, 320, 320]",,uint8,NONE,32821210,,"[320, 320, 320]",,uint8,LZW,28389240,,"[320, 320, 320]",uint8,"[0, 1, 2]",0.69933544921875,0.06509637451171875,0.23556817626953125,3,0.30066455078125,0.06236185792864439,"{'fraction': 0.06509637451171875, 'border_touch_fraction': 0.0, 'thickness': {'median': 2.0, 'p95': 4.0, 'max': 6.0, 'mean': 2.7698700428009033, 'saturated': 0.00011438869089644166}, 'components': {'n_components': 12, 'n_components_ge_min_size': 12, 'largest_component_fraction': 0.15436800717085827, 'fragment_fraction': 0.0, 'median_planarity': 0.004632522626015361, 'worst_planarity': 0.013929964484728162}}","{'fraction': 0.23556817626953125, 'border_touch_fraction': 0.07959479203399154, 'thickness': {'median': 8.0, 'p95': 8.0, 'max': 8.0, 'mean': 7.072000026702881, 'saturated': 0.7675789321498444}, 'components': {'n_components': 1, 'n_components_ge_min_size': 1, 'largest_component_fraction': 1.0, 'fragment_fraction': 0.0, 'median_planarity': 0.23249181569346503, 'worst_planarity': 0.23249181569346503}}",1,0.06509637451171875,2.0,4.0,12,0.0,0.013929964484728162
sample_00099,True,True,"[320, 320, 320]",,uint8,LZW,1244233,,"[320, 320, 320]",,uint8,LZW,36938084,,"[320, 320, 320]",uint8,"[0, 1, 2]",0.19371429443359375,0.051890472412109374,0.7543952331542969,3,0.8062857055664062,0.02325478409272845,"{'fraction': 0.051890472412109374, 'border_touch_fraction': 0.0, 'thickness': {'median': 2.0, 'p95': 4.0, 'max': 6.0, 'mean': 2.6807899475097656, 'saturated': 3.52869149650042e-06}, 'components': {'n_components': 9, 'n_components_ge_min_size': 9, 'largest_component_fraction': 0.18154764880345012, 'fragment_fraction': 0.0, 'median_planarity': 0.005151088676429729, 'worst_planarity': 0.013703738212724572}}","{'fraction': 0.7543952331542969, 'border_touch_fraction': 0.024854345807040712, 'skipped': 'fraction 0.75 exceeds sheet_fraction_max'}",1,0.051890472412109374,2.0,4.0,9,0.0,0.013703738212724572
sample_00100,True,True,"[320, 320, 320]",,uint8,LZW,634921,,"[320, 320, 320]",,uint8,LZW,32880800,,"[320, 320, 320]",uint8,"[0, 1, 2]",0.08698483276367187,0.020898681640625,0.8921164855957031,3,0.9130151672363281,0.02053635106277121,"{'fraction': 0.020898681640625, 'border_touch_fraction': 0.0, 'thickness': {'median': 2.0, 'p95': 4.0, 'max': 6.0, 'mean': 2.734829902648926, 'saturated': 5.549000595787432e-05}, 'components': {'n_components': 2, 'n_components_ge_min_size': 2, 'largest_component_fraction': 0.5202217263817012, 'fragment_fraction': 0.0, 'median_planarity': 0.020934200745831105, 'worst_planarity': 0.02288662345552261}}","{'fraction': 0.8921164855957031, 'border_touch_fraction': 0.02101743472152053, 'skipped': 'fraction 0.89 exceeds sheet_fraction_max'}",1,0.020898681640625,2.0,4.0,2,0.0,0.02288662345552261
sample_00101,True,True,"[320, 320, 320]",,uint8,LZW,1033209,,"[320, 320, 320]",,uint8,LZW,32167792,,"[320, 320, 320]",uint8,"[0, 1, 2]",0.37873541259765625,0.07301678466796875,0.548247802734375,3,0.6212645874023438,0.030180377861867592,"{'fraction': 0.07301678466796875, 'border_touch_fraction': 0.0, 'thickness': {'median': 2.0, 'p95': 4.0, 'max': 6.0, 'mean': 2.6867799758911133, 'saturated': 3.594395084204974e-05}, 'components': {'n_components': 9, 'n_components_ge_min_size': 9, 'largest_component_fraction': 0.1262481118976985, 'fragment_fraction': 0.0, 'median_planarity': 0.0027526189012347987, 'worst_planarity': 0.008991105497255925}}","{'fraction': 0.548247802734375, 'border_touch_fraction': 0.034199863467732565, 'skipped': 'fraction 0.55 exceeds sheet_fraction_max'}",1,0.07301678466796875,2.0,4.0,9,0.0,0.008991105497255925
sample_00102,True,True,"[320, 320, 320]",,uint8,LZW,737833,,"[320, 320, 320]",,uint8,LZW,31936729,,"[320, 320, 320]",uint8,"[0, 1, 2]",0.3302872009277344,0.07134658813476563,0.5983662109375,3,0.6697127990722657,0.027997075800214436,"{'fraction': 0.07134658813476563, 'border_touch_fraction': 0.0, 'thickness': {'median': 2.0, 'p95': 4.0, 'max': 6.0, 'mean': 2.6591999530792236, 'saturated': 1.967590364795531e-05}, 'components': {'n_components': 14, 'n_components_ge_min_size': 14, 'largest_component_fraction': 0.12771201320851966, 'fragment_fraction': 0.0, 'median_planarity': 0.0032436076826980573, 'worst_planarity': 0.008324165875783322}}","{'fraction': 0.5983662109375, 'border_touch_fraction': 0.03133532552017457, 'skipped': 'fraction 0.60 exceeds sheet_fraction_max'}",1,0.07134658813476563,2.0,4.0,14,0.0,0.008324165875783322
sample_00103,True,True,"[320, 320, 320]",,uint8,LZW,1092121,,"[320, 320, 320]",,uint8,LZW,31626643,,"[320, 320, 320]",uint8,"[0, 1, 2]",0.39754681396484376,0.06130780029296875,0.5411453857421875,3,0.6024531860351563,0.03112275017316589,"{'fraction': 0.06130780029296875, 'border_touch_fraction': 0.0, 'thickness': {'median': 2.0, 'p95': 4.0, 'max': 6.0, 'mean': 2.713870048522949, 'saturated': 0.00012394633173613468}, 'components': {'n_components': 7, 'n_components_ge_min_size': 7, 'largest_component_fraction': 0.1572560372814637, 'fragment_fraction': 0.0, 'median_planarity': 0.00232932622962358, 'worst_planarity': 0.007334708316190171}}","{'fraction': 0.5411453857421875, 'border_touch_fraction': 0.03464872933229237, 'skipped': 'fraction 0.54 exceeds sheet_fraction_max'}",1,0.06130780029296875,2.0,4.0,7,0.0,0.007334708316190171
sample_00104,True,True,"[320, 320, 320]",,uint8,LZW,815097,,"[320, 320, 320]",,uint8,LZW,31499661,,"[320, 320, 320]",uint8,"[0, 1, 2]",0.2350709228515625,0.03575341796875,0.7291756591796875,3,0.7649290771484375,0.024512076426611625,"{'fraction': 0.03575341796875, 'border_touch_fraction': 0.0, 'thickness': {'median': 2.0, 'p95': 4.0, 'max': 6.0, 'mean': 2.766089916229248, 'saturated': 7.682012482416727e-06}, 'components': {'n_components': 4, 'n_components_ge_min_size': 4, 'largest_component_fraction': 0.28201692091282793, 'fragment_fraction': 0.0, 'median_planarity': 0.0032249328058489455, 'worst_planarity': 0.005349895652590855}}","{'fraction': 0.7291756591796875, 'border_touch_fraction': 0.02571396859447213, 'skipped': 'fraction 0.73 exceeds sheet_fraction_max'}",1,0.03575341796875,2.0,4.0,4,0.0,0.005349895652590855
sample_00105,True,True,"[320, 320, 320]",,uint8,LZW,920025,,"[320, 320, 320]",,uint8,LZW,29254592,,"[320, 320, 320]",uint8,"[0, 1, 2]",0.39807632446289065,0.04264300537109375,0.5592806701660156,3,0.6019236755371093,0.031150128765526582,"{'fraction': 0.04264300537109375, 'border_touch_fraction': 0.0, 'thickness': {'median': 2.0, 'p95': 4.0, 'max': 6.0, 'mean': 2.7216498851776123, 'saturated': 0.0003807271889308579}, 'components': {'n_components': 9, 'n_components_ge_min_size': 9, 'largest_component_fraction': 0.225940117052141, 'fragment_fraction': 0.0, 'median_planarity': 0.003014368576678305, 'worst_planarity': 0.006512850824017216}}","{'fraction': 0.5592806701660156, 'border_touch_fraction': 0.03352520657371243, 'skipped': 'fraction 0.56 exceeds sheet_fraction_max'}",1,0.04264300537109375,2.0,4.0,9,0.0,0.006512850824017216
sample_00106,True,True,"[320, 320, 320]",,uint8,LZW,983113,,"[320, 320, 320]",,uint8,LZW,29700375,,"[320, 320, 320]",uint8,"[0, 1, 2]",0.3704445495605469,0.06562716674804688,0.5639282836914062,3,0.6295554504394532,0.029782920609950723,"{'fraction': 0.06562716674804688, 'border_touch_fraction': 0.0, 'thickness': {'median': 2.0, 'p95': 4.0, 'max': 6.0, 'mean': 2.6763699054718018, 'saturated': 3.162097977605836e-05}, 'components': {'n_components': 13, 'n_components_ge_min_size': 13, 'largest_component_fraction': 0.14198470939622065, 'fragment_fraction': 0.0, 'median_planarity': 0.0038063346098628865, 'worst_planarity': 0.011347042950689872}}","{'fraction': 0.5639282836914062, 'border_touch_fraction': 0.03324890866842991, 'skipped': 'fraction 0.56 exceeds sheet_fraction_max'}",1,0.06562716674804688,2.0,4.0,13,0.0,0.011347042950689872
sample_00107,True,True,"[320, 320, 320]",,uint8,NONE,32821210,,"[320, 320, 320]",,uint8,LZW,30787368,,"[320, 320, 320]",uint8,"[0, 1, 2]",0.4854593505859375,0.06629254150390625,0.44824810791015623,3,0.5145406494140625,0.036440269629526297,"{'fraction': 0.06629254150390625, 'border_touch_fraction': 0.0, 'thickness': {'median': 2.0, 'p95': 4.0, 'max': 6.0, 'mean': 2.654860019683838, 'saturated': 1.7953536248189685e-05}, 'components': {'n_components': 15, 'n_components_ge_min_size': 15, 'largest_component_fraction': 0.13811701470440654, 'fragment_fraction': 0.0, 'median_planarity': 0.005825436211944145, 'worst_planarity': 0.02343090050661033}}","{'fraction': 0.44824810791015623, 'border_touch_fraction': 0.04182951287271941, 'skipped': 'fraction 0.45 exceeds sheet_fraction_max'}",1,0.06629254150390625,2.0,4.0,15,0.0,0.02343090050661033
sample_00108,True,True,"[320, 320, 320]",,uint8,NONE,32821210,,"[320, 320, 320]",,uint8,LZW,30695883,,"[320, 320, 320]",uint8,"[0, 1, 2]",0.4054296569824219,0.041205474853515625,0.5533648681640625,3,0.5945703430175782,0.031535377134418674,"{'fraction': 0.041205474853515625, 'border_touch_fraction': 0.0, 'thickness': {'median': 2.0, 'p95': 4.0, 'max': 6.0, 'mean': 2.6771600246429443, 'saturated': 3.036539944201727e-05}, 'components': {'n_components': 6, 'n_components_ge_min_size': 6, 'largest_component_fraction': 0.22550382492940044, 'fragment_fraction': 0.0, 'median_planarity': 0.008939141476625067, 'worst_planarity': 0.021761537018792538}}","{'fraction': 0.5533648681640625, 'border_touch_fraction': 0.033883611119383476, 'skipped': 'fraction 0.55 exceeds sheet_fraction_max'}",1,0.041205474853515625,2.0,4.0,6,0.0,0.021761537018792538
sample_00109,True,True,"[320, 320, 320]",,uint8,LZW,753065,,"[320, 320, 320]",,uint8,LZW,32011636,,"[320, 320, 320]",uint8,"[0, 1, 2]",0.22748037719726563,0.031540252685546874,0.7409793701171875,3,0.7725196228027343,0.024271228130068975,"{'fraction': 0.031540252685546874, 'border_touch_fraction': 0.0, 'thickness': {'median': 2.0, 'p95': 4.0, 'max': 6.0, 'mean': 2.717560052871704, 'saturated': 0.0003318784221938615}, 'components': {'n_components': 8, 'n_components_ge_min_size': 8, 'largest_component_fraction': 0.29622035953173215, 'fragment_fraction': 0.0, 'median_planarity': 0.0046685212285439235, 'worst_planarity': 0.015801122765668554}}","{'fraction': 0.7409793701171875, 'border_touch_fraction': 0.025304348212872172, 'skipped': 'fraction 0.74 exceeds sheet_fraction_max'}",1,0.031540252685546874,2.0,4.0,8,0.0,0.015801122765668554
sample_00110,True,True,"[320, 320, 320]",,uint8,NONE,32821210,,"[320, 320, 320]",,uint8,LZW,32654516,,"[320, 320, 320]",uint8,"[0, 1, 2]",0.24053030395507813,0.040496246337890625,0.7189734497070313,3,0.7594696960449219,0.02468827933180754,"{'fraction': 0.040496246337890625, 'border_touch_fraction': 0.0, 'thickness': {'median': 2.0, 'p95': 4.0, 'max': 6.0, 'mean': 2.814110040664673, 'saturated': 9.495237686146222e-05}, 'components': {'n_components': 5, 'n_components_ge_min_size': 5, 'largest_component_fraction': 0.24265607420151455, 'fragment_fraction': 0.0, 'median_planarity': 0.00666187217860975, 'worst_planarity': 0.008217856646635645}}","{'fraction': 0.7189734497070313, 'border_touch_fraction': 0.026078848958386833, 'skipped': 'fraction 0.72 exceeds sheet_fraction_max'}",1,0.040496246337890625,2.0,4.0,5,0.0,0.008217856646635645
sample_00111,True,True,"[320, 320, 320]",,uint8,NONE,32821210,,"[320, 320, 320]",,uint8,LZW,29467471,,"[320, 320, 320]",uint8,"[0, 1, 2]",0.5240921936035157,0.05586111450195313,0.42004669189453125,3,0.4759078063964844,0.039398387141351396,"{'fraction': 0.05586111450195313, 'border_touch_fraction': 0.0, 'thickness': {'median': 2.0, 'p95': 4.0, 'max': 6.0, 'mean': 2.807620048522949, 'saturated': 2.3491401327646594e-05}, 'components': {'n_components': 8, 'n_components_ge_min_size': 8, 'largest_component_fraction': 0.18688283854796917, 'fragment_fraction': 0.0, 'median_planarity': 0.004641113884469101, 'worst_planarity': 0.0058280974106167185}}","{'fraction': 0.42004669189453125, 'border_touch_fraction': 0.04463789469554471, 'skipped': 'fraction 0.42 exceeds sheet_fraction_max'}",1,0.05586111450195313,2.0,4.0,8,0.0,0.0058280974106167185
sample_00112,True,True,"[320, 320, 320]",,uint8,LZW,874025,,"[320, 320, 320]",,uint8,LZW,31774211,,"[320, 320, 320]",uint8,"[0, 1, 2]",0.294511474609375,0.05366439819335937,0.6518241271972657,3,0.705488525390625,0.02657732808569527,"{'fraction': 0.05366439819335937, 'border_touch_fraction': 0.0, 'thickness': {'median': 2.0, 'p95': 4.0, 'max': 6.0, 'mean': 2.6969499588012695, 'saturated': 8.018311320888838e-05}, 'components': {'n_components': 6, 'n_components_ge_min_size': 6, 'largest_component_fraction': 0.1809289298966434, 'fragment_fraction': 0.0, 'median_planarity': 0.02183427393408542, 'worst_planarity': 0.035259830717406855}}","{'fraction': 0.6518241271972657, 'border_touch_fraction': 0.028765428000681492, 'skipped': 'fraction 0.65 exceeds sheet_fraction_max'}",1,0.05366439819335937,2.0,4.0,6,0.0,0.035259830717406855
sample_00113,True,True,"[320, 320, 320]",,uint8,LZW,908809,,"[320, 320, 320]",,uint8,LZW,33594541,,"[320, 320, 320]",uint8,"[0, 1, 2]",0.2675221557617187,0.039270263671875,0.6932075805664063,3,0.7324778442382812,0.02559804388281329,"{'fraction': 0.039270263671875, 'border_touch_fraction': 0.0, 'thickness': {'median': 2.0, 'p95': 4.0, 'max': 6.0, 'mean': 2.7697200775146484, 'saturated': 3.1861785130338014e-05}, 'components': {'n_components': 5, 'n_components_ge_min_size': 5, 'largest_component_fraction': 0.24777356062442882, 'fragment_fraction': 0.0, 'median_planarity': 0.006181744600581723, 'worst_planarity': 0.008846255993294578}}","{'fraction': 0.6932075805664063, 'border_touch_fraction': 0.02704817507142629, 'skipped': 'fraction 0.69 exceeds sheet_fraction_max'}",1,0.039270263671875,2.0,4.0,5,0.0,0.008846255993294578
sample_00114,True,True,"[320, 320, 320]",,uint8,LZW,565913,,"[320, 320, 320]",,uint8,LZW,32030306,,"[320, 320, 320]",uint8,"[0, 1, 2]",0.11266769409179687,0.027766357421875,0.8595659484863282,3,0.8873323059082031,0.021130753242224156,"{'fraction': 0.027766357421875, 'border_touch_fraction': 0.0, 'thickness': {'median': 2.0, 'p95': 4.0, 'max': 6.0, 'mean': 2.690079927444458, 'saturated': 4.06661332442342e-05}, 'components': {'n_components': 3, 'n_components_ge_min_size': 3, 'largest_component_fraction': 0.3348537338104826, 'fragment_fraction': 0.0, 'median_planarity': 0.006139238804558515, 'worst_planarity': 0.007445147157696575}}","{'fraction': 0.8595659484863282, 'border_touch_fraction': 0.021813335012884388, 'skipped': 'fraction 0.86 exceeds sheet_fraction_max'}",1,0.027766357421875,2.0,4.0,3,0.0,0.007445147157696575
sample_00115,True,True,"[320, 320, 320]",,uint8,LZW,945209,,"[320, 320, 320]",,uint8,LZW,33552371,,"[320, 320, 320]",uint8,"[0, 1, 2]",0.28191107177734376,0.041081024169921876,0.6770079040527344,3,0.7180889282226562,0.026110972141581645,"{'fraction': 0.041081024169921876, 'border_touch_fraction': 0.0, 'thickness': {'median': 2.0, 'p95': 4.0, 'max': 6.0, 'mean': 2.8082799911499023, 'saturated': 0.0003989174998495702}, 'components': {'n_components': 5, 'n_components_ge_min_size': 5, 'largest_component_fraction': 0.24692844668062755, 'fragment_fraction': 0.0, 'median_planarity': 0.005928141732042885, 'worst_planarity': 0.00812504464901811}}","{'fraction': 0.6770079040527344, 'border_touch_fraction': 0.027695393048970222, 'skipped': 'fraction 0.68 exceeds sheet_fraction_max'}",1,0.041081024169921876,2.0,4.0,5,0.0,0.00812504464901811
sample_00116,True,True,"[320, 320, 320]",,uint8,LZW,839977,,"[320, 320, 320]",,uint8,LZW,30443506,,"[320, 320, 320]",uint8,"[0, 1, 2]",0.4601085510253906,0.05815872192382812,0.48173272705078124,3,0.5398914489746094,0.03472920350120566,"{'fraction': 0.05815872192382812, 'border_touch_fraction': 0.0, 'thickness': {'median': 2.0, 'p95': 4.0, 'max': 6.0, 'mean': 2.6833701133728027, 'saturated': 0.00021199058635861567}, 'components': {'n_components': 9, 'n_components_ge_min_size': 9, 'largest_component_fraction': 0.16013842355614208, 'fragment_fraction': 0.0, 'median_planarity': 0.016407685957928894, 'worst_planarity': 0.031291171413974785}}","{'fraction': 0.48173272705078124, 'border_touch_fraction': 0.03892199750427895, 'skipped': 'fraction 0.48 exceeds sheet_fraction_max'}",1,0.05815872192382812,2.0,4.0,9,0.0,0.031291171413974785
sample_00117,True,True,"[320, 320, 320]",,uint8,NONE,32821210,,"[320, 320, 320]",,uint8,LZW,30652771,,"[320, 320, 320]",uint8,"[0, 1, 2]",0.33235205078125,0.04046463012695312,0.6271833190917969,3,0.66764794921875,0.02808366298726801,"{'fraction': 0.04046463012695312, 'border_touch_fraction': 0.0, 'thickness': {'median': 2.0, 'p95': 4.0, 'max': 6.0, 'mean': 2.711169958114624, 'saturated': 6.787611854187014e-05}, 'components': {'n_components': 12, 'n_components_ge_min_size': 12, 'largest_component_fraction': 0.21739438664499658, 'fragment_fraction': 0.0, 'median_planarity': 0.00996119376745434, 'worst_planarity': 0.017700050712975052}}","{'fraction': 0.6271833190917969, 'border_touch_fraction': 0.029895565505714098, 'skipped': 'fraction 0.63 exceeds sheet_fraction_max'}",1,0.04046463012695312,2.0,4.0,12,0.0,0.017700050712975052
sample_00118,True,True,"[320, 320, 320]",,uint8,LZW,786169,,"[320, 320, 320]",,uint8,LZW,28789584,,"[320, 320, 320]",uint8,"[0, 1, 2]",0.49173406982421874,0.0677896728515625,0.44047625732421875,3,0.5082659301757813,0.036890137400150756,"{'fraction': 0.0677896728515625, 'border_touch_fraction': 0.0, 'thickness': {'median': 2.0, 'p95': 4.0, 'max': 6.0, 'mean': 2.6713500022888184, 'saturated': 2.250901711225517e-05}, 'components': {'n_components': 8, 'n_components_ge_min_size': 8, 'largest_component_fraction': 0.13674813130139934, 'fragment_fraction': 0.0, 'median_planarity': 0.007417446687596274, 'worst_planarity': 0.028765612139396008}}","{'fraction': 0.44047625732421875, 'border_touch_fraction': 0.042567561107382905, 'skipped': 'fraction 0.44 exceeds sheet_fraction_max'}",1,0.0677896728515625,2.0,4.0,8,0.0,0.028765612139396008
sample_00119,True,True,"[320, 320, 320]",,uint8,NONE,32821210,,"[320, 320, 320]",,uint8,LZW,28700649,,"[320, 320, 320]",uint8,"[0, 1, 2]",0.5316119995117188,0.06725015258789062,0.40113784790039064,3,0.4683880004882813,0.04003091449920505,"{'fraction': 0.06725015258789062, 'border_touch_fraction': 0.0, 'thickness': {'median': 2.0, 'p95': 4.0, 'max': 6.0, 'mean': 2.7066500186920166, 'saturated': 0.0003970679594291842}, 'components': {'n_components': 10, 'n_components_ge_min_size': 10, 'largest_component_fraction': 0.14224607957786456, 'fragment_fraction': 0.0, 'median_planarity': 0.003718901136219464, 'worst_planarity': 0.011092509385786768}}","{'fraction': 0.40113784790039064, 'border_touch_fraction': 0.0467420366792613, 'skipped': 'fraction 0.40 exceeds sheet_fraction_max'}",1,0.06725015258789062,2.0,4.0,10,0.0,0.011092509385786768
sample_00120,True,True,"[320, 320, 320]",,uint8,LZW,559193,,"[320, 320, 320]",,uint8,LZW,30641157,,"[320, 320, 320]",uint8,"[0, 1, 2]",0.12091464233398437,0.0184395751953125,0.8606457824707031,3,0.8790853576660156,0.021328986811680634,"{'fraction': 0.0184395751953125, 'border_touch_fraction': 0.0, 'thickness': {'median': 2.0, 'p95': 4.0, 'max': 8.0, 'mean': 2.7709100246429443, 'saturated': 1.6550044023117102e-06}, 'components': {'n_components': 7, 'n_components_ge_min_size': 7, 'largest_component_fraction': 0.304522465029757, 'fragment_fraction': 0.0, 'median_planarity': 0.0028948592667670304, 'worst_planarity': 0.013000424795582163}}","{'fraction': 0.8606457824707031, 'border_touch_fraction': 0.021785966284727898, 'skipped': 'fraction 0.86 exceeds sheet_fraction_max'}",1,0.0184395751953125,2.0,4.0,7,0.0,0.013000424795582163
sample_00121,True,True,"[320, 320, 320]",,uint8,NONE,32821210,,"[320, 320, 320]",,uint8,LZW,28889890,,"[320, 320, 320]",uint8,"[0, 1, 2]",0.30953131103515624,0.0180030517578125,0.6724656372070312,3,0.6904686889648437,0.027155467437792367,"{'fraction': 0.0180030517578125, 'border_touch_fraction': 0.0, 'thickness': {'median': 2.0, 'p95': 4.0, 'max': 6.0, 'mean': 2.770819902420044, 'saturated': 0.00016612309382225507}, 'components': {'n_components': 2, 'n_components_ge_min_size': 2, 'largest_component_fraction': 0.5891199544348086, 'fragment_fraction': 0.0, 'median_planarity': 0.01776360261533306, 'worst_planarity': 0.021437026844586135}}","{'fraction': 0.6724656372070312, 'border_touch_fraction': 0.02788246560504542, 'skipped': 'fraction 0.67 exceeds sheet_fraction_max'}",1,0.0180030517578125,2.0,4.0,2,0.0,0.021437026844586135
sample_00122,True,True,"[320, 320, 320]",,uint8,LZW,590953,,"[320, 320, 320]",,uint8,LZW,29797731,,"[320, 320, 320]",uint8,"[0, 1, 2]",0.26429803466796875,0.027604400634765627,0.7080975646972656,3,0.7357019653320312,0.02548586368331624,"{'fraction': 0.027604400634765627, 'border_touch_fraction': 0.0, 'thickness': {'median': 2.0, 'p95': 4.0, 'max': 6.0, 'mean': 2.654680013656616, 'saturated': 0.00017467422703890703}, 'components': {'n_components': 5, 'n_components_ge_min_size': 5, 'largest_component_fraction': 0.3348062719102838, 'fragment_fraction': 0.0, 'median_planarity': 0.019424162462493327, 'worst_planarity': 0.02766179762171439}}","{'fraction': 0.7080975646972656, 'border_touch_fraction': 0.026479401899957424, 'skipped': 'fraction 0.71 exceeds sheet_fraction_max'}",1,0.027604400634765627,2.0,4.0,5,0.0,0.02766179762171439
sample_00123,True,True,"[320, 320, 320]",,uint8,NONE,32821210,,"[320, 320, 320]",,uint8,LZW,28485639,,"[320, 320, 320]",uint8,"[0, 1, 2]",0.4419930419921875,0.03719046020507812,0.5208164978027344,3,0.5580069580078125,0.03360173153922838,"{'fraction': 0.03719046020507812, 'border_touch_fraction': 0.0, 'thickness': {'median': 2.0, 'p95': 4.0, 'max': 6.0, 'mean': 2.6784000396728516, 'saturated': 0.0006654866791886478}, 'components': {'n_components': 5, 'n_components_ge_min_size': 5, 'largest_component_fraction': 0.24934497565762967, 'fragment_fraction': 0.0, 'median_planarity': 0.009901538029637834, 'worst_planarity': 0.03351242715859253}}","{'fraction': 0.5208164978027344, 'border_touch_fraction': 0.036001163709491, 'skipped': 'fraction 0.52 exceeds sheet_fraction_max'}",1,0.03719046020507812,2.0,4.0,5,0.0,0.03351242715859253
sample_00124,True,True,"[320, 320, 320]",,uint8,LZW,879817,,"[320, 320, 320]",,uint8,LZW,33392371,,"[320, 320, 320]",uint8,"[0, 1, 2]",0.29825820922851565,0.03912451171875,0.6626172790527344,3,0.7017417907714844,0.026719229560757,"{'fraction': 0.03912451171875, 'border_touch_fraction': 0.0, 'thickness': {'median': 2.0, 'p95': 4.0, 'max': 6.0, 'mean': 2.7651000022888184, 'saturated': 2.4180363672669638e-05}, 'components': {'n_components': 5, 'n_components_ge_min_size': 5, 'largest_component_fraction': 0.253787736967564, 'fragment_fraction': 0.0, 'median_planarity': 0.006608744932117185, 'worst_planarity': 0.009685834555883599}}","{'fraction': 0.6626172790527344, 'border_touch_fraction': 0.028296877538123755, 'skipped': 'fraction 0.66 exceeds sheet_fraction_max'}",1,0.03912451171875,2.0,4.0,5,0.0,0.009685834555883599
sample_00125,True,True,"[320, 320, 320]",,uint8,LZW,1042249,,"[320, 320, 320]",,uint8,LZW,36555655,,"[320, 320, 320]",uint8,"[0, 1, 2]",0.17770550537109375,0.0446666259765625,0.7776278686523438,3,0.8222944946289062,0.022802049779576474,"{'fraction': 0.0446666259765625, 'border_touch_fraction': 0.0, 'thickness': {'median': 2.0, 'p95': 4.0, 'max': 6.0, 'mean': 2.8302199840545654, 'saturated': 1.7763979568690576e-05}, 'components': {'n_components': 6, 'n_components_ge_min_size': 6, 'largest_component_fraction': 0.23522036899884943, 'fragment_fraction': 0.0, 'median_planarity': 0.0021348254977192286, 'worst_planarity': 0.012596321835749}}","{'fraction': 0.7776278686523438, 'border_touch_fraction': 0.024111790170913507, 'skipped': 'fraction 0.78 exceeds sheet_fraction_max'}",1,0.0446666259765625,2.0,4.0,6,0.0,0.012596321835749
sample_00126,True,True,"[320, 320, 320]",,uint8,LZW,639897,,"[320, 320, 320]",,uint8,LZW,31796105,,"[320, 320, 320]",uint8,"[0, 1, 2]",0.24832028198242187,0.029340545654296876,0.7223391723632813,3,0.7516797180175782,0.024944134517091664,"{'fraction': 0.029340545654296876, 'border_touch_fraction': 0.0, 'thickness': {'median': 2.0, 'p95': 4.0, 'max': 6.0, 'mean': 2.6984100341796875, 'saturated': 3.640406851869765e-05}, 'components': {'n_components': 6, 'n_components_ge_min_size': 6, 'largest_component_fraction': 0.29768230897485104, 'fragment_fraction': 0.0, 'median_planarity': 0.007123984478687635, 'worst_planarity': 0.01773538252553385}}","{'fraction': 0.7223391723632813, 'border_touch_fraction': 0.025957335165218184, 'skipped': 'fraction 0.72 exceeds sheet_fraction_max'}",1,0.029340545654296876,2.0,4.0,6,0.0,0.01773538252553385
sample_00127,True,True,"[320, 320, 320]",,uint8,LZW,641913,,"[320, 320, 320]",,uint8,LZW,35658970,,"[320, 320, 320]",uint8,"[0, 1, 2]",0.10593603515625,0.019003692626953124,0.8750602722167968,3,0.89406396484375,0.02097165386066848,"{'fraction': 0.019003692626953124, 'border_touch_fraction': 0.0, 'thickness': {'median': 2.0, 'p95': 4.0, 'max': 6.0, 'mean': 2.7639501094818115, 'saturated': 0.00012044071667044047}, 'components': {'n_components': 6, 'n_components_ge_min_size': 6, 'largest_component_fraction': 0.31108070652130276, 'fragment_fraction': 0.0, 'median_planarity': 0.01014806893358371, 'worst_planarity': 0.016991430279669945}}","{'fraction': 0.8750602722167968, 'border_touch_fraction': 0.02142709547594988, 'skipped': 'fraction 0.88 exceeds sheet_fraction_max'}",1,0.019003692626953124,2.0,4.0,6,0.0,0.016991430279669945
sample_00128,True,True,"[320, 320, 320]",,uint8,LZW,786953,,"[320, 320, 320]",,uint8,LZW,29319825,,"[320, 320, 320]",uint8,"[0, 1, 2]",0.21216128540039061,0.04048187255859375,0.7473568420410156,3,0.7878387145996094,0.02379928740812009,"{'fraction': 0.04048187255859375, 'border_touch_fraction': 0.0, 'thickness': {'median': 2.0, 'p95': 4.0, 'max': 6.0, 'mean': 2.720439910888672, 'saturated': 2.0354162426216163e-05}, 'components': {'n_components': 6, 'n_components_ge_min_size': 6, 'largest_component_fraction': 0.22612871369232046, 'fragment_fraction': 0.0, 'median_planarity': 0.012149628693073521, 'worst_planarity': 0.020680767657900036}}","{'fraction': 0.7473568420410156, 'border_touch_fraction': 0.025088416864953226, 'skipped': 'fraction 0.75 exceeds sheet_fraction_max'}",1,0.04048187255859375,2.0,4.0,6,0.0,0.020680767657900036
sample_00129,True,True,"[320, 320, 320]",,uint8,LZW,606233,,"[320, 320, 320]",,uint8,LZW,27775058,,"[320, 320, 320]",uint8,"[0, 1, 2]",0.17849270629882813,0.036409912109375,0.7850973815917969,3,0.8215072937011719,0.0228238996096125,"{'fraction': 0.036409912109375, 'border_touch_fraction': 0.0, 'thickness': {'median': 2.0, 'p95': 4.0, 'max': 6.0, 'mean': 2.659950017929077, 'saturated': 4.5261005129580584e-05}, 'components': {'n_components': 9, 'n_components_ge_min_size': 9, 'largest_component_fraction': 0.24963539745867838, 'fragment_fraction': 0.0, 'median_planarity': 0.003675096701040543, 'worst_planarity': 0.01710015752562886}}","{'fraction': 0.7850973815917969, 'border_touch_fraction': 0.023882387637039485, 'skipped': 'fraction 0.79 exceeds sheet_fraction_max'}",1,0.036409912109375,2.0,4.0,9,0.0,0.01710015752562886
sample_00130,True,True,"[320, 320, 320]",,uint8,LZW,868297,,"[320, 320, 320]",,uint8,LZW,27941296,,"[320, 320, 320]",uint8,"[0, 1, 2]",0.43500836181640623,0.028929962158203124,0.5360616760253907,3,0.5649916381835938,0.03318633185489233,"{'fraction': 0.028929962158203124, 'border_touch_fraction': 0.0, 'thickness': {'median': 2.0, 'p95': 4.0, 'max': 6.0, 'mean': 2.7109899520874023, 'saturated': 0.00011603657050751231}, 'components': {'n_components': 5, 'n_components_ge_min_size': 5, 'largest_component_fraction': 0.3248190620658518, 'fragment_fraction': 0.0, 'median_planarity': 0.014537559427264547, 'worst_planarity': 0.029196964206632238}}","{'fraction': 0.5360616760253907, 'border_touch_fraction': 0.034977318541070085, 'skipped': 'fraction 0.54 exceeds sheet_fraction_max'}",1,0.028929962158203124,2.0,4.0,5,0.0,0.029196964206632238
sample_00131,True,True,"[320, 320, 320]",,uint8,NONE,32821210,,"[320, 320, 320]",,uint8,LZW,26813236,,"[320, 320, 320]",uint8,"[0, 1, 2]",0.3176951904296875,0.03135638427734375,0.6509484252929687,3,0.6823048095703125,0.027480386679097246,"{'fraction': 0.03135638427734375, 'border_touch_fraction': 0.0, 'thickness': {'median': 2.0, 'p95': 4.0, 'max': 6.0, 'mean': 2.7100000381469727, 'saturated': 0.0006910069820902669}, 'components': {'n_components': 5, 'n_components_ge_min_size': 5, 'largest_component_fraction': 0.30184547526681627, 'fragment_fraction': 0.0, 'median_planarity': 0.002634050837493013, 'worst_planarity': 0.00832680356587026}}","{'fraction': 0.6509484252929687, 'border_touch_fraction': 0.028804125290818994, 'skipped': 'fraction 0.65 exceeds sheet_fraction_max'}",1,0.03135638427734375,2.0,4.0,5,0.0,0.00832680356587026
sample_00132,True,True,"[320, 320, 320]",,uint8,NONE,32821210,,"[320, 320, 320]",,uint8,LZW,25923746,,"[320, 320, 320]",uint8,"[0, 1, 2]",0.8124179077148438,0.05347286987304688,0.13410922241210937,3,0.18758209228515624,0.09995623660864628,"{'fraction': 0.05347286987304688, 'border_touch_fraction': 0.0, 'thickness': {'median': 2.0, 'p95': 4.0, 'max': 6.0, 'mean': 2.712660074234009, 'saturated': 3.4242685904968557e-06}, 'components': {'n_components': 7, 'n_components_ge_min_size': 7, 'largest_component_fraction': 0.2083267939315112, 'fragment_fraction': 0.0, 'median_planarity': 0.008903605964489612, 'worst_planarity': 0.022343111733400006}}","{'fraction': 0.13410922241210937, 'border_touch_fraction': 0.13981141388160767, 'thickness': {'median': 8.0, 'p95': 8.0, 'max': 8.0, 'mean': 6.542180061340332, 'saturated': 0.6360909602500039}, 'components': {'n_components': 1, 'n_components_ge_min_size': 1, 'largest_component_fraction': 1.0, 'fragment_fraction': 0.0, 'median_planarity': 0.17218111603831582, 'worst_planarity': 0.17218111603831582}}",1,0.05347286987304688,2.0,4.0,7,0.0,0.022343111733400006
sample_00133,True,True,"[320, 320, 320]",,uint8,NONE,32821210,,"[320, 320, 320]",,uint8,LZW,20546895,,"[320, 320, 320]",uint8,"[0, 1, 2]",0.3432180480957031,0.040642822265625,0.6161391296386719,3,0.6567819519042969,0.02854828751861342,"{'fraction': 0.040642822265625, 'border_touch_fraction': 0.0, 'thickness': {'median': 2.0, 'p95': 4.0, 'max': 6.0, 'mean': 2.682990074157715, 'saturated': 0.0005556456602572189}, 'components': {'n_components': 5, 'n_components_ge_min_size': 5, 'largest_component_fraction': 0.23034516107717168, 'fragment_fraction': 0.0, 'median_planarity': 0.0037678805564356696, 'worst_planarity': 0.004218420927421593}}","{'fraction': 0.6161391296386719, 'border_touch_fraction': 0.030431438449617272, 'skipped': 'fraction 0.62 exceeds sheet_fraction_max'}",1,0.040642822265625,2.0,4.0,5,0.0,0.004218420927421593
sample_00134,True,True,"[320, 320, 320]",,uint8,NONE,32821210,,"[320, 320, 320]",,uint8,LZW,19364887,,"[320, 320, 320]",uint8,"[0, 1, 2]",0.4108233642578125,0.04502020263671875,0.5441564331054688,3,0.5891766357421875,0.03182407254894039,"{'fraction': 0.04502020263671875, 'border_touch_fraction': 0.0, 'thickness': {'median': 2.0, 'p95': 4.0, 'max': 6.0, 'mean': 2.6814301013946533, 'saturated': 0.00030775029114262127}, 'components': {'n_components': 7, 'n_components_ge_min_size': 7, 'largest_component_fraction': 0.20863707292868464, 'fragment_fraction': 0.0, 'median_planarity': 0.0049706668095149936, 'worst_planarity': 0.008297062497684174}}","{'fraction': 0.5441564331054688, 'border_touch_fraction': 0.03445700327936004, 'skipped': 'fraction 0.54 exceeds sheet_fraction_max'}",1,0.04502020263671875,2.0,4.0,7,0.0,0.008297062497684174
sample_00136,True,True,"[320, 320, 320]",,uint8,NONE,32821210,,"[320, 320, 320]",,uint8,LZW,25495042,,"[320, 320, 320]",uint8,"[0, 1, 2]",0.351241943359375,0.03946746826171875,0.6092905883789063,3,0.648758056640625,0.028901375186137276,"{'fraction': 0.03946746826171875, 'border_touch_fraction': 0.0, 'thickness': {'median': 2.0, 'p95': 4.0, 'max': 8.0, 'mean': 2.68176007270813, 'saturated': 1.8557609779860353e-05}, 'components': {'n_components': 6, 'n_components_ge_min_size': 6, 'largest_component_fraction': 0.23516280436413123, 'fragment_fraction': 0.0, 'median_planarity': 0.003599371725975909, 'worst_planarity': 0.008710707629268424}}","{'fraction': 0.6092905883789063, 'border_touch_fraction': 0.03077349356386206, 'skipped': 'fraction 0.61 exceeds sheet_fraction_max'}",1,0.03946746826171875,2.0,4.0,6,0.0,0.008710707629268424
sample_00137,True,True,"[320, 320, 320]",,uint8,NONE,32821210,,"[320, 320, 320]",,uint8,LZW,25813871,,"[320, 320, 320]",uint8,"[0, 1, 2]",0.32039227294921874,0.022538116455078125,0.6570696105957031,3,0.6796077270507812,0.027589444989637342,"{'fraction': 0.022538116455078125, 'border_touch_fraction': 0.0, 'thickness': {'median': 2.0, 'p95': 4.0, 'max': 8.0, 'mean': 2.7114601135253906, 'saturated': 0.00014488259770435556}, 'components': {'n_components': 3, 'n_components_ge_min_size': 3, 'largest_component_fraction': 0.4432161770221616, 'fragment_fraction': 0.0, 'median_planarity': 0.007008882579614726, 'worst_planarity': 0.013761883639054534}}","{'fraction': 0.6570696105957031, 'border_touch_fraction': 0.02853578935571399, 'skipped': 'fraction 0.66 exceeds sheet_fraction_max'}",1,0.022538116455078125,2.0,4.0,3,0.0,0.013761883639054534
sample_00138,True,True,"[320, 320, 320]",,uint8,NONE,32821210,,"[320, 320, 320]",,uint8,LZW,25802280,,"[320, 320, 320]",uint8,"[0, 1, 2]",0.5572074584960938,0.032084808349609376,0.4107077331542969,3,0.44279254150390623,0.042344886696413765,"{'fraction': 0.032084808349609376, 'border_touch_fraction': 0.0, 'thickness': {'median': 2.0, 'p95': 4.0, 'max': 6.0, 'mean': 2.666640043258667, 'saturated': 0.00043182369418512303}, 'components': {'n_components': 4, 'n_components_ge_min_size': 4, 'largest_component_fraction': 0.3158676184542804, 'fragment_fraction': 0.0, 'median_planarity': 0.004324820712507272, 'worst_planarity': 0.006326384350395533}}","{'fraction': 0.4107077331542969, 'border_touch_fraction': 0.045652902262144406, 'skipped': 'fraction 0.41 exceeds sheet_fraction_max'}",1,0.032084808349609376,2.0,4.0,4,0.0,0.006326384350395533
sample_00139,True,True,"[320, 320, 320]",,uint8,NONE,32821210,,"[320, 320, 320]",,uint8,LZW,24866130,,"[320, 320, 320]",uint8,"[0, 1, 2]",0.458198486328125,0.0473602294921875,0.4944412841796875,3,0.541801513671875,0.03460676931839535,"{'fraction': 0.0473602294921875, 'border_touch_fraction': 0.0, 'thickness': {'median': 2.0, 'p95': 4.0, 'max': 8.0, 'mean': 2.702579975128174, 'saturated': 1.933114247052001e-06}, 'components': {'n_components': 5, 'n_components_ge_min_size': 5, 'largest_component_fraction': 0.20707133191571622, 'fragment_fraction': 0.0, 'median_planarity': 0.009747178643171548, 'worst_planarity': 0.011439528586996118}}","{'fraction': 0.4944412841796875, 'border_touch_fraction': 0.03792159069222457, 'skipped': 'fraction 0.49 exceeds sheet_fraction_max'}",1,0.0473602294921875,2.0,4.0,5,0.0,0.011439528586996118
sample_00140,True,True,"[320, 320, 320]",,uint8,NONE,32821210,,"[320, 320, 320]",,uint8,LZW,25222834,,"[320, 320, 320]",uint8,"[0, 1, 2]",0.5918890380859375,0.05238351440429687,0.35572744750976565,3,0.4081109619140625,0.0459433873377512,"{'fraction': 0.05238351440429687, 'border_touch_fraction': 0.0, 'thickness': {'median': 2.0, 'p95': 4.0, 'max': 8.0, 'mean': 2.683880090713501, 'saturated': 5.243218334019807e-05}, 'components': {'n_components': 9, 'n_components_ge_min_size': 9, 'largest_component_fraction': 0.19177478862547867, 'fragment_fraction': 0.0, 'median_planarity': 0.012040193266008954, 'worst_planarity': 0.03436421210386946}}","{'fraction': 0.35572744750976565, 'border_touch_fraction': 0.05270889309008202, 'skipped': 'fraction 0.36 exceeds sheet_fraction_max'}",1,0.05238351440429687,2.0,4.0,9,0.0,0.03436421210386946
sample_00141,True,True,"[256, 256, 256]",,uint8,NONE,16819802,,"[256, 256, 256]",,uint8,LZW,5721515,,"[256, 256, 256]",uint8,"[0, 1, 2]",0.19675332307815552,0.05633366107940674,0.7469130158424377,3,0.8032466769218445,0.029178458714346423,"{'fraction': 0.05633366107940674, 'border_touch_fraction': 0.0, 'thickness': {'median': 2.0, 'p95': 4.0, 'max': 6.0, 'mean': 2.660900115966797, 'saturated': 0.0002348903104572743}, 'components': {'n_components': 5, 'n_components_ge_min_size': 5, 'largest_component_fraction': 0.20069049286758747, 'fragment_fraction': 0.0, 'median_planarity': 0.0005051538505307537, 'worst_planarity': 0.000603900462368065}}","{'fraction': 0.7469130158424377, 'border_touch_fraction': 0.031379155943031756, 'skipped': 'fraction 0.75 exceeds sheet_fraction_max'}",1,0.05633366107940674,2.0,4.0,5,0.0,0.000603900462368065
sample_00142,True,True,"[256, 256, 256]",,uint8,LZW,295656,,"[256, 256, 256]",,uint8,LZW,6972800,,"[256, 256, 256]",uint8,"[0, 1, 2]",0.17673128843307495,0.033828556537628174,0.7894401550292969,3,0.823268711566925,0.02846883365139855,"{'fraction': 0.033828556537628174, 'border_touch_fraction': 0.0, 'thickness': {'median': 2.0, 'p95': 4.0, 'max': 6.0, 'mean': 2.663990020751953, 'saturated': 0.0002625323980836897}, 'components': {'n_components': 3, 'n_components_ge_min_size': 3, 'largest_component_fraction': 0.33369982151320854, 'fragment_fraction': 0.0, 'median_planarity': 0.001645004655791805, 'worst_planarity': 0.0023006094289267295}}","{'fraction': 0.7894401550292969, 'border_touch_fraction': 0.02968876089046954, 'skipped': 'fraction 0.79 exceeds sheet_fraction_max'}",1,0.033828556537628174,2.0,4.0,3,0.0,0.0023006094289267295
sample_00143,True,True,"[256, 256, 256]",,uint8,NONE,16819802,,"[256, 256, 256]",,uint8,LZW,6085779,,"[256, 256, 256]",uint8,"[0, 1, 2]",0.23201507329940796,0.04510080814361572,0.7228841185569763,3,0.767984926700592,0.03051817709586035,"{'fraction': 0.04510080814361572, 'border_touch_fraction': 0.0, 'thickness': {'median': 2.0, 'p95': 4.0, 'max': 6.0, 'mean': 2.6748499870300293, 'saturated': 1.3215870674775925e-06}, 'components': {'n_components': 5, 'n_components_ge_min_size': 5, 'largest_component_fraction': 0.2578178482976637, 'fragment_fraction': 0.0, 'median_planarity': 0.008474974163662295, 'worst_planarity': 0.015289868442848197}}","{'fraction': 0.7228841185569763, 'border_touch_fraction': 0.03242220903508852, 'skipped': 'fraction 0.72 exceeds sheet_fraction_max'}",1,0.04510080814361572,2.0,4.0,5,0.0,0.015289868442848197
sample_00144,True,True,"[256, 256, 256]",,uint8,NONE,16819802,,"[256, 256, 256]",,uint8,LZW,8182489,,"[256, 256, 256]",uint8,"[0, 1, 2]",0.3640769124031067,0.0554581880569458,0.5804648995399475,3,0.6359230875968933,0.03685587212844967,"{'fraction': 0.0554581880569458, 'border_touch_fraction': 0.0, 'thickness': {'median': 2.0, 'p95': 4.0, 'max': 6.0, 'mean': 2.677299976348877, 'saturated': 0.0003213554104858593}, 'components': {'n_components': 5, 'n_components_ge_min_size': 5, 'largest_component_fraction': 0.21357452543651673, 'fragment_fraction': 0.0, 'median_planarity': 0.004542386730282329, 'worst_planarity': 0.009181970138949887}}","{'fraction': 0.5804648995399475, 'border_touch_fraction': 0.04037711844174487, 'skipped': 'fraction 0.58 exceeds sheet_fraction_max'}",1,0.0554581880569458,2.0,4.0,5,0.0,0.009181970138949887
sample_00145,True,True,"[256, 256, 256]",,uint8,LZW,527656,,"[256, 256, 256]",,uint8,LZW,7689332,,"[256, 256, 256]",uint8,"[0, 1, 2]",0.33290207386016846,0.05125182867050171,0.6158460974693298,3,0.6670979261398315,0.03513352250339214,"{'fraction': 0.05125182867050171, 'border_touch_fraction': 0.0, 'thickness': {'median': 2.0, 'p95': 4.0, 'max': 6.0, 'mean': 2.7211499214172363, 'saturated': 0.0009106101785982185}, 'components': {'n_components': 5, 'n_components_ge_min_size': 5, 'largest_component_fraction': 0.23478623920322192, 'fragment_fraction': 0.0, 'median_planarity': 0.0027903232279721836, 'worst_planarity': 0.006686326476709705}}","{'fraction': 0.6158460974693298, 'border_touch_fraction': 0.03805739793807369, 'skipped': 'fraction 0.62 exceeds sheet_fraction_max'}",1,0.05125182867050171,2.0,4.0,5,0.0,0.006686326476709705
sample_00146,True,True,"[256, 256, 256]",,uint8,NONE,16819802,,"[256, 256, 256]",,uint8,LZW,5836534,,"[256, 256, 256]",uint8,"[0, 1, 2]",0.2584248185157776,0.04734992980957031,0.6942252516746521,3,0.7415751814842224,0.031605022100511936,"{'fraction': 0.04734992980957031, 'border_touch_fraction': 0.0, 'thickness': {'median': 2.0, 'p95': 4.0, 'max': 6.0, 'mean': 2.660640001296997, 'saturated': 0.0003612789526686808}, 'components': {'n_components': 5, 'n_components_ge_min_size': 5, 'largest_component_fraction': 0.23921701913393756, 'fragment_fraction': 0.0, 'median_planarity': 0.0034555158430423366, 'worst_planarity': 0.0040961804815724725}}","{'fraction': 0.6942252516746521, 'border_touch_fraction': 0.033760656132087744, 'skipped': 'fraction 0.69 exceeds sheet_fraction_max'}",1,0.04734992980957031,2.0,4.0,5,0.0,0.0040961804815724725
sample_00147,True,True,"[384, 384, 384]",,uint8,LZW,759722,,"[384, 384, 384]",,uint8,LZW,10786581,,"[384, 384, 384]",uint8,"[0, 1, 2]",0.11332760916815864,0.027038680182562932,0.8596337106492784,3,0.8866723908318414,0.01762206668614237,"{'fraction': 0.027038680182562932, 'border_touch_fraction': 0.0, 'thickness': {'median': 2.0, 'p95': 4.0, 'max': 6.0, 'mean': 2.680720090866089, 'saturated': 0.0002599584327772313}, 'components': {'n_components': 5, 'n_components_ge_min_size': 5, 'largest_component_fraction': 0.2513001187448319, 'fragment_fraction': 0.0, 'median_planarity': 0.001990766454513164, 'worst_planarity': 0.002699137019001834}}","{'fraction': 0.8596337106492784, 'border_touch_fraction': 0.018176346281485973, 'skipped': 'fraction 0.86 exceeds sheet_fraction_max'}",1,0.027038680182562932,2.0,4.0,5,0.0,0.002699137019001834
sample_00148,True,True,"[320, 320, 320]",,uint8,LZW,1251897,,"[320, 320, 320]",,uint8,LZW,35866180,,"[320, 320, 320]",uint8,"[0, 1, 2]",0.4351312255859375,0.07129257202148437,0.4935762023925781,3,0.5648687744140625,0.03319355016472515,"{'fraction': 0.07129257202148437, 'border_touch_fraction': 0.0, 'thickness': {'median': 2.0, 'p95': 4.0, 'max': 6.0, 'mean': 2.7400999069213867, 'saturated': 0.00011258007418299184}, 'components': {'n_components': 11, 'n_components_ge_min_size': 11, 'largest_component_fraction': 0.1424839958649296, 'fragment_fraction': 0.0, 'median_planarity': 0.005474403127978124, 'worst_planarity': 0.009985650538987952}}","{'fraction': 0.4935762023925781, 'border_touch_fraction': 0.03798805515563881, 'skipped': 'fraction 0.49 exceeds sheet_fraction_max'}",1,0.07129257202148437,2.0,4.0,11,0.0,0.009985650538987952
sample_00149,True,True,"[320, 320, 320]",,uint8,LZW,1048089,,"[320, 320, 320]",,uint8,LZW,36047008,,"[320, 320, 320]",uint8,"[0, 1, 2]",0.31468115234375,0.05178802490234375,0.6335308227539063,3,0.68531884765625,0.02735952770615297,"{'fraction': 0.05178802490234375, 'border_touch_fraction': 0.0, 'thickness': {'median': 2.0, 'p95': 4.0, 'max': 6.0, 'mean': 2.7620298862457275, 'saturated': 4.419589979905598e-05}, 'components': {'n_components': 7, 'n_components_ge_min_size': 7, 'largest_component_fraction': 0.2099487916840995, 'fragment_fraction': 0.0, 'median_planarity': 0.003635661456613665, 'worst_planarity': 0.004528552526050009}}","{'fraction': 0.6335308227539063, 'border_touch_fraction': 0.02959603436261443, 'skipped': 'fraction 0.63 exceeds sheet_fraction_max'}",1,0.05178802490234375,2.0,4.0,7,0.0,0.004528552526050009
sample_00150,True,True,"[320, 320, 320]",,uint8,LZW,442905,,"[320, 320, 320]",,uint8,LZW,36352880,,"[320, 320, 320]",uint8,"[0, 1, 2]",0.06417721557617187,0.011842254638671876,0.9239805297851562,3,0.9358227844238282,0.020035844726247063,"{'fraction': 0.011842254638671876, 'border_touch_fraction': 0.0, 'thickness': {'median': 2.0, 'p95': 4.0, 'max': 6.0, 'mean': 2.746929883956909, 'saturated': 0.00045870732153579336}, 'components': {'n_components': 7, 'n_components_ge_min_size': 7, 'largest_component_fraction': 0.3218218411687244, 'fragment_fraction': 0.0, 'median_planarity': 0.005635808667075405, 'worst_planarity': 0.007892536386612014}}","{'fraction': 0.9239805297851562, 'border_touch_fraction': 0.020292635391743315, 'skipped': 'fraction 0.92 exceeds sheet_fraction_max'}",1,0.011842254638671876,2.0,4.0,7,0.0,0.007892536386612014
sample_00151,True,True,"[320, 320, 320]",,uint8,LZW,573641,,"[320, 320, 320]",,uint8,LZW,33809726,,"[320, 320, 320]",uint8,"[0, 1, 2]",0.12966513061523438,0.0347119140625,0.8356229553222656,3,0.8703348693847657,0.02154343191288459,"{'fraction': 0.0347119140625, 'border_touch_fraction': 0.0, 'thickness': {'median': 2.0, 'p95': 4.0, 'max': 6.0, 'mean': 2.67399001121521, 'saturated': 0.0001811084540723027}, 'components': {'n_components': 4, 'n_components_ge_min_size': 4, 'largest_component_fraction': 0.2648473765649177, 'fragment_fraction': 0.0, 'median_planarity': 0.0033058822408225464, 'worst_planarity': 0.004282411357786662}}","{'fraction': 0.8356229553222656, 'border_touch_fraction': 0.022438349593650035, 'skipped': 'fraction 0.84 exceeds sheet_fraction_max'}",1,0.0347119140625,2.0,4.0,4,0.0,0.004282411357786662
sample_00152,True,True,"[320, 320, 320]",,uint8,LZW,812489,,"[320, 320, 320]",,uint8,LZW,35041151,,"[320, 320, 320]",uint8,"[0, 1, 2]",0.17144644165039064,0.03948077392578125,0.7890727844238281,3,0.8285535583496094,0.022629798413210615,"{'fraction': 0.03948077392578125, 'border_touch_fraction': 0.0, 'thickness': {'median': 2.0, 'p95': 4.0, 'max': 6.0, 'mean': 2.7258400917053223, 'saturated': 0.0005449460696634321}, 'components': {'n_components': 5, 'n_components_ge_min_size': 5, 'largest_component_fraction': 0.24537646111249387, 'fragment_fraction': 0.0, 'median_planarity': 0.011233681950604693, 'worst_planarity': 0.013212877759811408}}","{'fraction': 0.7890727844238281, 'border_touch_fraction': 0.023762066529377304, 'skipped': 'fraction 0.79 exceeds sheet_fraction_max'}",1,0.03948077392578125,2.0,4.0,5,0.0,0.013212877759811408
sample_00153,True,True,"[320, 320, 320]",,uint8,LZW,530953,,"[320, 320, 320]",,uint8,LZW,35360320,,"[320, 320, 320]",uint8,"[0, 1, 2]",0.10396914672851562,0.027794647216796874,0.8682362060546875,3,0.8960308532714844,0.020925618723442573,"{'fraction': 0.027794647216796874, 'border_touch_fraction': 0.0, 'thickness': {'median': 2.0, 'p95': 4.0, 'max': 6.0, 'mean': 2.6820600032806396, 'saturated': 5.5996266915538964e-05}, 'components': {'n_components': 3, 'n_components_ge_min_size': 3, 'largest_component_fraction': 0.33546594932886825, 'fragment_fraction': 0.0, 'median_planarity': 0.009314916546026347, 'worst_planarity': 0.010681247471533059}}","{'fraction': 0.8682362060546875, 'border_touch_fraction': 0.021595505772790815, 'skipped': 'fraction 0.87 exceeds sheet_fraction_max'}",1,0.027794647216796874,2.0,4.0,3,0.0,0.010681247471533059
sample_00154,True,True,"[320, 320, 320]",,uint8,NONE,32821210,,"[320, 320, 320]",,uint8,LZW,34654190,,"[320, 320, 320]",uint8,"[0, 1, 2]",0.21692333984375,0.06848568725585938,0.7145909729003906,3,0.78307666015625,0.02394401589782889,"{'fraction': 0.06848568725585938, 'border_touch_fraction': 0.0, 'thickness': {'median': 2.0, 'p95': 4.0, 'max': 6.0, 'mean': 2.694390058517456, 'saturated': 8.020893536452065e-05}, 'components': {'n_components': 9, 'n_components_ge_min_size': 9, 'largest_component_fraction': 0.13824143691634075, 'fragment_fraction': 0.0, 'median_planarity': 0.0036665812893866014, 'worst_planarity': 0.005312933171235316}}","{'fraction': 0.7145909729003906, 'border_touch_fraction': 0.02623878653811882, 'skipped': 'fraction 0.71 exceeds sheet_fraction_max'}",1,0.06848568725585938,2.0,4.0,9,0.0,0.005312933171235316
sample_00155,True,True,"[320, 320, 320]",,uint8,NONE,32821210,,"[320, 320, 320]",,uint8,LZW,35697155,,"[320, 320, 320]",uint8,"[0, 1, 2]",0.1746240234375,0.0368277587890625,0.7885482177734375,3,0.8253759765625,0.022716919964268178,"{'fraction': 0.0368277587890625, 'border_touch_fraction': 0.0, 'thickness': {'median': 2.0, 'p95': 4.0, 'max': 6.0, 'mean': 2.7506699562072754, 'saturated': 0.0007192742291004432}, 'components': {'n_components': 10, 'n_components_ge_min_size': 10, 'largest_component_fraction': 0.2935028323494413, 'fragment_fraction': 0.0, 'median_planarity': 0.012626829714399544, 'worst_planarity': 0.02780623870763027}}","{'fraction': 0.7885482177734375, 'border_touch_fraction': 0.023777873790575447, 'skipped': 'fraction 0.79 exceeds sheet_fraction_max'}",1,0.0368277587890625,2.0,4.0,10,0.0,0.02780623870763027
sample_00156,True,True,"[320, 320, 320]",,uint8,NONE,32821210,,"[320, 320, 320]",,uint8,LZW,35687629,,"[320, 320, 320]",uint8,"[0, 1, 2]",0.37052911376953124,0.08470562744140625,0.5447652587890625,3,0.6294708862304688,0.029786921699084024,"{'fraction': 0.08470562744140625, 'border_touch_fraction': 0.0, 'thickness': {'median': 2.0, 'p95': 4.0, 'max': 6.0, 'mean': 2.727400064468384, 'saturated': 7.205560963729368e-07}, 'components': {'n_components': 15, 'n_components_ge_min_size': 15, 'largest_component_fraction': 0.12207553301335838, 'fragment_fraction': 0.0, 'median_planarity': 0.019212698847803297, 'worst_planarity': 0.04298599382974995}}","{'fraction': 0.5447652587890625, 'border_touch_fraction': 0.034418494383578434, 'skipped': 'fraction 0.54 exceeds sheet_fraction_max'}",1,0.08470562744140625,2.0,4.0,15,0.0,0.04298599382974995
sample_00157,True,True,"[320, 320, 320]",,uint8,NONE,32821210,,"[320, 320, 320]",,uint8,LZW,33870966,,"[320, 320, 320]",uint8,"[0, 1, 2]",0.34044149780273436,0.06671307373046875,0.5928454284667969,3,0.6595585021972656,0.028428107495447177,"{'fraction': 0.06671307373046875, 'border_touch_fraction': 0.0, 'thickness': {'median': 2.0, 'p95': 4.0, 'max': 6.0, 'mean': 2.7265899181365967, 'saturated': 9.05741578204381e-05}, 'components': {'n_components': 7, 'n_components_ge_min_size': 7, 'largest_component_fraction': 0.14599502116599133, 'fragment_fraction': 0.0, 'median_planarity': 0.003897817646317035, 'worst_planarity': 0.005745604637100891}}","{'fraction': 0.5928454284667969, 'border_touch_fraction': 0.031627130951301784, 'skipped': 'fraction 0.59 exceeds sheet_fraction_max'}",1,0.06671307373046875,2.0,4.0,7,0.0,0.005745604637100891
sample_00158,True,True,"[320, 320, 320]",,uint8,LZW,667113,,"[320, 320, 320]",,uint8,LZW,36198785,,"[320, 320, 320]",uint8,"[0, 1, 2]",0.12121945190429688,0.02919403076171875,0.8495865173339844,3,0.8787805480957032,0.021336384880879317,"{'fraction': 0.02919403076171875, 'border_touch_fraction': 0.0, 'thickness': {'median': 2.0, 'p95': 4.0, 'max': 6.0, 'mean': 2.7564899921417236, 'saturated': 0.00024147266968420393}, 'components': {'n_components': 3, 'n_components_ge_min_size': 3, 'largest_component_fraction': 0.34180508660610687, 'fragment_fraction': 0.0, 'median_planarity': 0.004089670303618074, 'worst_planarity': 0.005039564009375537}}","{'fraction': 0.8495865173339844, 'border_touch_fraction': 0.02206955927082952, 'skipped': 'fraction 0.85 exceeds sheet_fraction_max'}",1,0.02919403076171875,2.0,4.0,3,0.0,0.005039564009375537
sample_00159,True,True,"[320, 320, 320]",,uint8,LZW,873129,,"[320, 320, 320]",,uint8,LZW,35199058,,"[320, 320, 320]",uint8,"[0, 1, 2]",0.26127288818359373,0.0567254638671875,0.6820016479492188,3,0.7387271118164063,0.02538149703737946,"{'fraction': 0.0567254638671875, 'border_touch_fraction': 0.0, 'thickness': {'median': 2.0, 'p95': 4.0, 'max': 8.0, 'mean': 2.70743989944458, 'saturated': 5.057080450618147e-05}, 'components': {'n_components': 9, 'n_components_ge_min_size': 9, 'largest_component_fraction': 0.17129138467166635, 'fragment_fraction': 0.0, 'median_planarity': 0.009447156405352871, 'worst_planarity': 0.019523661000061497}}","{'fraction': 0.6820016479492188, 'border_touch_fraction': 0.02749260219001129, 'skipped': 'fraction 0.68 exceeds sheet_fraction_max'}",1,0.0567254638671875,2.0,4.0,9,0.0,0.019523661000061497
sample_00160,True,True,"[320, 320, 320]",,uint8,NONE,32821210,,"[320, 320, 320]",,uint8,LZW,33072994,,"[320, 320, 320]",uint8,"[0, 1, 2]",0.15925033569335936,0.04857797241210938,0.7921716918945313,3,0.8407496643066407,0.022301525407640778,"{'fraction': 0.04857797241210938, 'border_touch_fraction': 0.0, 'thickness': {'median': 2.0, 'p95': 4.0, 'max': 6.0, 'mean': 2.6979100704193115, 'saturated': 0.0004950361319836688}, 'components': {'n_components': 7, 'n_components_ge_min_size': 7, 'largest_component_fraction': 0.19382172291420482, 'fragment_fraction': 0.0, 'median_planarity': 0.0014239968448049778, 'worst_planarity': 0.002333532437531498}}","{'fraction': 0.7921716918945313, 'border_touch_fraction': 0.02366911137048855, 'skipped': 'fraction 0.79 exceeds sheet_fraction_max'}",1,0.04857797241210938,2.0,4.0,7,0.0,0.002333532437531498
sample_00161,True,True,"[320, 320, 320]",,uint8,NONE,32821210,,"[320, 320, 320]",,uint8,LZW,33416962,,"[320, 320, 320]",uint8,"[0, 1, 2]",0.41975711059570314,0.11155307006835938,0.4686898193359375,3,0.5802428894042969,0.032314053894308956,"{'fraction': 0.11155307006835938, 'border_touch_fraction': 0.0, 'thickness': {'median': 2.0, 'p95': 4.0, 'max': 10.0, 'mean': 2.6846799850463867, 'saturated': 1.3678502127417437e-06}, 'components': {'n_components': 13, 'n_components_ge_min_size': 13, 'largest_component_fraction': 0.08424698888293418, 'fragment_fraction': 0.0, 'median_planarity': 0.011798683174641167, 'worst_planarity': 0.013690201717589412}}","{'fraction': 0.4686898193359375, 'border_touch_fraction': 0.04000513607606393, 'skipped': 'fraction 0.47 exceeds sheet_fraction_max'}",1,0.11155307006835938,2.0,4.0,13,0.0,0.013690201717589412
sample_00162,True,True,"[320, 320, 320]",,uint8,LZW,522473,,"[320, 320, 320]",,uint8,LZW,34363260,,"[320, 320, 320]",uint8,"[0, 1, 2]",0.13772988891601562,0.0277255859375,0.8345445251464844,3,0.8622701110839843,0.021744926281196085,"{'fraction': 0.0277255859375, 'border_touch_fraction': 0.0, 'thickness': {'median': 2.0, 'p95': 4.0, 'max': 6.0, 'mean': 2.6780600547790527, 'saturated': 0.0005283364446479518}, 'components': {'n_components': 3, 'n_components_ge_min_size': 3, 'largest_component_fraction': 0.3374848103272164, 'fragment_fraction': 0.0, 'median_planarity': 0.005902735236881303, 'worst_planarity': 0.008435743454623234}}","{'fraction': 0.8345445251464844, 'border_touch_fraction': 0.02246734528239687, 'skipped': 'fraction 0.83 exceeds sheet_fraction_max'}",1,0.0277255859375,2.0,4.0,3,0.0,0.008435743454623234
sample_00163,True,True,"[320, 320, 320]",,uint8,NONE,32821210,,"[320, 320, 320]",,uint8,LZW,33105110,,"[320, 320, 320]",uint8,"[0, 1, 2]",0.45654629516601564,0.09698574829101562,0.4464679565429687,3,0.5434537048339844,0.03450155888757405,"{'fraction': 0.09698574829101562, 'border_touch_fraction': 0.0, 'thickness': {'median': 2.0, 'p95': 4.0, 'max': 6.0, 'mean': 2.68245005607605, 'saturated': 0.00016393808867068237}, 'components': {'n_components': 11, 'n_components_ge_min_size': 11, 'largest_component_fraction': 0.09703435682934297, 'fragment_fraction': 0.0, 'median_planarity': 0.0030102122039617706, 'worst_planarity': 0.004850635487665834}}","{'fraction': 0.4464679565429687, 'border_touch_fraction': 0.04199629497530462, 'skipped': 'fraction 0.45 exceeds sheet_fraction_max'}",1,0.09698574829101562,2.0,4.0,11,0.0,0.004850635487665834
sample_00164,True,True,"[320, 320, 320]",,uint8,LZW,1016361,,"[320, 320, 320]",,uint8,LZW,32579783,,"[320, 320, 320]",uint8,"[0, 1, 2]",0.534592529296875,0.09270101928710937,0.3727064514160156,3,0.465407470703125,0.04028727766589782,"{'fraction': 0.09270101928710937, 'border_touch_fraction': 0.0, 'thickness': {'median': 2.0, 'p95': 4.0, 'max': 6.0, 'mean': 2.6649200916290283, 'saturated': 0.0001909385187845644}, 'components': {'n_components': 11, 'n_components_ge_min_size': 11, 'largest_component_fraction': 0.0993581502929754, 'fragment_fraction': 0.0, 'median_planarity': 0.006005993682636551, 'worst_planarity': 0.00943000290747816}}","{'fraction': 0.3727064514160156, 'border_touch_fraction': 0.050307688339612924, 'skipped': 'fraction 0.37 exceeds sheet_fraction_max'}",1,0.09270101928710937,2.0,4.0,11,0.0,0.00943000290747816
sample_00165,True,True,"[320, 320, 320]",,uint8,LZW,1053385,,"[320, 320, 320]",,uint8,LZW,32407450,,"[320, 320, 320]",uint8,"[0, 1, 2]",0.3868648681640625,0.0901884765625,0.5229466552734375,3,0.6131351318359375,0.0305805344147481,"{'fraction': 0.0901884765625, 'border_touch_fraction': 0.0, 'thickness': {'median': 2.0, 'p95': 4.0, 'max': 6.0, 'mean': 2.6853199005126953, 'saturated': 0.0005813292475609889}, 'components': {'n_components': 16, 'n_components_ge_min_size': 16, 'largest_component_fraction': 0.10236030502528343, 'fragment_fraction': 0.0, 'median_planarity': 0.0045694328780339355, 'worst_planarity': 0.006796837350256035}}","{'fraction': 0.5229466552734375, 'border_touch_fraction': 0.035854517494133376, 'skipped': 'fraction 0.52 exceeds sheet_fraction_max'}",1,0.0901884765625,2.0,4.0,16,0.0,0.006796837350256035
sample_00166,True,True,"[320, 320, 320]",,uint8,NONE,32821210,,"[320, 320, 320]",,uint8,LZW,33758223,,"[320, 320, 320]",uint8,"[0, 1, 2]",0.413830810546875,0.10791702270507812,0.4782521667480469,3,0.586169189453125,0.031987351668027936,"{'fraction': 0.10791702270507812, 'border_touch_fraction': 0.0, 'thickness': {'median': 2.0, 'p95': 4.0, 'max': 6.0, 'mean': 2.6957499980926514, 'saturated': 0.0002610128032011538}, 'components': {'n_components': 12, 'n_components_ge_min_size': 12, 'largest_component_fraction': 0.08698880868723002, 'fragment_fraction': 0.0, 'median_planarity': 0.001769815665267124, 'worst_planarity': 0.003212822888513389}}","{'fraction': 0.4782521667480469, 'border_touch_fraction': 0.039205258864781864, 'skipped': 'fraction 0.48 exceeds sheet_fraction_max'}",1,0.10791702270507812,2.0,4.0,12,0.0,0.003212822888513389
sample_00167,True,True,"[320, 320, 320]",,uint8,LZW,1050505,,"[320, 320, 320]",,uint8,LZW,35216689,,"[320, 320, 320]",uint8,"[0, 1, 2]",0.28117300415039065,0.076510009765625,0.6423169860839844,3,0.7188269958496094,0.02608416226471663,"{'fraction': 0.076510009765625, 'border_touch_fraction': 0.0, 'thickness': {'median': 2.0, 'p95': 4.0, 'max': 6.0, 'mean': 2.7193400859832764, 'saturated': 5.903281905643218e-05}, 'components': {'n_components': 13, 'n_components_ge_min_size': 13, 'largest_component_fraction': 0.12531750083762783, 'fragment_fraction': 0.0, 'median_planarity': 0.001305040332285319, 'worst_planarity': 0.002231775965652658}}","{'fraction': 0.6423169860839844, 'border_touch_fraction': 0.029191194388791076, 'skipped': 'fraction 0.64 exceeds sheet_fraction_max'}",1,0.076510009765625,2.0,4.0,13,0.0,0.002231775965652658
sample_00168,True,True,"[320, 320, 320]",,uint8,NONE,32821210,,"[320, 320, 320]",,uint8,LZW,37040837,,"[320, 320, 320]",uint8,"[0, 1, 2]",0.299552001953125,0.0384246826171875,0.6620233154296875,3,0.700447998046875,0.026768582467624133,"{'fraction': 0.0384246826171875, 'border_touch_fraction': 0.0, 'thickness': {'median': 2.0, 'p95': 4.0, 'max': 6.0, 'mean': 2.756190061569214, 'saturated': 0.00016440314510364547}, 'components': {'n_components': 5, 'n_components_ge_min_size': 5, 'largest_component_fraction': 0.26359463108569614, 'fragment_fraction': 0.0, 'median_planarity': 0.012847462684023177, 'worst_planarity': 0.039989481045364476}}","{'fraction': 0.6620233154296875, 'border_touch_fraction': 0.0283222653386917, 'skipped': 'fraction 0.66 exceeds sheet_fraction_max'}",1,0.0384246826171875,2.0,4.0,5,0.0,0.039989481045364476
sample_00169,True,True,"[320, 320, 320]",,uint8,NONE,32821210,,"[320, 320, 320]",,uint8,LZW,35467272,,"[320, 320, 320]",uint8,"[0, 1, 2]",0.317719970703125,0.037416046142578124,0.6448639831542968,3,0.682280029296875,0.02748138476121432,"{'fraction': 0.037416046142578124, 'border_touch_fraction': 0.0, 'thickness': {'median': 2.0, 'p95': 4.0, 'max': 8.0, 'mean': 2.741489887237549, 'saturated': 4.893768519855243e-06}, 'components': {'n_components': 5, 'n_components_ge_min_size': 5, 'largest_component_fraction': 0.27698566696763344, 'fragment_fraction': 0.0, 'median_planarity': 0.011504314040872175, 'worst_planarity': 0.02464457359528561}}","{'fraction': 0.6448639831542968, 'border_touch_fraction': 0.029075898933424663, 'skipped': 'fraction 0.64 exceeds sheet_fraction_max'}",1,0.037416046142578124,2.0,4.0,5,0.0,0.02464457359528561
sample_00170,True,True,"[320, 320, 320]",,uint8,NONE,32821210,,"[320, 320, 320]",,uint8,LZW,34054628,,"[320, 320, 320]",uint8,"[0, 1, 2]",0.3829041748046875,0.05316708374023438,0.5639287414550781,3,0.6170958251953125,0.0303842600038099,"{'fraction': 0.05316708374023438, 'border_touch_fraction': 0.0, 'thickness': {'median': 2.0, 'p95': 4.0, 'max': 6.0, 'mean': 2.7004599571228027, 'saturated': 0.00015612632226654093}, 'components': {'n_components': 10, 'n_components_ge_min_size': 10, 'largest_component_fraction': 0.21322206271571406, 'fragment_fraction': 0.0, 'median_planarity': 0.010118780128776069, 'worst_planarity': 0.06227310285241708}}","{'fraction': 0.5639287414550781, 'border_touch_fraction': 0.03324888167895163, 'skipped': 'fraction 0.56 exceeds sheet_fraction_max'}",1,0.05316708374023438,2.0,4.0,10,0.0,0.06227310285241708
sample_00171,True,True,"[320, 320, 320]",,uint8,LZW,611481,,"[320, 320, 320]",,uint8,LZW,30041129,,"[320, 320, 320]",uint8,"[0, 1, 2]",0.11274069213867187,0.029043975830078124,0.85821533203125,3,0.8872593078613281,0.021132491746066285,"{'fraction': 0.029043975830078124, 'border_touch_fraction': 0.0, 'thickness': {'median': 2.0, 'p95': 4.0, 'max': 6.0, 'mean': 2.731070041656494, 'saturated': 0.00024902465344069064}, 'components': {'n_components': 9, 'n_components_ge_min_size': 9, 'largest_component_fraction': 0.21982257256126583, 'fragment_fraction': 0.0, 'median_planarity': 0.0014436648245122808, 'worst_planarity': 0.015630386351441376}}","{'fraction': 0.85821533203125, 'border_touch_fraction': 0.021847663750800085, 'skipped': 'fraction 0.86 exceeds sheet_fraction_max'}",1,0.029043975830078124,2.0,4.0,9,0.0,0.015630386351441376
sample_00172,True,True,"[320, 320, 320]",,uint8,LZW,1533481,,"[320, 320, 320]",,uint8,LZW,31345778,,"[320, 320, 320]",uint8,"[0, 1, 2]",0.5380195922851563,0.137367431640625,0.32461297607421874,3,0.4619804077148438,0.04058613674278021,"{'fraction': 0.137367431640625, 'border_touch_fraction': 0.0, 'thickness': {'median': 2.0, 'p95': 4.0, 'max': 6.0, 'mean': 2.7068099975585938, 'saturated': 6.487078273264173e-05}, 'components': {'n_components': 18, 'n_components_ge_min_size': 18, 'largest_component_fraction': 0.0696141254796439, 'fragment_fraction': 0.0, 'median_planarity': 0.0009155750488154546, 'worst_planarity': 0.0018132317943299393}}","{'fraction': 0.32461297607421874, 'border_touch_fraction': 0.057761092075730956, 'skipped': 'fraction 0.32 exceeds sheet_fraction_max'}",1,0.137367431640625,2.0,4.0,18,0.0,0.0018132317943299393
sample_00173,True,True,"[320, 320, 320]",,uint8,NONE,32821210,,"[320, 320, 320]",,uint8,LZW,32260635,,"[320, 320, 320]",uint8,"[0, 1, 2]",0.6806099548339843,0.132158447265625,0.18723159790039062,3,0.3193900451660156,0.05870564935815061,"{'fraction': 0.132158447265625, 'border_touch_fraction': 0.0, 'thickness': {'median': 2.0, 'p95': 4.0, 'max': 6.0, 'mean': 2.677870035171509, 'saturated': 4.4105068896274115e-05}, 'components': {'n_components': 20, 'n_components_ge_min_size': 20, 'largest_component_fraction': 0.06989660478717803, 'fragment_fraction': 0.0, 'median_planarity': 0.0018184024689074255, 'worst_planarity': 0.0031448936209589897}}","{'fraction': 0.18723159790039062, 'border_touch_fraction': 0.10014335299309476, 'thickness': {'median': 8.0, 'p95': 8.0, 'max': 8.0, 'mean': 6.962649822235107, 'saturated': 0.7396039741133345}, 'components': {'n_components': 1, 'n_components_ge_min_size': 1, 'largest_component_fraction': 1.0, 'fragment_fraction': 0.0, 'median_planarity': 0.25456529359627206, 'worst_planarity': 0.25456529359627206}}",1,0.132158447265625,2.0,4.0,20,0.0,0.0031448936209589897
sample_00174,True,True,"[320, 320, 320]",,uint8,NONE,32821210,,"[320, 320, 320]",,uint8,LZW,32544691,,"[320, 320, 320]",uint8,"[0, 1, 2]",0.1923244323730469,0.04296383666992187,0.7647117309570313,3,0.8076755676269531,0.023214766858789267,"{'fraction': 0.04296383666992187, 'border_touch_fraction': 0.0, 'thickness': {'median': 2.0, 'p95': 4.0, 'max': 6.0, 'mean': 2.7337400913238525, 'saturated': 0.0001676328046033673}, 'components': {'n_components': 6, 'n_components_ge_min_size': 6, 'largest_component_fraction': 0.22769791147993484, 'fragment_fraction': 0.0, 'median_planarity': 0.0025329022128231077, 'worst_planarity': 0.0027531208953714666}}","{'fraction': 0.7647117309570313, 'border_touch_fraction': 0.024519043243307528, 'skipped': 'fraction 0.76 exceeds sheet_fraction_max'}",1,0.04296383666992187,2.0,4.0,6,0.0,0.0027531208953714666
sample_00175,True,True,"[320, 320, 320]",,uint8,NONE,32821210,,"[320, 320, 320]",,uint8,LZW,31768619,,"[320, 320, 320]",uint8,"[0, 1, 2]",0.32623046875,0.07536221313476563,0.5984073181152344,3,0.67376953125,0.02782850682668058,"{'fraction': 0.07536221313476563, 'border_touch_fraction': 0.0, 'thickness': {'median': 2.0, 'p95': 4.0, 'max': 6.0, 'mean': 2.7181899547576904, 'saturated': 0.00013606163916210327}, 'components': {'n_components': 9, 'n_components_ge_min_size': 9, 'largest_component_fraction': 0.12864546993705933, 'fragment_fraction': 0.0, 'median_planarity': 0.0012889576102515922, 'worst_planarity': 0.0020628356294551515}}","{'fraction': 0.5984073181152344, 'border_touch_fraction': 0.03133317296161365, 'skipped': 'fraction 0.60 exceeds sheet_fraction_max'}",1,0.07536221313476563,2.0,4.0,9,0.0,0.0020628356294551515
sample_00176,True,True,"[320, 320, 320]",,uint8,NONE,32821210,,"[320, 320, 320]",,uint8,LZW,33286628,,"[320, 320, 320]",uint8,"[0, 1, 2]",0.071022705078125,0.0252869873046875,0.9036903076171875,3,0.928977294921875,0.020183485756319626,"{'fraction': 0.0252869873046875, 'border_touch_fraction': 0.0, 'thickness': {'median': 2.0, 'p95': 4.0, 'max': 6.0, 'mean': 2.7176499366760254, 'saturated': 0.00016292462985937795}, 'components': {'n_components': 11, 'n_components_ge_min_size': 11, 'largest_component_fraction': 0.2150122374499761, 'fragment_fraction': 0.0, 'median_planarity': 0.001632282245186614, 'worst_planarity': 0.013688315081051554}}","{'fraction': 0.9036903076171875, 'border_touch_fraction': 0.020748258382276126, 'skipped': 'fraction 0.90 exceeds sheet_fraction_max'}",1,0.0252869873046875,2.0,4.0,11,0.0,0.013688315081051554
sample_00177,True,True,"[320, 320, 320]",,uint8,NONE,32821210,,"[320, 320, 320]",,uint8,LZW,31977682,,"[320, 320, 320]",uint8,"[0, 1, 2]",0.37507769775390626,0.09759103393554687,0.5273312683105469,3,0.6249223022460938,0.03000372995588221,"{'fraction': 0.09759103393554687, 'border_touch_fraction': 0.0, 'thickness': {'median': 2.0, 'p95': 4.0, 'max': 6.0, 'mean': 2.698970079421997, 'saturated': 0.0002345316231495846}, 'components': {'n_components': 14, 'n_components_ge_min_size': 14, 'largest_component_fraction': 0.09710797491950093, 'fragment_fraction': 0.0, 'median_planarity': 0.0015124956697529805, 'worst_planarity': 0.032003135527347085}}","{'fraction': 0.5273312683105469, 'border_touch_fraction': 0.035556397139260995, 'skipped': 'fraction 0.53 exceeds sheet_fraction_max'}",1,0.09759103393554687,2.0,4.0,14,0.0,0.032003135527347085
sample_00178,True,True,"[320, 320, 320]",,uint8,NONE,32821210,,"[320, 320, 320]",,uint8,LZW,31016701,,"[320, 320, 320]",uint8,"[0, 1, 2]",0.7485840454101562,0.17387646484375,0.07753948974609375,3,0.2514159545898437,0.07457760598601816,"{'fraction': 0.17387646484375, 'border_touch_fraction': 0.0, 'thickness': {'median': 2.0, 'p95': 4.0, 'max': 6.0, 'mean': 2.6557600498199463, 'saturated': 2.0359506766376766e-05}, 'components': {'n_components': 21, 'n_components_ge_min_size': 21, 'largest_component_fraction': 0.05239326002038759, 'fragment_fraction': 0.0, 'median_planarity': 0.00235401678525578, 'worst_planarity': 0.008200196021305615}}","{'fraction': 0.07753948974609375, 'border_touch_fraction': 0.24181226961123484, 'thickness': {'median': 6.0, 'p95': 30.0, 'max': 48.0, 'mean': 8.778779983520508, 'saturated': 0.008009637856214584}, 'components': {'n_components': 1, 'n_components_ge_min_size': 1, 'largest_component_fraction': 1.0, 'fragment_fraction': 0.0, 'median_planarity': 0.2685567166545482, 'worst_planarity': 0.2685567166545482}}",1,0.17387646484375,2.0,4.0,21,0.0,0.008200196021305615
sample_00179,True,True,"[320, 320, 320]",,uint8,NONE,32821210,,"[320, 320, 320]",,uint8,LZW,31594542,,"[320, 320, 320]",uint8,"[0, 1, 2]",0.25751422119140627,0.06938442993164062,0.6731013488769532,3,0.7424857788085938,0.025253008926428993,"{'fraction': 0.06938442993164062, 'border_touch_fraction': 0.0, 'thickness': {'median': 2.0, 'p95': 4.0, 'max': 6.0, 'mean': 2.694430112838745, 'saturated': 4.398332328314396e-07}, 'components': {'n_components': 9, 'n_components_ge_min_size': 9, 'largest_component_fraction': 0.1350419974762369, 'fragment_fraction': 0.0, 'median_planarity': 0.0018910552214735227, 'worst_planarity': 0.002170639055517406}}","{'fraction': 0.6731013488769532, 'border_touch_fraction': 0.027856131964798084, 'skipped': 'fraction 0.67 exceeds sheet_fraction_max'}",1,0.06938442993164062,2.0,4.0,9,0.0,0.002170639055517406
sample_00180,True,True,"[320, 320, 320]",,uint8,NONE,32821210,,"[320, 320, 320]",,uint8,LZW,32597485,,"[320, 320, 320]",uint8,"[0, 1, 2]",0.3548250122070313,0.0921771240234375,0.5529978637695312,3,0.6451749877929688,0.029061882984863507,"{'fraction': 0.0921771240234375, 'border_touch_fraction': 0.0, 'thickness': {'median': 2.0, 'p95': 4.0, 'max': 6.0, 'mean': 2.7406198978424072, 'saturated': 3.3107539911139363e-07}, 'components': {'n_components': 18, 'n_components_ge_min_size': 18, 'largest_component_fraction': 0.10645464598107574, 'fragment_fraction': 0.0, 'median_planarity': 0.0013511287399120596, 'worst_planarity': 0.0029678509402766592}}","{'fraction': 0.5529978637695312, 'border_touch_fraction': 0.0339060984290064, 'skipped': 'fraction 0.55 exceeds sheet_fraction_max'}",1,0.0921771240234375,2.0,4.0,18,0.0,0.0029678509402766592
sample_00181,True,True,"[320, 320, 320]",,uint8,LZW,1095065,,"[320, 320, 320]",,uint8,LZW,33163170,,"[320, 320, 320]",uint8,"[0, 1, 2]",0.2865333557128906,0.0748685302734375,0.6385981140136718,3,0.7134666442871094,0.026280135378627074,"{'fraction': 0.0748685302734375, 'border_touch_fraction': 0.0, 'thickness': {'median': 2.0, 'p95': 4.0, 'max': 6.0, 'mean': 2.7613000869750977, 'saturated': 0.00021848194181532405}, 'components': {'n_components': 8, 'n_components_ge_min_size': 8, 'largest_component_fraction': 0.1318318406451413, 'fragment_fraction': 0.0, 'median_planarity': 0.0006666750582471322, 'worst_planarity': 0.0015101387950241436}}","{'fraction': 0.6385981140136718, 'border_touch_fraction': 0.029361189124336464, 'skipped': 'fraction 0.64 exceeds sheet_fraction_max'}",1,0.0748685302734375,2.0,4.0,8,0.0,0.0015101387950241436
sample_00182,True,True,"[320, 320, 320]",,uint8,LZW,727961,,"[320, 320, 320]",,uint8,LZW,32690301,,"[320, 320, 320]",uint8,"[0, 1, 2]",0.11970816040039063,0.03858026123046875,0.8417115783691407,3,0.8802918395996093,0.021299754418407674,"{'fraction': 0.03858026123046875, 'border_touch_fraction': 0.0, 'thickness': {'median': 2.0, 'p95': 4.0, 'max': 6.0, 'mean': 2.6930201053619385, 'saturated': 0.00034567369984765044}, 'components': {'n_components': 10, 'n_components_ge_min_size': 10, 'largest_component_fraction': 0.24083569187737996, 'fragment_fraction': 0.0, 'median_planarity': 0.0016555851838980968, 'worst_planarity': 0.005610210609782634}}","{'fraction': 0.8417115783691407, 'border_touch_fraction': 0.022276039063557955, 'skipped': 'fraction 0.84 exceeds sheet_fraction_max'}",1,0.03858026123046875,2.0,4.0,10,0.0,0.005610210609782634
sample_00183,True,True,"[320, 320, 320]",,uint8,NONE,32821210,,"[320, 320, 320]",,uint8,LZW,32498837,,"[320, 320, 320]",uint8,"[0, 1, 2]",0.29727859497070314,0.070982666015625,0.6317387390136718,3,0.7027214050292969,0.026681982170755566,"{'fraction': 0.070982666015625, 'border_touch_fraction': 0.0, 'thickness': {'median': 2.0, 'p95': 4.0, 'max': 6.0, 'mean': 2.718980073928833, 'saturated': 0.00044798706770537755}, 'components': {'n_components': 14, 'n_components_ge_min_size': 14, 'largest_component_fraction': 0.13543784071953086, 'fragment_fraction': 0.0, 'median_planarity': 0.00886805538538876, 'worst_planarity': 0.015687672616933306}}","{'fraction': 0.6317387390136718, 'border_touch_fraction': 0.029679990860263232, 'skipped': 'fraction 0.63 exceeds sheet_fraction_max'}",1,0.070982666015625,2.0,4.0,14,0.0,0.015687672616933306
sample_00184,True,True,"[320, 320, 320]",,uint8,NONE,32821210,,"[320, 320, 320]",,uint8,LZW,31914521,,"[320, 320, 320]",uint8,"[0, 1, 2]",0.4035057067871094,0.0932099609375,0.5032843322753906,3,0.5964942932128906,0.03143366200371689,"{'fraction': 0.0932099609375, 'border_touch_fraction': 0.0, 'thickness': {'median': 2.0, 'p95': 4.0, 'max': 8.0, 'mean': 2.6974499225616455, 'saturated': 8.512577660900814e-06}, 'components': {'n_components': 12, 'n_components_ge_min_size': 12, 'largest_component_fraction': 0.10234737603067671, 'fragment_fraction': 0.0, 'median_planarity': 0.007250086932466376, 'worst_planarity': 0.010387262845476955}}","{'fraction': 0.5032843322753906, 'border_touch_fraction': 0.03725528254620938, 'skipped': 'fraction 0.50 exceeds sheet_fraction_max'}",1,0.0932099609375,2.0,4.0,12,0.0,0.010387262845476955
sample_00185,True,True,"[320, 320, 320]",,uint8,LZW,536809,,"[320, 320, 320]",,uint8,LZW,31241826,,"[320, 320, 320]",uint8,"[0, 1, 2]",0.0804429931640625,0.031185150146484375,0.8883718566894532,3,0.9195570068359376,0.02039025298117844,"{'fraction': 0.031185150146484375, 'border_touch_fraction': 0.0, 'thickness': {'median': 2.0, 'p95': 4.0, 'max': 6.0, 'mean': 2.6580100059509277, 'saturated': 8.807339449541284e-06}, 'components': {'n_components': 7, 'n_components_ge_min_size': 7, 'largest_component_fraction': 0.2906011009174312, 'fragment_fraction': 0.0, 'median_planarity': 0.0021819557332874513, 'worst_planarity': 0.006077483759531158}}","{'fraction': 0.8883718566894532, 'border_touch_fraction': 0.021106026557248775, 'skipped': 'fraction 0.89 exceeds sheet_fraction_max'}",1,0.031185150146484375,2.0,4.0,7,0.0,0.006077483759531158
sample_00186,True,True,"[320, 320, 320]",,uint8,NONE,32821210,,"[320, 320, 320]",,uint8,LZW,30244305,,"[320, 320, 320]",uint8,"[0, 1, 2]",0.14122003173828124,0.04695550537109375,0.811824462890625,3,0.8587799682617188,0.021833299206958,"{'fraction': 0.04695550537109375, 'border_touch_fraction': 0.0, 'thickness': {'median': 2.0, 'p95': 4.0, 'max': 6.0, 'mean': 2.650899887084961, 'saturated': 1.8847838152963854e-05}, 'components': {'n_components': 9, 'n_components_ge_min_size': 9, 'largest_component_fraction': 0.19409113774650047, 'fragment_fraction': 0.0, 'median_planarity': 0.0008838698463186303, 'worst_planarity': 0.009255896234713058}}","{'fraction': 0.811824462890625, 'border_touch_fraction': 0.02309612589553875, 'skipped': 'fraction 0.81 exceeds sheet_fraction_max'}",1,0.04695550537109375,2.0,4.0,9,0.0,0.009255896234713058
sample_00187,True,True,"[320, 320, 320]",,uint8,NONE,32821210,,"[320, 320, 320]",,uint8,LZW,30461616,,"[320, 320, 320]",uint8,"[0, 1, 2]",0.3446780090332031,0.086422119140625,0.5688998718261719,3,0.6553219909667969,0.028611888901115795,"{'fraction': 0.086422119140625, 'border_touch_fraction': 0.0, 'thickness': {'median': 2.0, 'p95': 4.0, 'max': 6.0, 'mean': 2.6668200492858887, 'saturated': 7.062446148848115e-07}, 'components': {'n_components': 14, 'n_components_ge_min_size': 14, 'largest_component_fraction': 0.10832132717488029, 'fragment_fraction': 0.0, 'median_planarity': 0.004026233588498842, 'worst_planarity': 0.012365190440642744}}","{'fraction': 0.5688998718261719, 'border_touch_fraction': 0.03295834808296298, 'skipped': 'fraction 0.57 exceeds sheet_fraction_max'}",1,0.086422119140625,2.0,4.0,14,0.0,0.012365190440642744
sample_00188,True,True,"[320, 320, 320]",,uint8,NONE,32821210,,"[320, 320, 320]",,uint8,LZW,30652249,,"[320, 320, 320]",uint8,"[0, 1, 2]",0.21524642944335937,0.0480712890625,0.7366822814941406,3,0.7847535705566406,0.02389285083048462,"{'fraction': 0.0480712890625, 'border_touch_fraction': 0.0, 'thickness': {'median': 2.0, 'p95': 4.0, 'max': 6.0, 'mean': 2.677259922027588, 'saturated': 0.00011427120365667852}, 'components': {'n_components': 7, 'n_components_ge_min_size': 7, 'largest_component_fraction': 0.19735779583544946, 'fragment_fraction': 0.0, 'median_planarity': 0.012199119394839796, 'worst_planarity': 0.016615524247035218}}","{'fraction': 0.7366822814941406, 'border_touch_fraction': 0.025451949193037747, 'skipped': 'fraction 0.74 exceeds sheet_fraction_max'}",1,0.0480712890625,2.0,4.0,7,0.0,0.016615524247035218
sample_00189,True,True,"[320, 320, 320]",,uint8,NONE,32821210,,"[320, 320, 320]",,uint8,LZW,32944466,,"[320, 320, 320]",uint8,"[0, 1, 2]",0.17322866821289062,0.029530731201171875,0.7972406005859375,3,0.8267713317871094,0.022678580254434918,"{'fraction': 0.029530731201171875, 'border_touch_fraction': 0.0, 'thickness': {'median': 2.0, 'p95': 4.0, 'max': 8.0, 'mean': 2.7079100608825684, 'saturated': 6.200505754586049e-06}, 'components': {'n_components': 8, 'n_components_ge_min_size': 8, 'largest_component_fraction': 0.27496762819287296, 'fragment_fraction': 0.0, 'median_planarity': 0.011124467700279427, 'worst_planarity': 0.015260071505682909}}","{'fraction': 0.7972406005859375, 'border_touch_fraction': 0.02351862158828785, 'skipped': 'fraction 0.80 exceeds sheet_fraction_max'}",1,0.029530731201171875,2.0,4.0,8,0.0,0.015260071505682909
sample_00190,True,True,"[320, 320, 320]",,uint8,LZW,509097,,"[320, 320, 320]",,uint8,LZW,32000626,,"[320, 320, 320]",uint8,"[0, 1, 2]",0.07132669067382813,0.019683807373046876,0.908989501953125,3,0.9286733093261719,0.020190092481073514,"{'fraction': 0.019683807373046876, 'border_touch_fraction': 0.0, 'thickness': {'median': 2.0, 'p95': 4.0, 'max': 6.0, 'mean': 2.729640007019043, 'saturated': 0.0004914736301916748}, 'components': {'n_components': 4, 'n_components_ge_min_size': 4, 'largest_component_fraction': 0.31136482382143227, 'fragment_fraction': 0.0, 'median_planarity': 0.0024557983199780865, 'worst_planarity': 0.0030933894978316524}}","{'fraction': 0.908989501953125, 'border_touch_fraction': 0.020627300931102398, 'skipped': 'fraction 0.91 exceeds sheet_fraction_max'}",1,0.019683807373046876,2.0,4.0,4,0.0,0.0030933894978316524
sample_00191,True,True,"[320, 320, 320]",,uint8,NONE,32821210,,"[320, 320, 320]",,uint8,LZW,31530206,,"[320, 320, 320]",uint8,"[0, 1, 2]",0.3915625,0.10405368041992187,0.5043838195800782,3,0.6084375,0.030816640986132512,"{'fraction': 0.10405368041992187, 'border_touch_fraction': 0.0, 'thickness': {'median': 2.0, 'p95': 4.0, 'max': 6.0, 'mean': 2.6752500534057617, 'saturated': 3.255484244482761e-05}, 'components': {'n_components': 17, 'n_components_ge_min_size': 17, 'largest_component_fraction': 0.08904511954519419, 'fragment_fraction': 0.0, 'median_planarity': 0.0012304907714877455, 'worst_planarity': 0.0017260404306563204}}","{'fraction': 0.5043838195800782, 'border_touch_fraction': 0.03717407115797292, 'skipped': 'fraction 0.50 exceeds sheet_fraction_max'}",1,0.10405368041992187,2.0,4.0,17,0.0,0.0017260404306563204
sample_00192,True,True,"[320, 320, 320]",,uint8,NONE,32821210,,"[320, 320, 320]",,uint8,LZW,31409576,,"[320, 320, 320]",uint8,"[0, 1, 2]",0.5871691284179688,0.14722274780273437,0.2656081237792969,3,0.41283087158203124,0.04541811499742527,"{'fraction': 0.14722274780273437, 'border_touch_fraction': 0.0, 'thickness': {'median': 2.0, 'p95': 4.0, 'max': 6.0, 'mean': 2.656320095062256, 'saturated': 6.425942566583647e-06}, 'components': {'n_components': 18, 'n_components_ge_min_size': 18, 'largest_component_fraction': 0.06164199415653803, 'fragment_fraction': 0.0, 'median_planarity': 0.0019648922220936752, 'worst_planarity': 0.004894919787327952}}","{'fraction': 0.2656081237792969, 'border_touch_fraction': 0.07059272033253032, 'skipped': 'fraction 0.27 exceeds sheet_fraction_max'}",1,0.14722274780273437,2.0,4.0,18,0.0,0.004894919787327952
sample_00193,True,True,"[320, 320, 320]",,uint8,NONE,32821210,,"[320, 320, 320]",,uint8,LZW,31744977,,"[320, 320, 320]",uint8,"[0, 1, 2]",0.5697948303222656,0.14368368530273437,0.286521484375,3,0.43020516967773437,0.04358385561485832,"{'fraction': 0.14368368530273437, 'border_touch_fraction': 0.0, 'thickness': {'median': 2.0, 'p95': 4.0, 'max': 4.0, 'mean': 2.6613500118255615, 'saturated': 4.0354893678660774e-06}, 'components': {'n_components': 19, 'n_components_ge_min_size': 19, 'largest_component_fraction': 0.06332574873726352, 'fragment_fraction': 0.0, 'median_planarity': 0.0018439434119254072, 'worst_planarity': 0.003360003486573445}}","{'fraction': 0.286521484375, 'border_touch_fraction': 0.06544011888288263, 'skipped': 'fraction 0.29 exceeds sheet_fraction_max'}",1,0.14368368530273437,2.0,4.0,19,0.0,0.003360003486573445
sample_00194,True,True,"[320, 320, 320]",,uint8,LZW,917241,,"[320, 320, 320]",,uint8,LZW,31238141,,"[320, 320, 320]",uint8,"[0, 1, 2]",0.25621856689453126,0.07706777954101562,0.6667136535644531,3,0.7437814331054687,0.02520901862488578,"{'fraction': 0.07706777954101562, 'border_touch_fraction': 0.0, 'thickness': {'median': 2.0, 'p95': 4.0, 'max': 6.0, 'mean': 2.6633400917053223, 'saturated': 2.4155000659312724e-05}, 'components': {'n_components': 13, 'n_components_ge_min_size': 13, 'largest_component_fraction': 0.11879429324249997, 'fragment_fraction': 0.0, 'median_planarity': 0.0031160433893919217, 'worst_planarity': 0.01629442799103561}}","{'fraction': 0.6667136535644531, 'border_touch_fraction': 0.02812301787995014, 'skipped': 'fraction 0.67 exceeds sheet_fraction_max'}",1,0.07706777954101562,2.0,4.0,13,0.0,0.01629442799103561
sample_00195,True,True,"[320, 320, 320]",,uint8,LZW,478649,,"[320, 320, 320]",,uint8,LZW,30265858,,"[320, 320, 320]",uint8,"[0, 1, 2]",0.06984661865234375,0.021011383056640624,0.9091419982910156,3,0.9301533813476562,0.020157965746287986,"{'fraction': 0.021011383056640624, 'border_touch_fraction': 0.0, 'thickness': {'median': 2.0, 'p95': 4.0, 'max': 6.0, 'mean': 2.665250062942505, 'saturated': 2.6143752877628354e-05}, 'components': {'n_components': 6, 'n_components_ge_min_size': 6, 'largest_component_fraction': 0.2926037870678474, 'fragment_fraction': 0.0, 'median_planarity': 0.003879622330469165, 'worst_planarity': 0.0062721688087522195}}","{'fraction': 0.9091419982910156, 'border_touch_fraction': 0.02062384097890739, 'skipped': 'fraction 0.91 exceeds sheet_fraction_max'}",1,0.021011383056640624,2.0,4.0,6,0.0,0.0062721688087522195
sample_00196,True,True,"[320, 320, 320]",,uint8,LZW,1179497,,"[320, 320, 320]",,uint8,LZW,33006710,,"[320, 320, 320]",uint8,"[0, 1, 2]",0.34344708251953127,0.0903642578125,0.5661886596679687,3,0.6565529174804687,0.028558246412114647,"{'fraction': 0.0903642578125, 'border_touch_fraction': 0.0, 'thickness': {'median': 2.0, 'p95': 4.0, 'max': 6.0, 'mean': 2.733870029449463, 'saturated': 0.00046976484065144327}, 'components': {'n_components': 15, 'n_components_ge_min_size': 15, 'largest_component_fraction': 0.10767949001977672, 'fragment_fraction': 0.0, 'median_planarity': 0.0013013286706124569, 'worst_planarity': 0.0027412620728249175}}","{'fraction': 0.5661886596679687, 'border_touch_fraction': 0.03311617016666424, 'skipped': 'fraction 0.57 exceeds sheet_fraction_max'}",1,0.0903642578125,2.0,4.0,15,0.0,0.0027412620728249175
sample_00197,True,True,"[320, 320, 320]",,uint8,LZW,1338393,,"[320, 320, 320]",,uint8,LZW,33564016,,"[320, 320, 320]",uint8,"[0, 1, 2]",0.34347024536132814,0.09491738891601563,0.5616123657226563,3,0.6565297546386719,0.028559253967581806,"{'fraction': 0.09491738891601563, 'border_touch_fraction': 0.0, 'thickness': {'median': 2.0, 'p95': 4.0, 'max': 6.0, 'mean': 2.757780075073242, 'saturated': 0.0002720035958489551}, 'components': {'n_components': 12, 'n_components_ge_min_size': 12, 'largest_component_fraction': 0.10409989155223064, 'fragment_fraction': 0.0, 'median_planarity': 0.0010978409786658006, 'worst_planarity': 0.003430447550762609}}","{'fraction': 0.5616123657226563, 'border_touch_fraction': 0.03338601701882647, 'skipped': 'fraction 0.56 exceeds sheet_fraction_max'}",1,0.09491738891601563,2.0,4.0,12,0.0,0.003430447550762609
sample_00198,True,True,"[320, 320, 320]",,uint8,NONE,32821210,,"[320, 320, 320]",,uint8,LZW,33373557,,"[320, 320, 320]",uint8,"[0, 1, 2]",0.2925983276367187,0.07632769775390626,0.631073974609375,3,0.7074016723632812,0.0265054504852387,"{'fraction': 0.07632769775390626, 'border_touch_fraction': 0.0, 'thickness': {'median': 2.0, 'p95': 4.0, 'max': 6.0, 'mean': 2.6747798919677734, 'saturated': 0.00028827246826004175}, 'components': {'n_components': 20, 'n_components_ge_min_size': 20, 'largest_component_fraction': 0.11865830556561777, 'fragment_fraction': 0.0, 'median_planarity': 0.0020897985466476763, 'worst_planarity': 0.004718270535659051}}","{'fraction': 0.631073974609375, 'border_touch_fraction': 0.029711255343093428, 'skipped': 'fraction 0.63 exceeds sheet_fraction_max'}",1,0.07632769775390626,2.0,4.0,20,0.0,0.004718270535659051
sample_00199,True,True,"[320, 320, 320]",,uint8,NONE,32821210,,"[320, 320, 320]",,uint8,LZW,33023216,,"[320, 320, 320]",uint8,"[0, 1, 2]",0.1659552001953125,0.04571786499023438,0.7883269348144532,3,0.8340447998046875,0.022480806791662488,"{'fraction': 0.04571786499023438, 'border_touch_fraction': 0.0, 'thickness': {'median': 2.0, 'p95': 4.0, 'max': 6.0, 'mean': 2.6904399394989014, 'saturated': 0.0004612561520289597}, 'components': {'n_components': 11, 'n_components_ge_min_size': 11, 'largest_component_fraction': 0.204289748965845, 'fragment_fraction': 0.0, 'median_planarity': 0.0021790810652786855, 'worst_planarity': 0.017591548676180936}}","{'fraction': 0.7883269348144532, 'border_touch_fraction': 0.023784548227333054, 'skipped': 'fraction 0.79 exceeds sheet_fraction_max'}",1,0.04571786499023438,2.0,4.0,11,0.0,0.017591548676180936
sample_00200,True,True,"[320, 320, 320]",,uint8,NONE,32821210,,"[320, 320, 320]",,uint8,LZW,32951578,,"[320, 320, 320]",uint8,"[0, 1, 2]",0.5516845397949218,0.11833999633789062,0.3299754638671875,3,0.4483154602050781,0.04182322865114438,"{'fraction': 0.11833999633789062, 'border_touch_fraction': 0.0, 'thickness': {'median': 2.0, 'p95': 4.0, 'max': 6.0, 'mean': 2.7018001079559326, 'saturated': 0.00015859651113463554}, 'components': {'n_components': 14, 'n_components_ge_min_size': 14, 'largest_component_fraction': 0.07959069206101968, 'fragment_fraction': 0.0, 'median_planarity': 0.0036550344320237407, 'worst_planarity': 0.005641405698815334}}","{'fraction': 0.3299754638671875, 'border_touch_fraction': 0.05682240667308138, 'skipped': 'fraction 0.33 exceeds sheet_fraction_max'}",1,0.11833999633789062,2.0,4.0,14,0.0,0.005641405698815334
sample_00201,True,True,"[320, 320, 320]",,uint8,NONE,32821210,,"[320, 320, 320]",,uint8,LZW,33270839,,"[320, 320, 320]",uint8,"[0, 1, 2]",0.30885528564453124,0.06243145751953125,0.6287132568359375,3,0.6911447143554688,0.027128906017150733,"{'fraction': 0.06243145751953125, 'border_touch_fraction': 0.0, 'thickness': {'median': 2.0, 'p95': 4.0, 'max': 6.0, 'mean': 2.7087900638580322, 'saturated': 0.00023414349916949935}, 'components': {'n_components': 10, 'n_components_ge_min_size': 10, 'largest_component_fraction': 0.1555064782960219, 'fragment_fraction': 0.0, 'median_planarity': 0.005007175824459144, 'worst_planarity': 0.007642166159662797}}","{'fraction': 0.6287132568359375, 'border_touch_fraction': 0.029822816357271128, 'skipped': 'fraction 0.63 exceeds sheet_fraction_max'}",1,0.06243145751953125,2.0,4.0,10,0.0,0.007642166159662797
sample_00202,True,True,"[320, 320, 320]",,uint8,NONE,32821210,,"[320, 320, 320]",,uint8,LZW,32626146,,"[320, 320, 320]",uint8,"[0, 1, 2]",0.30264495849609374,0.06832870483398437,0.6290263366699219,3,0.6973550415039063,0.02688730830648906,"{'fraction': 0.06832870483398437, 'border_touch_fraction': 0.0, 'thickness': {'median': 2.0, 'p95': 4.0, 'max': 6.0, 'mean': 2.71478009223938, 'saturated': 0.00036087619668645975}, 'components': {'n_components': 13, 'n_components_ge_min_size': 13, 'largest_component_fraction': 0.14290161434036253, 'fragment_fraction': 0.0, 'median_planarity': 0.006250454240568178, 'worst_planarity': 0.00794485270317174}}","{'fraction': 0.6290263366699219, 'border_touch_fraction': 0.029807972905018378, 'skipped': 'fraction 0.63 exceeds sheet_fraction_max'}",1,0.06832870483398437,2.0,4.0,13,0.0,0.00794485270317174
sample_00203,True,True,"[320, 320, 320]",,uint8,NONE,32821210,,"[320, 320, 320]",,uint8,LZW,33396097,,"[320, 320, 320]",uint8,"[0, 1, 2]",0.3956433715820312,0.0598936767578125,0.5444629516601562,3,0.6043566284179688,0.031024727980699225,"{'fraction': 0.0598936767578125, 'border_touch_fraction': 0.0, 'thickness': {'median': 2.0, 'p95': 4.0, 'max': 6.0, 'mean': 2.700670003890991, 'saturated': 0.00017374946244667777}, 'components': {'n_components': 11, 'n_components_ge_min_size': 11, 'largest_component_fraction': 0.16463296572498873, 'fragment_fraction': 0.0, 'median_planarity': 0.004503742825214023, 'worst_planarity': 0.011317170743044844}}","{'fraction': 0.5444629516601562, 'border_touch_fraction': 0.03443760487803292, 'skipped': 'fraction 0.54 exceeds sheet_fraction_max'}",1,0.0598936767578125,2.0,4.0,11,0.0,0.011317170743044844
sample_00204,True,True,"[320, 320, 320]",,uint8,NONE,32821210,,"[320, 320, 320]",,uint8,LZW,32575837,,"[320, 320, 320]",uint8,"[0, 1, 2]",0.722478759765625,0.11014736938476563,0.16737387084960936,3,0.277521240234375,0.06756239624817569,"{'fraction': 0.11014736938476563, 'border_touch_fraction': 0.0, 'thickness': {'median': 2.0, 'p95': 4.0, 'max': 6.0, 'mean': 2.671220064163208, 'saturated': 0.00011193278270161962}, 'components': {'n_components': 15, 'n_components_ge_min_size': 15, 'largest_component_fraction': 0.08923564039543304, 'fragment_fraction': 0.0, 'median_planarity': 0.003940489050810348, 'worst_planarity': 0.03296120937744729}}","{'fraction': 0.16737387084960936, 'border_touch_fraction': 0.1120246541758448, 'thickness': {'median': 8.0, 'p95': 8.0, 'max': 8.0, 'mean': 6.850220203399658, 'saturated': 0.712193456950643}, 'components': {'n_components': 1, 'n_components_ge_min_size': 1, 'largest_component_fraction': 1.0, 'fragment_fraction': 0.0, 'median_planarity': 0.27348152009293764, 'worst_planarity': 0.27348152009293764}}",1,0.11014736938476563,2.0,4.0,15,0.0,0.03296120937744729
sample_00205,True,True,"[320, 320, 320]",,uint8,LZW,999705,,"[320, 320, 320]",,uint8,LZW,31837869,,"[320, 320, 320]",uint8,"[0, 1, 2]",0.49782528686523436,0.08048065185546875,0.4216940612792969,3,0.5021747131347656,0.037337602849325816,"{'fraction': 0.08048065185546875, 'border_touch_fraction': 0.0, 'thickness': {'median': 2.0, 'p95': 4.0, 'max': 6.0, 'mean': 2.6830999851226807, 'saturated': 0.00034961455185254}, 'components': {'n_components': 16, 'n_components_ge_min_size': 16, 'largest_component_fraction': 0.11822128856851422, 'fragment_fraction': 0.0, 'median_planarity': 0.011018121597039212, 'worst_planarity': 0.044042621403865216}}","{'fraction': 0.4216940612792969, 'border_touch_fraction': 0.04446351448042205, 'skipped': 'fraction 0.42 exceeds sheet_fraction_max'}",1,0.08048065185546875,2.0,4.0,16,0.0,0.044042621403865216
sample_00206,True,True,"[320, 320, 320]",,uint8,NONE,32821210,,"[320, 320, 320]",,uint8,LZW,32725251,,"[320, 320, 320]",uint8,"[0, 1, 2]",0.44621966552734377,0.0751737060546875,0.47860662841796875,3,0.5537803344726563,0.033858190392143314,"{'fraction': 0.0751737060546875, 'border_touch_fraction': 0.0, 'thickness': {'median': 2.0, 'p95': 4.0, 'max': 6.0, 'mean': 2.699470043182373, 'saturated': 4.0596080367248383e-07}, 'components': {'n_components': 14, 'n_components_ge_min_size': 14, 'largest_component_fraction': 0.12970366485175122, 'fragment_fraction': 0.0, 'median_planarity': 0.0031476447613457913, 'worst_planarity': 0.011708382531713394}}","{'fraction': 0.47860662841796875, 'border_touch_fraction': 0.03917622299126531, 'skipped': 'fraction 0.48 exceeds sheet_fraction_max'}",1,0.0751737060546875,2.0,4.0,14,0.0,0.011708382531713394
sample_00207,True,True,"[320, 320, 320]",,uint8,NONE,32821210,,"[320, 320, 320]",,uint8,LZW,32735219,,"[320, 320, 320]",uint8,"[0, 1, 2]",0.0767503662109375,0.011549285888671875,0.9117003479003907,3,0.9232496337890626,0.020308700175757522,"{'fraction': 0.011549285888671875, 'border_touch_fraction': 0.0, 'thickness': {'median': 2.0, 'p95': 4.0, 'max': 6.0, 'mean': 2.6704399585723877, 'saturated': 2.6423779287456366e-06}, 'components': {'n_components': 4, 'n_components_ge_min_size': 4, 'largest_component_fraction': 0.3840564200535346, 'fragment_fraction': 0.0, 'median_planarity': 0.0036106024004628054, 'worst_planarity': 0.004534247682840306}}","{'fraction': 0.9117003479003907, 'border_touch_fraction': 0.02056596780200918, 'skipped': 'fraction 0.91 exceeds sheet_fraction_max'}",1,0.011549285888671875,2.0,4.0,4,0.0,0.004534247682840306
sample_00208,True,True,"[320, 320, 320]",,uint8,NONE,32821210,,"[320, 320, 320]",,uint8,LZW,31326314,,"[320, 320, 320]",uint8,"[0, 1, 2]",0.29642471313476565,0.0758634033203125,0.6277118835449219,3,0.7035752868652344,0.026649600049968,"{'fraction': 0.0758634033203125, 'border_touch_fraction': 0.0, 'thickness': {'median': 2.0, 'p95': 4.0, 'max': 6.0, 'mean': 2.679219961166382, 'saturated': 9.775163200975747e-05}, 'components': {'n_components': 9, 'n_components_ge_min_size': 9, 'largest_component_fraction': 0.12155033283827295, 'fragment_fraction': 0.0, 'median_planarity': 0.0011089023661336559, 'worst_planarity': 0.002374023993710911}}","{'fraction': 0.6277118835449219, 'border_touch_fraction': 0.0298703919608974, 'skipped': 'fraction 0.63 exceeds sheet_fraction_max'}",1,0.0758634033203125,2.0,4.0,9,0.0,0.002374023993710911
sample_00209,True,True,"[320, 320, 320]",,uint8,LZW,770553,,"[320, 320, 320]",,uint8,LZW,31305346,,"[320, 320, 320]",uint8,"[0, 1, 2]",0.49916619873046875,0.11787924194335937,0.3829545593261719,3,0.5008338012695313,0.0374375690148545,"{'fraction': 0.11787924194335937, 'border_touch_fraction': 0.0, 'thickness': {'median': 2.0, 'p95': 4.0, 'max': 6.0, 'mean': 2.662339925765991, 'saturated': 6.601656316736597e-05}, 'components': {'n_components': 13, 'n_components_ge_min_size': 13, 'largest_component_fraction': 0.07711951353818489, 'fragment_fraction': 0.0, 'median_planarity': 0.002357903489484849, 'worst_planarity': 0.003310263000228427}}","{'fraction': 0.3829545593261719, 'border_touch_fraction': 0.048961422558832, 'skipped': 'fraction 0.38 exceeds sheet_fraction_max'}",1,0.11787924194335937,2.0,4.0,13,0.0,0.003310263000228427
sample_00210,True,True,"[320, 320, 320]",,uint8,NONE,32821210,,"[320, 320, 320]",,uint8,LZW,33173535,,"[320, 320, 320]",uint8,"[0, 1, 2]",0.2805575256347656,0.07400726318359375,0.6454352111816406,3,0.7194424743652343,0.026061847427819945,"{'fraction': 0.07400726318359375, 'border_touch_fraction': 0.0, 'thickness': {'median': 2.0, 'p95': 4.0, 'max': 6.0, 'mean': 2.74576997756958, 'saturated': 0.00023628183928711336}, 'components': {'n_components': 12, 'n_components_ge_min_size': 12, 'largest_component_fraction': 0.13254421521852977, 'fragment_fraction': 0.0, 'median_planarity': 0.00154603726864276, 'worst_planarity': 0.005544858683796796}}","{'fraction': 0.6454352111816406, 'border_touch_fraction': 0.029050165958056647, 'skipped': 'fraction 0.65 exceeds sheet_fraction_max'}",1,0.07400726318359375,2.0,4.0,12,0.0,0.005544858683796796
sample_00211,True,True,"[320, 320, 320]",,uint8,NONE,32821210,,"[320, 320, 320]",,uint8,LZW,33237147,,"[320, 320, 320]",uint8,"[0, 1, 2]",0.28734307861328123,0.083001708984375,0.6296552124023438,3,0.7126569213867188,0.02630999494611718,"{'fraction': 0.083001708984375, 'border_touch_fraction': 0.0, 'thickness': {'median': 2.0, 'p95': 4.0, 'max': 6.0, 'mean': 2.7458200454711914, 'saturated': 0.0001544231193470108}, 'components': {'n_components': 11, 'n_components_ge_min_size': 11, 'largest_component_fraction': 0.11752959776454151, 'fragment_fraction': 0.0, 'median_planarity': 0.001212412672580966, 'worst_planarity': 0.0028408818192114413}}","{'fraction': 0.6296552124023438, 'border_touch_fraction': 0.029778201832813427, 'skipped': 'fraction 0.63 exceeds sheet_fraction_max'}",1,0.083001708984375,2.0,4.0,11,0.0,0.0028408818192114413
sample_00212,True,True,"[320, 320, 320]",,uint8,NONE,32821210,,"[320, 320, 320]",,uint8,LZW,33550001,,"[320, 320, 320]",uint8,"[0, 1, 2]",0.18439910888671876,0.051063720703125,0.7645371704101562,3,0.8156008911132813,0.022989185279587633,"{'fraction': 0.051063720703125, 'border_touch_fraction': 0.0, 'thickness': {'median': 2.0, 'p95': 4.0, 'max': 6.0, 'mean': 2.697360038757324, 'saturated': 0.0006950520422457771}, 'components': {'n_components': 15, 'n_components_ge_min_size': 15, 'largest_component_fraction': 0.16372210827273292, 'fragment_fraction': 0.0, 'median_planarity': 0.0024445573094864764, 'worst_planarity': 0.012779358587710319}}","{'fraction': 0.7645371704101562, 'border_touch_fraction': 0.024524641476804936, 'skipped': 'fraction 0.76 exceeds sheet_fraction_max'}",1,0.051063720703125,2.0,4.0,15,0.0,0.012779358587710319
sample_00213,True,True,"[320, 320, 320]",,uint8,NONE,32821210,,"[320, 320, 320]",,uint8,LZW,33138173,,"[320, 320, 320]",uint8,"[0, 1, 2]",0.6289400634765625,0.12152447509765625,0.24953546142578126,3,0.3710599365234375,0.05053092008712636,"{'fraction': 0.12152447509765625, 'border_touch_fraction': 0.0, 'thickness': {'median': 2.0, 'p95': 4.0, 'max': 8.0, 'mean': 2.702709913253784, 'saturated': 2.5112289602959635e-07}, 'components': {'n_components': 16, 'n_components_ge_min_size': 16, 'largest_component_fraction': 0.08546565969733665, 'fragment_fraction': 0.0, 'median_planarity': 0.003984659535569828, 'worst_planarity': 0.033296037999074955}}","{'fraction': 0.24953546142578126, 'border_touch_fraction': 0.07513962100964464, 'thickness': {'median': 8.0, 'p95': 8.0, 'max': 8.0, 'mean': 7.2321600914001465, 'saturated': 0.8078958484625607}, 'components': {'n_components': 1, 'n_components_ge_min_size': 1, 'largest_component_fraction': 1.0, 'fragment_fraction': 0.0, 'median_planarity': 0.1293553194306915, 'worst_planarity': 0.1293553194306915}}",1,0.12152447509765625,2.0,4.0,16,0.0,0.033296037999074955
sample_00214,True,True,"[320, 320, 320]",,uint8,NONE,32821210,,"[320, 320, 320]",,uint8,LZW,33799441,,"[320, 320, 320]",uint8,"[0, 1, 2]",0.1609454040527344,0.032479248046875,0.8065753479003906,3,0.8390545959472656,0.022346579222096808,"{'fraction': 0.032479248046875, 'border_touch_fraction': 0.0, 'thickness': {'median': 2.0, 'p95': 4.0, 'max': 8.0, 'mean': 2.738179922103882, 'saturated': 4.979892509489984e-05}, 'components': {'n_components': 8, 'n_components_ge_min_size': 8, 'largest_component_fraction': 0.2971680384861127, 'fragment_fraction': 0.0, 'median_planarity': 0.010536503004294939, 'worst_planarity': 0.03620009112891575}}","{'fraction': 0.8065753479003906, 'border_touch_fraction': 0.02324643326728052, 'skipped': 'fraction 0.81 exceeds sheet_fraction_max'}",1,0.032479248046875,2.0,4.0,8,0.0,0.03620009112891575
sample_00215,True,True,"[320, 320, 320]",,uint8,NONE,32821210,,"[320, 320, 320]",,uint8,LZW,34772872,,"[320, 320, 320]",uint8,"[0, 1, 2]",0.7421608581542969,0.1420250244140625,0.11581411743164062,3,0.2578391418457031,0.07271975800796153,"{'fraction': 0.1420250244140625, 'border_touch_fraction': 0.0, 'thickness': {'median': 2.0, 'p95': 4.0, 'max': 6.0, 'mean': 2.800719976425171, 'saturated': 0.00029373365341061946}, 'components': {'n_components': 20, 'n_components_ge_min_size': 20, 'largest_component_fraction': 0.07381589023858823, 'fragment_fraction': 0.0, 'median_planarity': 0.010304963275146796, 'worst_planarity': 0.014781251211414598}}","{'fraction': 0.11581411743164062, 'border_touch_fraction': 0.16189736118368472, 'thickness': {'median': 8.0, 'p95': 8.0, 'max': 8.0, 'mean': 6.28734016418457, 'saturated': 0.5701250883729289}, 'components': {'n_components': 1, 'n_components_ge_min_size': 1, 'largest_component_fraction': 1.0, 'fragment_fraction': 0.0, 'median_planarity': 0.16847806599569146, 'worst_planarity': 0.16847806599569146}}",1,0.1420250244140625,2.0,4.0,20,0.0,0.014781251211414598
sample_00216,True,True,"[320, 320, 320]",,uint8,LZW,833961,,"[320, 320, 320]",,uint8,LZW,35879954,,"[320, 320, 320]",uint8,"[0, 1, 2]",0.19442071533203126,0.035133544921875,0.7704457397460938,3,0.8055792846679688,0.02327517645606799,"{'fraction': 0.035133544921875, 'border_touch_fraction': 0.0, 'thickness': {'median': 2.0, 'p95': 4.0, 'max': 8.0, 'mean': 2.780790090560913, 'saturated': 3.127019533448686e-05}, 'components': {'n_components': 9, 'n_components_ge_min_size': 9, 'largest_component_fraction': 0.21970091795395638, 'fragment_fraction': 0.0, 'median_planarity': 0.004275613345586666, 'worst_planarity': 0.005825561974752074}}","{'fraction': 0.7704457397460938, 'border_touch_fraction': 0.024336561334194935, 'skipped': 'fraction 0.77 exceeds sheet_fraction_max'}",1,0.035133544921875,2.0,4.0,9,0.0,0.005825561974752074
sample_00217,True,True,"[320, 320, 320]",,uint8,NONE,32821210,,"[320, 320, 320]",,uint8,LZW,32426326,,"[320, 320, 320]",uint8,"[0, 1, 2]",0.7669319763183594,0.11087307739257812,0.1221949462890625,3,0.23306802368164062,0.08044861626154076,"{'fraction': 0.11087307739257812, 'border_touch_fraction': 0.0, 'thickness': {'median': 2.0, 'p95': 4.0, 'max': 6.0, 'mean': 2.6917800903320312, 'saturated': 0.00011918232666471974}, 'components': {'n_components': 15, 'n_components_ge_min_size': 15, 'largest_component_fraction': 0.08710741740706049, 'fragment_fraction': 0.0, 'median_planarity': 0.007965417655445672, 'worst_planarity': 0.017617105196721654}}","{'fraction': 0.1221949462890625, 'border_touch_fraction': 0.1534433343556229, 'thickness': {'median': 8.0, 'p95': 8.0, 'max': 8.0, 'mean': 6.344789981842041, 'saturated': 0.5866148162725857}, 'components': {'n_components': 1, 'n_components_ge_min_size': 1, 'largest_component_fraction': 1.0, 'fragment_fraction': 0.0, 'median_planarity': 0.2474549634271348, 'worst_planarity': 0.2474549634271348}}",1,0.11087307739257812,2.0,4.0,15,0.0,0.017617105196721654
sample_00218,True,True,"[320, 320, 320]",,uint8,NONE,32821210,,"[320, 320, 320]",,uint8,LZW,31057778,,"[320, 320, 320]",uint8,"[0, 1, 2]",0.6192726440429688,0.11307235717773438,0.2676549987792969,3,0.3807273559570313,0.049247840236928284,"{'fraction': 0.11307235717773438, 'border_touch_fraction': 0.0, 'thickness': {'median': 2.0, 'p95': 4.0, 'max': 6.0, 'mean': 2.658129930496216, 'saturated': 0.0001387256403578258}, 'components': {'n_components': 14, 'n_components_ge_min_size': 14, 'largest_component_fraction': 0.0816977967183559, 'fragment_fraction': 0.0, 'median_planarity': 0.004103594521227527, 'worst_planarity': 0.010703972793557998}}","{'fraction': 0.2676549987792969, 'border_touch_fraction': 0.07005286688279223, 'skipped': 'fraction 0.27 exceeds sheet_fraction_max'}",1,0.11307235717773438,2.0,4.0,14,0.0,0.010703972793557998
sample_00219,True,True,"[320, 320, 320]",,uint8,NONE,32821210,,"[320, 320, 320]",,uint8,LZW,30696872,,"[320, 320, 320]",uint8,"[0, 1, 2]",0.3923738708496094,0.07507638549804688,0.5325497436523438,3,0.6076261291503906,0.03085779083631092,"{'fraction': 0.07507638549804688, 'border_touch_fraction': 0.0, 'thickness': {'median': 2.0, 'p95': 4.0, 'max': 6.0, 'mean': 2.657249927520752, 'saturated': 0.00020202406159416903}, 'components': {'n_components': 10, 'n_components_ge_min_size': 10, 'largest_component_fraction': 0.12359767050403987, 'fragment_fraction': 0.0, 'median_planarity': 0.0018860590255300909, 'worst_planarity': 0.004376021472817325}}","{'fraction': 0.5325497436523438, 'border_touch_fraction': 0.03520797864140983, 'skipped': 'fraction 0.53 exceeds sheet_fraction_max'}",1,0.07507638549804688,2.0,4.0,10,0.0,0.004376021472817325
sample_00220,True,True,"[320, 320, 320]",,uint8,NONE,32821210,,"[320, 320, 320]",,uint8,LZW,31580631,,"[320, 320, 320]",uint8,"[0, 1, 2]",0.3701083374023437,0.0593487548828125,0.5705429077148437,3,0.6298916625976563,0.029767023622245616,"{'fraction': 0.0593487548828125, 'border_touch_fraction': 0.0, 'thickness': {'median': 2.0, 'p95': 4.0, 'max': 6.0, 'mean': 2.6876399517059326, 'saturated': 0.00017483056861071402}, 'components': {'n_components': 7, 'n_components_ge_min_size': 7, 'largest_component_fraction': 0.16421835309604368, 'fragment_fraction': 0.0, 'median_planarity': 0.03153626839651947, 'worst_planarity': 0.045831174490149944}}","{'fraction': 0.5705429077148437, 'border_touch_fraction': 0.03286343541644937, 'skipped': 'fraction 0.57 exceeds sheet_fraction_max'}",1,0.0593487548828125,2.0,4.0,7,0.0,0.045831174490149944
sample_00221,True,True,"[320, 320, 320]",,uint8,NONE,32821210,,"[320, 320, 320]",,uint8,LZW,34914344,,"[320, 320, 320]",uint8,"[0, 1, 2]",0.3455955810546875,0.05642767333984375,0.5979767456054688,3,0.6544044189453125,0.02865200701153411,"{'fraction': 0.05642767333984375, 'border_touch_fraction': 0.0, 'thickness': {'median': 2.0, 'p95': 4.0, 'max': 6.0, 'mean': 2.7370800971984863, 'saturated': 0.0006149196710477214}, 'components': {'n_components': 10, 'n_components_ge_min_size': 10, 'largest_component_fraction': 0.18775601371968534, 'fragment_fraction': 0.0, 'median_planarity': 0.015263384010574388, 'worst_planarity': 0.023755051094335605}}","{'fraction': 0.5979767456054688, 'border_touch_fraction': 0.03135573437895998, 'skipped': 'fraction 0.60 exceeds sheet_fraction_max'}",1,0.05642767333984375,2.0,4.0,10,0.0,0.023755051094335605
sample_00222,True,True,"[320, 320, 320]",,uint8,LZW,953305,,"[320, 320, 320]",,uint8,LZW,30766674,,"[320, 320, 320]",uint8,"[0, 1, 2]",0.32514157104492186,0.08472128295898437,0.5901371459960938,3,0.6748584289550781,0.027783604968869835,"{'fraction': 0.08472128295898437, 'border_touch_fraction': 0.0, 'thickness': {'median': 2.0, 'p95': 4.0, 'max': 6.0, 'mean': 2.671329975128174, 'saturated': 6.735954544193805e-05}, 'components': {'n_components': 14, 'n_components_ge_min_size': 14, 'largest_component_fraction': 0.1087265912071659, 'fragment_fraction': 0.0, 'median_planarity': 0.0017817038141778366, 'worst_planarity': 0.00537235115549031}}","{'fraction': 0.5901371459960938, 'border_touch_fraction': 0.03177227552478812, 'skipped': 'fraction 0.59 exceeds sheet_fraction_max'}",1,0.08472128295898437,2.0,4.0,14,0.0,0.00537235115549031
sample_00223,True,True,"[320, 320, 320]",,uint8,LZW,525417,,"[320, 320, 320]",,uint8,LZW,29104513,,"[320, 320, 320]",uint8,"[0, 1, 2]",0.0987613525390625,0.03075628662109375,0.8704823608398438,3,0.9012386474609375,0.020804700345268632,"{'fraction': 0.03075628662109375, 'border_touch_fraction': 0.0, 'thickness': {'median': 2.0, 'p95': 4.0, 'max': 6.0, 'mean': 2.6630001068115234, 'saturated': 1.587581934111381e-05}, 'components': {'n_components': 4, 'n_components_ge_min_size': 4, 'largest_component_fraction': 0.2805029062671781, 'fragment_fraction': 0.0, 'median_planarity': 0.0008672457277313166, 'worst_planarity': 0.0010190532670332243}}","{'fraction': 0.8704823608398438, 'border_touch_fraction': 0.02153978166991224, 'skipped': 'fraction 0.87 exceeds sheet_fraction_max'}",1,0.03075628662109375,2.0,4.0,4,0.0,0.0010190532670332243
sample_00224,True,True,"[320, 320, 320]",,uint8,LZW,954649,,"[320, 320, 320]",,uint8,LZW,32064704,,"[320, 320, 320]",uint8,"[0, 1, 2]",0.19313201904296876,0.05570062255859375,0.7511673583984375,3,0.8068679809570313,0.023238002303376203,"{'fraction': 0.05570062255859375, 'border_touch_fraction': 0.0, 'thickness': {'median': 2.0, 'p95': 4.0, 'max': 8.0, 'mean': 2.72445011138916, 'saturated': 8.218286454401112e-06}, 'components': {'n_components': 11, 'n_components_ge_min_size': 11, 'largest_component_fraction': 0.17281248390585568, 'fragment_fraction': 0.0, 'median_planarity': 0.0020062514593222115, 'worst_planarity': 0.012625455018723298}}","{'fraction': 0.7511673583984375, 'border_touch_fraction': 0.0249611485248465, 'skipped': 'fraction 0.75 exceeds sheet_fraction_max'}",1,0.05570062255859375,2.0,4.0,11,0.0,0.012625455018723298
sample_00225,True,True,"[320, 320, 320]",,uint8,LZW,929049,,"[320, 320, 320]",,uint8,LZW,31284014,,"[320, 320, 320]",uint8,"[0, 1, 2]",0.18598751831054688,0.054801361083984375,0.7592111206054688,3,0.8140124816894532,0.02303404483563331,"{'fraction': 0.054801361083984375, 'border_touch_fraction': 0.0, 'thickness': {'median': 2.0, 'p95': 4.0, 'max': 6.0, 'mean': 2.71028995513916, 'saturated': 0.00026340248066107896}, 'components': {'n_components': 7, 'n_components_ge_min_size': 7, 'largest_component_fraction': 0.1735298883852871, 'fragment_fraction': 0.0, 'median_planarity': 0.0011856833862185574, 'worst_planarity': 0.00147496519718541}}","{'fraction': 0.7592111206054688, 'border_touch_fraction': 0.02469668777381307, 'skipped': 'fraction 0.76 exceeds sheet_fraction_max'}",1,0.054801361083984375,2.0,4.0,7,0.0,0.00147496519718541
sample_00226,True,True,"[320, 320, 320]",,uint8,NONE,32821210,,"[320, 320, 320]",,uint8,LZW,31368687,,"[320, 320, 320]",uint8,"[0, 1, 2]",0.3221270446777344,0.1062249755859375,0.5716479797363281,3,0.6778729553222657,0.027660050239186953,"{'fraction': 0.1062249755859375, 'border_touch_fraction': 0.0, 'thickness': {'median': 2.0, 'p95': 4.0, 'max': 8.0, 'mean': 2.661760091781616, 'saturated': 4.883962789949379e-06}, 'components': {'n_components': 17, 'n_components_ge_min_size': 17, 'largest_component_fraction': 0.08600026430857452, 'fragment_fraction': 0.0, 'median_planarity': 0.0010801012604601092, 'worst_planarity': 0.0025486071447166753}}","{'fraction': 0.5716479797363281, 'border_touch_fraction': 0.032799905999227726, 'skipped': 'fraction 0.57 exceeds sheet_fraction_max'}",1,0.1062249755859375,2.0,4.0,17,0.0,0.0025486071447166753
sample_00227,True,True,"[320, 320, 320]",,uint8,LZW,592281,,"[320, 320, 320]",,uint8,LZW,31551874,,"[320, 320, 320]",uint8,"[0, 1, 2]",0.2118988037109375,0.072426025390625,0.7156751708984375,3,0.7881011962890625,0.0237913609169587,"{'fraction': 0.072426025390625, 'border_touch_fraction': 0.0, 'thickness': {'median': 2.0, 'p95': 4.0, 'max': 4.0, 'mean': 2.6640799045562744, 'saturated': 5.8990686213371e-06}, 'components': {'n_components': 8, 'n_components_ge_min_size': 8, 'largest_component_fraction': 0.1254369524400233, 'fragment_fraction': 0.0, 'median_planarity': 0.0010760215376307506, 'worst_planarity': 0.0018927129015370232}}","{'fraction': 0.7156751708984375, 'border_touch_fraction': 0.026199036605478156, 'skipped': 'fraction 0.72 exceeds sheet_fraction_max'}",1,0.072426025390625,2.0,4.0,8,0.0,0.0018927129015370232
sample_00229,True,True,"[320, 320, 320]",,uint8,NONE,32821210,,"[320, 320, 320]",,uint8,LZW,33576021,,"[320, 320, 320]",uint8,"[0, 1, 2]",0.6640991516113282,0.12003262329101562,0.21586822509765624,3,0.3359008483886719,0.05582004359305553,"{'fraction': 0.12003262329101562, 'border_touch_fraction': 0.0, 'thickness': {'median': 2.0, 'p95': 4.0, 'max': 6.0, 'mean': 2.707900047302246, 'saturated': 0.00036967082262436284}, 'components': {'n_components': 14, 'n_components_ge_min_size': 14, 'largest_component_fraction': 0.089641360825927, 'fragment_fraction': 0.0, 'median_planarity': 0.005305116561950791, 'worst_planarity': 0.058650178059679405}}","{'fraction': 0.21586822509765624, 'border_touch_fraction': 0.08685854526073822, 'thickness': {'median': 8.0, 'p95': 8.0, 'max': 8.0, 'mean': 7.100240230560303, 'saturated': 0.7741031756241897}, 'components': {'n_components': 1, 'n_components_ge_min_size': 1, 'largest_component_fraction': 1.0, 'fragment_fraction': 0.0, 'median_planarity': 0.14052272529723445, 'worst_planarity': 0.14052272529723445}}",1,0.12003262329101562,2.0,4.0,14,0.0,0.058650178059679405
sample_00230,True,True,"[320, 320, 320]",,uint8,NONE,32821210,,"[320, 320, 320]",,uint8,LZW,33080124,,"[320, 320, 320]",uint8,"[0, 1, 2]",0.11787591552734375,0.0418189697265625,0.8403051147460937,3,0.8821240844726562,0.021255513062211608,"{'fraction': 0.0418189697265625, 'border_touch_fraction': 0.0, 'thickness': {'median': 2.0, 'p95': 4.0, 'max': 8.0, 'mean': 2.713510036468506, 'saturated': 4.159600211336881e-05}, 'components': {'n_components': 9, 'n_components_ge_min_size': 9, 'largest_component_fraction': 0.17109676251747763, 'fragment_fraction': 0.0, 'median_planarity': 0.002999399496809732, 'worst_planarity': 0.004253110289663676}}","{'fraction': 0.8403051147460937, 'border_touch_fraction': 0.022313323661805263, 'skipped': 'fraction 0.84 exceeds sheet_fraction_max'}",1,0.0418189697265625,2.0,4.0,9,0.0,0.004253110289663676
sample_00231,True,True,"[320, 320, 320]",,uint8,NONE,32821210,,"[320, 320, 320]",,uint8,LZW,31722931,,"[320, 320, 320]",uint8,"[0, 1, 2]",0.39981683349609376,0.09113211059570313,0.5090510559082031,3,0.6001831665039062,0.031240462989356378,"{'fraction': 0.09113211059570313, 'border_touch_fraction': 0.0, 'thickness': {'median': 2.0, 'p95': 4.0, 'max': 6.0, 'mean': 2.6707398891448975, 'saturated': 0.00015638515218418486}, 'components': {'n_components': 14, 'n_components_ge_min_size': 14, 'largest_component_fraction': 0.10155256634062428, 'fragment_fraction': 0.0, 'median_planarity': 0.012261269955724623, 'worst_planarity': 0.03377899808005479}}","{'fraction': 0.5090510559082031, 'border_touch_fraction': 0.03683324056080767, 'skipped': 'fraction 0.51 exceeds sheet_fraction_max'}",1,0.09113211059570313,2.0,4.0,14,0.0,0.03377899808005479
sample_00232,True,True,"[320, 320, 320]",,uint8,NONE,32821210,,"[320, 320, 320]",,uint8,LZW,34616637,,"[320, 320, 320]",uint8,"[0, 1, 2]",0.31815109252929685,0.06290383911132813,0.618945068359375,3,0.6818489074707031,0.027498760787859188,"{'fraction': 0.06290383911132813, 'border_touch_fraction': 0.0, 'thickness': {'median': 2.0, 'p95': 4.0, 'max': 6.0, 'mean': 2.7444698810577393, 'saturated': 0.00029593937221071077}, 'components': {'n_components': 16, 'n_components_ge_min_size': 16, 'largest_component_fraction': 0.1875154337234073, 'fragment_fraction': 0.0, 'median_planarity': 0.006808129323543277, 'worst_planarity': 0.032344918833386256}}","{'fraction': 0.618945068359375, 'border_touch_fraction': 0.030293479920116724, 'skipped': 'fraction 0.62 exceeds sheet_fraction_max'}",1,0.06290383911132813,2.0,4.0,16,0.0,0.032344918833386256
sample_00233,True,True,"[320, 320, 320]",,uint8,LZW,937833,,"[320, 320, 320]",,uint8,LZW,35843914,,"[320, 320, 320]",uint8,"[0, 1, 2]",0.22241506958007812,0.04348159790039063,0.7341033325195313,3,0.7775849304199218,0.024113121623736165,"{'fraction': 0.04348159790039063, 'border_touch_fraction': 0.0, 'thickness': {'median': 2.0, 'p95': 4.0, 'max': 6.0, 'mean': 2.7250499725341797, 'saturated': 0.0006688634585083573}, 'components': {'n_components': 9, 'n_components_ge_min_size': 9, 'largest_component_fraction': 0.2090117595039321, 'fragment_fraction': 0.0, 'median_planarity': 0.003274157991328245, 'worst_planarity': 0.0041418475250978495}}","{'fraction': 0.7341033325195313, 'border_touch_fraction': 0.025541363414940153, 'skipped': 'fraction 0.73 exceeds sheet_fraction_max'}",1,0.04348159790039063,2.0,4.0,9,0.0,0.0041418475250978495
sample_00234,True,True,"[320, 320, 320]",,uint8,NONE,32821210,,"[320, 320, 320]",,uint8,LZW,32093656,,"[320, 320, 320]",uint8,"[0, 1, 2]",0.7844608764648437,0.11122463989257812,0.10431448364257813,3,0.21553912353515625,0.08699116750811932,"{'fraction': 0.11122463989257812, 'border_touch_fraction': 0.0, 'thickness': {'median': 2.0, 'p95': 4.0, 'max': 6.0, 'mean': 2.685499906539917, 'saturated': 0.0002277336197106466}, 'components': {'n_components': 15, 'n_components_ge_min_size': 15, 'largest_component_fraction': 0.0917072311460571, 'fragment_fraction': 0.0, 'median_planarity': 0.016454606144199014, 'worst_planarity': 0.021457418779290374}}","{'fraction': 0.10431448364257813, 'border_touch_fraction': 0.17974493421493387, 'thickness': {'median': 6.0, 'p95': 48.0, 'max': 48.0, 'mean': 19.150209426879883, 'saturated': 0.20751792549069284}, 'components': {'n_components': 1, 'n_components_ge_min_size': 1, 'largest_component_fraction': 1.0, 'fragment_fraction': 0.0, 'median_planarity': 0.2566638316341495, 'worst_planarity': 0.2566638316341495}}",1,0.11122463989257812,2.0,4.0,15,0.0,0.021457418779290374
sample_00236,True,True,"[320, 320, 320]",,uint8,NONE,32821210,,"[320, 320, 320]",,uint8,LZW,30879033,,"[320, 320, 320]",uint8,"[0, 1, 2]",0.07924154663085937,0.019030517578125,0.9017279357910156,3,0.9207584533691406,0.02036364687328366,"{'fraction': 0.019030517578125, 'border_touch_fraction': 0.0, 'thickness': {'median': 2.0, 'p95': 4.0, 'max': 8.0, 'mean': 2.6658499240875244, 'saturated': 3.207225237013945e-05}, 'components': {'n_components': 2, 'n_components_ge_min_size': 2, 'largest_component_fraction': 0.5038871569872609, 'fragment_fraction': 0.0, 'median_planarity': 0.036145240618867286, 'worst_planarity': 0.03756076548319484}}","{'fraction': 0.9017279357910156, 'border_touch_fraction': 0.020793411466788026, 'skipped': 'fraction 0.90 exceeds sheet_fraction_max'}",1,0.019030517578125,2.0,4.0,2,0.0,0.03756076548319484
sample_00237,True,True,"[320, 320, 320]",,uint8,NONE,32821210,,"[320, 320, 320]",,uint8,LZW,30334568,,"[320, 320, 320]",uint8,"[0, 1, 2]",0.43168072509765626,0.084841552734375,0.48347772216796875,3,0.5683192749023438,0.03299201844460031,"{'fraction': 0.084841552734375, 'border_touch_fraction': 0.0, 'thickness': {'median': 2.0, 'p95': 4.0, 'max': 6.0, 'mean': 2.656680107116699, 'saturated': 0.00011222666332864283}, 'components': {'n_components': 14, 'n_components_ge_min_size': 14, 'largest_component_fraction': 0.10817607212433564, 'fragment_fraction': 0.0, 'median_planarity': 0.006551034932242256, 'worst_planarity': 0.01872823796599602}}","{'fraction': 0.48347772216796875, 'border_touch_fraction': 0.03878151803132289, 'skipped': 'fraction 0.48 exceeds sheet_fraction_max'}",1,0.084841552734375,2.0,4.0,14,0.0,0.01872823796599602
sample_00238,True,True,"[320, 320, 320]",,uint8,NONE,32821210,,"[320, 320, 320]",,uint8,LZW,30835328,,"[320, 320, 320]",uint8,"[0, 1, 2]",0.356094970703125,0.08179193115234375,0.5621130981445313,3,0.643905029296875,0.02911920104192141,"{'fraction': 0.08179193115234375, 'border_touch_fraction': 0.0, 'thickness': {'median': 2.0, 'p95': 4.0, 'max': 6.0, 'mean': 2.6555700302124023, 'saturated': 8.2457825247616e-05}, 'components': {'n_components': 11, 'n_components_ge_min_size': 11, 'largest_component_fraction': 0.11141656573978101, 'fragment_fraction': 0.0, 'median_planarity': 0.0018449010636831323, 'worst_planarity': 0.003788928562038525}}","{'fraction': 0.5621130981445313, 'border_touch_fraction': 0.03335627663168058, 'skipped': 'fraction 0.56 exceeds sheet_fraction_max'}",1,0.08179193115234375,2.0,4.0,11,0.0,0.003788928562038525
sample_00239,True,True,"[320, 320, 320]",,uint8,NONE,32821210,,"[320, 320, 320]",,uint8,LZW,31930376,,"[320, 320, 320]",uint8,"[0, 1, 2]",0.39591015625,0.054519775390625,0.549570068359375,3,0.60408984375,0.031038429455469554,"{'fraction': 0.054519775390625, 'border_touch_fraction': 0.0, 'thickness': {'median': 2.0, 'p95': 4.0, 'max': 6.0, 'mean': 2.6720900535583496, 'saturated': 0.00015673068742079504}, 'components': {'n_components': 9, 'n_components_ge_min_size': 9, 'largest_component_fraction': 0.18265506262510467, 'fragment_fraction': 0.0, 'median_planarity': 0.015463819386837966, 'worst_planarity': 0.08707438604751942}}","{'fraction': 0.549570068359375, 'border_touch_fraction': 0.03411757859370717, 'skipped': 'fraction 0.55 exceeds sheet_fraction_max'}",1,0.054519775390625,2.0,4.0,9,0.0,0.08707438604751942
sample_00241,True,True,"[320, 320, 320]",,uint8,NONE,32821210,,"[320, 320, 320]",,uint8,LZW,31999400,,"[320, 320, 320]",uint8,"[0, 1, 2]",0.2334571533203125,0.05960592651367187,0.7069369201660156,3,0.7665428466796875,0.024460472211327015,"{'fraction': 0.05960592651367187, 'border_touch_fraction': 0.0, 'thickness': {'median': 2.0, 'p95': 4.0, 'max': 6.0, 'mean': 2.675839900970459, 'saturated': 0.0001249253136060562}, 'components': {'n_components': 9, 'n_components_ge_min_size': 9, 'largest_component_fraction': 0.15546904079374677, 'fragment_fraction': 0.0, 'median_planarity': 0.0010922674311374188, 'worst_planarity': 0.002258073769844208}}","{'fraction': 0.7069369201660156, 'border_touch_fraction': 0.02652287561328214, 'skipped': 'fraction 0.71 exceeds sheet_fraction_max'}",1,0.05960592651367187,2.0,4.0,9,0.0,0.002258073769844208
sample_00242,True,True,"[320, 320, 320]",,uint8,NONE,32821210,,"[320, 320, 320]",,uint8,LZW,32971616,,"[320, 320, 320]",uint8,"[0, 1, 2]",0.21807394409179687,0.057886260986328125,0.724039794921875,3,0.7819260559082031,0.02397924951896119,"{'fraction': 0.057886260986328125, 'border_touch_fraction': 0.0, 'thickness': {'median': 2.0, 'p95': 4.0, 'max': 6.0, 'mean': 2.7130401134490967, 'saturated': 1.0543979730253366e-06}, 'components': {'n_components': 9, 'n_components_ge_min_size': 9, 'largest_component_fraction': 0.16364256541353225, 'fragment_fraction': 0.0, 'median_planarity': 0.004168858809816741, 'worst_planarity': 0.005172671420549668}}","{'fraction': 0.724039794921875, 'border_touch_fraction': 0.02589636665208872, 'skipped': 'fraction 0.72 exceeds sheet_fraction_max'}",1,0.057886260986328125,2.0,4.0,9,0.0,0.005172671420549668
sample_00243,True,True,"[320, 320, 320]",,uint8,NONE,32821210,,"[320, 320, 320]",,uint8,LZW,33059500,,"[320, 320, 320]",uint8,"[0, 1, 2]",0.29181787109375,0.08615350341796875,0.6220286254882812,3,0.70818212890625,0.0264762399878099,"{'fraction': 0.08615350341796875, 'border_touch_fraction': 0.0, 'thickness': {'median': 2.0, 'p95': 4.0, 'max': 6.0, 'mean': 2.7368099689483643, 'saturated': 7.084465962329061e-07}, 'components': {'n_components': 11, 'n_components_ge_min_size': 11, 'largest_component_fraction': 0.11178366307980155, 'fragment_fraction': 0.0, 'median_planarity': 0.0011580622581332208, 'worst_planarity': 0.0015216584243719048}}","{'fraction': 0.6220286254882812, 'border_touch_fraction': 0.030143307287958956, 'skipped': 'fraction 0.62 exceeds sheet_fraction_max'}",1,0.08615350341796875,2.0,4.0,11,0.0,0.0015216584243719048
sample_00244,True,True,"[320, 320, 320]",,uint8,NONE,32821210,,"[320, 320, 320]",,uint8,LZW,32373179,,"[320, 320, 320]",uint8,"[0, 1, 2]",0.21165402221679688,0.06775558471679688,0.7205903930664063,3,0.7883459777832031,0.02378397369734065,"{'fraction': 0.06775558471679688, 'border_touch_fraction': 0.0, 'thickness': {'median': 2.0, 'p95': 4.0, 'max': 8.0, 'mean': 2.6878199577331543, 'saturated': 6.53089903455296e-05}, 'components': {'n_components': 11, 'n_components_ge_min_size': 11, 'largest_component_fraction': 0.1745272417310936, 'fragment_fraction': 0.0, 'median_planarity': 0.0018686705036812796, 'worst_planarity': 0.003559291615670387}}","{'fraction': 0.7205903930664063, 'border_touch_fraction': 0.02602033024644014, 'skipped': 'fraction 0.72 exceeds sheet_fraction_max'}",1,0.06775558471679688,2.0,4.0,11,0.0,0.003559291615670387
sample_00245,True,True,"[320, 320, 320]",,uint8,NONE,32821210,,"[320, 320, 320]",,uint8,LZW,34055732,,"[320, 320, 320]",uint8,"[0, 1, 2]",0.23672061157226562,0.06391110229492188,0.6993682861328125,3,0.7632793884277344,0.024565054794185904,"{'fraction': 0.06391110229492188, 'border_touch_fraction': 0.0, 'thickness': {'median': 2.0, 'p95': 4.0, 'max': 8.0, 'mean': 2.699120044708252, 'saturated': 2.865002514039706e-06}, 'components': {'n_components': 8, 'n_components_ge_min_size': 8, 'largest_component_fraction': 0.14861388790868663, 'fragment_fraction': 0.0, 'median_planarity': 0.0055063645159641045, 'worst_planarity': 0.008224431148688415}}","{'fraction': 0.6993682861328125, 'border_touch_fraction': 0.02680990884456449, 'skipped': 'fraction 0.70 exceeds sheet_fraction_max'}",1,0.06391110229492188,2.0,4.0,8,0.0,0.008224431148688415
sample_00246,True,True,"[320, 320, 320]",,uint8,NONE,32821210,,"[320, 320, 320]",,uint8,LZW,35056551,,"[320, 320, 320]",uint8,"[0, 1, 2]",0.39937362670898435,0.04537423706054688,0.5552521362304688,3,0.6006263732910156,0.03121741041317086,"{'fraction': 0.04537423706054688, 'border_touch_fraction': 0.0, 'thickness': {'median': 2.0, 'p95': 4.0, 'max': 8.0, 'mean': 2.6903200149536133, 'saturated': 2.6903000558909836e-06}, 'components': {'n_components': 7, 'n_components_ge_min_size': 7, 'largest_component_fraction': 0.21586833133466457, 'fragment_fraction': 0.0, 'median_planarity': 0.025491712428207032, 'worst_planarity': 0.035683120120985096}}","{'fraction': 0.5552521362304688, 'border_touch_fraction': 0.03376844279662065, 'skipped': 'fraction 0.56 exceeds sheet_fraction_max'}",1,0.04537423706054688,2.0,4.0,7,0.0,0.035683120120985096
sample_00247,True,True,"[320, 320, 320]",,uint8,NONE,32821210,,"[320, 320, 320]",,uint8,LZW,34350582,,"[320, 320, 320]",uint8,"[0, 1, 2]",0.47270562744140626,0.06033978271484375,0.46695458984375,3,0.5272943725585938,0.03555888508542061,"{'fraction': 0.06033978271484375, 'border_touch_fraction': 0.0, 'thickness': {'median': 2.0, 'p95': 4.0, 'max': 6.0, 'mean': 2.7059600353240967, 'saturated': 2.528810740769588e-06}, 'components': {'n_components': 13, 'n_components_ge_min_size': 13, 'largest_component_fraction': 0.2038165823223991, 'fragment_fraction': 0.0, 'median_planarity': 0.013314265352090213, 'worst_planarity': 0.18331736625745965}}","{'fraction': 0.46695458984375, 'border_touch_fraction': 0.040153797409452664, 'skipped': 'fraction 0.47 exceeds sheet_fraction_max'}",1,0.06033978271484375,2.0,4.0,13,0.0,0.18331736625745965
sample_00248,True,True,"[320, 320, 320]",,uint8,NONE,32821210,,"[320, 320, 320]",,uint8,LZW,35217087,,"[320, 320, 320]",uint8,"[0, 1, 2]",0.6431914367675782,0.05782373046875,0.2989848327636719,3,0.3568085632324219,0.052549187245224324,"{'fraction': 0.05782373046875, 'border_touch_fraction': 0.0, 'thickness': {'median': 2.0, 'p95': 4.0, 'max': 8.0, 'mean': 2.6938400268554688, 'saturated': 3.1666145934489078e-06}, 'components': {'n_components': 7, 'n_components_ge_min_size': 7, 'largest_component_fraction': 0.16991948354627057, 'fragment_fraction': 0.0, 'median_planarity': 0.045970203483924034, 'worst_planarity': 0.061536948315897934}}","{'fraction': 0.2989848327636719, 'border_touch_fraction': 0.06271221127401021, 'skipped': 'fraction 0.30 exceeds sheet_fraction_max'}",1,0.05782373046875,2.0,4.0,7,0.0,0.061536948315897934
sample_00249,True,True,"[320, 320, 320]",,uint8,NONE,32821210,,"[320, 320, 320]",,uint8,LZW,35835130,,"[320, 320, 320]",uint8,"[0, 1, 2]",0.13456121826171874,0.03649505615234375,0.8289437255859375,3,0.8654387817382813,0.021665310586543852,"{'fraction': 0.03649505615234375, 'border_touch_fraction': 0.0, 'thickness': {'median': 2.0, 'p95': 4.0, 'max': 6.0, 'mean': 2.682960033416748, 'saturated': 0.00031859650296436903}, 'components': {'n_components': 4, 'n_components_ge_min_size': 4, 'largest_component_fraction': 0.2549884184735799, 'fragment_fraction': 0.0, 'median_planarity': 0.018612281383593006, 'worst_planarity': 0.02094465674234503}}","{'fraction': 0.8289437255859375, 'border_touch_fraction': 0.022619147019596046, 'skipped': 'fraction 0.83 exceeds sheet_fraction_max'}",1,0.03649505615234375,2.0,4.0,4,0.0,0.02094465674234503
sample_00250,True,True,"[320, 320, 320]",,uint8,NONE,32821210,,"[320, 320, 320]",,uint8,LZW,33676118,,"[320, 320, 320]",uint8,"[0, 1, 2]",0.463377685546875,0.05950628662109375,0.4771160278320313,3,0.536622314453125,0.03494077583990937,"{'fraction': 0.05950628662109375, 'border_touch_fraction': 0.0, 'thickness': {'median': 2.0, 'p95': 4.0, 'max': 6.0, 'mean': 2.704430103302002, 'saturated': 5.128462866338924e-07}, 'components': {'n_components': 8, 'n_components_ge_min_size': 8, 'largest_component_fraction': 0.2004531509788697, 'fragment_fraction': 0.0, 'median_planarity': 0.038306792329449224, 'worst_planarity': 0.060261167614505236}}","{'fraction': 0.4771160278320313, 'border_touch_fraction': 0.03929861691127454, 'skipped': 'fraction 0.48 exceeds sheet_fraction_max'}",1,0.05950628662109375,2.0,4.0,8,0.0,0.060261167614505236
sample_00251,True,True,"[320, 320, 320]",,uint8,NONE,32821210,,"[320, 320, 320]",,uint8,LZW,33930122,,"[320, 320, 320]",uint8,"[0, 1, 2]",0.22264779663085937,0.036285125732421875,0.7410670776367188,3,0.7773522033691406,0.024120340713945598,"{'fraction': 0.036285125732421875, 'border_touch_fraction': 0.0, 'thickness': {'median': 2.0, 'p95': 4.0, 'max': 6.0, 'mean': 2.7254700660705566, 'saturated': 2.523147778242224e-06}, 'components': {'n_components': 13, 'n_components_ge_min_size': 13, 'largest_component_fraction': 0.20035559562688027, 'fragment_fraction': 0.0, 'median_planarity': 0.007652019030192542, 'worst_planarity': 0.01811115081424074}}","{'fraction': 0.7410670776367188, 'border_touch_fraction': 0.025301353367085493, 'skipped': 'fraction 0.74 exceeds sheet_fraction_max'}",1,0.036285125732421875,2.0,4.0,13,0.0,0.01811115081424074
sample_00252,True,True,"[320, 320, 320]",,uint8,LZW,805209,,"[320, 320, 320]",,uint8,LZW,36251396,,"[320, 320, 320]",uint8,"[0, 1, 2]",0.18676547241210936,0.0368902587890625,0.7763442687988281,3,0.8132345275878906,0.02305607959811272,"{'fraction': 0.0368902587890625, 'border_touch_fraction': 0.0, 'thickness': {'median': 2.0, 'p95': 4.0, 'max': 6.0, 'mean': 2.6724700927734375, 'saturated': 8.272530236098013e-07}, 'components': {'n_components': 4, 'n_components_ge_min_size': 4, 'largest_component_fraction': 0.2512880329577605, 'fragment_fraction': 0.0, 'median_planarity': 0.012348391079894248, 'worst_planarity': 0.015324886661280925}}","{'fraction': 0.7763442687988281, 'border_touch_fraction': 0.02415165636375508, 'skipped': 'fraction 0.78 exceeds sheet_fraction_max'}",1,0.0368902587890625,2.0,4.0,4,0.0,0.015324886661280925
sample_00253,True,True,"[320, 320, 320]",,uint8,NONE,32821210,,"[320, 320, 320]",,uint8,LZW,35288835,,"[320, 320, 320]",uint8,"[0, 1, 2]",0.2727574157714844,0.054642303466796875,0.6726002807617187,3,0.7272425842285156,0.02578231859165763,"{'fraction': 0.054642303466796875, 'border_touch_fraction': 0.0, 'thickness': {'median': 2.0, 'p95': 4.0, 'max': 6.0, 'mean': 2.6637299060821533, 'saturated': 0.0001474432832044787}, 'components': {'n_components': 6, 'n_components_ge_min_size': 6, 'largest_component_fraction': 0.17010542753246405, 'fragment_fraction': 0.0, 'median_planarity': 0.005406646275714624, 'worst_planarity': 0.01451441643242999}}","{'fraction': 0.6726002807617187, 'border_touch_fraction': 0.027876883992325508, 'skipped': 'fraction 0.67 exceeds sheet_fraction_max'}",1,0.054642303466796875,2.0,4.0,6,0.0,0.01451441643242999
sample_00254,True,True,"[320, 320, 320]",,uint8,LZW,578761,,"[320, 320, 320]",,uint8,LZW,34397605,,"[320, 320, 320]",uint8,"[0, 1, 2]",0.11096978759765624,0.0197432861328125,0.8692869262695313,3,0.8890302124023437,0.021090396859892554,"{'fraction': 0.0197432861328125, 'border_touch_fraction': 0.0, 'thickness': {'median': 2.0, 'p95': 4.0, 'max': 6.0, 'mean': 2.7531399726867676, 'saturated': 0.00031532673414246584}, 'components': {'n_components': 6, 'n_components_ge_min_size': 6, 'largest_component_fraction': 0.30382812838126094, 'fragment_fraction': 0.0, 'median_planarity': 0.003537580456787339, 'worst_planarity': 0.00905905925612095}}","{'fraction': 0.8692869262695313, 'border_touch_fraction': 0.021569402959347363, 'skipped': 'fraction 0.87 exceeds sheet_fraction_max'}",1,0.0197432861328125,2.0,4.0,6,0.0,0.00905905925612095
sample_00255,True,True,"[320, 320, 320]",,uint8,NONE,32821210,,"[320, 320, 320]",,uint8,LZW,34377416,,"[320, 320, 320]",uint8,"[0, 1, 2]",0.5607068176269532,0.06281552124023437,0.3764776611328125,3,0.4392931823730469,0.042682201209481865,"{'fraction': 0.06281552124023437, 'border_touch_fraction': 0.0, 'thickness': {'median': 2.0, 'p95': 4.0, 'max': 6.0, 'mean': 2.7788500785827637, 'saturated': 0.0002681773993496698}, 'components': {'n_components': 8, 'n_components_ge_min_size': 8, 'largest_component_fraction': 0.17751206191011296, 'fragment_fraction': 0.0, 'median_planarity': 0.00586982446181639, 'worst_planarity': 0.009484572977849345}}","{'fraction': 0.3764776611328125, 'border_touch_fraction': 0.0498037518177883, 'skipped': 'fraction 0.38 exceeds sheet_fraction_max'}",1,0.06281552124023437,2.0,4.0,8,0.0,0.009484572977849345
sample_00256,True,True,"[320, 320, 320]",,uint8,LZW,963961,,"[320, 320, 320]",,uint8,LZW,35656277,,"[320, 320, 320]",uint8,"[0, 1, 2]",0.3835138244628906,0.038950347900390626,0.5775358276367187,3,0.6164861755371094,0.03041430731786352,"{'fraction': 0.038950347900390626, 'border_touch_fraction': 0.0, 'thickness': {'median': 2.0, 'p95': 4.0, 'max': 6.0, 'mean': 2.701200008392334, 'saturated': 0.0003745127612481147}, 'components': {'n_components': 11, 'n_components_ge_min_size': 11, 'largest_component_fraction': 0.25139991773255244, 'fragment_fraction': 0.0, 'median_planarity': 0.008374815664511577, 'worst_planarity': 0.020028804529161042}}","{'fraction': 0.5775358276367187, 'border_touch_fraction': 0.03246551833281954, 'skipped': 'fraction 0.58 exceeds sheet_fraction_max'}",1,0.038950347900390626,2.0,4.0,11,0.0,0.020028804529161042
sample_00257,True,True,"[320, 320, 320]",,uint8,NONE,32821210,,"[320, 320, 320]",,uint8,LZW,35329559,,"[320, 320, 320]",uint8,"[0, 1, 2]",0.2567860107421875,0.04585308837890625,0.6973609008789062,3,0.7432139892578125,0.025228265709481737,"{'fraction': 0.04585308837890625, 'border_touch_fraction': 0.0, 'thickness': {'median': 2.0, 'p95': 4.0, 'max': 8.0, 'mean': 2.6821699142456055, 'saturated': 3.3277560142534446e-06}, 'components': {'n_components': 5, 'n_components_ge_min_size': 5, 'largest_component_fraction': 0.20618376933592633, 'fragment_fraction': 0.0, 'median_planarity': 0.012476189358544864, 'worst_planarity': 0.01801773085373469}}","{'fraction': 0.6973609008789062, 'border_touch_fraction': 0.026887082393591003, 'skipped': 'fraction 0.70 exceeds sheet_fraction_max'}",1,0.04585308837890625,2.0,4.0,5,0.0,0.01801773085373469
sample_00258,True,True,"[320, 320, 320]",,uint8,LZW,859209,,"[320, 320, 320]",,uint8,LZW,35316789,,"[320, 320, 320]",uint8,"[0, 1, 2]",0.20443270874023436,0.03510015869140625,0.7604671325683594,3,0.7955672912597657,0.023568088087570483,"{'fraction': 0.03510015869140625, 'border_touch_fraction': 0.0, 'thickness': {'median': 2.0, 'p95': 4.0, 'max': 8.0, 'mean': 2.7133400440216064, 'saturated': 6.955541914965022e-06}, 'components': {'n_components': 8, 'n_components_ge_min_size': 8, 'largest_component_fraction': 0.24641746119242333, 'fragment_fraction': 0.0, 'median_planarity': 0.0043457646489616, 'worst_planarity': 0.00776914373610014}}","{'fraction': 0.7604671325683594, 'border_touch_fraction': 0.024655897930361294, 'skipped': 'fraction 0.76 exceeds sheet_fraction_max'}",1,0.03510015869140625,2.0,4.0,8,0.0,0.00776914373610014
sample_00259,True,True,"[320, 320, 320]",,uint8,LZW,832985,,"[320, 320, 320]",,uint8,LZW,33388879,,"[320, 320, 320]",uint8,"[0, 1, 2]",0.3348568420410156,0.03449578857421875,0.6306473693847656,3,0.6651431579589844,0.028189420240802066,"{'fraction': 0.03449578857421875, 'border_touch_fraction': 0.0, 'thickness': {'median': 2.0, 'p95': 4.0, 'max': 6.0, 'mean': 2.732530117034912, 'saturated': 0.000503380344988048}, 'components': {'n_components': 10, 'n_components_ge_min_size': 10, 'largest_component_fraction': 0.2665137947446738, 'fragment_fraction': 0.0, 'median_planarity': 0.007240715562440511, 'worst_planarity': 0.016103783406704517}}","{'fraction': 0.6306473693847656, 'border_touch_fraction': 0.029731353701343034, 'skipped': 'fraction 0.63 exceeds sheet_fraction_max'}",1,0.03449578857421875,2.0,4.0,10,0.0,0.016103783406704517
sample_00260,True,True,"[320, 320, 320]",,uint8,NONE,32821210,,"[320, 320, 320]",,uint8,LZW,35152091,,"[320, 320, 320]",uint8,"[0, 1, 2]",0.5360621643066407,0.07587432861328125,0.38806350708007814,3,0.4639378356933594,0.040414897336359626,"{'fraction': 0.07587432861328125, 'border_touch_fraction': 0.0, 'thickness': {'median': 2.0, 'p95': 4.0, 'max': 6.0, 'mean': 2.769629955291748, 'saturated': 0.00017254901960784313}, 'components': {'n_components': 16, 'n_components_ge_min_size': 16, 'largest_component_fraction': 0.1315346405228758, 'fragment_fraction': 0.0, 'median_planarity': 0.015656375121918798, 'worst_planarity': 0.04083509638699028}}","{'fraction': 0.38806350708007814, 'border_touch_fraction': 0.048316833863305986, 'skipped': 'fraction 0.39 exceeds sheet_fraction_max'}",1,0.07587432861328125,2.0,4.0,16,0.0,0.04083509638699028
sample_00261,True,True,"[320, 320, 320]",,uint8,NONE,32821210,,"[320, 320, 320]",,uint8,LZW,34031858,,"[320, 320, 320]",uint8,"[0, 1, 2]",0.46049652099609373,0.07629696655273438,0.4632065124511719,3,0.5395034790039063,0.034754178109506206,"{'fraction': 0.07629696655273438, 'border_touch_fraction': 0.0, 'thickness': {'median': 2.0, 'p95': 4.0, 'max': 6.0, 'mean': 2.7830100059509277, 'saturated': 0.0006843728988332063}, 'components': {'n_components': 11, 'n_components_ge_min_size': 11, 'largest_component_fraction': 0.14893010236794624, 'fragment_fraction': 0.0, 'median_planarity': 0.007449279056979495, 'worst_planarity': 0.011773380235921723}}","{'fraction': 0.4632065124511719, 'border_touch_fraction': 0.040478705493106594, 'skipped': 'fraction 0.46 exceeds sheet_fraction_max'}",1,0.07629696655273438,2.0,4.0,11,0.0,0.011773380235921723
sample_00263,True,True,"[320, 320, 320]",,uint8,LZW,644153,,"[320, 320, 320]",,uint8,LZW,31806353,,"[320, 320, 320]",uint8,"[0, 1, 2]",0.2595111999511719,0.06360159301757813,0.67688720703125,3,0.7404888000488281,0.025321112215017455,"{'fraction': 0.06360159301757813, 'border_touch_fraction': 0.0, 'thickness': {'median': 2.0, 'p95': 4.0, 'max': 6.0, 'mean': 2.662220001220703, 'saturated': 7.677185850754548e-06}, 'components': {'n_components': 7, 'n_components_ge_min_size': 7, 'largest_component_fraction': 0.14318191523715068, 'fragment_fraction': 0.0, 'median_planarity': 0.016157192906008044, 'worst_planarity': 0.021278515450293915}}","{'fraction': 0.67688720703125, 'border_touch_fraction': 0.027700331466205957, 'skipped': 'fraction 0.68 exceeds sheet_fraction_max'}",1,0.06360159301757813,2.0,4.0,7,0.0,0.021278515450293915
sample_00264,True,True,"[320, 320, 320]",,uint8,LZW,844969,,"[320, 320, 320]",,uint8,LZW,32340870,,"[320, 320, 320]",uint8,"[0, 1, 2]",0.29681417846679686,0.06563818359375,0.6375476379394531,3,0.7031858215332031,0.02666436015322112,"{'fraction': 0.06563818359375, 'border_touch_fraction': 0.0, 'thickness': {'median': 2.0, 'p95': 4.0, 'max': 6.0, 'mean': 2.683650016784668, 'saturated': 9.298727190222202e-07}, 'components': {'n_components': 9, 'n_components_ge_min_size': 9, 'largest_component_fraction': 0.14209803462102108, 'fragment_fraction': 0.0, 'median_planarity': 0.013581335675623992, 'worst_planarity': 0.019588023383021836}}","{'fraction': 0.6375476379394531, 'border_touch_fraction': 0.0294095670412956, 'skipped': 'fraction 0.64 exceeds sheet_fraction_max'}",1,0.06563818359375,2.0,4.0,9,0.0,0.019588023383021836
sample_00265,True,True,"[320, 320, 320]",,uint8,NONE,32821210,,"[320, 320, 320]",,uint8,LZW,36217350,,"[320, 320, 320]",uint8,"[0, 1, 2]",0.37023779296875,0.08422628784179688,0.5455359191894531,3,0.62976220703125,0.02977314260947639,"{'fraction': 0.08422628784179688, 'border_touch_fraction': 0.0, 'thickness': {'median': 2.0, 'p95': 4.0, 'max': 4.0, 'mean': 2.6577301025390625, 'saturated': 1.1232181141022932e-05}, 'components': {'n_components': 10, 'n_components_ge_min_size': 10, 'largest_component_fraction': 0.10787604164892767, 'fragment_fraction': 0.0, 'median_planarity': 0.003575976812864661, 'worst_planarity': 0.008241478520376919}}","{'fraction': 0.5455359191894531, 'border_touch_fraction': 0.03436987252435805, 'skipped': 'fraction 0.55 exceeds sheet_fraction_max'}",1,0.08422628784179688,2.0,4.0,10,0.0,0.008241478520376919
sample_00266,True,True,"[320, 320, 320]",,uint8,NONE,32821210,,"[320, 320, 320]",,uint8,LZW,32926234,,"[320, 320, 320]",uint8,"[0, 1, 2]",0.2253616943359375,0.04699658203125,0.7276417236328125,3,0.7746383056640626,0.024204844845526288,"{'fraction': 0.04699658203125, 'border_touch_fraction': 0.0, 'thickness': {'median': 2.0, 'p95': 4.0, 'max': 6.0, 'mean': 2.6930599212646484, 'saturated': 6.493573959209966e-07}, 'components': {'n_components': 6, 'n_components_ge_min_size': 6, 'largest_component_fraction': 0.20146443079928103, 'fragment_fraction': 0.0, 'median_planarity': 0.010343064710452475, 'worst_planarity': 0.014173348240149496}}","{'fraction': 0.7276417236328125, 'border_touch_fraction': 0.02576817600066836, 'skipped': 'fraction 0.73 exceeds sheet_fraction_max'}",1,0.04699658203125,2.0,4.0,6,0.0,0.014173348240149496
sample_00267,True,True,"[320, 320, 320]",,uint8,NONE,32821210,,"[320, 320, 320]",,uint8,LZW,33258878,,"[320, 320, 320]",uint8,"[0, 1, 2]",0.5457108764648437,0.07946670532226563,0.37482241821289064,3,0.45428912353515627,0.04127327516470684,"{'fraction': 0.07946670532226563, 'border_touch_fraction': 0.0, 'thickness': {'median': 2.0, 'p95': 4.0, 'max': 6.0, 'mean': 2.6811699867248535, 'saturated': 8.602266159491391e-05}, 'components': {'n_components': 14, 'n_components_ge_min_size': 14, 'largest_component_fraction': 0.12437033523876088, 'fragment_fraction': 0.0, 'median_planarity': 0.006589086303020462, 'worst_planarity': 0.0317615376878931}}","{'fraction': 0.37482241821289064, 'border_touch_fraction': 0.05002368878947477, 'skipped': 'fraction 0.37 exceeds sheet_fraction_max'}",1,0.07946670532226563,2.0,4.0,14,0.0,0.0317615376878931
sample_00268,True,True,"[320, 320, 320]",,uint8,LZW,871849,,"[320, 320, 320]",,uint8,LZW,31729110,,"[320, 320, 320]",uint8,"[0, 1, 2]",0.22749539184570314,0.05676815795898438,0.7157364501953125,3,0.7725046081542969,0.024271699873478235,"{'fraction': 0.05676815795898438, 'border_touch_fraction': 0.0, 'thickness': {'median': 2.0, 'p95': 4.0, 'max': 6.0, 'mean': 2.710129976272583, 'saturated': 7.526157428935602e-06}, 'components': {'n_components': 6, 'n_components_ge_min_size': 6, 'largest_component_fraction': 0.16754785426563787, 'fragment_fraction': 0.0, 'median_planarity': 0.0030539059970378707, 'worst_planarity': 0.0031888861143382114}}","{'fraction': 0.7157364501953125, 'border_touch_fraction': 0.02619679351929532, 'skipped': 'fraction 0.72 exceeds sheet_fraction_max'}",1,0.05676815795898438,2.0,4.0,6,0.0,0.0031888861143382114
sample_00269,True,True,"[320, 320, 320]",,uint8,NONE,32821210,,"[320, 320, 320]",,uint8,LZW,36007618,,"[320, 320, 320]",uint8,"[0, 1, 2]",0.2524466247558594,0.05154470825195313,0.6960086669921876,3,0.7475533752441407,0.02508182107247728,"{'fraction': 0.05154470825195313, 'border_touch_fraction': 0.0, 'thickness': {'median': 2.0, 'p95': 4.0, 'max': 6.0, 'mean': 2.656709909439087, 'saturated': 0.00011545176869149334}, 'components': {'n_components': 9, 'n_components_ge_min_size': 9, 'largest_component_fraction': 0.1773741768140877, 'fragment_fraction': 0.0, 'median_planarity': 0.006246799488970213, 'worst_planarity': 0.011266747830973785}}","{'fraction': 0.6960086669921876, 'border_touch_fraction': 0.026939319708515156, 'skipped': 'fraction 0.70 exceeds sheet_fraction_max'}",1,0.05154470825195313,2.0,4.0,9,0.0,0.011266747830973785
sample_00270,True,True,"[320, 320, 320]",,uint8,NONE,32821210,,"[320, 320, 320]",,uint8,LZW,36610239,,"[320, 320, 320]",uint8,"[0, 1, 2]",0.10048471069335937,0.014456146240234375,0.8850591430664062,3,0.8995152893066406,0.02084455953433851,"{'fraction': 0.014456146240234375, 'border_touch_fraction': 0.0, 'thickness': {'median': 2.0, 'p95': 4.0, 'max': 6.0, 'mean': 2.664289951324463, 'saturated': 0.00017732779676545655}, 'components': {'n_components': 2, 'n_components_ge_min_size': 2, 'largest_component_fraction': 0.6217830309964767, 'fragment_fraction': 0.0, 'median_planarity': 0.0043405600663885295, 'worst_planarity': 0.005339425112643064}}","{'fraction': 0.8850591430664062, 'border_touch_fraction': 0.021185024918264905, 'skipped': 'fraction 0.89 exceeds sheet_fraction_max'}",1,0.014456146240234375,2.0,4.0,2,0.0,0.005339425112643064
sample_00271,True,True,"[320, 320, 320]",,uint8,LZW,899305,,"[320, 320, 320]",,uint8,LZW,32487874,,"[320, 320, 320]",uint8,"[0, 1, 2]",0.305323974609375,0.05260333251953125,0.6420726928710937,3,0.694676025390625,0.026990999134390223,"{'fraction': 0.05260333251953125, 'border_touch_fraction': 0.0, 'thickness': {'median': 2.0, 'p95': 4.0, 'max': 6.0, 'mean': 2.7350499629974365, 'saturated': 5.33733710969272e-05}, 'components': {'n_components': 9, 'n_components_ge_min_size': 9, 'largest_component_fraction': 0.18044376477195068, 'fragment_fraction': 0.0, 'median_planarity': 0.002221937510242283, 'worst_planarity': 0.0029098747825966596}}","{'fraction': 0.6420726928710937, 'border_touch_fraction': 0.029202300935985078, 'skipped': 'fraction 0.64 exceeds sheet_fraction_max'}",1,0.05260333251953125,2.0,4.0,9,0.0,0.0029098747825966596
sample_00272,True,True,"[320, 320, 320]",,uint8,LZW,1125225,,"[320, 320, 320]",,uint8,LZW,36808372,,"[320, 320, 320]",uint8,"[0, 1, 2]",0.42637216186523436,0.05606240844726563,0.5175654296875,3,0.5736278381347656,0.03268669815776088,"{'fraction': 0.05606240844726563, 'border_touch_fraction': 0.0, 'thickness': {'median': 2.0, 'p95': 4.0, 'max': 6.0, 'mean': 2.670520067214966, 'saturated': 1.796355358283076e-05}, 'components': {'n_components': 8, 'n_components_ge_min_size': 8, 'largest_component_fraction': 0.16535233332952287, 'fragment_fraction': 0.0, 'median_planarity': 0.0080990615559015, 'worst_planarity': 0.026961453067928364}}","{'fraction': 0.5175654296875, 'border_touch_fraction': 0.03622730368858104, 'skipped': 'fraction 0.52 exceeds sheet_fraction_max'}",1,0.05606240844726563,2.0,4.0,8,0.0,0.026961453067928364
sample_00273,True,True,"[320, 320, 320]",,uint8,NONE,32821210,,"[320, 320, 320]",,uint8,LZW,32670556,,"[320, 320, 320]",uint8,"[0, 1, 2]",0.5476996765136719,0.07200225830078125,0.3802980651855469,3,0.45230032348632815,0.041454756997463794,"{'fraction': 0.07200225830078125, 'border_touch_fraction': 0.0, 'thickness': {'median': 2.0, 'p95': 4.0, 'max': 4.0, 'mean': 2.6851999759674072, 'saturated': 1.1867574818701603e-05}, 'components': {'n_components': 10, 'n_components_ge_min_size': 10, 'largest_component_fraction': 0.13156605364991503, 'fragment_fraction': 0.0, 'median_planarity': 0.008818976252529215, 'worst_planarity': 0.01844310248964207}}","{'fraction': 0.3802980651855469, 'border_touch_fraction': 0.04930343253482476, 'skipped': 'fraction 0.38 exceeds sheet_fraction_max'}",1,0.07200225830078125,2.0,4.0,10,0.0,0.01844310248964207
sample_00274,True,True,"[320, 320, 320]",,uint8,NONE,32821210,,"[320, 320, 320]",,uint8,LZW,33202490,,"[320, 320, 320]",uint8,"[0, 1, 2]",0.4415202331542969,0.09851568603515624,0.45996408081054685,3,0.5584797668457031,0.03357328432129261,"{'fraction': 0.09851568603515624, 'border_touch_fraction': 0.0, 'thickness': {'median': 2.0, 'p95': 4.0, 'max': 6.0, 'mean': 2.6705100536346436, 'saturated': 3.0977379697797075e-07}, 'components': {'n_components': 18, 'n_components_ge_min_size': 18, 'largest_component_fraction': 0.0924080018289045, 'fragment_fraction': 0.0, 'median_planarity': 0.0023728585270247366, 'worst_planarity': 0.00836404114347596}}","{'fraction': 0.45996408081054685, 'border_touch_fraction': 0.04076405263419444, 'skipped': 'fraction 0.46 exceeds sheet_fraction_max'}",1,0.09851568603515624,2.0,4.0,18,0.0,0.00836404114347596
sample_00275,True,True,"[320, 320, 320]",,uint8,NONE,32821210,,"[320, 320, 320]",,uint8,LZW,37674621,,"[320, 320, 320]",uint8,"[0, 1, 2]",0.3678722229003906,0.062272216796875,0.5698555603027343,3,0.6321277770996093,0.02966172454251352,"{'fraction': 0.062272216796875, 'border_touch_fraction': 0.0, 'thickness': {'median': 2.0, 'p95': 4.0, 'max': 6.0, 'mean': 2.676690101623535, 'saturated': 3.479477941089988e-05}, 'components': {'n_components': 8, 'n_components_ge_min_size': 8, 'largest_component_fraction': 0.14870063551929494, 'fragment_fraction': 0.0, 'median_planarity': 0.004416400419810477, 'worst_planarity': 0.00755456739038558}}","{'fraction': 0.5698555603027343, 'border_touch_fraction': 0.032903074579177766, 'skipped': 'fraction 0.57 exceeds sheet_fraction_max'}",1,0.062272216796875,2.0,4.0,8,0.0,0.00755456739038558
sample_00276,True,True,"[320, 320, 320]",,uint8,NONE,32821210,,"[320, 320, 320]",,uint8,LZW,34952880,,"[320, 320, 320]",uint8,"[0, 1, 2]",0.5129373474121094,0.05362841796875,0.4334342346191406,3,0.4870626525878906,0.038496074171107904,"{'fraction': 0.05362841796875, 'border_touch_fraction': 0.0, 'thickness': {'median': 2.0, 'p95': 4.0, 'max': 6.0, 'mean': 2.729840040206909, 'saturated': 7.51154045761215e-05}, 'components': {'n_components': 7, 'n_components_ge_min_size': 7, 'largest_component_fraction': 0.22190342435195892, 'fragment_fraction': 0.0, 'median_planarity': 0.017632771584669655, 'worst_planarity': 0.02875182548438009}}","{'fraction': 0.4334342346191406, 'border_touch_fraction': 0.043259157912331626, 'skipped': 'fraction 0.43 exceeds sheet_fraction_max'}",1,0.05362841796875,2.0,4.0,7,0.0,0.02875182548438009
sample_00277,True,True,"[320, 320, 320]",,uint8,LZW,1474889,,"[320, 320, 320]",,uint8,LZW,34416173,,"[320, 320, 320]",uint8,"[0, 1, 2]",0.5932607116699219,0.09955487060546875,0.30718441772460936,3,0.4067392883300781,0.046098325236739734,"{'fraction': 0.09955487060546875, 'border_touch_fraction': 0.0, 'thickness': {'median': 2.0, 'p95': 4.0, 'max': 6.0, 'mean': 2.7236099243164062, 'saturated': 5.272492853013322e-05}, 'components': {'n_components': 12, 'n_components_ge_min_size': 12, 'largest_component_fraction': 0.11502801471638587, 'fragment_fraction': 0.0, 'median_planarity': 0.015346006889791671, 'worst_planarity': 0.021674258398299416}}","{'fraction': 0.30718441772460936, 'border_touch_fraction': 0.06103825232700886, 'skipped': 'fraction 0.31 exceeds sheet_fraction_max'}",1,0.09955487060546875,2.0,4.0,12,0.0,0.021674258398299416
sample_00278,True,True,"[320, 320, 320]",,uint8,LZW,839833,,"[320, 320, 320]",,uint8,LZW,34068735,,"[320, 320, 320]",uint8,"[0, 1, 2]",0.2680580749511719,0.036147247314453124,0.695794677734375,3,0.7319419250488282,0.025616786466698408,"{'fraction': 0.036147247314453124, 'border_touch_fraction': 0.0, 'thickness': {'median': 2.0, 'p95': 4.0, 'max': 6.0, 'mean': 2.715559959411621, 'saturated': 6.416355628199207e-05}, 'components': {'n_components': 7, 'n_components_ge_min_size': 7, 'largest_component_fraction': 0.2508533330856845, 'fragment_fraction': 0.0, 'median_planarity': 0.01680542239681825, 'worst_planarity': 0.03610286966820054}}","{'fraction': 0.695794677734375, 'border_touch_fraction': 0.02694760480355091, 'skipped': 'fraction 0.70 exceeds sheet_fraction_max'}",1,0.036147247314453124,2.0,4.0,7,0.0,0.03610286966820054
sample_00279,True,True,"[320, 320, 320]",,uint8,NONE,32821210,,"[320, 320, 320]",,uint8,LZW,35436920,,"[320, 320, 320]",uint8,"[0, 1, 2]",0.21779904174804687,0.030966094970703125,0.75123486328125,3,0.7822009582519531,0.023970822078640916,"{'fraction': 0.030966094970703125, 'border_touch_fraction': 0.0, 'thickness': {'median': 2.0, 'p95': 4.0, 'max': 6.0, 'mean': 2.662450075149536, 'saturated': 2.3652380957073883e-05}, 'components': {'n_components': 5, 'n_components_ge_min_size': 5, 'largest_component_fraction': 0.2935782800185671, 'fragment_fraction': 0.0, 'median_planarity': 0.012939255428520773, 'worst_planarity': 0.027003771199863247}}","{'fraction': 0.75123486328125, 'border_touch_fraction': 0.024958905551991546, 'skipped': 'fraction 0.75 exceeds sheet_fraction_max'}",1,0.030966094970703125,2.0,4.0,5,0.0,0.027003771199863247
sample_00280,True,True,"[320, 320, 320]",,uint8,NONE,32821210,,"[320, 320, 320]",,uint8,LZW,35524027,,"[320, 320, 320]",uint8,"[0, 1, 2]",0.5880546264648437,0.05802679443359375,0.3539185791015625,3,0.41194537353515626,0.04551574360234886,"{'fraction': 0.05802679443359375, 'border_touch_fraction': 0.0, 'thickness': {'median': 2.0, 'p95': 4.0, 'max': 6.0, 'mean': 2.657639980316162, 'saturated': 0.00014778413208640692}, 'components': {'n_components': 11, 'n_components_ge_min_size': 11, 'largest_component_fraction': 0.16638284399780795, 'fragment_fraction': 0.0, 'median_planarity': 0.004380198358026402, 'worst_planarity': 0.0150239657047431}}","{'fraction': 0.3539185791015625, 'border_touch_fraction': 0.052978286835344106, 'skipped': 'fraction 0.35 exceeds sheet_fraction_max'}",1,0.05802679443359375,2.0,4.0,11,0.0,0.0150239657047431
sample_00281,True,True,"[320, 320, 320]",,uint8,NONE,32821210,,"[320, 320, 320]",,uint8,LZW,36075396,,"[320, 320, 320]",uint8,"[0, 1, 2]",0.43394802856445314,0.07273333740234375,0.49331863403320314,3,0.5660519714355469,0.03312416694256661,"{'fraction': 0.07273333740234375, 'border_touch_fraction': 0.0, 'thickness': {'median': 2.0, 'p95': 4.0, 'max': 6.0, 'mean': 2.700390100479126, 'saturated': 0.00011370664357288932}, 'components': {'n_components': 12, 'n_components_ge_min_size': 12, 'largest_component_fraction': 0.13257523309861932, 'fragment_fraction': 0.0, 'median_planarity': 0.004506020626425036, 'worst_planarity': 0.015716595190944843}}","{'fraction': 0.49331863403320314, 'border_touch_fraction': 0.03800788923521186, 'skipped': 'fraction 0.49 exceeds sheet_fraction_max'}",1,0.07273333740234375,2.0,4.0,12,0.0,0.015716595190944843
sample_00282,True,True,"[320, 320, 320]",,uint8,NONE,32821210,,"[320, 320, 320]",,uint8,LZW,35645309,,"[320, 320, 320]",uint8,"[0, 1, 2]",0.36712448120117186,0.0560792236328125,0.5767962951660156,3,0.6328755187988281,0.029626679249004185,"{'fraction': 0.0560792236328125, 'border_touch_fraction': 0.0, 'thickness': {'median': 2.0, 'p95': 4.0, 'max': 8.0, 'mean': 2.7477800846099854, 'saturated': 2.176747547349701e-06}, 'components': {'n_components': 10, 'n_components_ge_min_size': 10, 'largest_component_fraction': 0.19814007805816705, 'fragment_fraction': 0.0, 'median_planarity': 0.004761033350129052, 'worst_planarity': 0.014931961682059621}}","{'fraction': 0.5767962951660156, 'border_touch_fraction': 0.0325071436088252, 'skipped': 'fraction 0.58 exceeds sheet_fraction_max'}",1,0.0560792236328125,2.0,4.0,10,0.0,0.014931961682059621
sample_00284,True,True,"[320, 320, 320]",,uint8,LZW,608057,,"[320, 320, 320]",,uint8,LZW,35976395,,"[320, 320, 320]",uint8,"[0, 1, 2]",0.08125503540039063,0.01871746826171875,0.9000274963378906,3,0.9187449645996094,0.020408275117100947,"{'fraction': 0.01871746826171875, 'border_touch_fraction': 0.0, 'thickness': {'median': 2.0, 'p95': 4.0, 'max': 6.0, 'mean': 2.699709892272949, 'saturated': 0.00012554334180071543}, 'components': {'n_components': 2, 'n_components_ge_min_size': 2, 'largest_component_fraction': 0.5008934772896986, 'fragment_fraction': 0.0, 'median_planarity': 0.02309248027460402, 'worst_planarity': 0.027528186962213215}}","{'fraction': 0.9000274963378906, 'border_touch_fraction': 0.02083269686347541, 'skipped': 'fraction 0.90 exceeds sheet_fraction_max'}",1,0.01871746826171875,2.0,4.0,2,0.0,0.027528186962213215
sample_00285,True,True,"[320, 320, 320]",,uint8,LZW,687209,,"[320, 320, 320]",,uint8,LZW,35314326,,"[320, 320, 320]",uint8,"[0, 1, 2]",0.12005233764648438,0.021786712646484376,0.8581609497070313,3,0.8799476623535156,0.021308085471641675,"{'fraction': 0.021786712646484376, 'border_touch_fraction': 0.0, 'thickness': {'median': 2.0, 'p95': 4.0, 'max': 6.0, 'mean': 2.7427399158477783, 'saturated': 9.384975914229724e-05}, 'components': {'n_components': 3, 'n_components_ge_min_size': 3, 'largest_component_fraction': 0.38158331547386426, 'fragment_fraction': 0.0, 'median_planarity': 0.0171567322760924, 'worst_planarity': 0.01794568084770282}}","{'fraction': 0.8581609497070313, 'border_touch_fraction': 0.02184904825417783, 'skipped': 'fraction 0.86 exceeds sheet_fraction_max'}",1,0.021786712646484376,2.0,4.0,3,0.0,0.01794568084770282
sample_00286,True,True,"[320, 320, 320]",,uint8,LZW,719817,,"[320, 320, 320]",,uint8,LZW,32589254,,"[320, 320, 320]",uint8,"[0, 1, 2]",0.18045306396484376,0.03485977172851563,0.7846871643066406,3,0.8195469360351563,0.02287849441632917,"{'fraction': 0.03485977172851563, 'border_touch_fraction': 0.0, 'thickness': {'median': 2.0, 'p95': 4.0, 'max': 6.0, 'mean': 2.7046799659729004, 'saturated': 6.040524037346196e-05}, 'components': {'n_components': 9, 'n_components_ge_min_size': 9, 'largest_component_fraction': 0.2492547831758274, 'fragment_fraction': 0.0, 'median_planarity': 0.011959582519302786, 'worst_planarity': 0.058969253294535326}}","{'fraction': 0.7846871643066406, 'border_touch_fraction': 0.023894872826889853, 'skipped': 'fraction 0.78 exceeds sheet_fraction_max'}",1,0.03485977172851563,2.0,4.0,9,0.0,0.058969253294535326
sample_00287,True,True,"[320, 320, 320]",,uint8,NONE,32821210,,"[320, 320, 320]",,uint8,LZW,35566300,,"[320, 320, 320]",uint8,"[0, 1, 2]",0.18659341430664061,0.02311968994140625,0.7902868957519531,3,0.8134065856933593,0.02305120259632178,"{'fraction': 0.02311968994140625, 'border_touch_fraction': 0.0, 'thickness': {'median': 2.0, 'p95': 4.0, 'max': 8.0, 'mean': 2.665800094604492, 'saturated': 9.239875076888961e-06}, 'components': {'n_components': 5, 'n_components_ge_min_size': 5, 'largest_component_fraction': 0.43401541211162825, 'fragment_fraction': 0.0, 'median_planarity': 0.005159378690280869, 'worst_planarity': 0.020890900065259285}}","{'fraction': 0.7902868957519531, 'border_touch_fraction': 0.023725561059897735, 'skipped': 'fraction 0.79 exceeds sheet_fraction_max'}",1,0.02311968994140625,2.0,4.0,5,0.0,0.020890900065259285
sample_00288,True,True,"[320, 320, 320]",,uint8,LZW,869625,,"[320, 320, 320]",,uint8,LZW,33904786,,"[320, 320, 320]",uint8,"[0, 1, 2]",0.44224029541015625,0.07063925170898437,0.48712045288085937,3,0.5577597045898437,0.033616627098919,"{'fraction': 0.07063925170898437, 'border_touch_fraction': 0.0, 'thickness': {'median': 2.0, 'p95': 4.0, 'max': 6.0, 'mean': 2.6673099994659424, 'saturated': 2.0304945723152003e-05}, 'components': {'n_components': 10, 'n_components_ge_min_size': 10, 'largest_component_fraction': 0.1299646132318259, 'fragment_fraction': 0.0, 'median_planarity': 0.0037993088426319715, 'worst_planarity': 0.005654197402454635}}","{'fraction': 0.48712045288085937, 'border_touch_fraction': 0.03849150633916392, 'skipped': 'fraction 0.49 exceeds sheet_fraction_max'}",1,0.07063925170898437,2.0,4.0,10,0.0,0.005654197402454635
sample_00289,True,True,"[320, 320, 320]",,uint8,NONE,32821210,,"[320, 320, 320]",,uint8,LZW,34284399,,"[320, 320, 320]",uint8,"[0, 1, 2]",0.30717877197265625,0.06248297119140625,0.6303382568359375,3,0.6928212280273438,0.02706325851675548,"{'fraction': 0.06248297119140625, 'border_touch_fraction': 0.0, 'thickness': {'median': 2.0, 'p95': 4.0, 'max': 6.0, 'mean': 2.696769952774048, 'saturated': 5.958654750659604e-05}, 'components': {'n_components': 13, 'n_components_ge_min_size': 13, 'largest_component_fraction': 0.1506631201274566, 'fragment_fraction': 0.0, 'median_planarity': 0.003959711036165014, 'worst_planarity': 0.009549103325151426}}","{'fraction': 0.6303382568359375, 'border_touch_fraction': 0.029745933705686838, 'skipped': 'fraction 0.63 exceeds sheet_fraction_max'}",1,0.06248297119140625,2.0,4.0,13,0.0,0.009549103325151426
sample_00290,True,True,"[320, 320, 320]",,uint8,NONE,32821210,,"[320, 320, 320]",,uint8,LZW,36592499,,"[320, 320, 320]",uint8,"[0, 1, 2]",0.529772705078125,0.06568191528320312,0.4045453796386719,3,0.470227294921875,0.039874333545684926,"{'fraction': 0.06568191528320312, 'border_touch_fraction': 0.0, 'thickness': {'median': 2.0, 'p95': 4.0, 'max': 6.0, 'mean': 2.720789909362793, 'saturated': 6.365387161896885e-05}, 'components': {'n_components': 13, 'n_components_ge_min_size': 13, 'largest_component_fraction': 0.1517670918776266, 'fragment_fraction': 0.0, 'median_planarity': 0.0069316107697286345, 'worst_planarity': 0.018511484591474094}}","{'fraction': 0.4045453796386719, 'border_touch_fraction': 0.046348323188728426, 'skipped': 'fraction 0.40 exceeds sheet_fraction_max'}",1,0.06568191528320312,2.0,4.0,13,0.0,0.018511484591474094
sample_00291,True,True,"[320, 320, 320]",,uint8,LZW,886729,,"[320, 320, 320]",,uint8,LZW,34814406,,"[320, 320, 320]",uint8,"[0, 1, 2]",0.3170711669921875,0.03527059936523438,0.6476582336425781,3,0.6829288330078125,0.02745527658778101,"{'fraction': 0.03527059936523438, 'border_touch_fraction': 0.0, 'thickness': {'median': 2.0, 'p95': 4.0, 'max': 6.0, 'mean': 2.7244699001312256, 'saturated': 8.998509189294888e-05}, 'components': {'n_components': 4, 'n_components_ge_min_size': 4, 'largest_component_fraction': 0.3358035971540484, 'fragment_fraction': 0.0, 'median_planarity': 0.020219289309775165, 'worst_planarity': 0.025337832520213252}}","{'fraction': 0.6476582336425781, 'border_touch_fraction': 0.028950454153181548, 'skipped': 'fraction 0.65 exceeds sheet_fraction_max'}",1,0.03527059936523438,2.0,4.0,4,0.0,0.025337832520213252
sample_00292,True,True,"[320, 320, 320]",,uint8,NONE,32821210,,"[320, 320, 320]",,uint8,LZW,33215578,,"[320, 320, 320]",uint8,"[0, 1, 2]",0.3434880676269531,0.04860696411132812,0.6079049682617188,3,0.6565119323730468,0.028560029262873734,"{'fraction': 0.04860696411132812, 'border_touch_fraction': 0.0, 'thickness': {'median': 2.0, 'p95': 4.0, 'max': 6.0, 'mean': 2.685570001602173, 'saturated': 0.00021472255899062818}, 'components': {'n_components': 9, 'n_components_ge_min_size': 9, 'largest_component_fraction': 0.19755793898991245, 'fragment_fraction': 0.0, 'median_planarity': 0.010114328113712245, 'worst_planarity': 0.020956379413720555}}","{'fraction': 0.6079049682617188, 'border_touch_fraction': 0.030843636717783233, 'skipped': 'fraction 0.61 exceeds sheet_fraction_max'}",1,0.04860696411132812,2.0,4.0,9,0.0,0.020956379413720555
sample_00293,True,True,"[320, 320, 320]",,uint8,NONE,32821210,,"[320, 320, 320]",,uint8,LZW,35404072,,"[320, 320, 320]",uint8,"[0, 1, 2]",0.25346832275390624,0.03496823120117187,0.7115634460449218,3,0.7465316772460937,0.025116147876226118,"{'fraction': 0.03496823120117187, 'border_touch_fraction': 0.0, 'thickness': {'median': 2.0, 'p95': 4.0, 'max': 6.0, 'mean': 2.7588601112365723, 'saturated': 0.0002068353407415876}, 'components': {'n_components': 7, 'n_components_ge_min_size': 7, 'largest_component_fraction': 0.2744495518131256, 'fragment_fraction': 0.0, 'median_planarity': 0.007581860820497632, 'worst_planarity': 0.017247031356631897}}","{'fraction': 0.7115634460449218, 'border_touch_fraction': 0.02635042609934222, 'skipped': 'fraction 0.71 exceeds sheet_fraction_max'}",1,0.03496823120117187,2.0,4.0,7,0.0,0.017247031356631897
sample_00295,True,True,"[320, 320, 320]",,uint8,LZW,996905,,"[320, 320, 320]",,uint8,LZW,36805607,,"[320, 320, 320]",uint8,"[0, 1, 2]",0.17770831298828124,0.0452364501953125,0.7770552368164062,3,0.8222916870117187,0.02280212763446408,"{'fraction': 0.0452364501953125, 'border_touch_fraction': 0.0, 'thickness': {'median': 2.0, 'p95': 4.0, 'max': 6.0, 'mean': 2.666680097579956, 'saturated': 4.452515941356317e-05}, 'components': {'n_components': 5, 'n_components_ge_min_size': 5, 'largest_component_fraction': 0.20219886825140254, 'fragment_fraction': 0.0, 'median_planarity': 0.004344369493065471, 'worst_planarity': 0.004984575777804426}}","{'fraction': 0.7770552368164062, 'border_touch_fraction': 0.02412955876446919, 'skipped': 'fraction 0.78 exceeds sheet_fraction_max'}",1,0.0452364501953125,2.0,4.0,5,0.0,0.004984575777804426
sample_00296,True,True,"[320, 320, 320]",,uint8,NONE,32821210,,"[320, 320, 320]",,uint8,LZW,35970504,,"[320, 320, 320]",uint8,"[0, 1, 2]",0.20767596435546876,0.030931976318359374,0.7613920593261718,3,0.7923240356445312,0.023664560402673448,"{'fraction': 0.030931976318359374, 'border_touch_fraction': 0.0, 'thickness': {'median': 2.0, 'p95': 4.0, 'max': 6.0, 'mean': 2.751430034637451, 'saturated': 0.0003186727428251769}, 'components': {'n_components': 4, 'n_components_ge_min_size': 4, 'largest_component_fraction': 0.2923679357997749, 'fragment_fraction': 0.0, 'median_planarity': 0.010949703946015963, 'worst_planarity': 0.020712797689788072}}","{'fraction': 0.7613920593261718, 'border_touch_fraction': 0.024625946344375663, 'skipped': 'fraction 0.76 exceeds sheet_fraction_max'}",1,0.030931976318359374,2.0,4.0,4,0.0,0.020712797689788072
sample_00297,True,True,"[320, 320, 320]",,uint8,NONE,32821210,,"[320, 320, 320]",,uint8,LZW,36412466,,"[320, 320, 320]",uint8,"[0, 1, 2]",0.44129415893554685,0.0658409423828125,0.49286489868164063,3,0.5587058410644531,0.033559699258338294,"{'fraction': 0.0658409423828125, 'border_touch_fraction': 0.0, 'thickness': {'median': 2.0, 'p95': 4.0, 'max': 6.0, 'mean': 2.7049899101257324, 'saturated': 0.000373584688775217}, 'components': {'n_components': 12, 'n_components_ge_min_size': 12, 'largest_component_fraction': 0.15024454501463747, 'fragment_fraction': 0.0, 'median_planarity': 0.013107257345796153, 'worst_planarity': 0.03698171158794642}}","{'fraction': 0.49286489868164063, 'border_touch_fraction': 0.03804287960078753, 'skipped': 'fraction 0.49 exceeds sheet_fraction_max'}",1,0.0658409423828125,2.0,4.0,12,0.0,0.03698171158794642
sample_00298,True,True,"[320, 320, 320]",,uint8,NONE,32821210,,"[320, 320, 320]",,uint8,LZW,35276296,,"[320, 320, 320]",uint8,"[0, 1, 2]",0.4215574951171875,0.053166351318359374,0.5252761535644531,3,0.5784425048828125,0.03241463039407622,"{'fraction': 0.053166351318359374, 'border_touch_fraction': 0.0, 'thickness': {'median': 2.0, 'p95': 4.0, 'max': 8.0, 'mean': 2.7485899925231934, 'saturated': 4.018012174576889e-06}, 'components': {'n_components': 8, 'n_components_ge_min_size': 8, 'largest_component_fraction': 0.18962893657567784, 'fragment_fraction': 0.0, 'median_planarity': 0.008651825115063055, 'worst_planarity': 0.027815279599608875}}","{'fraction': 0.5252761535644531, 'border_touch_fraction': 0.035695509633865974, 'skipped': 'fraction 0.53 exceeds sheet_fraction_max'}",1,0.053166351318359374,2.0,4.0,8,0.0,0.027815279599608875
sample_00299,True,True,"[320, 320, 320]",,uint8,NONE,32821210,,"[320, 320, 320]",,uint8,LZW,34942050,,"[320, 320, 320]",uint8,"[0, 1, 2]",0.2193753662109375,0.039855926513671876,0.7407687072753906,3,0.7806246337890625,0.024019226640324746,"{'fraction': 0.039855926513671876, 'border_touch_fraction': 0.0, 'thickness': {'median': 2.0, 'p95': 4.0, 'max': 6.0, 'mean': 2.6985599994659424, 'saturated': 0.0001607964477767594}, 'components': {'n_components': 6, 'n_components_ge_min_size': 6, 'largest_component_fraction': 0.24088226713802996, 'fragment_fraction': 0.0, 'median_planarity': 0.015516487642082938, 'worst_planarity': 0.026577990244617874}}","{'fraction': 0.7407687072753906, 'border_touch_fraction': 0.025311544367153507, 'skipped': 'fraction 0.74 exceeds sheet_fraction_max'}",1,0.039855926513671876,2.0,4.0,6,0.0,0.026577990244617874
sample_00300,True,True,"[320, 320, 320]",,uint8,NONE,32821210,,"[320, 320, 320]",,uint8,LZW,35514364,,"[320, 320, 320]",uint8,"[0, 1, 2]",0.2741448669433594,0.04108261108398437,0.6847725219726563,3,0.7258551330566406,0.025831600750747714,"{'fraction': 0.04108261108398437, 'border_touch_fraction': 0.0, 'thickness': {'median': 2.0, 'p95': 4.0, 'max': 6.0, 'mean': 2.7641499042510986, 'saturated': 0.0001143965027354878}, 'components': {'n_components': 6, 'n_components_ge_min_size': 6, 'largest_component_fraction': 0.22006172954141115, 'fragment_fraction': 0.0, 'median_planarity': 0.008605400782208148, 'worst_planarity': 0.020765107226148428}}","{'fraction': 0.6847725219726563, 'border_touch_fraction': 0.027381355703330498, 'skipped': 'fraction 0.68 exceeds sheet_fraction_max'}",1,0.04108261108398437,2.0,4.0,6,0.0,0.020765107226148428
sample_00301,True,True,"[320, 320, 320]",,uint8,LZW,554793,,"[320, 320, 320]",,uint8,LZW,35425222,,"[320, 320, 320]",uint8,"[0, 1, 2]",0.0937774658203125,0.019485260009765627,0.8867372741699219,3,0.9062225341796875,0.020690282235116233,"{'fraction': 0.019485260009765627, 'border_touch_fraction': 0.0, 'thickness': {'median': 2.0, 'p95': 4.0, 'max': 6.0, 'mean': 2.6608400344848633, 'saturated': 0.0001362583458236817}, 'components': {'n_components': 6, 'n_components_ge_min_size': 6, 'largest_component_fraction': 0.28777292781596664, 'fragment_fraction': 0.0, 'median_planarity': 0.002674984901704292, 'worst_planarity': 0.013316285126301616}}","{'fraction': 0.8867372741699219, 'border_touch_fraction': 0.021144932717023706, 'skipped': 'fraction 0.89 exceeds sheet_fraction_max'}",1,0.019485260009765627,2.0,4.0,6,0.0,0.013316285126301616
sample_00302,True,True,"[320, 320, 320]",,uint8,LZW,596953,,"[320, 320, 320]",,uint8,LZW,38042420,,"[320, 320, 320]",uint8,"[0, 1, 2]",0.0780316162109375,0.017763336181640624,0.9042050476074219,3,0.9219683837890625,0.020336922967946175,"{'fraction': 0.017763336181640624, 'border_touch_fraction': 0.0, 'thickness': {'median': 2.0, 'p95': 4.0, 'max': 6.0, 'mean': 2.6612000465393066, 'saturated': 7.559241258338788e-05}, 'components': {'n_components': 2, 'n_components_ge_min_size': 2, 'largest_component_fraction': 0.5101714745159079, 'fragment_fraction': 0.0, 'median_planarity': 0.0009067417965740048, 'worst_planarity': 0.0010596192789039873}}","{'fraction': 0.9042050476074219, 'border_touch_fraction': 0.02073644694819341, 'skipped': 'fraction 0.90 exceeds sheet_fraction_max'}",1,0.017763336181640624,2.0,4.0,2,0.0,0.0010596192789039873
sample_00303,True,True,"[320, 320, 320]",,uint8,LZW,845097,,"[320, 320, 320]",,uint8,LZW,35187460,,"[320, 320, 320]",uint8,"[0, 1, 2]",0.2884259948730469,0.036440185546875,0.6751338195800781,3,0.7115740051269531,0.026350035084059573,"{'fraction': 0.036440185546875, 'border_touch_fraction': 0.0, 'thickness': {'median': 2.0, 'p95': 4.0, 'max': 6.0, 'mean': 2.736330032348633, 'saturated': 0.0005477056659899906}, 'components': {'n_components': 8, 'n_components_ge_min_size': 8, 'largest_component_fraction': 0.25064317729584146, 'fragment_fraction': 0.0, 'median_planarity': 0.010545131420291325, 'worst_planarity': 0.04290846649955569}}","{'fraction': 0.6751338195800781, 'border_touch_fraction': 0.02777227189072262, 'skipped': 'fraction 0.68 exceeds sheet_fraction_max'}",1,0.036440185546875,2.0,4.0,8,0.0,0.04290846649955569
sample_00304,True,True,"[320, 320, 320]",,uint8,NONE,32821210,,"[320, 320, 320]",,uint8,LZW,33490090,,"[320, 320, 320]",uint8,"[0, 1, 2]",0.5971506042480469,0.09340597534179687,0.30944342041015627,3,0.4028493957519531,0.04654344824075386,"{'fraction': 0.09340597534179687, 'border_touch_fraction': 0.0, 'thickness': {'median': 2.0, 'p95': 4.0, 'max': 6.0, 'mean': 2.666019916534424, 'saturated': 0.0001016098462881531}, 'components': {'n_components': 12, 'n_components_ge_min_size': 12, 'largest_component_fraction': 0.09766764562798315, 'fragment_fraction': 0.0, 'median_planarity': 0.00984200614483616, 'worst_planarity': 0.016131898551924498}}","{'fraction': 0.30944342041015627, 'border_touch_fraction': 0.06059266012231749, 'skipped': 'fraction 0.31 exceeds sheet_fraction_max'}",1,0.09340597534179687,2.0,4.0,12,0.0,0.016131898551924498
sample_00305,True,True,"[320, 320, 320]",,uint8,NONE,32821210,,"[320, 320, 320]",,uint8,LZW,33219171,,"[320, 320, 320]",uint8,"[0, 1, 2]",0.37704843139648436,0.07316287231445312,0.5497886962890625,3,0.6229515686035156,0.03009864802496973,"{'fraction': 0.07316287231445312, 'border_touch_fraction': 0.0, 'thickness': {'median': 2.0, 'p95': 4.0, 'max': 6.0, 'mean': 2.6659700870513916, 'saturated': 9.42687518692117e-05}, 'components': {'n_components': 8, 'n_components_ge_min_size': 8, 'largest_component_fraction': 0.12585670899444856, 'fragment_fraction': 0.0, 'median_planarity': 0.023420879995357913, 'worst_planarity': 0.03136387142898208}}","{'fraction': 0.5497886962890625, 'border_touch_fraction': 0.034104011462145103, 'skipped': 'fraction 0.55 exceeds sheet_fraction_max'}",1,0.07316287231445312,2.0,4.0,8,0.0,0.03136387142898208
sample_00306,True,True,"[320, 320, 320]",,uint8,NONE,32821210,,"[320, 320, 320]",,uint8,LZW,36048092,,"[320, 320, 320]",uint8,"[0, 1, 2]",0.462869384765625,0.087376220703125,0.44975439453125,3,0.537130615234375,0.03490771046781332,"{'fraction': 0.087376220703125, 'border_touch_fraction': 0.0, 'thickness': {'median': 2.0, 'p95': 4.0, 'max': 6.0, 'mean': 2.6665000915527344, 'saturated': 6.321721855414886e-05}, 'components': {'n_components': 10, 'n_components_ge_min_size': 10, 'largest_component_fraction': 0.10532407730802223, 'fragment_fraction': 0.0, 'median_planarity': 0.003313357292665951, 'worst_planarity': 0.005358288193072504}}","{'fraction': 0.44975439453125, 'border_touch_fraction': 0.04168942033249484, 'skipped': 'fraction 0.45 exceeds sheet_fraction_max'}",1,0.087376220703125,2.0,4.0,10,0.0,0.005358288193072504
sample_00307,True,True,"[320, 320, 320]",,uint8,NONE,32821210,,"[320, 320, 320]",,uint8,LZW,33551412,,"[320, 320, 320]",uint8,"[0, 1, 2]",0.3041946716308594,0.046333587646484375,0.6494717407226562,3,0.6958053283691407,0.02694719231878704,"{'fraction': 0.046333587646484375, 'border_touch_fraction': 0.0, 'thickness': {'median': 2.0, 'p95': 4.0, 'max': 6.0, 'mean': 2.6839399337768555, 'saturated': 0.000266752905795388}, 'components': {'n_components': 7, 'n_components_ge_min_size': 7, 'largest_component_fraction': 0.1963584605788604, 'fragment_fraction': 0.0, 'median_planarity': 0.005913311623536742, 'worst_planarity': 0.007426081949488282}}","{'fraction': 0.6494717407226562, 'border_touch_fraction': 0.028869616373357818, 'skipped': 'fraction 0.65 exceeds sheet_fraction_max'}",1,0.046333587646484375,2.0,4.0,7,0.0,0.007426081949488282
sample_00308,True,True,"[320, 320, 320]",,uint8,NONE,32821210,,"[320, 320, 320]",,uint8,LZW,34500831,,"[320, 320, 320]",uint8,"[0, 1, 2]",0.38148898315429686,0.046616729736328126,0.571894287109375,3,0.6185110168457031,0.03031473892837299,"{'fraction': 0.046616729736328126, 'border_touch_fraction': 0.0, 'thickness': {'median': 2.0, 'p95': 4.0, 'max': 6.0, 'mean': 2.737030029296875, 'saturated': 0.0001466412924858776}, 'components': {'n_components': 5, 'n_components_ge_min_size': 5, 'largest_component_fraction': 0.23392952183809623, 'fragment_fraction': 0.0, 'median_planarity': 0.01210105471915434, 'worst_planarity': 0.023879713068117234}}","{'fraction': 0.571894287109375, 'border_touch_fraction': 0.03278577950965622, 'skipped': 'fraction 0.57 exceeds sheet_fraction_max'}",1,0.046616729736328126,2.0,4.0,5,0.0,0.023879713068117234
sample_00309,True,True,"[320, 320, 320]",,uint8,LZW,529017,,"[320, 320, 320]",,uint8,LZW,32178830,,"[320, 320, 320]",uint8,"[0, 1, 2]",0.2733863525390625,0.03643612670898438,0.6901775207519532,3,0.7266136474609375,0.025804635056772718,"{'fraction': 0.03643612670898438, 'border_touch_fraction': 0.0, 'thickness': {'median': 2.0, 'p95': 4.0, 'max': 6.0, 'mean': 2.6654698848724365, 'saturated': 0.00015746198088847086}, 'components': {'n_components': 4, 'n_components_ge_min_size': 4, 'largest_component_fraction': 0.25100277317350383, 'fragment_fraction': 0.0, 'median_planarity': 0.011383230214124424, 'worst_planarity': 0.015835783337530867}}","{'fraction': 0.6901775207519532, 'border_touch_fraction': 0.027166923633751134, 'skipped': 'fraction 0.69 exceeds sheet_fraction_max'}",1,0.03643612670898438,2.0,4.0,4,0.0,0.015835783337530867
sample_00310,True,True,"[320, 320, 320]",,uint8,NONE,32821210,,"[320, 320, 320]",,uint8,LZW,34363456,,"[320, 320, 320]",uint8,"[0, 1, 2]",0.2450367431640625,0.031364715576171875,0.7235985412597656,3,0.7549632568359375,0.024835645748617668,"{'fraction': 0.031364715576171875, 'border_touch_fraction': 0.0, 'thickness': {'median': 2.0, 'p95': 4.0, 'max': 6.0, 'mean': 2.7555999755859375, 'saturated': 0.00020238207595360392}, 'components': {'n_components': 6, 'n_components_ge_min_size': 6, 'largest_component_fraction': 0.3222438334278756, 'fragment_fraction': 0.0, 'median_planarity': 0.0019485768370105345, 'worst_planarity': 0.007499240098047503}}","{'fraction': 0.7235985412597656, 'border_touch_fraction': 0.025912158373559948, 'skipped': 'fraction 0.72 exceeds sheet_fraction_max'}",1,0.031364715576171875,2.0,4.0,6,0.0,0.007499240098047503
sample_00311,True,True,"[320, 320, 320]",,uint8,NONE,32821210,,"[320, 320, 320]",,uint8,LZW,36574421,,"[320, 320, 320]",uint8,"[0, 1, 2]",0.256824951171875,0.06344610595703125,0.6797289428710938,3,0.743175048828125,0.02522958760465105,"{'fraction': 0.06344610595703125, 'border_touch_fraction': 0.0, 'thickness': {'median': 2.0, 'p95': 4.0, 'max': 8.0, 'mean': 2.660439968109131, 'saturated': 2.4050000913900035e-06}, 'components': {'n_components': 7, 'n_components_ge_min_size': 7, 'largest_component_fraction': 0.1432812474446874, 'fragment_fraction': 0.0, 'median_planarity': 0.0025189062608912175, 'worst_planarity': 0.003144126470553356}}","{'fraction': 0.6797289428710938, 'border_touch_fraction': 0.027584524973737683, 'skipped': 'fraction 0.68 exceeds sheet_fraction_max'}",1,0.06344610595703125,2.0,4.0,7,0.0,0.003144126470553356
sample_00312,True,True,"[320, 320, 320]",,uint8,NONE,32821210,,"[320, 320, 320]",,uint8,LZW,37033452,,"[320, 320, 320]",uint8,"[0, 1, 2]",0.4773762817382812,0.09214541625976562,0.43047830200195314,3,0.5226237182617187,0.0358766725367225,"{'fraction': 0.09214541625976562, 'border_touch_fraction': 0.0, 'thickness': {'median': 2.0, 'p95': 4.0, 'max': 6.0, 'mean': 2.659519910812378, 'saturated': 9.273301073285243e-05}, 'components': {'n_components': 11, 'n_components_ge_min_size': 11, 'largest_component_fraction': 0.1009892293919927, 'fragment_fraction': 0.0, 'median_planarity': 0.002573170235815963, 'worst_planarity': 0.003991457732031254}}","{'fraction': 0.43047830200195314, 'border_touch_fraction': 0.04355620228197919, 'skipped': 'fraction 0.43 exceeds sheet_fraction_max'}",1,0.09214541625976562,2.0,4.0,11,0.0,0.003991457732031254
sample_00313,True,True,"[320, 320, 320]",,uint8,NONE,32821210,,"[320, 320, 320]",,uint8,LZW,36247935,,"[320, 320, 320]",uint8,"[0, 1, 2]",0.40223629760742186,0.05322756958007813,0.5445361328125,3,0.5977637023925781,0.03136690957472362,"{'fraction': 0.05322756958007813, 'border_touch_fraction': 0.0, 'thickness': {'median': 2.0, 'p95': 4.0, 'max': 6.0, 'mean': 2.7867400646209717, 'saturated': 4.0133909656275995e-06}, 'components': {'n_components': 13, 'n_components_ge_min_size': 13, 'largest_component_fraction': 0.1881139413161973, 'fragment_fraction': 0.0, 'median_planarity': 0.0030191934883371544, 'worst_planarity': 0.007555002008014884}}","{'fraction': 0.5445361328125, 'border_touch_fraction': 0.034432976748773776, 'skipped': 'fraction 0.54 exceeds sheet_fraction_max'}",1,0.05322756958007813,2.0,4.0,13,0.0,0.007555002008014884
sample_00314,True,True,"[320, 320, 320]",,uint8,NONE,32821210,,"[320, 320, 320]",,uint8,LZW,33375011,,"[320, 320, 320]",uint8,"[0, 1, 2]",0.616244140625,0.078922119140625,0.304833740234375,3,0.383755859375,0.04885918883567535,"{'fraction': 0.078922119140625, 'border_touch_fraction': 0.0, 'thickness': {'median': 2.0, 'p95': 4.0, 'max': 6.0, 'mean': 2.665250062942505, 'saturated': 0.00020880701591573478}, 'components': {'n_components': 12, 'n_components_ge_min_size': 12, 'largest_component_fraction': 0.11752045535396656, 'fragment_fraction': 0.0, 'median_planarity': 0.005940345478123596, 'worst_planarity': 0.009015229978764338}}","{'fraction': 0.304833740234375, 'border_touch_fraction': 0.06150893921907674, 'skipped': 'fraction 0.30 exceeds sheet_fraction_max'}",1,0.078922119140625,2.0,4.0,12,0.0,0.009015229978764338
sample_00315,True,True,"[320, 320, 320]",,uint8,NONE,32821210,,"[320, 320, 320]",,uint8,LZW,34848142,,"[320, 320, 320]",uint8,"[0, 1, 2]",0.706465576171875,0.0904979248046875,0.2030364990234375,3,0.293534423828125,0.0638766648063697,"{'fraction': 0.0904979248046875, 'border_touch_fraction': 0.0, 'thickness': {'median': 2.0, 'p95': 4.0, 'max': 6.0, 'mean': 2.7205700874328613, 'saturated': 6.74437081090268e-07}, 'components': {'n_components': 16, 'n_components_ge_min_size': 16, 'largest_component_fraction': 0.1080849493969858, 'fragment_fraction': 0.0, 'median_planarity': 0.0035563454120541137, 'worst_planarity': 0.009261470082055367}}","{'fraction': 0.2030364990234375, 'border_touch_fraction': 0.09234792803354827, 'thickness': {'median': 8.0, 'p95': 8.0, 'max': 8.0, 'mean': 6.917419910430908, 'saturated': 0.7298112158242023}, 'components': {'n_components': 1, 'n_components_ge_min_size': 1, 'largest_component_fraction': 1.0, 'fragment_fraction': 0.0, 'median_planarity': 0.2649819679727954, 'worst_planarity': 0.2649819679727954}}",1,0.0904979248046875,2.0,4.0,16,0.0,0.009261470082055367
sample_00316,True,True,"[320, 320, 320]",,uint8,NONE,32821210,,"[320, 320, 320]",,uint8,LZW,35830102,,"[320, 320, 320]",uint8,"[0, 1, 2]",0.5022771911621093,0.06858969116210938,0.4291331176757813,3,0.4977228088378906,0.03767157073588507,"{'fraction': 0.06858969116210938, 'border_touch_fraction': 0.0, 'thickness': {'median': 2.0, 'p95': 4.0, 'max': 6.0, 'mean': 2.7843399047851562, 'saturated': 0.00023314306664109805}, 'components': {'n_components': 16, 'n_components_ge_min_size': 16, 'largest_component_fraction': 0.1452049723543045, 'fragment_fraction': 0.0, 'median_planarity': 0.003095060928200461, 'worst_planarity': 0.009548943123412245}}","{'fraction': 0.4291331176757813, 'border_touch_fraction': 0.04369273595464148, 'skipped': 'fraction 0.43 exceeds sheet_fraction_max'}",1,0.06858969116210938,2.0,4.0,16,0.0,0.009548943123412245
sample_00317,True,True,"[320, 320, 320]",,uint8,NONE,32821210,,"[320, 320, 320]",,uint8,LZW,35280008,,"[320, 320, 320]",uint8,"[0, 1, 2]",0.7378577575683594,0.07864859008789063,0.18349365234375,3,0.26214224243164064,0.07152605328341721,"{'fraction': 0.07864859008789063, 'border_touch_fraction': 0.0, 'thickness': {'median': 2.0, 'p95': 4.0, 'max': 6.0, 'mean': 2.773159980773926, 'saturated': 3.802639885734552e-05}, 'components': {'n_components': 13, 'n_components_ge_min_size': 13, 'largest_component_fraction': 0.12714475679983797, 'fragment_fraction': 0.0, 'median_planarity': 0.0032436104500677067, 'worst_planarity': 0.01365946551386691}}","{'fraction': 0.18349365234375, 'border_touch_fraction': 0.10218337125294376, 'thickness': {'median': 8.0, 'p95': 8.0, 'max': 8.0, 'mean': 6.9761199951171875, 'saturated': 0.7435994025998217}, 'components': {'n_components': 1, 'n_components_ge_min_size': 1, 'largest_component_fraction': 1.0, 'fragment_fraction': 0.0, 'median_planarity': 0.2697037183024825, 'worst_planarity': 0.2697037183024825}}",1,0.07864859008789063,2.0,4.0,13,0.0,0.01365946551386691
sample_00318,True,True,"[320, 320, 320]",,uint8,NONE,32821210,,"[320, 320, 320]",,uint8,LZW,35863967,,"[320, 320, 320]",uint8,"[0, 1, 2]",0.220007568359375,0.06621875,0.713773681640625,3,0.779992431640625,0.024038694786514166,"{'fraction': 0.06621875, 'border_touch_fraction': 0.0, 'thickness': {'median': 2.0, 'p95': 4.0, 'max': 6.0, 'mean': 2.6462900638580322, 'saturated': 6.452041057102407e-06}, 'components': {'n_components': 10, 'n_components_ge_min_size': 10, 'largest_component_fraction': 0.13694595401722512, 'fragment_fraction': 0.0, 'median_planarity': 0.002745733767534104, 'worst_planarity': 0.005748044009988673}}","{'fraction': 0.713773681640625, 'border_touch_fraction': 0.026268830698412276, 'skipped': 'fraction 0.71 exceeds sheet_fraction_max'}",1,0.06621875,2.0,4.0,10,0.0,0.005748044009988673
sample_00319,True,True,"[320, 320, 320]",,uint8,NONE,32821210,,"[320, 320, 320]",,uint8,LZW,37153861,,"[320, 320, 320]",uint8,"[0, 1, 2]",0.2866549987792969,0.07562460327148438,0.6377203979492188,3,0.7133450012207031,0.02628461679539954,"{'fraction': 0.07562460327148438, 'border_touch_fraction': 0.0, 'thickness': {'median': 2.0, 'p95': 4.0, 'max': 4.0, 'mean': 2.655479907989502, 'saturated': 2.6633662447383384e-05}, 'components': {'n_components': 10, 'n_components_ge_min_size': 10, 'largest_component_fraction': 0.12015615397000969, 'fragment_fraction': 0.0, 'median_planarity': 0.0012518964009067633, 'worst_planarity': 0.004193781567180301}}","{'fraction': 0.6377203979492188, 'border_touch_fraction': 0.029401599917920535, 'skipped': 'fraction 0.64 exceeds sheet_fraction_max'}",1,0.07562460327148438,2.0,4.0,10,0.0,0.004193781567180301
sample_00320,True,True,"[320, 320, 320]",,uint8,NONE,32821210,,"[320, 320, 320]",,uint8,LZW,37465724,,"[320, 320, 320]",uint8,"[0, 1, 2]",0.6962315063476563,0.09783447265625,0.20593402099609376,3,0.30376849365234376,0.06172463699102039,"{'fraction': 0.09783447265625, 'border_touch_fraction': 0.0, 'thickness': {'median': 2.0, 'p95': 4.0, 'max': 6.0, 'mean': 2.7209999561309814, 'saturated': 1.2477229056971027e-06}, 'components': {'n_components': 12, 'n_components_ge_min_size': 12, 'largest_component_fraction': 0.1029567913557757, 'fragment_fraction': 0.0, 'median_planarity': 0.005031942667792524, 'worst_planarity': 0.009289233475243337}}","{'fraction': 0.20593402099609376, 'border_touch_fraction': 0.09104857909978681, 'thickness': {'median': 8.0, 'p95': 8.0, 'max': 8.0, 'mean': 7.0739898681640625, 'saturated': 0.7675393736201561}, 'components': {'n_components': 1, 'n_components_ge_min_size': 1, 'largest_component_fraction': 1.0, 'fragment_fraction': 0.0, 'median_planarity': 0.17537112157980686, 'worst_planarity': 0.17537112157980686}}",1,0.09783447265625,2.0,4.0,12,0.0,0.009289233475243337
sample_00321,True,True,"[320, 320, 320]",,uint8,NONE,32821210,,"[320, 320, 320]",,uint8,LZW,36045826,,"[320, 320, 320]",uint8,"[0, 1, 2]",0.5149472961425782,0.06579949951171875,0.4192532043457031,3,0.4850527038574219,0.03865559319820108,"{'fraction': 0.06579949951171875, 'border_touch_fraction': 0.0, 'thickness': {'median': 2.0, 'p95': 4.0, 'max': 6.0, 'mean': 2.7413699626922607, 'saturated': 0.0003047143059888188}, 'components': {'n_components': 10, 'n_components_ge_min_size': 10, 'largest_component_fraction': 0.150334536421476, 'fragment_fraction': 0.0, 'median_planarity': 0.003498403928822145, 'worst_planarity': 0.00535434915356815}}","{'fraction': 0.4192532043457031, 'border_touch_fraction': 0.04472237732627879, 'skipped': 'fraction 0.42 exceeds sheet_fraction_max'}",1,0.06579949951171875,2.0,4.0,10,0.0,0.00535434915356815
sample_00322,True,True,"[320, 320, 320]",,uint8,NONE,32821210,,"[320, 320, 320]",,uint8,LZW,34910079,,"[320, 320, 320]",uint8,"[0, 1, 2]",0.4704821472167969,0.05823773193359375,0.47128012084960935,3,0.5295178527832032,0.035409570992645426,"{'fraction': 0.05823773193359375, 'border_touch_fraction': 0.0, 'thickness': {'median': 2.0, 'p95': 4.0, 'max': 6.0, 'mean': 2.7306900024414062, 'saturated': 1.0480345683722032e-06}, 'components': {'n_components': 11, 'n_components_ge_min_size': 11, 'largest_component_fraction': 0.16649915580815516, 'fragment_fraction': 0.0, 'median_planarity': 0.005113024917744005, 'worst_planarity': 0.008645891565268701}}","{'fraction': 0.47128012084960935, 'border_touch_fraction': 0.039785255457408374, 'skipped': 'fraction 0.47 exceeds sheet_fraction_max'}",1,0.05823773193359375,2.0,4.0,11,0.0,0.008645891565268701
sample_00323,True,True,"[320, 320, 320]",,uint8,NONE,32821210,,"[320, 320, 320]",,uint8,LZW,35667555,,"[320, 320, 320]",uint8,"[0, 1, 2]",0.18839776611328124,0.06172018432617187,0.7498820495605468,3,0.8116022338867187,0.023102449965184638,"{'fraction': 0.06172018432617187, 'border_touch_fraction': 0.0, 'thickness': {'median': 2.0, 'p95': 4.0, 'max': 6.0, 'mean': 2.6466400623321533, 'saturated': 9.394560154110342e-06}, 'components': {'n_components': 12, 'n_components_ge_min_size': 12, 'largest_component_fraction': 0.14664216169818048, 'fragment_fraction': 0.0, 'median_planarity': 0.0027333679108529855, 'worst_planarity': 0.0072990797986784125}}","{'fraction': 0.7498820495605468, 'border_touch_fraction': 0.025003932299737082, 'skipped': 'fraction 0.75 exceeds sheet_fraction_max'}",1,0.06172018432617187,2.0,4.0,12,0.0,0.0072990797986784125
sample_00324,True,True,"[320, 320, 320]",,uint8,LZW,967945,,"[320, 320, 320]",,uint8,LZW,37083403,,"[320, 320, 320]",uint8,"[0, 1, 2]",0.16601412963867188,0.0452772216796875,0.7887086486816406,3,0.8339858703613281,0.02248239528551782,"{'fraction': 0.0452772216796875, 'border_touch_fraction': 0.0, 'thickness': {'median': 2.0, 'p95': 4.0, 'max': 6.0, 'mean': 2.662130117416382, 'saturated': 5.2573258814109046e-05}, 'components': {'n_components': 5, 'n_components_ge_min_size': 5, 'largest_component_fraction': 0.2004887965037435, 'fragment_fraction': 0.0, 'median_planarity': 0.00394372952115709, 'worst_planarity': 0.005359470817893186}}","{'fraction': 0.7887086486816406, 'border_touch_fraction': 0.023773037142855485, 'skipped': 'fraction 0.79 exceeds sheet_fraction_max'}",1,0.0452772216796875,2.0,4.0,5,0.0,0.005359470817893186
sample_00325,True,True,"[320, 320, 320]",,uint8,LZW,962441,,"[320, 320, 320]",,uint8,LZW,37097039,,"[320, 320, 320]",uint8,"[0, 1, 2]",0.3255323486328125,0.045703857421875,0.6287637939453125,3,0.6744676513671874,0.027799702420112506,"{'fraction': 0.045703857421875, 'border_touch_fraction': 0.0, 'thickness': {'median': 2.0, 'p95': 4.0, 'max': 8.0, 'mean': 2.6687700748443604, 'saturated': 6.677243420244334e-07}, 'components': {'n_components': 5, 'n_components_ge_min_size': 5, 'largest_component_fraction': 0.20275182555835108, 'fragment_fraction': 0.0, 'median_planarity': 0.0048793012423257644, 'worst_planarity': 0.008535790314845037}}","{'fraction': 0.6287637939453125, 'border_touch_fraction': 0.02982041933799834, 'skipped': 'fraction 0.63 exceeds sheet_fraction_max'}",1,0.045703857421875,2.0,4.0,5,0.0,0.008535790314845037
sample_00326,True,True,"[320, 320, 320]",,uint8,NONE,32821210,,"[320, 320, 320]",,uint8,LZW,34702868,,"[320, 320, 320]",uint8,"[0, 1, 2]",0.8525305480957032,0.09226754760742187,0.055201904296875,3,0.1474694519042969,0.12714497652143017,"{'fraction': 0.09226754760742187, 'border_touch_fraction': 0.0, 'thickness': {'median': 2.0, 'p95': 4.0, 'max': 6.0, 'mean': 2.6695399284362793, 'saturated': 0.00035125749853725396}, 'components': {'n_components': 14, 'n_components_ge_min_size': 14, 'largest_component_fraction': 0.09999427800873381, 'fragment_fraction': 0.0, 'median_planarity': 0.004723310388377313, 'worst_planarity': 0.009105041178423444}}","{'fraction': 0.055201904296875, 'border_touch_fraction': 0.3396621953322984, 'thickness': {'median': 4.0, 'p95': 6.0, 'max': 14.0, 'mean': 4.07459020614624, 'saturated': 4.422684835055969e-06}, 'components': {'n_components': 1, 'n_components_ge_min_size': 1, 'largest_component_fraction': 1.0, 'fragment_fraction': 0.0, 'median_planarity': 0.33223717243291884, 'worst_planarity': 0.33223717243291884}}",1,0.09226754760742187,2.0,4.0,14,0.0,0.009105041178423444
sample_00327,True,True,"[320, 320, 320]",,uint8,NONE,32821210,,"[320, 320, 320]",,uint8,LZW,35111383,,"[320, 320, 320]",uint8,"[0, 1, 2]",0.1763536376953125,0.03126339721679688,0.7923829650878906,3,0.8236463623046875,0.022764624307372226,"{'fraction': 0.03126339721679688, 'border_touch_fraction': 0.0, 'thickness': {'median': 2.0, 'p95': 4.0, 'max': 6.0, 'mean': 2.6521499156951904, 'saturated': 0.00019132422721118583}, 'components': {'n_components': 5, 'n_components_ge_min_size': 5, 'largest_component_fraction': 0.29401653002277345, 'fragment_fraction': 0.0, 'median_planarity': 0.002888030188075395, 'worst_planarity': 0.009285849623349383}}","{'fraction': 0.7923829650878906, 'border_touch_fraction': 0.023662800471638434, 'skipped': 'fraction 0.79 exceeds sheet_fraction_max'}",1,0.03126339721679688,2.0,4.0,5,0.0,0.009285849623349383
sample_00328,True,True,"[320, 320, 320]",,uint8,NONE,32821210,,"[320, 320, 320]",,uint8,LZW,36344854,,"[320, 320, 320]",uint8,"[0, 1, 2]",0.44231826782226563,0.06859402465820312,0.48908770751953123,3,0.5576817321777344,0.03362132721611963,"{'fraction': 0.06859402465820312, 'border_touch_fraction': 0.0, 'thickness': {'median': 2.0, 'p95': 4.0, 'max': 6.0, 'mean': 2.664030075073242, 'saturated': 0.00018285447853328462}, 'components': {'n_components': 10, 'n_components_ge_min_size': 10, 'largest_component_fraction': 0.13398739772272766, 'fragment_fraction': 0.0, 'median_planarity': 0.007902836449146178, 'worst_planarity': 0.012925577700110547}}","{'fraction': 0.48908770751953123, 'border_touch_fraction': 0.038336682177298916, 'skipped': 'fraction 0.49 exceeds sheet_fraction_max'}",1,0.06859402465820312,2.0,4.0,10,0.0,0.012925577700110547
sample_00329,True,True,"[320, 320, 320]",,uint8,NONE,32821210,,"[320, 320, 320]",,uint8,LZW,36951699,,"[320, 320, 320]",uint8,"[0, 1, 2]",0.7118322143554687,0.08748886108398438,0.20067892456054687,3,0.28816778564453127,0.06506625977661855,"{'fraction': 0.08748886108398438, 'border_touch_fraction': 0.0, 'thickness': {'median': 2.0, 'p95': 4.0, 'max': 6.0, 'mean': 2.6928598880767822, 'saturated': 2.4417170852176704e-06}, 'components': {'n_components': 13, 'n_components_ge_min_size': 13, 'largest_component_fraction': 0.11020166839040266, 'fragment_fraction': 0.0, 'median_planarity': 0.005133922060516787, 'worst_planarity': 0.014270173089191712}}","{'fraction': 0.20067892456054687, 'border_touch_fraction': 0.09343283078210306, 'thickness': {'median': 8.0, 'p95': 8.0, 'max': 8.0, 'mean': 7.047070026397705, 'saturated': 0.7596720239993419}, 'components': {'n_components': 1, 'n_components_ge_min_size': 1, 'largest_component_fraction': 1.0, 'fragment_fraction': 0.0, 'median_planarity': 0.25715077850961754, 'worst_planarity': 0.25715077850961754}}",1,0.08748886108398438,2.0,4.0,13,0.0,0.014270173089191712
sample_00330,True,True,"[320, 320, 320]",,uint8,LZW,1371897,,"[320, 320, 320]",,uint8,LZW,35503622,,"[320, 320, 320]",uint8,"[0, 1, 2]",0.7153759460449218,0.07961761474609375,0.20500643920898437,3,0.2846240539550781,0.06587637179449102,"{'fraction': 0.07961761474609375, 'border_touch_fraction': 0.0, 'thickness': {'median': 2.0, 'p95': 4.0, 'max': 6.0, 'mean': 2.6715099811553955, 'saturated': 0.00010885772219049335}, 'components': {'n_components': 9, 'n_components_ge_min_size': 9, 'largest_component_fraction': 0.1158341989566524, 'fragment_fraction': 0.0, 'median_planarity': 0.005826809899978187, 'worst_planarity': 0.007767126270887462}}","{'fraction': 0.20500643920898437, 'border_touch_fraction': 0.09146054178759808, 'thickness': {'median': 8.0, 'p95': 8.0, 'max': 8.0, 'mean': 7.0539398193359375, 'saturated': 0.7636404451496512}, 'components': {'n_components': 1, 'n_components_ge_min_size': 1, 'largest_component_fraction': 1.0, 'fragment_fraction': 0.0, 'median_planarity': 0.1771035668696708, 'worst_planarity': 0.1771035668696708}}",1,0.07961761474609375,2.0,4.0,9,0.0,0.007767126270887462
sample_00331,True,True,"[320, 320, 320]",,uint8,NONE,32821210,,"[320, 320, 320]",,uint8,LZW,33325543,,"[320, 320, 320]",uint8,"[0, 1, 2]",0.5131656799316406,0.03373779296875,0.45309652709960935,3,0.48683432006835936,0.03851412940108084,"{'fraction': 0.03373779296875, 'border_touch_fraction': 0.0, 'thickness': {'median': 2.0, 'p95': 4.0, 'max': 6.0, 'mean': 2.6931300163269043, 'saturated': 0.00013296910051378537}, 'components': {'n_components': 5, 'n_components_ge_min_size': 5, 'largest_component_fraction': 0.27771546421593457, 'fragment_fraction': 0.0, 'median_planarity': 0.004469511160257122, 'worst_planarity': 0.008501452482760389}}","{'fraction': 0.45309652709960935, 'border_touch_fraction': 0.04138191064942322, 'skipped': 'fraction 0.45 exceeds sheet_fraction_max'}",1,0.03373779296875,2.0,4.0,5,0.0,0.008501452482760389
sample_00332,True,True,"[320, 320, 320]",,uint8,LZW,1241257,,"[320, 320, 320]",,uint8,LZW,35062331,,"[320, 320, 320]",uint8,"[0, 1, 2]",0.5923871459960938,0.06334799194335937,0.34426486206054685,3,0.40761285400390623,0.04599953072093334,"{'fraction': 0.06334799194335937, 'border_touch_fraction': 0.0, 'thickness': {'median': 2.0, 'p95': 4.0, 'max': 6.0, 'mean': 2.7001700401306152, 'saturated': 7.322523939113214e-05}, 'components': {'n_components': 7, 'n_components_ge_min_size': 7, 'largest_component_fraction': 0.1532729514155354, 'fragment_fraction': 0.0, 'median_planarity': 0.029453300669487755, 'worst_planarity': 0.04780591810132305}}","{'fraction': 0.34426486206054685, 'border_touch_fraction': 0.054463879606459466, 'skipped': 'fraction 0.34 exceeds sheet_fraction_max'}",1,0.06334799194335937,2.0,4.0,7,0.0,0.04780591810132305
sample_00333,True,True,"[320, 320, 320]",,uint8,NONE,32821210,,"[320, 320, 320]",,uint8,LZW,34367879,,"[320, 320, 320]",uint8,"[0, 1, 2]",0.6584104919433593,0.057421478271484375,0.28416802978515626,3,0.3415895080566406,0.05489044469390134,"{'fraction': 0.057421478271484375, 'border_touch_fraction': 0.0, 'thickness': {'median': 2.0, 'p95': 4.0, 'max': 6.0, 'mean': 2.746929883956909, 'saturated': 0.00017750972981849897}, 'components': {'n_components': 11, 'n_components_ge_min_size': 11, 'largest_component_fraction': 0.1828860424737203, 'fragment_fraction': 0.0, 'median_planarity': 0.0121372731039129, 'worst_planarity': 0.04525473782997164}}","{'fraction': 0.28416802978515626, 'border_touch_fraction': 0.06598208818274118, 'skipped': 'fraction 0.28 exceeds sheet_fraction_max'}",1,0.057421478271484375,2.0,4.0,11,0.0,0.04525473782997164
sample_00334,True,True,"[320, 320, 320]",,uint8,NONE,32821210,,"[320, 320, 320]",,uint8,LZW,33362887,,"[320, 320, 320]",uint8,"[0, 1, 2]",0.6261610412597656,0.05863180541992188,0.3152071533203125,3,0.3738389587402344,0.050155286284725126,"{'fraction': 0.05863180541992188, 'border_touch_fraction': 0.0, 'thickness': {'median': 2.0, 'p95': 4.0, 'max': 8.0, 'mean': 2.7422900199890137, 'saturated': 1.5614858474730213e-06}, 'components': {'n_components': 7, 'n_components_ge_min_size': 7, 'largest_component_fraction': 0.17850750059726833, 'fragment_fraction': 0.0, 'median_planarity': 0.019814909334407865, 'worst_planarity': 0.023171048917541723}}","{'fraction': 0.3152071533203125, 'border_touch_fraction': 0.05948469063119995, 'skipped': 'fraction 0.32 exceeds sheet_fraction_max'}",1,0.05863180541992188,2.0,4.0,7,0.0,0.023171048917541723
sample_00335,True,True,"[320, 320, 320]",,uint8,LZW,1447081,,"[320, 320, 320]",,uint8,LZW,35476773,,"[320, 320, 320]",uint8,"[0, 1, 2]",0.7267604370117188,0.07962030029296875,0.1936192626953125,3,0.2732395629882812,0.0686211022845332,"{'fraction': 0.07962030029296875, 'border_touch_fraction': 0.0, 'thickness': {'median': 2.0, 'p95': 4.0, 'max': 6.0, 'mean': 2.751339912414551, 'saturated': 0.00043349975737811986}, 'components': {'n_components': 11, 'n_components_ge_min_size': 11, 'largest_component_fraction': 0.1317229833062348, 'fragment_fraction': 0.0, 'median_planarity': 0.0056561683458193675, 'worst_planarity': 0.010197238821255724}}","{'fraction': 0.1936192626953125, 'border_touch_fraction': 0.09683953827210776, 'thickness': {'median': 8.0, 'p95': 8.0, 'max': 8.0, 'mean': 7.023650169372559, 'saturated': 0.7563234137954731}, 'components': {'n_components': 1, 'n_components_ge_min_size': 1, 'largest_component_fraction': 1.0, 'fragment_fraction': 0.0, 'median_planarity': 0.2500286147808289, 'worst_planarity': 0.2500286147808289}}",1,0.07962030029296875,2.0,4.0,11,0.0,0.010197238821255724
sample_00336,True,True,"[320, 320, 320]",,uint8,LZW,1083241,,"[320, 320, 320]",,uint8,LZW,36107648,,"[320, 320, 320]",uint8,"[0, 1, 2]",0.23782955932617186,0.04629183959960938,0.7158786010742187,3,0.7621704406738281,0.024600796618960048,"{'fraction': 0.04629183959960938, 'border_touch_fraction': 0.0, 'thickness': {'median': 2.0, 'p95': 4.0, 'max': 6.0, 'mean': 2.7370800971984863, 'saturated': 0.0002716081775157213}, 'components': {'n_components': 6, 'n_components_ge_min_size': 6, 'largest_component_fraction': 0.21445245571369334, 'fragment_fraction': 0.0, 'median_planarity': 0.004045142025462885, 'worst_planarity': 0.005425254948239579}}","{'fraction': 0.7158786010742187, 'border_touch_fraction': 0.026191591663536948, 'skipped': 'fraction 0.72 exceeds sheet_fraction_max'}",1,0.04629183959960938,2.0,4.0,6,0.0,0.005425254948239579
sample_00337,True,True,"[320, 320, 320]",,uint8,NONE,32821210,,"[320, 320, 320]",,uint8,LZW,32140881,,"[320, 320, 320]",uint8,"[0, 1, 2]",0.5675131530761719,0.04989132690429687,0.38259552001953123,3,0.4324868469238281,0.043353919624062806,"{'fraction': 0.04989132690429687, 'border_touch_fraction': 0.0, 'thickness': {'median': 2.0, 'p95': 4.0, 'max': 8.0, 'mean': 2.700429916381836, 'saturated': 1.9573792893367483e-05}, 'components': {'n_components': 7, 'n_components_ge_min_size': 7, 'largest_component_fraction': 0.19306243611756266, 'fragment_fraction': 0.0, 'median_planarity': 0.012985423164157966, 'worst_planarity': 0.03134872635238853}}","{'fraction': 0.38259552001953123, 'border_touch_fraction': 0.049007369451275394, 'skipped': 'fraction 0.38 exceeds sheet_fraction_max'}",1,0.04989132690429687,2.0,4.0,7,0.0,0.03134872635238853
sample_00339,True,True,"[320, 320, 320]",,uint8,NONE,32821210,,"[320, 320, 320]",,uint8,LZW,32569192,,"[320, 320, 320]",uint8,"[0, 1, 2]",0.3354630432128906,0.04329229736328125,0.6212446594238281,3,0.6645369567871093,0.028215135077892646,"{'fraction': 0.04329229736328125, 'border_touch_fraction': 0.0, 'thickness': {'median': 2.0, 'p95': 4.0, 'max': 6.0, 'mean': 2.6584599018096924, 'saturated': 0.00013816419263472065}, 'components': {'n_components': 7, 'n_components_ge_min_size': 7, 'largest_component_fraction': 0.2153338286566634, 'fragment_fraction': 0.0, 'median_planarity': 0.005865619965088649, 'worst_planarity': 0.011073344348927231}}","{'fraction': 0.6212446594238281, 'border_touch_fraction': 0.030181345973081915, 'skipped': 'fraction 0.62 exceeds sheet_fraction_max'}",1,0.04329229736328125,2.0,4.0,7,0.0,0.011073344348927231
sample_00340,True,True,"[320, 320, 320]",,uint8,NONE,32821210,,"[320, 320, 320]",,uint8,LZW,29007515,,"[320, 320, 320]",uint8,"[0, 1, 2]",0.7778821105957031,0.06432296752929688,0.157794921875,3,0.2221178894042969,0.08441463247416073,"{'fraction': 0.06432296752929688, 'border_touch_fraction': 0.0, 'thickness': {'median': 2.0, 'p95': 4.0, 'max': 10.0, 'mean': 2.739229917526245, 'saturated': 2.324770428920144e-05}, 'components': {'n_components': 10, 'n_components_ge_min_size': 10, 'largest_component_fraction': 0.1797246807592036, 'fragment_fraction': 0.0, 'median_planarity': 0.011461931628257274, 'worst_planarity': 0.02250254786197314}}","{'fraction': 0.157794921875, 'border_touch_fraction': 0.11882511665903381, 'thickness': {'median': 8.0, 'p95': 8.0, 'max': 8.0, 'mean': 6.727200031280518, 'saturated': 0.6813922265475115}, 'components': {'n_components': 1, 'n_components_ge_min_size': 1, 'largest_component_fraction': 1.0, 'fragment_fraction': 0.0, 'median_planarity': 0.22635631658652422, 'worst_planarity': 0.22635631658652422}}",1,0.06432296752929688,2.0,4.0,10,0.0,0.02250254786197314
sample_00341,True,True,"[320, 320, 320]",,uint8,NONE,32821210,,"[320, 320, 320]",,uint8,LZW,29778891,,"[320, 320, 320]",uint8,"[0, 1, 2]",0.49441094970703126,0.048451629638671875,0.45713742065429686,3,0.5055890502929687,0.03708545505314073,"{'fraction': 0.048451629638671875, 'border_touch_fraction': 0.0, 'thickness': {'median': 2.0, 'p95': 4.0, 'max': 8.0, 'mean': 2.783210039138794, 'saturated': 2.0155410814511643e-05}, 'components': {'n_components': 6, 'n_components_ge_min_size': 6, 'largest_component_fraction': 0.215982233005367, 'fragment_fraction': 0.0, 'median_planarity': 0.00954126159366958, 'worst_planarity': 0.014516374655666712}}","{'fraction': 0.45713742065429686, 'border_touch_fraction': 0.04101611277668603, 'skipped': 'fraction 0.46 exceeds sheet_fraction_max'}",1,0.048451629638671875,2.0,4.0,6,0.0,0.014516374655666712
sample_00342,True,True,"[320, 320, 320]",,uint8,NONE,32821210,,"[320, 320, 320]",,uint8,LZW,31284059,,"[320, 320, 320]",uint8,"[0, 1, 2]",0.26739682006835935,0.028611968994140625,0.7039912109375,3,0.7326031799316406,0.025593664501633157,"{'fraction': 0.028611968994140625, 'border_touch_fraction': 0.0, 'thickness': {'median': 2.0, 'p95': 4.0, 'max': 6.0, 'mean': 2.7027599811553955, 'saturated': 0.0007647535029870184}, 'components': {'n_components': 3, 'n_components_ge_min_size': 3, 'largest_component_fraction': 0.33784719222404613, 'fragment_fraction': 0.0, 'median_planarity': 0.020923805425344954, 'worst_planarity': 0.024573094412075145}}","{'fraction': 0.7039912109375, 'border_touch_fraction': 0.02663385523667371, 'skipped': 'fraction 0.70 exceeds sheet_fraction_max'}",1,0.028611968994140625,2.0,4.0,3,0.0,0.024573094412075145
sample_00345,True,True,"[320, 320, 320]",,uint8,NONE,32821210,,"[320, 320, 320]",,uint8,LZW,30279897,,"[320, 320, 320]",uint8,"[0, 1, 2]",0.8603878784179687,0.08441021728515626,0.055201904296875,3,0.13961212158203126,0.1343006594809402,"{'fraction': 0.08441021728515626, 'border_touch_fraction': 0.0, 'thickness': {'median': 2.0, 'p95': 4.0, 'max': 12.0, 'mean': 2.752120018005371, 'saturated': 4.338466944858808e-06}, 'components': {'n_components': 16, 'n_components_ge_min_size': 16, 'largest_component_fraction': 0.12340986147998123, 'fragment_fraction': 0.0, 'median_planarity': 0.010227334291267483, 'worst_planarity': 0.03325603929716363}}","{'fraction': 0.055201904296875, 'border_touch_fraction': 0.3396621953322984, 'thickness': {'median': 4.0, 'p95': 6.0, 'max': 14.0, 'mean': 4.07459020614624, 'saturated': 4.422684835055969e-06}, 'components': {'n_components': 1, 'n_components_ge_min_size': 1, 'largest_component_fraction': 1.0, 'fragment_fraction': 0.0, 'median_planarity': 0.33223717243291884, 'worst_planarity': 0.33223717243291884}}",1,0.08441021728515626,2.0,4.0,16,0.0,0.03325603929716363
sample_00346,True,True,"[320, 320, 320]",,uint8,NONE,32821210,,"[320, 320, 320]",,uint8,LZW,29253111,,"[320, 320, 320]",uint8,"[0, 1, 2]",0.4449692993164063,0.061080078125,0.49395062255859373,3,0.5550307006835937,0.03378191508488971,"{'fraction': 0.061080078125, 'border_touch_fraction': 0.0, 'thickness': {'median': 2.0, 'p95': 4.0, 'max': 8.0, 'mean': 2.6677300930023193, 'saturated': 0.0001029242477536533}, 'components': {'n_components': 9, 'n_components_ge_min_size': 9, 'largest_component_fraction': 0.1523923392383206, 'fragment_fraction': 0.0, 'median_planarity': 0.004153237259909045, 'worst_planarity': 0.02750072749007522}}","{'fraction': 0.49395062255859373, 'border_touch_fraction': 0.037959259779606465, 'skipped': 'fraction 0.49 exceeds sheet_fraction_max'}",1,0.061080078125,2.0,4.0,9,0.0,0.02750072749007522
sample_00347,True,True,"[320, 320, 320]",,uint8,NONE,32821210,,"[320, 320, 320]",,uint8,LZW,30176715,,"[320, 320, 320]",uint8,"[0, 1, 2]",0.2778265380859375,0.03734512329101562,0.6848283386230469,3,0.7221734619140625,0.02596329135427469,"{'fraction': 0.03734512329101562, 'border_touch_fraction': 0.0, 'thickness': {'median': 2.0, 'p95': 4.0, 'max': 8.0, 'mean': 2.7192800045013428, 'saturated': 2.4515311855196226e-06}, 'components': {'n_components': 7, 'n_components_ge_min_size': 7, 'largest_component_fraction': 0.3384224396821181, 'fragment_fraction': 0.0, 'median_planarity': 0.01178419839839351, 'worst_planarity': 0.046684958135050476}}","{'fraction': 0.6848283386230469, 'border_touch_fraction': 0.02737912399726298, 'skipped': 'fraction 0.68 exceeds sheet_fraction_max'}",1,0.03734512329101562,2.0,4.0,7,0.0,0.046684958135050476
sample_00348,True,True,"[320, 320, 320]",,uint8,LZW,832745,,"[320, 320, 320]",,uint8,LZW,30591373,,"[320, 320, 320]",uint8,"[0, 1, 2]",0.1685216064453125,0.029273712158203125,0.8022046813964844,3,0.8314783935546874,0.022550195104699116,"{'fraction': 0.029273712158203125, 'border_touch_fraction': 0.0, 'thickness': {'median': 2.0, 'p95': 4.0, 'max': 8.0, 'mean': 2.77701997756958, 'saturated': 1.3552381518304575e-05}, 'components': {'n_components': 4, 'n_components_ge_min_size': 4, 'largest_component_fraction': 0.35876385600698885, 'fragment_fraction': 0.0, 'median_planarity': 0.0117147546635762, 'worst_planarity': 0.01746069280968846}}","{'fraction': 0.8022046813964844, 'border_touch_fraction': 0.023373087236738446, 'skipped': 'fraction 0.80 exceeds sheet_fraction_max'}",1,0.029273712158203125,2.0,4.0,4,0.0,0.01746069280968846
sample_00349,True,True,"[320, 320, 320]",,uint8,NONE,32821210,,"[320, 320, 320]",,uint8,LZW,30408550,,"[320, 320, 320]",uint8,"[0, 1, 2]",0.382536376953125,0.03475811767578125,0.5827055053710938,3,0.617463623046875,0.030366161341583334,"{'fraction': 0.03475811767578125, 'border_touch_fraction': 0.0, 'thickness': {'median': 2.0, 'p95': 4.0, 'max': 8.0, 'mean': 2.6809499263763428, 'saturated': 8.779985846662816e-07}, 'components': {'n_components': 4, 'n_components_ge_min_size': 4, 'largest_component_fraction': 0.2792395478658488, 'fragment_fraction': 0.0, 'median_planarity': 0.015398341730545512, 'worst_planarity': 0.03279874124555562}}","{'fraction': 0.5827055053710938, 'border_touch_fraction': 0.032177489018332055, 'skipped': 'fraction 0.58 exceeds sheet_fraction_max'}",1,0.03475811767578125,2.0,4.0,4,0.0,0.03279874124555562
sample_00351,True,True,"[320, 320, 320]",,uint8,LZW,754169,,"[320, 320, 320]",,uint8,LZW,27689443,,"[320, 320, 320]",uint8,"[0, 1, 2]",0.21066888427734376,0.02517169189453125,0.764159423828125,3,0.7893311157226562,0.02375428971000822,"{'fraction': 0.02517169189453125, 'border_touch_fraction': 0.0, 'thickness': {'median': 2.0, 'p95': 4.0, 'max': 6.0, 'mean': 2.7533299922943115, 'saturated': 1.2123769134338636e-06}, 'components': {'n_components': 8, 'n_components_ge_min_size': 8, 'largest_component_fraction': 0.3742231694927173, 'fragment_fraction': 0.0, 'median_planarity': 0.020658991217068396, 'worst_planarity': 0.03249358086645542}}","{'fraction': 0.764159423828125, 'border_touch_fraction': 0.024536764731723386, 'skipped': 'fraction 0.76 exceeds sheet_fraction_max'}",1,0.02517169189453125,2.0,4.0,8,0.0,0.03249358086645542
sample_00352,True,True,"[320, 320, 320]",,uint8,NONE,32821210,,"[320, 320, 320]",,uint8,LZW,30399602,,"[320, 320, 320]",uint8,"[0, 1, 2]",0.2357057189941406,0.04065225219726563,0.7236420288085937,3,0.7642942810058594,0.02453243530139179,"{'fraction': 0.04065225219726563, 'border_touch_fraction': 0.0, 'thickness': {'median': 2.0, 'p95': 4.0, 'max': 8.0, 'mean': 2.7066500186920166, 'saturated': 1.726606175394661e-05}, 'components': {'n_components': 6, 'n_components_ge_min_size': 6, 'largest_component_fraction': 0.2379511040145095, 'fragment_fraction': 0.0, 'median_planarity': 0.006673972322529278, 'worst_planarity': 0.034355760938591585}}","{'fraction': 0.7236420288085937, 'border_touch_fraction': 0.025910601172336623, 'skipped': 'fraction 0.72 exceeds sheet_fraction_max'}",1,0.04065225219726563,2.0,4.0,6,0.0,0.034355760938591585
sample_00353,True,True,"[320, 320, 320]",,uint8,NONE,32821210,,"[320, 320, 320]",,uint8,LZW,30598724,,"[320, 320, 320]",uint8,"[0, 1, 2]",0.6886521301269531,0.048197998046875,0.2631498718261719,3,0.31134786987304686,0.060222027559222985,"{'fraction': 0.048197998046875, 'border_touch_fraction': 0.0, 'thickness': {'median': 2.0, 'p95': 4.0, 'max': 8.0, 'mean': 2.702820062637329, 'saturated': 8.167906837741048e-05}, 'components': {'n_components': 10, 'n_components_ge_min_size': 10, 'largest_component_fraction': 0.21795141298456583, 'fragment_fraction': 0.0, 'median_planarity': 0.01633497438903169, 'worst_planarity': 0.05693402732361634}}","{'fraction': 0.2631498718261719, 'border_touch_fraction': 0.07125217226929006, 'skipped': 'fraction 0.26 exceeds sheet_fraction_max'}",1,0.048197998046875,2.0,4.0,10,0.0,0.05693402732361634
sample_00354,True,True,"[320, 320, 320]",,uint8,LZW,734921,,"[320, 320, 320]",,uint8,LZW,32014297,,"[320, 320, 320]",uint8,"[0, 1, 2]",0.154640380859375,0.02742437744140625,0.8179352416992187,3,0.845359619140625,0.02217990968040425,"{'fraction': 0.02742437744140625, 'border_touch_fraction': 0.0, 'thickness': {'median': 2.0, 'p95': 4.0, 'max': 6.0, 'mean': 2.6659600734710693, 'saturated': 0.0001769336398699371}, 'components': {'n_components': 3, 'n_components_ge_min_size': 3, 'largest_component_fraction': 0.33444241422056836, 'fragment_fraction': 0.0, 'median_planarity': 0.004425738879171568, 'worst_planarity': 0.006372958217697509}}","{'fraction': 0.8179352416992187, 'border_touch_fraction': 0.02292357517332036, 'skipped': 'fraction 0.82 exceeds sheet_fraction_max'}",1,0.02742437744140625,2.0,4.0,3,0.0,0.006372958217697509
sample_00355,True,True,"[320, 320, 320]",,uint8,NONE,32821210,,"[320, 320, 320]",,uint8,LZW,26554018,,"[320, 320, 320]",uint8,"[0, 1, 2]",0.2764310302734375,0.017015411376953126,0.7065535583496094,3,0.7235689697265625,0.0259132173773091,"{'fraction': 0.017015411376953126, 'border_touch_fraction': 0.0, 'thickness': {'median': 2.0, 'p95': 4.0, 'max': 8.0, 'mean': 2.708120107650757, 'saturated': 0.00047707784439729467}, 'components': {'n_components': 2, 'n_components_ge_min_size': 2, 'largest_component_fraction': 0.5758024682501107, 'fragment_fraction': 0.0, 'median_planarity': 0.02315881321399487, 'worst_planarity': 0.030366894701959142}}","{'fraction': 0.7065535583496094, 'border_touch_fraction': 0.02653726639463377, 'skipped': 'fraction 0.71 exceeds sheet_fraction_max'}",1,0.017015411376953126,2.0,4.0,2,0.0,0.030366894701959142
sample_00356,True,True,"[320, 320, 320]",,uint8,NONE,32821210,,"[320, 320, 320]",,uint8,LZW,26772624,,"[320, 320, 320]",uint8,"[0, 1, 2]",0.4565635375976563,0.03905023193359375,0.50438623046875,3,0.5434364624023438,0.03450265357078317,"{'fraction': 0.03905023193359375, 'border_touch_fraction': 0.0, 'thickness': {'median': 2.0, 'p95': 4.0, 'max': 8.0, 'mean': 2.7230100631713867, 'saturated': 7.033458945700134e-06}, 'components': {'n_components': 4, 'n_components_ge_min_size': 4, 'largest_component_fraction': 0.2679091402143486, 'fragment_fraction': 0.0, 'median_planarity': 0.03009278173079253, 'worst_planarity': 0.07823374569774812}}","{'fraction': 0.50438623046875, 'border_touch_fraction': 0.03717389347162538, 'skipped': 'fraction 0.50 exceeds sheet_fraction_max'}",1,0.03905023193359375,2.0,4.0,4,0.0,0.07823374569774812
sample_00357,True,True,"[320, 320, 320]",,uint8,NONE,32821210,,"[320, 320, 320]",,uint8,LZW,31009256,,"[320, 320, 320]",uint8,"[0, 1, 2]",0.5121029663085938,0.048451416015625,0.4394456176757813,3,0.48789703369140625,0.03843023979493864,"{'fraction': 0.048451416015625, 'border_touch_fraction': 0.0, 'thickness': {'median': 2.0, 'p95': 4.0, 'max': 8.0, 'mean': 2.718019962310791, 'saturated': 0.00012912116982520143}, 'components': {'n_components': 9, 'n_components_ge_min_size': 9, 'largest_component_fraction': 0.2178847306973299, 'fragment_fraction': 0.0, 'median_planarity': 0.01612230618415049, 'worst_planarity': 0.02483785811817167}}","{'fraction': 0.4394456176757813, 'border_touch_fraction': 0.04266739556800762, 'skipped': 'fraction 0.44 exceeds sheet_fraction_max'}",1,0.048451416015625,2.0,4.0,9,0.0,0.02483785811817167
sample_00358,True,True,"[320, 320, 320]",,uint8,NONE,32821210,,"[320, 320, 320]",,uint8,LZW,26734238,,"[320, 320, 320]",uint8,"[0, 1, 2]",0.8865547485351563,0.05824334716796875,0.055201904296875,3,0.11344525146484374,0.1652779623465382,"{'fraction': 0.05824334716796875, 'border_touch_fraction': 0.0, 'thickness': {'median': 2.0, 'p95': 4.0, 'max': 8.0, 'mean': 2.6886699199676514, 'saturated': 1.0479335274804849e-06}, 'components': {'n_components': 12, 'n_components_ge_min_size': 12, 'largest_component_fraction': 0.163230841941234, 'fragment_fraction': 0.0, 'median_planarity': 0.015316352643891994, 'worst_planarity': 0.033923706760778854}}","{'fraction': 0.055201904296875, 'border_touch_fraction': 0.3396621953322984, 'thickness': {'median': 4.0, 'p95': 6.0, 'max': 14.0, 'mean': 4.07459020614624, 'saturated': 4.422684835055969e-06}, 'components': {'n_components': 1, 'n_components_ge_min_size': 1, 'largest_component_fraction': 1.0, 'fragment_fraction': 0.0, 'median_planarity': 0.33223717243291884, 'worst_planarity': 0.33223717243291884}}",1,0.05824334716796875,2.0,4.0,12,0.0,0.033923706760778854
sample_00359,True,True,"[320, 320, 320]",,uint8,NONE,32821210,,"[320, 320, 320]",,uint8,LZW,27754440,,"[320, 320, 320]",uint8,"[0, 1, 2]",0.4704325256347656,0.036280029296875,0.49328744506835936,3,0.5295674743652343,0.03540625304164436,"{'fraction': 0.036280029296875, 'border_touch_fraction': 0.0, 'thickness': {'median': 2.0, 'p95': 4.0, 'max': 10.0, 'mean': 2.7036099433898926, 'saturated': 1.177634368081398e-05}, 'components': {'n_components': 6, 'n_components_ge_min_size': 6, 'largest_component_fraction': 0.26499717367751663, 'fragment_fraction': 0.0, 'median_planarity': 0.01815053190862844, 'worst_planarity': 0.035274021191710914}}","{'fraction': 0.49328744506835936, 'border_touch_fraction': 0.03801029235074418, 'skipped': 'fraction 0.49 exceeds sheet_fraction_max'}",1,0.036280029296875,2.0,4.0,6,0.0,0.035274021191710914
sample_00360,True,True,"[320, 320, 320]",,uint8,NONE,32821210,,"[320, 320, 320]",,uint8,LZW,31635762,,"[320, 320, 320]",uint8,"[0, 1, 2]",0.293192138671875,0.03700469970703125,0.6698031616210938,3,0.706807861328125,0.02652771852985318,"{'fraction': 0.03700469970703125, 'border_touch_fraction': 0.0, 'thickness': {'median': 2.0, 'p95': 4.0, 'max': 6.0, 'mean': 2.766239881515503, 'saturated': 0.0004989402673660077}, 'components': {'n_components': 5, 'n_components_ge_min_size': 5, 'largest_component_fraction': 0.29976578671746784, 'fragment_fraction': 0.0, 'median_planarity': 0.007488199918818911, 'worst_planarity': 0.01915806118597772}}","{'fraction': 0.6698031616210938, 'border_touch_fraction': 0.027993298739618127, 'skipped': 'fraction 0.67 exceeds sheet_fraction_max'}",1,0.03700469970703125,2.0,4.0,5,0.0,0.01915806118597772
sample_00361,True,True,"[320, 320, 320]",,uint8,NONE,32821210,,"[320, 320, 320]",,uint8,LZW,28166246,,"[320, 320, 320]",uint8,"[0, 1, 2]",0.3202230224609375,0.04104400634765625,0.6387329711914063,3,0.6797769775390625,0.027582575785192073,"{'fraction': 0.04104400634765625, 'border_touch_fraction': 0.0, 'thickness': {'median': 2.0, 'p95': 4.0, 'max': 10.0, 'mean': 2.750149965286255, 'saturated': 1.2640063051608633e-05}, 'components': {'n_components': 7, 'n_components_ge_min_size': 7, 'largest_component_fraction': 0.2613846073773356, 'fragment_fraction': 0.0, 'median_planarity': 0.02262970031038205, 'worst_planarity': 0.06893862365971103}}","{'fraction': 0.6387329711914063, 'border_touch_fraction': 0.029354990028190156, 'skipped': 'fraction 0.64 exceeds sheet_fraction_max'}",1,0.04104400634765625,2.0,4.0,7,0.0,0.06893862365971103
sample_00362,True,True,"[320, 320, 320]",,uint8,NONE,32821210,,"[320, 320, 320]",,uint8,LZW,27999525,,"[320, 320, 320]",uint8,"[0, 1, 2]",0.26004556274414065,0.03150048828125,0.7084539489746093,3,0.7399544372558594,0.02533939801690341,"{'fraction': 0.03150048828125, 'border_touch_fraction': 0.0, 'thickness': {'median': 2.0, 'p95': 4.0, 'max': 6.0, 'mean': 2.6787800788879395, 'saturated': 0.00044274022290081066}, 'components': {'n_components': 9, 'n_components_ge_min_size': 9, 'largest_component_fraction': 0.41550346441802427, 'fragment_fraction': 0.0, 'median_planarity': 0.007000244833947488, 'worst_planarity': 0.10200223583992198}}","{'fraction': 0.7084539489746093, 'border_touch_fraction': 0.026466081566964336, 'skipped': 'fraction 0.71 exceeds sheet_fraction_max'}",1,0.03150048828125,2.0,4.0,9,0.0,0.10200223583992198
sample_00363,True,True,"[320, 320, 320]",,uint8,NONE,32821210,,"[320, 320, 320]",,uint8,LZW,29916871,,"[320, 320, 320]",uint8,"[0, 1, 2]",0.8758161010742187,0.06898199462890625,0.055201904296875,3,0.12418389892578124,0.15098575710854412,"{'fraction': 0.06898199462890625, 'border_touch_fraction': 0.0, 'thickness': {'median': 2.0, 'p95': 4.0, 'max': 8.0, 'mean': 2.697550058364868, 'saturated': 1.1502378780411626e-05}, 'components': {'n_components': 13, 'n_components_ge_min_size': 13, 'largest_component_fraction': 0.147143295750048, 'fragment_fraction': 0.0, 'median_planarity': 0.027203545601491262, 'worst_planarity': 0.034729015291976216}}","{'fraction': 0.055201904296875, 'border_touch_fraction': 0.3396621953322984, 'thickness': {'median': 4.0, 'p95': 6.0, 'max': 14.0, 'mean': 4.07459020614624, 'saturated': 4.422684835055969e-06}, 'components': {'n_components': 1, 'n_components_ge_min_size': 1, 'largest_component_fraction': 1.0, 'fragment_fraction': 0.0, 'median_planarity': 0.33223717243291884, 'worst_planarity': 0.33223717243291884}}",1,0.06898199462890625,2.0,4.0,13,0.0,0.034729015291976216
sample_00364,True,True,"[320, 320, 320]",,uint8,NONE,32821210,,"[320, 320, 320]",,uint8,LZW,31166705,,"[320, 320, 320]",uint8,"[0, 1, 2]",0.594475341796875,0.057503662109375,0.34802099609375,3,0.405524658203125,0.046236399244083036,"{'fraction': 0.057503662109375, 'border_touch_fraction': 0.0, 'thickness': {'median': 2.0, 'p95': 4.0, 'max': 6.0, 'mean': 2.690969944000244, 'saturated': 1.061413378054217e-06}, 'components': {'n_components': 7, 'n_components_ge_min_size': 7, 'largest_component_fraction': 0.16628526545948585, 'fragment_fraction': 0.0, 'median_planarity': 0.005979157008505626, 'worst_planarity': 0.02486657395660075}}","{'fraction': 0.34802099609375, 'border_touch_fraction': 0.05387605980803847, 'skipped': 'fraction 0.35 exceeds sheet_fraction_max'}",1,0.057503662109375,2.0,4.0,7,0.0,0.02486657395660075
sample_00365,True,True,"[320, 320, 320]",,uint8,NONE,32821210,,"[320, 320, 320]",,uint8,LZW,26458887,,"[320, 320, 320]",uint8,"[0, 1, 2]",0.7595210876464844,0.048368621826171875,0.19211029052734374,3,0.24047891235351562,0.07796941451746336,"{'fraction': 0.048368621826171875, 'border_touch_fraction': 0.0, 'thickness': {'median': 2.0, 'p95': 4.0, 'max': 8.0, 'mean': 2.715939998626709, 'saturated': 1.9559063007313197e-05}, 'components': {'n_components': 6, 'n_components_ge_min_size': 6, 'largest_component_fraction': 0.20335999464964985, 'fragment_fraction': 0.0, 'median_planarity': 0.017974965421285675, 'worst_planarity': 0.025498741425145303}}","{'fraction': 0.19211029052734374, 'border_touch_fraction': 0.0976001855420194, 'thickness': {'median': 8.0, 'p95': 8.0, 'max': 8.0, 'mean': 6.992090225219727, 'saturated': 0.7483651492358305}, 'components': {'n_components': 1, 'n_components_ge_min_size': 1, 'largest_component_fraction': 1.0, 'fragment_fraction': 0.0, 'median_planarity': 0.19264926575119395, 'worst_planarity': 0.19264926575119395}}",1,0.048368621826171875,2.0,4.0,6,0.0,0.025498741425145303
sample_00366,True,True,"[320, 320, 320]",,uint8,NONE,32821210,,"[320, 320, 320]",,uint8,LZW,29088343,,"[320, 320, 320]",uint8,"[0, 1, 2]",0.5012083129882813,0.04793618774414062,0.4508554992675781,3,0.4987916870117188,0.037590843007693275,"{'fraction': 0.04793618774414062, 'border_touch_fraction': 0.0, 'thickness': {'median': 2.0, 'p95': 4.0, 'max': 8.0, 'mean': 2.799639940261841, 'saturated': 4.4564045855129924e-05}, 'components': {'n_components': 5, 'n_components_ge_min_size': 5, 'largest_component_fraction': 0.23193994294528872, 'fragment_fraction': 0.0, 'median_planarity': 0.0053674272982061596, 'worst_planarity': 0.011894600272049588}}","{'fraction': 0.4508554992675781, 'border_touch_fraction': 0.04158760407815735, 'skipped': 'fraction 0.45 exceeds sheet_fraction_max'}",1,0.04793618774414062,2.0,4.0,5,0.0,0.011894600272049588
sample_00367,True,True,"[320, 320, 320]",,uint8,NONE,32821210,,"[320, 320, 320]",,uint8,LZW,26615888,,"[320, 320, 320]",uint8,"[0, 1, 2]",0.074739990234375,0.008675750732421874,0.9165842590332032,3,0.925260009765625,0.020264574067941733,"{'fraction': 0.008675750732421874, 'border_touch_fraction': 0.0, 'thickness': {'median': 2.0, 'p95': 4.0, 'max': 6.0, 'mean': 2.7480199337005615, 'saturated': 0.00022512460998920104}, 'components': {'n_components': 3, 'n_components_ge_min_size': 3, 'largest_component_fraction': 0.4860545856827783, 'fragment_fraction': 0.0, 'median_planarity': 0.010651120258538887, 'worst_planarity': 0.021547375183400174}}","{'fraction': 0.9165842590332032, 'border_touch_fraction': 0.020456384467890786, 'skipped': 'fraction 0.92 exceeds sheet_fraction_max'}",1,0.008675750732421874,2.0,4.0,3,0.0,0.021547375183400174
sample_00368,True,True,"[320, 320, 320]",,uint8,LZW,943449,,"[320, 320, 320]",,uint8,LZW,26529632,,"[320, 320, 320]",uint8,"[0, 1, 2]",0.4701097412109375,0.034838775634765624,0.49505148315429687,3,0.5298902587890625,0.0353846852041565,"{'fraction': 0.034838775634765624, 'border_touch_fraction': 0.0, 'thickness': {'median': 2.0, 'p95': 4.0, 'max': 8.0, 'mean': 2.705889940261841, 'saturated': 3.3286702750620404e-05}, 'components': {'n_components': 6, 'n_components_ge_min_size': 6, 'largest_component_fraction': 0.28848534114928476, 'fragment_fraction': 0.0, 'median_planarity': 0.008818202720048712, 'worst_planarity': 0.02585013069429933}}","{'fraction': 0.49505148315429687, 'border_touch_fraction': 0.03787484865317741, 'skipped': 'fraction 0.50 exceeds sheet_fraction_max'}",1,0.034838775634765624,2.0,4.0,6,0.0,0.02585013069429933
sample_00369,True,True,"[320, 320, 320]",,uint8,LZW,804857,,"[320, 320, 320]",,uint8,LZW,30350112,,"[320, 320, 320]",uint8,"[0, 1, 2]",0.3415836181640625,0.025544708251953124,0.6328716735839843,3,0.6584163818359375,0.028477420242365836,"{'fraction': 0.025544708251953124, 'border_touch_fraction': 0.0, 'thickness': {'median': 2.0, 'p95': 4.0, 'max': 8.0, 'mean': 2.711400032043457, 'saturated': 0.00010274189444106617}, 'components': {'n_components': 3, 'n_components_ge_min_size': 3, 'largest_component_fraction': 0.371267392948322, 'fragment_fraction': 0.0, 'median_planarity': 0.010702051321639991, 'worst_planarity': 0.012016235233727222}}","{'fraction': 0.6328716735839843, 'border_touch_fraction': 0.029626859255396595, 'skipped': 'fraction 0.63 exceeds sheet_fraction_max'}",1,0.025544708251953124,2.0,4.0,3,0.0,0.012016235233727222
sample_00370,True,True,"[320, 320, 320]",,uint8,NONE,32821210,,"[320, 320, 320]",,uint8,LZW,31311211,,"[320, 320, 320]",uint8,"[0, 1, 2]",0.5312739868164063,0.05791839599609375,0.4108076171875,3,0.46872601318359375,0.04000204697974779,"{'fraction': 0.05791839599609375, 'border_touch_fraction': 0.0, 'thickness': {'median': 2.0, 'p95': 4.0, 'max': 8.0, 'mean': 2.7022299766540527, 'saturated': 4.3733237787625076e-05}, 'components': {'n_components': 7, 'n_components_ge_min_size': 7, 'largest_component_fraction': 0.16450916026914383, 'fragment_fraction': 0.0, 'median_planarity': 0.007287248749898816, 'worst_planarity': 0.016517696139107512}}","{'fraction': 0.4108076171875, 'border_touch_fraction': 0.045641802185576716, 'skipped': 'fraction 0.41 exceeds sheet_fraction_max'}",1,0.05791839599609375,2.0,4.0,7,0.0,0.016517696139107512
sample_00371,True,True,"[320, 320, 320]",,uint8,NONE,32821210,,"[320, 320, 320]",,uint8,LZW,30099457,,"[320, 320, 320]",uint8,"[0, 1, 2]",0.5352627258300782,0.04623193359375,0.4185053405761719,3,0.4647372741699219,0.04034537585454021,"{'fraction': 0.04623193359375, 'border_touch_fraction': 0.0, 'thickness': {'median': 2.0, 'p95': 4.0, 'max': 6.0, 'mean': 2.7320399284362793, 'saturated': 4.620681642955969e-06}, 'components': {'n_components': 8, 'n_components_ge_min_size': 8, 'largest_component_fraction': 0.2472091082876546, 'fragment_fraction': 0.0, 'median_planarity': 0.014836835668052011, 'worst_planarity': 0.03680636586621105}}","{'fraction': 0.4185053405761719, 'border_touch_fraction': 0.044802295650961534, 'skipped': 'fraction 0.42 exceeds sheet_fraction_max'}",1,0.04623193359375,2.0,4.0,8,0.0,0.03680636586621105
sample_00372,True,True,"[320, 320, 320]",,uint8,NONE,32821210,,"[320, 320, 320]",,uint8,LZW,27533809,,"[320, 320, 320]",uint8,"[0, 1, 2]",0.457415283203125,0.03218496704101562,0.5103997497558593,3,0.542584716796875,0.034556815589443436,"{'fraction': 0.03218496704101562, 'border_touch_fraction': 0.0, 'thickness': {'median': 2.0, 'p95': 4.0, 'max': 8.0, 'mean': 2.677419900894165, 'saturated': 0.00021903270983286192}, 'components': {'n_components': 6, 'n_components_ge_min_size': 6, 'largest_component_fraction': 0.29466631646718255, 'fragment_fraction': 0.0, 'median_planarity': 0.005926678759075492, 'worst_planarity': 0.03339383627574187}}","{'fraction': 0.5103997497558593, 'border_touch_fraction': 0.036735911428186885, 'skipped': 'fraction 0.51 exceeds sheet_fraction_max'}",1,0.03218496704101562,2.0,4.0,6,0.0,0.03339383627574187
sample_00373,True,True,"[320, 320, 320]",,uint8,NONE,32821210,,"[320, 320, 320]",,uint8,LZW,27946079,,"[320, 320, 320]",uint8,"[0, 1, 2]",0.5025124816894532,0.0437509765625,0.4537365417480469,3,0.4974875183105469,0.03768938779343541,"{'fraction': 0.0437509765625, 'border_touch_fraction': 0.0, 'thickness': {'median': 2.0, 'p95': 4.0, 'max': 10.0, 'mean': 2.6746199131011963, 'saturated': 9.06787794915292e-06}, 'components': {'n_components': 6, 'n_components_ge_min_size': 6, 'largest_component_fraction': 0.21973351599294658, 'fragment_fraction': 0.0, 'median_planarity': 0.010725749852768009, 'worst_planarity': 0.028257703164066946}}","{'fraction': 0.4537365417480469, 'border_touch_fraction': 0.041323539708229176, 'skipped': 'fraction 0.45 exceeds sheet_fraction_max'}",1,0.0437509765625,2.0,4.0,6,0.0,0.028257703164066946
sample_00374,True,True,"[320, 320, 320]",,uint8,NONE,32821210,,"[320, 320, 320]",,uint8,LZW,30241419,,"[320, 320, 320]",uint8,"[0, 1, 2]",0.19154022216796876,0.026596160888671876,0.7818636169433594,3,0.8084597778320313,0.02319224841374307,"{'fraction': 0.026596160888671876, 'border_touch_fraction': 0.0, 'thickness': {'median': 2.0, 'p95': 4.0, 'max': 10.0, 'mean': 2.721950054168701, 'saturated': 4.589771922758728e-06}, 'components': {'n_components': 3, 'n_components_ge_min_size': 3, 'largest_component_fraction': 0.3766906138016737, 'fragment_fraction': 0.0, 'median_planarity': 0.0049749927588795045, 'worst_planarity': 0.011323403255021295}}","{'fraction': 0.7818636169433594, 'border_touch_fraction': 0.023981164481475428, 'skipped': 'fraction 0.78 exceeds sheet_fraction_max'}",1,0.026596160888671876,2.0,4.0,3,0.0,0.011323403255021295
sample_00375,True,True,"[320, 320, 320]",,uint8,NONE,32821210,,"[320, 320, 320]",,uint8,LZW,26554612,,"[320, 320, 320]",uint8,"[0, 1, 2]",0.15996435546875,0.01821917724609375,0.8218164672851562,3,0.84003564453125,0.022320481424883732,"{'fraction': 0.01821917724609375, 'border_touch_fraction': 0.0, 'thickness': {'median': 2.0, 'p95': 4.0, 'max': 8.0, 'mean': 2.750890016555786, 'saturated': 1.6750250416243723e-06}, 'components': {'n_components': 2, 'n_components_ge_min_size': 2, 'largest_component_fraction': 0.5235257267096143, 'fragment_fraction': 0.0, 'median_planarity': 0.016129358702965543, 'worst_planarity': 0.021039406744907372}}","{'fraction': 0.8218164672851562, 'border_touch_fraction': 0.022815313085584682, 'skipped': 'fraction 0.82 exceeds sheet_fraction_max'}",1,0.01821917724609375,2.0,4.0,2,0.0,0.021039406744907372
sample_00376,True,True,"[320, 320, 320]",,uint8,LZW,835657,,"[320, 320, 320]",,uint8,LZW,29458247,,"[320, 320, 320]",uint8,"[0, 1, 2]",0.40144464111328126,0.02758990478515625,0.5709654541015625,3,0.5985553588867187,0.03132542332404142,"{'fraction': 0.02758990478515625, 'border_touch_fraction': 0.0, 'thickness': {'median': 2.0, 'p95': 4.0, 'max': 8.0, 'mean': 2.722409963607788, 'saturated': 1.1061139341596742e-06}, 'components': {'n_components': 3, 'n_components_ge_min_size': 3, 'largest_component_fraction': 0.3772921446000624, 'fragment_fraction': 0.0, 'median_planarity': 0.011948717785709695, 'worst_planarity': 0.04151198007406748}}","{'fraction': 0.5709654541015625, 'border_touch_fraction': 0.03283911463523462, 'skipped': 'fraction 0.57 exceeds sheet_fraction_max'}",1,0.02758990478515625,2.0,4.0,3,0.0,0.04151198007406748
sample_00377,True,True,"[320, 320, 320]",,uint8,NONE,32821210,,"[320, 320, 320]",,uint8,LZW,29386707,,"[320, 320, 320]",uint8,"[0, 1, 2]",0.8181952819824219,0.06503756713867187,0.11676715087890625,3,0.18180471801757814,0.10313263706493646,"{'fraction': 0.06503756713867187, 'border_touch_fraction': 0.0, 'thickness': {'median': 2.0, 'p95': 4.0, 'max': 6.0, 'mean': 2.685120105743408, 'saturated': 0.0007141680716195145}, 'components': {'n_components': 9, 'n_components_ge_min_size': 9, 'largest_component_fraction': 0.14931180380930303, 'fragment_fraction': 0.0, 'median_planarity': 0.010434849905194613, 'worst_planarity': 0.020387286176847097}}","{'fraction': 0.11676715087890625, 'border_touch_fraction': 0.16057598270462853, 'thickness': {'median': 8.0, 'p95': 8.0, 'max': 8.0, 'mean': 6.197480201721191, 'saturated': 0.5489058931699278}, 'components': {'n_components': 1, 'n_components_ge_min_size': 1, 'largest_component_fraction': 1.0, 'fragment_fraction': 0.0, 'median_planarity': 0.26689282557451005, 'worst_planarity': 0.26689282557451005}}",1,0.06503756713867187,2.0,4.0,9,0.0,0.020387286176847097
sample_00378,True,True,"[320, 320, 320]",,uint8,NONE,32821210,,"[320, 320, 320]",,uint8,LZW,30107766,,"[320, 320, 320]",uint8,"[0, 1, 2]",0.39209429931640627,0.05513980102539062,0.5527658996582031,3,0.6079057006835937,0.030843599556502774,"{'fraction': 0.05513980102539062, 'border_touch_fraction': 0.0, 'thickness': {'median': 2.0, 'p95': 4.0, 'max': 8.0, 'mean': 2.76557993888855, 'saturated': 1.1069165124824207e-06}, 'components': {'n_components': 6, 'n_components_ge_min_size': 6, 'largest_component_fraction': 0.19496950721737238, 'fragment_fraction': 0.0, 'median_planarity': 0.007088575382130702, 'worst_planarity': 0.010369300848004356}}","{'fraction': 0.5527658996582031, 'border_touch_fraction': 0.03392032687181655, 'skipped': 'fraction 0.55 exceeds sheet_fraction_max'}",1,0.05513980102539062,2.0,4.0,6,0.0,0.010369300848004356
sample_00379,True,True,"[320, 320, 320]",,uint8,NONE,32821210,,"[320, 320, 320]",,uint8,LZW,30376525,,"[320, 320, 320]",uint8,"[0, 1, 2]",0.7121105651855468,0.06342205810546875,0.22446737670898437,3,0.2878894348144531,0.06512917020412547,"{'fraction': 0.06342205810546875, 'border_touch_fraction': 0.0, 'thickness': {'median': 2.0, 'p95': 4.0, 'max': 10.0, 'mean': 2.6912600994110107, 'saturated': 3.2720403192356514e-05}, 'components': {'n_components': 10, 'n_components_ge_min_size': 10, 'largest_component_fraction': 0.15283892804109683, 'fragment_fraction': 0.0, 'median_planarity': 0.011898231124300544, 'worst_planarity': 0.026925946811075095}}","{'fraction': 0.22446737670898437, 'border_touch_fraction': 0.08353106930237282, 'thickness': {'median': 8.0, 'p95': 8.0, 'max': 8.0, 'mean': 7.117579936981201, 'saturated': 0.7783423406128902}, 'components': {'n_components': 1, 'n_components_ge_min_size': 1, 'largest_component_fraction': 1.0, 'fragment_fraction': 0.0, 'median_planarity': 0.2719905916786895, 'worst_planarity': 0.2719905916786895}}",1,0.06342205810546875,2.0,4.0,10,0.0,0.026925946811075095
sample_00380,True,True,"[320, 320, 320]",,uint8,NONE,32821210,,"[320, 320, 320]",,uint8,LZW,29715068,,"[320, 320, 320]",uint8,"[0, 1, 2]",0.333432861328125,0.04141683959960937,0.6251502990722656,3,0.666567138671875,0.028129199464226654,"{'fraction': 0.04141683959960937, 'border_touch_fraction': 0.0, 'thickness': {'median': 2.0, 'p95': 4.0, 'max': 6.0, 'mean': 2.799139976501465, 'saturated': 7.36839855962545e-07}, 'components': {'n_components': 8, 'n_components_ge_min_size': 8, 'largest_component_fraction': 0.2557033246951141, 'fragment_fraction': 0.0, 'median_planarity': 0.010252953360428488, 'worst_planarity': 0.03597919028603141}}","{'fraction': 0.6251502990722656, 'border_touch_fraction': 0.029992787379011638, 'skipped': 'fraction 0.63 exceeds sheet_fraction_max'}",1,0.04141683959960937,2.0,4.0,8,0.0,0.03597919028603141
sample_00381,True,True,"[320, 320, 320]",,uint8,NONE,32821210,,"[320, 320, 320]",,uint8,LZW,29658702,,"[320, 320, 320]",uint8,"[0, 1, 2]",0.10403509521484375,0.01544403076171875,0.8805208740234375,3,0.8959649047851562,0.020927158976719148,"{'fraction': 0.01544403076171875, 'border_touch_fraction': 0.0, 'thickness': {'median': 2.0, 'p95': 4.0, 'max': 6.0, 'mean': 2.7046799659729004, 'saturated': 0.0004149623569861877}, 'components': {'n_components': 7, 'n_components_ge_min_size': 7, 'largest_component_fraction': 0.3919299701622305, 'fragment_fraction': 0.0, 'median_planarity': 0.017498348846223352, 'worst_planarity': 0.029475012854672137}}","{'fraction': 0.8805208740234375, 'border_touch_fraction': 0.02129421408753669, 'skipped': 'fraction 0.88 exceeds sheet_fraction_max'}",1,0.01544403076171875,2.0,4.0,7,0.0,0.029475012854672137
sample_00382,True,True,"[320, 320, 320]",,uint8,NONE,32821210,,"[320, 320, 320]",,uint8,LZW,31081827,,"[320, 320, 320]",uint8,"[0, 1, 2]",0.20316928100585938,0.027942626953125,0.7688880920410156,3,0.7968307189941406,0.023530719327272666,"{'fraction': 0.027942626953125, 'border_touch_fraction': 0.0, 'thickness': {'median': 2.0, 'p95': 4.0, 'max': 6.0, 'mean': 2.687880039215088, 'saturated': 0.00035385704175513094}, 'components': {'n_components': 3, 'n_components_ge_min_size': 3, 'largest_component_fraction': 0.3410603042296838, 'fragment_fraction': 0.0, 'median_planarity': 0.011552056924455632, 'worst_planarity': 0.01409395815844986}}","{'fraction': 0.7688880920410156, 'border_touch_fraction': 0.024385863422891712, 'skipped': 'fraction 0.77 exceeds sheet_fraction_max'}",1,0.027942626953125,2.0,4.0,3,0.0,0.01409395815844986
sample_00383,True,True,"[320, 320, 320]",,uint8,NONE,32821210,,"[320, 320, 320]",,uint8,LZW,29111463,,"[320, 320, 320]",uint8,"[0, 1, 2]",0.7121698303222657,0.06041110229492187,0.2274190673828125,3,0.2878301696777344,0.06514258050500131,"{'fraction': 0.06041110229492187, 'border_touch_fraction': 0.0, 'thickness': {'median': 2.0, 'p95': 4.0, 'max': 8.0, 'mean': 2.7729299068450928, 'saturated': 7.072310842206136e-05}, 'components': {'n_components': 10, 'n_components_ge_min_size': 10, 'largest_component_fraction': 0.17563073646498625, 'fragment_fraction': 0.0, 'median_planarity': 0.013981815810449067, 'worst_planarity': 0.05872310464311325}}","{'fraction': 0.2274190673828125, 'border_touch_fraction': 0.08244691272275025, 'thickness': {'median': 8.0, 'p95': 8.0, 'max': 8.0, 'mean': 7.184879779815674, 'saturated': 0.7944110279186932}, 'components': {'n_components': 1, 'n_components_ge_min_size': 1, 'largest_component_fraction': 1.0, 'fragment_fraction': 0.0, 'median_planarity': 0.25799895147282575, 'worst_planarity': 0.25799895147282575}}",1,0.06041110229492187,2.0,4.0,10,0.0,0.05872310464311325
sample_00384,True,True,"[320, 320, 320]",,uint8,NONE,32821210,,"[320, 320, 320]",,uint8,LZW,26430576,,"[320, 320, 320]",uint8,"[0, 1, 2]",0.5507587585449218,0.03853268432617187,0.41070855712890625,3,0.4492412414550781,0.04173704074734845,"{'fraction': 0.03853268432617187, 'border_touch_fraction': 0.0, 'thickness': {'median': 2.0, 'p95': 4.0, 'max': 8.0, 'mean': 2.744379997253418, 'saturated': 1.979980025961498e-05}, 'components': {'n_components': 7, 'n_components_ge_min_size': 7, 'largest_component_fraction': 0.31480019229566014, 'fragment_fraction': 0.0, 'median_planarity': 0.024322867465520186, 'worst_planarity': 0.06941680879320525}}","{'fraction': 0.41070855712890625, 'border_touch_fraction': 0.04565281067205782, 'skipped': 'fraction 0.41 exceeds sheet_fraction_max'}",1,0.03853268432617187,2.0,4.0,7,0.0,0.06941680879320525
sample_00385,True,True,"[320, 320, 320]",,uint8,NONE,32821210,,"[320, 320, 320]",,uint8,LZW,28030941,,"[320, 320, 320]",uint8,"[0, 1, 2]",0.316703857421875,0.03077813720703125,0.6525180053710937,3,0.683296142578125,0.027440517854022878,"{'fraction': 0.03077813720703125, 'border_touch_fraction': 0.0, 'thickness': {'median': 2.0, 'p95': 4.0, 'max': 8.0, 'mean': 2.7239999771118164, 'saturated': 1.8839151325978793e-05}, 'components': {'n_components': 4, 'n_components_ge_min_size': 4, 'largest_component_fraction': 0.3248534016566555, 'fragment_fraction': 0.0, 'median_planarity': 0.020820734536070862, 'worst_planarity': 0.03484147668810903}}","{'fraction': 0.6525180053710937, 'border_touch_fraction': 0.02873483926215443, 'skipped': 'fraction 0.65 exceeds sheet_fraction_max'}",1,0.03077813720703125,2.0,4.0,4,0.0,0.03484147668810903
sample_00386,True,True,"[320, 320, 320]",,uint8,NONE,32821210,,"[320, 320, 320]",,uint8,LZW,30277745,,"[320, 320, 320]",uint8,"[0, 1, 2]",0.2593077087402344,0.03351397705078125,0.7071783142089844,3,0.7406922912597657,0.025314155717902905,"{'fraction': 0.03351397705078125, 'border_touch_fraction': 0.0, 'thickness': {'median': 2.0, 'p95': 4.0, 'max': 10.0, 'mean': 2.7911999225616455, 'saturated': 7.92215526331605e-05}, 'components': {'n_components': 6, 'n_components_ge_min_size': 6, 'largest_component_fraction': 0.2866827659431098, 'fragment_fraction': 0.0, 'median_planarity': 0.010996317909618362, 'worst_planarity': 0.018407816223479975}}","{'fraction': 0.7071783142089844, 'border_touch_fraction': 0.02651382207749519, 'skipped': 'fraction 0.71 exceeds sheet_fraction_max'}",1,0.03351397705078125,2.0,4.0,6,0.0,0.018407816223479975
sample_00387,True,True,"[320, 320, 320]",,uint8,NONE,32821210,,"[320, 320, 320]",,uint8,LZW,29267594,,"[320, 320, 320]",uint8,"[0, 1, 2]",0.23257565307617187,0.027980682373046874,0.7394436645507813,3,0.7674243469238281,0.02443237574512483,"{'fraction': 0.027980682373046874, 'border_touch_fraction': 0.0, 'thickness': {'median': 2.0, 'p95': 4.0, 'max': 6.0, 'mean': 2.7263998985290527, 'saturated': 0.0009379727355320432}, 'components': {'n_components': 3, 'n_components_ge_min_size': 3, 'largest_component_fraction': 0.3747768224755718, 'fragment_fraction': 0.0, 'median_planarity': 0.016338517158513997, 'worst_planarity': 0.020041612741384832}}","{'fraction': 0.7394436645507813, 'border_touch_fraction': 0.02535690127440715, 'skipped': 'fraction 0.74 exceeds sheet_fraction_max'}",1,0.027980682373046874,2.0,4.0,3,0.0,0.020041612741384832
sample_00388,True,True,"[320, 320, 320]",,uint8,NONE,32821210,,"[320, 320, 320]",,uint8,LZW,27635465,,"[320, 320, 320]",uint8,"[0, 1, 2]",0.7949659423828125,0.0567677001953125,0.148266357421875,3,0.2050340576171875,0.0914482219095889,"{'fraction': 0.0567677001953125, 'border_touch_fraction': 0.0, 'thickness': {'median': 2.0, 'p95': 4.0, 'max': 6.0, 'mean': 2.695729970932007, 'saturated': 0.0006010222754552825}, 'components': {'n_components': 7, 'n_components_ge_min_size': 7, 'largest_component_fraction': 0.17787302624929846, 'fragment_fraction': 0.0, 'median_planarity': 0.0140961336703999, 'worst_planarity': 0.032929940005120596}}","{'fraction': 0.148266357421875, 'border_touch_fraction': 0.1264615947004688, 'thickness': {'median': 8.0, 'p95': 8.0, 'max': 8.0, 'mean': 6.6822099685668945, 'saturated': 0.6721238220382382}, 'components': {'n_components': 1, 'n_components_ge_min_size': 1, 'largest_component_fraction': 1.0, 'fragment_fraction': 0.0, 'median_planarity': 0.17379114249225372, 'worst_planarity': 0.17379114249225372}}",1,0.0567677001953125,2.0,4.0,7,0.0,0.032929940005120596
sample_00389,True,True,"[320, 320, 320]",,uint8,NONE,32821210,,"[320, 320, 320]",,uint8,LZW,27760423,,"[320, 320, 320]",uint8,"[0, 1, 2]",0.3982646484375,0.03688006591796875,0.5648552856445312,3,0.6017353515625,0.031159877762396194,"{'fraction': 0.03688006591796875, 'border_touch_fraction': 0.0, 'thickness': {'median': 2.0, 'p95': 4.0, 'max': 6.0, 'mean': 2.6607799530029297, 'saturated': 0.00014646425361981852}, 'components': {'n_components': 6, 'n_components_ge_min_size': 6, 'largest_component_fraction': 0.2573666554680816, 'fragment_fraction': 0.0, 'median_planarity': 0.012971861472663595, 'worst_planarity': 0.04696023532738359}}","{'fraction': 0.5648552856445312, 'border_touch_fraction': 0.03319434282819043, 'skipped': 'fraction 0.56 exceeds sheet_fraction_max'}",1,0.03688006591796875,2.0,4.0,6,0.0,0.04696023532738359
sample_00390,True,True,"[320, 320, 320]",,uint8,NONE,32821210,,"[320, 320, 320]",,uint8,LZW,31210286,,"[320, 320, 320]",uint8,"[0, 1, 2]",0.4969534912109375,0.043597564697265626,0.4594489440917969,3,0.5030465087890625,0.03727289559197051,"{'fraction': 0.043597564697265626, 'border_touch_fraction': 0.0, 'thickness': {'median': 2.0, 'p95': 4.0, 'max': 8.0, 'mean': 2.746619939804077, 'saturated': 5.5998684030925274e-05}, 'components': {'n_components': 7, 'n_components_ge_min_size': 7, 'largest_component_fraction': 0.22962960370431296, 'fragment_fraction': 0.0, 'median_planarity': 0.0047294228947965125, 'worst_planarity': 0.01409271694425202}}","{'fraction': 0.4594489440917969, 'border_touch_fraction': 0.040809757517374534, 'skipped': 'fraction 0.46 exceeds sheet_fraction_max'}",1,0.043597564697265626,2.0,4.0,7,0.0,0.01409271694425202
sample_00391,True,True,"[320, 320, 320]",,uint8,NONE,32821210,,"[320, 320, 320]",,uint8,LZW,28397172,,"[320, 320, 320]",uint8,"[0, 1, 2]",0.545380859375,0.035040069580078125,0.41957907104492187,3,0.454619140625,0.04124331407213284,"{'fraction': 0.035040069580078125, 'border_touch_fraction': 0.0, 'thickness': {'median': 2.0, 'p95': 4.0, 'max': 10.0, 'mean': 2.7739500999450684, 'saturated': 1.7418674386623154e-06}, 'components': {'n_components': 7, 'n_components_ge_min_size': 7, 'largest_component_fraction': 0.33583552590897175, 'fragment_fraction': 0.0, 'median_planarity': 0.012147826072756825, 'worst_planarity': 0.054739477691328496}}","{'fraction': 0.41957907104492187, 'border_touch_fraction': 0.04468764362651575, 'skipped': 'fraction 0.42 exceeds sheet_fraction_max'}",1,0.035040069580078125,2.0,4.0,7,0.0,0.054739477691328496
sample_00392,True,True,"[320, 320, 320]",,uint8,NONE,32821210,,"[320, 320, 320]",,uint8,LZW,28426417,,"[320, 320, 320]",uint8,"[0, 1, 2]",0.35124893188476564,0.029442901611328124,0.6193081665039063,3,0.6487510681152344,0.028901686519719968,"{'fraction': 0.029442901611328124, 'border_touch_fraction': 0.0, 'thickness': {'median': 2.0, 'p95': 4.0, 'max': 8.0, 'mean': 2.7507901191711426, 'saturated': 7.670102665360677e-05}, 'components': {'n_components': 3, 'n_components_ge_min_size': 3, 'largest_component_fraction': 0.34563451960799557, 'fragment_fraction': 0.0, 'median_planarity': 0.04116039054965919, 'worst_planarity': 0.053526478969936765}}","{'fraction': 0.6193081665039063, 'border_touch_fraction': 0.0302757189620908, 'skipped': 'fraction 0.62 exceeds sheet_fraction_max'}",1,0.029442901611328124,2.0,4.0,3,0.0,0.053526478969936765
sample_00393,True,True,"[320, 320, 320]",,uint8,NONE,32821210,,"[320, 320, 320]",,uint8,LZW,26266268,,"[320, 320, 320]",uint8,"[0, 1, 2]",0.6215126037597656,0.04617532348632813,0.33231207275390623,3,0.37848739624023436,0.049539298233590205,"{'fraction': 0.04617532348632813, 'border_touch_fraction': 0.0, 'thickness': {'median': 2.0, 'p95': 4.0, 'max': 8.0, 'mean': 2.687160015106201, 'saturated': 2.2470825928425133e-05}, 'components': {'n_components': 5, 'n_components_ge_min_size': 5, 'largest_component_fraction': 0.20822326483917167, 'fragment_fraction': 0.0, 'median_planarity': 0.019492572696456524, 'worst_planarity': 0.02216000139961624}}","{'fraction': 0.33231207275390623, 'border_touch_fraction': 0.056422867350610265, 'skipped': 'fraction 0.33 exceeds sheet_fraction_max'}",1,0.04617532348632813,2.0,4.0,5,0.0,0.02216000139961624
sample_00394,True,True,"[320, 320, 320]",,uint8,NONE,32821210,,"[320, 320, 320]",,uint8,LZW,26718020,,"[320, 320, 320]",uint8,"[0, 1, 2]",0.2999314880371094,0.02691070556640625,0.6731578063964844,3,0.7000685119628907,0.02678309291104626,"{'fraction': 0.02691070556640625, 'border_touch_fraction': 0.0, 'thickness': {'median': 2.0, 'p95': 4.0, 'max': 8.0, 'mean': 2.701819896697998, 'saturated': 6.91758995702022e-05}, 'components': {'n_components': 3, 'n_components_ge_min_size': 3, 'largest_component_fraction': 0.351103979315272, 'fragment_fraction': 0.0, 'median_planarity': 0.009209720761315604, 'worst_planarity': 0.024671357618322006}}","{'fraction': 0.6731578063964844, 'border_touch_fraction': 0.027853795680349586, 'skipped': 'fraction 0.67 exceeds sheet_fraction_max'}",1,0.02691070556640625,2.0,4.0,3,0.0,0.024671357618322006
sample_00395,True,True,"[320, 320, 320]",,uint8,LZW,851657,,"[320, 320, 320]",,uint8,LZW,28258865,,"[320, 320, 320]",uint8,"[0, 1, 2]",0.5022713012695312,0.0320030517578125,0.4657256469726562,3,0.49772869873046877,0.037671124947837385,"{'fraction': 0.0320030517578125, 'border_touch_fraction': 0.0, 'thickness': {'median': 2.0, 'p95': 4.0, 'max': 10.0, 'mean': 2.756659984588623, 'saturated': 9.53583375608863e-07}, 'components': {'n_components': 5, 'n_components_ge_min_size': 5, 'largest_component_fraction': 0.35040660795135964, 'fragment_fraction': 0.0, 'median_planarity': 0.007343261248232774, 'worst_planarity': 0.01932977982796464}}","{'fraction': 0.4657256469726562, 'border_touch_fraction': 0.04025975404592836, 'skipped': 'fraction 0.47 exceeds sheet_fraction_max'}",1,0.0320030517578125,2.0,4.0,5,0.0,0.01932977982796464
sample_00396,True,True,"[320, 320, 320]",,uint8,NONE,32821210,,"[320, 320, 320]",,uint8,LZW,24343425,,"[320, 320, 320]",uint8,"[0, 1, 2]",0.7548343505859375,0.04261572265625,0.2025499267578125,3,0.2451656494140625,0.07647890332439254,"{'fraction': 0.04261572265625, 'border_touch_fraction': 0.0, 'thickness': {'median': 2.0, 'p95': 4.0, 'max': 8.0, 'mean': 2.6942200660705566, 'saturated': 2.7928320175991383e-05}, 'components': {'n_components': 5, 'n_components_ge_min_size': 5, 'largest_component_fraction': 0.22658102936627061, 'fragment_fraction': 0.0, 'median_planarity': 0.008450526921951916, 'worst_planarity': 0.020620492466748255}}","{'fraction': 0.2025499267578125, 'border_touch_fraction': 0.09256976934096471, 'thickness': {'median': 8.0, 'p95': 8.0, 'max': 8.0, 'mean': 7.045159816741943, 'saturated': 0.7607592770156374}, 'components': {'n_components': 1, 'n_components_ge_min_size': 1, 'largest_component_fraction': 1.0, 'fragment_fraction': 0.0, 'median_planarity': 0.20213232189477104, 'worst_planarity': 0.20213232189477104}}",1,0.04261572265625,2.0,4.0,5,0.0,0.020620492466748255
sample_00397,True,True,"[320, 320, 320]",,uint8,NONE,32821210,,"[320, 320, 320]",,uint8,LZW,30309245,,"[320, 320, 320]",uint8,"[0, 1, 2]",0.41620626831054686,0.04280670166015625,0.5409870300292968,3,0.5837937316894531,0.03211750826056144,"{'fraction': 0.04280670166015625, 'border_touch_fraction': 0.0, 'thickness': {'median': 2.0, 'p95': 4.0, 'max': 8.0, 'mean': 2.782520055770874, 'saturated': 3.065538358439855e-05}, 'components': {'n_components': 7, 'n_components_ge_min_size': 7, 'largest_component_fraction': 0.25481966792377503, 'fragment_fraction': 0.0, 'median_planarity': 0.016819227498428468, 'worst_planarity': 0.01760285648748495}}","{'fraction': 0.5409870300292968, 'border_touch_fraction': 0.034658871579572995, 'skipped': 'fraction 0.54 exceeds sheet_fraction_max'}",1,0.04280670166015625,2.0,4.0,7,0.0,0.01760285648748495
sample_00398,True,True,"[320, 320, 320]",,uint8,NONE,32821210,,"[320, 320, 320]",,uint8,LZW,30389809,,"[320, 320, 320]",uint8,"[0, 1, 2]",0.3012012634277344,0.03905328369140625,0.6597454528808594,3,0.6987987365722657,0.026831760017157653,"{'fraction': 0.03905328369140625, 'border_touch_fraction': 0.0, 'thickness': {'median': 2.0, 'p95': 4.0, 'max': 6.0, 'mean': 2.774009943008423, 'saturated': 0.00034070538517681515}, 'components': {'n_components': 4, 'n_components_ge_min_size': 4, 'largest_component_fraction': 0.2786852835590897, 'fragment_fraction': 0.0, 'median_planarity': 0.0023297690248927695, 'worst_planarity': 0.026138373101960204}}","{'fraction': 0.6597454528808594, 'border_touch_fraction': 0.02842005188232193, 'skipped': 'fraction 0.66 exceeds sheet_fraction_max'}",1,0.03905328369140625,2.0,4.0,4,0.0,0.026138373101960204
sample_00399,True,True,"[320, 320, 320]",,uint8,LZW,497689,,"[320, 320, 320]",,uint8,LZW,29429481,,"[320, 320, 320]",uint8,"[0, 1, 2]",0.14227249145507812,0.0274404296875,0.8302870788574219,3,0.8577275085449219,0.021860089379444222,"{'fraction': 0.0274404296875, 'border_touch_fraction': 0.0, 'thickness': {'median': 2.0, 'p95': 4.0, 'max': 6.0, 'mean': 2.673870086669922, 'saturated': 0.00033364176661091144}, 'components': {'n_components': 3, 'n_components_ge_min_size': 3, 'largest_component_fraction': 0.33348717925904836, 'fragment_fraction': 0.0, 'median_planarity': 0.00975399236288815, 'worst_planarity': 0.012621674628432587}}","{'fraction': 0.8302870788574219, 'border_touch_fraction': 0.02258255063513975, 'skipped': 'fraction 0.83 exceeds sheet_fraction_max'}",1,0.0274404296875,2.0,4.0,3,0.0,0.012621674628432587
sample_00400,True,True,"[320, 320, 320]",,uint8,NONE,32821210,,"[320, 320, 320]",,uint8,LZW,29838485,,"[320, 320, 320]",uint8,"[0, 1, 2]",0.09121951293945313,0.018448516845703124,0.8903319702148438,3,0.9087804870605469,0.02063204510546538,"{'fraction': 0.018448516845703124, 'border_touch_fraction': 0.0, 'thickness': {'median': 2.0, 'p95': 4.0, 'max': 8.0, 'mean': 2.6966700553894043, 'saturated': 0.0005343073276197187}, 'components': {'n_components': 2, 'n_components_ge_min_size': 2, 'largest_component_fraction': 0.5092362382779093, 'fragment_fraction': 0.0, 'median_planarity': 0.007829075077758457, 'worst_planarity': 0.008901110710402645}}","{'fraction': 0.8903319702148438, 'border_touch_fraction': 0.02105956050918343, 'skipped': 'fraction 0.89 exceeds sheet_fraction_max'}",1,0.018448516845703124,2.0,4.0,2,0.0,0.008901110710402645
sample_00401,True,True,"[320, 320, 320]",,uint8,NONE,32821210,,"[320, 320, 320]",,uint8,LZW,24568204,,"[320, 320, 320]",uint8,"[0, 1, 2]",0.37603756713867187,0.027219329833984375,0.5967431030273438,3,0.6239624328613281,0.030049886038839575,"{'fraction': 0.027219329833984375, 'border_touch_fraction': 0.0, 'thickness': {'median': 2.0, 'p95': 4.0, 'max': 6.0, 'mean': 2.6638898849487305, 'saturated': 9.193618731661814e-05}, 'components': {'n_components': 3, 'n_components_ge_min_size': 3, 'largest_component_fraction': 0.336040218718432, 'fragment_fraction': 0.0, 'median_planarity': 0.0061442807871676655, 'worst_planarity': 0.0071280427170240844}}","{'fraction': 0.5967431030273438, 'border_touch_fraction': 0.031420555855407754, 'skipped': 'fraction 0.60 exceeds sheet_fraction_max'}",1,0.027219329833984375,2.0,4.0,3,0.0,0.0071280427170240844
sample_00402,True,True,"[320, 320, 320]",,uint8,NONE,32821210,,"[320, 320, 320]",,uint8,LZW,26332836,,"[320, 320, 320]",uint8,"[0, 1, 2]",0.354201416015625,0.03565740966796875,0.6101411743164062,3,0.645798583984375,0.02903382024209216,"{'fraction': 0.03565740966796875, 'border_touch_fraction': 0.0, 'thickness': {'median': 2.0, 'p95': 4.0, 'max': 8.0, 'mean': 2.7390499114990234, 'saturated': 2.1396379047980954e-05}, 'components': {'n_components': 6, 'n_components_ge_min_size': 6, 'largest_component_fraction': 0.2836201303980925, 'fragment_fraction': 0.0, 'median_planarity': 0.009006284328535084, 'worst_planarity': 0.023576714806981584}}","{'fraction': 0.6101411743164062, 'border_touch_fraction': 0.030730592835350345, 'skipped': 'fraction 0.61 exceeds sheet_fraction_max'}",1,0.03565740966796875,2.0,4.0,6,0.0,0.023576714806981584
sample_00403,True,True,"[320, 320, 320]",,uint8,NONE,32821210,,"[320, 320, 320]",,uint8,LZW,31063704,,"[320, 320, 320]",uint8,"[0, 1, 2]",0.14537054443359376,0.01512347412109375,0.8395059814453125,3,0.8546294555664062,0.021939332745761056,"{'fraction': 0.01512347412109375, 'border_touch_fraction': 0.0, 'thickness': {'median': 2.0, 'p95': 4.0, 'max': 6.0, 'mean': 2.6674299240112305, 'saturated': 0.0005145631459785376}, 'components': {'n_components': 5, 'n_components_ge_min_size': 5, 'largest_component_fraction': 0.5862912306332557, 'fragment_fraction': 0.0, 'median_planarity': 0.00541572324655736, 'worst_planarity': 0.024447107195041264}}","{'fraction': 0.8395059814453125, 'border_touch_fraction': 0.02233456391545844, 'skipped': 'fraction 0.84 exceeds sheet_fraction_max'}",1,0.01512347412109375,2.0,4.0,5,0.0,0.024447107195041264
sample_00404,True,True,"[320, 320, 320]",,uint8,NONE,32821210,,"[320, 320, 320]",,uint8,LZW,29837451,,"[320, 320, 320]",uint8,"[0, 1, 2]",0.11589013671875,0.01446051025390625,0.8696493530273437,3,0.88410986328125,0.021207771543699332,"{'fraction': 0.01446051025390625, 'border_touch_fraction': 0.0, 'thickness': {'median': 2.0, 'p95': 4.0, 'max': 6.0, 'mean': 2.667479991912842, 'saturated': 8.863714065025895e-05}, 'components': {'n_components': 4, 'n_components_ge_min_size': 4, 'largest_component_fraction': 0.5269098138197965, 'fragment_fraction': 0.0, 'median_planarity': 0.0030087803246499466, 'worst_planarity': 0.007752739031624659}}","{'fraction': 0.8696493530273437, 'border_touch_fraction': 0.021560413900992642, 'skipped': 'fraction 0.87 exceeds sheet_fraction_max'}",1,0.01446051025390625,2.0,4.0,4,0.0,0.007752739031624659
sample_00405,True,True,"[320, 320, 320]",,uint8,NONE,32821210,,"[320, 320, 320]",,uint8,LZW,27465682,,"[320, 320, 320]",uint8,"[0, 1, 2]",0.4240762939453125,0.03616168212890625,0.5397620239257812,3,0.5759237060546875,0.03255639558309755,"{'fraction': 0.03616168212890625, 'border_touch_fraction': 0.0, 'thickness': {'median': 2.0, 'p95': 4.0, 'max': 6.0, 'mean': 2.661099910736084, 'saturated': 0.00017722326587034346}, 'components': {'n_components': 7, 'n_components_ge_min_size': 7, 'largest_component_fraction': 0.2588269845208136, 'fragment_fraction': 0.0, 'median_planarity': 0.007214658494693057, 'worst_planarity': 0.01147634008244856}}","{'fraction': 0.5397620239257812, 'border_touch_fraction': 0.034737530928219164, 'skipped': 'fraction 0.54 exceeds sheet_fraction_max'}",1,0.03616168212890625,2.0,4.0,7,0.0,0.01147634008244856
sample_00406,True,True,"[320, 320, 320]",,uint8,NONE,32821210,,"[320, 320, 320]",,uint8,LZW,32175513,,"[320, 320, 320]",uint8,"[0, 1, 2]",0.33463079833984377,0.06274359130859375,0.6026256103515625,3,0.6653692016601562,0.028179843541325713,"{'fraction': 0.06274359130859375, 'border_touch_fraction': 0.0, 'thickness': {'median': 2.0, 'p95': 4.0, 'max': 6.0, 'mean': 2.7606699466705322, 'saturated': 4.3774702307705025e-06}, 'components': {'n_components': 8, 'n_components_ge_min_size': 8, 'largest_component_fraction': 0.16188954961667953, 'fragment_fraction': 0.0, 'median_planarity': 0.003072558194728418, 'worst_planarity': 0.009352612989650733}}","{'fraction': 0.6026256103515625, 'border_touch_fraction': 0.03111384527627616, 'skipped': 'fraction 0.60 exceeds sheet_fraction_max'}",1,0.06274359130859375,2.0,4.0,8,0.0,0.009352612989650733
sample_00407,True,True,"[320, 320, 320]",,uint8,LZW,779833,,"[320, 320, 320]",,uint8,LZW,30064488,,"[320, 320, 320]",uint8,"[0, 1, 2]",0.15613674926757812,0.024256744384765626,0.8196065063476563,3,0.8438632507324219,0.02221923988718094,"{'fraction': 0.024256744384765626, 'border_touch_fraction': 0.0, 'thickness': {'median': 2.0, 'p95': 4.0, 'max': 6.0, 'mean': 2.810029983520508, 'saturated': 0.0005661481169284577}, 'components': {'n_components': 4, 'n_components_ge_min_size': 4, 'largest_component_fraction': 0.3651730840604143, 'fragment_fraction': 0.0, 'median_planarity': 0.006926500624719797, 'worst_planarity': 0.00807264698858469}}","{'fraction': 0.8196065063476563, 'border_touch_fraction': 0.022876831570742467, 'skipped': 'fraction 0.82 exceeds sheet_fraction_max'}",1,0.024256744384765626,2.0,4.0,4,0.0,0.00807264698858469
sample_00408,True,True,"[320, 320, 320]",,uint8,NONE,32821210,,"[320, 320, 320]",,uint8,LZW,25417881,,"[320, 320, 320]",uint8,"[0, 1, 2]",0.8878541870117187,0.0463614501953125,0.06578436279296875,3,0.11214581298828125,0.16719304537887023,"{'fraction': 0.0463614501953125, 'border_touch_fraction': 0.0, 'thickness': {'median': 2.0, 'p95': 4.0, 'max': 10.0, 'mean': 2.767469882965088, 'saturated': 2.2380612596861976e-05}, 'components': {'n_components': 8, 'n_components_ge_min_size': 8, 'largest_component_fraction': 0.21756259330740693, 'fragment_fraction': 0.0, 'median_planarity': 0.012208982289207516, 'worst_planarity': 0.04814592187273947}}","{'fraction': 0.06578436279296875, 'border_touch_fraction': 0.2850221421009806, 'thickness': {'median': 4.0, 'p95': 42.0, 'max': 48.0, 'mean': 8.675780296325684, 'saturated': 0.04103224034640582}, 'components': {'n_components': 1, 'n_components_ge_min_size': 1, 'largest_component_fraction': 1.0, 'fragment_fraction': 0.0, 'median_planarity': 0.2805203178959275, 'worst_planarity': 0.2805203178959275}}",1,0.0463614501953125,2.0,4.0,8,0.0,0.04814592187273947
sample_00409,True,True,"[320, 320, 320]",,uint8,NONE,32821210,,"[320, 320, 320]",,uint8,LZW,32235061,,"[320, 320, 320]",uint8,"[0, 1, 2]",0.2729557189941406,0.036746826171875,0.6902974548339844,3,0.7270442810058594,0.025789350786254092,"{'fraction': 0.036746826171875, 'border_touch_fraction': 0.0, 'thickness': {'median': 2.0, 'p95': 4.0, 'max': 10.0, 'mean': 2.751889944076538, 'saturated': 3.0727834435106135e-05}, 'components': {'n_components': 6, 'n_components_ge_min_size': 6, 'largest_component_fraction': 0.2665556589044281, 'fragment_fraction': 0.0, 'median_planarity': 0.005117293052100352, 'worst_planarity': 0.02424144133540243}}","{'fraction': 0.6902974548339844, 'border_touch_fraction': 0.027162203581511613, 'skipped': 'fraction 0.69 exceeds sheet_fraction_max'}",1,0.036746826171875,2.0,4.0,6,0.0,0.02424144133540243
sample_00411,True,True,"[320, 320, 320]",,uint8,NONE,32821210,,"[320, 320, 320]",,uint8,LZW,27326475,,"[320, 320, 320]",uint8,"[0, 1, 2]",0.4346802368164063,0.03858392333984375,0.52673583984375,3,0.5653197631835938,0.033167069720700236,"{'fraction': 0.03858392333984375, 'border_touch_fraction': 0.0, 'thickness': {'median': 2.0, 'p95': 4.0, 'max': 6.0, 'mean': 2.7590599060058594, 'saturated': 0.0005987417722440082}, 'components': {'n_components': 5, 'n_components_ge_min_size': 5, 'largest_component_fraction': 0.25846820182897023, 'fragment_fraction': 0.0, 'median_planarity': 0.013413288742512207, 'worst_planarity': 0.019950792652665347}}","{'fraction': 0.52673583984375, 'border_touch_fraction': 0.03559659051406482, 'skipped': 'fraction 0.53 exceeds sheet_fraction_max'}",1,0.03858392333984375,2.0,4.0,5,0.0,0.019950792652665347
sample_00412,True,True,"[320, 320, 320]",,uint8,LZW,1053561,,"[320, 320, 320]",,uint8,LZW,27044820,,"[320, 320, 320]",uint8,"[0, 1, 2]",0.42468121337890624,0.04549307250976563,0.5298257141113282,3,0.5753187866210937,0.03259062703326737,"{'fraction': 0.04549307250976563, 'border_touch_fraction': 0.0, 'thickness': {'median': 2.0, 'p95': 4.0, 'max': 8.0, 'mean': 2.766400098800659, 'saturated': 2.6832725460298634e-06}, 'components': {'n_components': 8, 'n_components_ge_min_size': 8, 'largest_component_fraction': 0.23238884375773536, 'fragment_fraction': 0.0, 'median_planarity': 0.008681630806794374, 'worst_planarity': 0.016543264955043463}}","{'fraction': 0.5298257141113282, 'border_touch_fraction': 0.035388995853946434, 'skipped': 'fraction 0.53 exceeds sheet_fraction_max'}",1,0.04549307250976563,2.0,4.0,8,0.0,0.016543264955043463
sample_00413,True,True,"[320, 320, 320]",,uint8,NONE,32821210,,"[320, 320, 320]",,uint8,LZW,27249040,,"[320, 320, 320]",uint8,"[0, 1, 2]",0.17675210571289063,0.02415411376953125,0.7990937805175782,3,0.8232478942871094,0.022775642828988397,"{'fraction': 0.02415411376953125, 'border_touch_fraction': 0.0, 'thickness': {'median': 2.0, 'p95': 4.0, 'max': 8.0, 'mean': 2.7427101135253906, 'saturated': 2.5269052233657873e-06}, 'components': {'n_components': 4, 'n_components_ge_min_size': 4, 'largest_component_fraction': 0.4281209174687485, 'fragment_fraction': 0.0, 'median_planarity': 0.01240121790121431, 'worst_planarity': 0.04232282291942683}}","{'fraction': 0.7990937805175782, 'border_touch_fraction': 0.02346407950748347, 'skipped': 'fraction 0.80 exceeds sheet_fraction_max'}",1,0.02415411376953125,2.0,4.0,4,0.0,0.04232282291942683
sample_00414,True,True,"[320, 320, 320]",,uint8,NONE,32821210,,"[320, 320, 320]",,uint8,LZW,28904498,,"[320, 320, 320]",uint8,"[0, 1, 2]",0.368578125,0.0300050048828125,0.6014168701171875,3,0.631421875,0.029694885056049097,"{'fraction': 0.0300050048828125, 'border_touch_fraction': 0.0, 'thickness': {'median': 2.0, 'p95': 4.0, 'max': 6.0, 'mean': 2.7744600772857666, 'saturated': 0.0015124023091850724}, 'components': {'n_components': 3, 'n_components_ge_min_size': 3, 'largest_component_fraction': 0.35183034243147915, 'fragment_fraction': 0.0, 'median_planarity': 0.018130204802447984, 'worst_planarity': 0.04486443027152071}}","{'fraction': 0.6014168701171875, 'border_touch_fraction': 0.031176378534819815, 'skipped': 'fraction 0.60 exceeds sheet_fraction_max'}",1,0.0300050048828125,2.0,4.0,3,0.0,0.04486443027152071
sample_00416,True,True,"[320, 320, 320]",,uint8,NONE,32821210,,"[320, 320, 320]",,uint8,LZW,26661670,,"[320, 320, 320]",uint8,"[0, 1, 2]",0.6786681213378907,0.03299606323242187,0.2883358154296875,3,0.3213318786621094,0.05835088656023518,"{'fraction': 0.03299606323242187, 'border_touch_fraction': 0.0, 'thickness': {'median': 2.0, 'p95': 4.0, 'max': 8.0, 'mean': 2.730259895324707, 'saturated': 8.323968868356432e-06}, 'components': {'n_components': 7, 'n_components_ge_min_size': 7, 'largest_component_fraction': 0.32180926087780876, 'fragment_fraction': 0.0, 'median_planarity': 0.017788295958317428, 'worst_planarity': 0.034623995772401835}}","{'fraction': 0.2883358154296875, 'border_touch_fraction': 0.06502834194239149, 'skipped': 'fraction 0.29 exceeds sheet_fraction_max'}",1,0.03299606323242187,2.0,4.0,7,0.0,0.034623995772401835
sample_00417,True,True,"[320, 320, 320]",,uint8,NONE,32821210,,"[320, 320, 320]",,uint8,LZW,32939077,,"[320, 320, 320]",uint8,"[0, 1, 2]",0.35452789306640625,0.053998504638671875,0.5914736022949219,3,0.6454721069335938,0.02904850542508261,"{'fraction': 0.053998504638671875, 'border_touch_fraction': 0.0, 'thickness': {'median': 2.0, 'p95': 4.0, 'max': 8.0, 'mean': 2.7037699222564697, 'saturated': 6.66884063335901e-05}, 'components': {'n_components': 6, 'n_components_ge_min_size': 6, 'largest_component_fraction': 0.1751141473802477, 'fragment_fraction': 0.0, 'median_planarity': 0.008811413146793961, 'worst_planarity': 0.025631141267375937}}","{'fraction': 0.5914736022949219, 'border_touch_fraction': 0.03170048490287625, 'skipped': 'fraction 0.59 exceeds sheet_fraction_max'}",1,0.053998504638671875,2.0,4.0,6,0.0,0.025631141267375937
sample_00418,True,True,"[320, 320, 320]",,uint8,NONE,32821210,,"[320, 320, 320]",,uint8,LZW,33180070,,"[320, 320, 320]",uint8,"[0, 1, 2]",0.32512472534179687,0.03151138305664063,0.6433638916015625,3,0.6748752746582031,0.027782911456485218,"{'fraction': 0.03151138305664063, 'border_touch_fraction': 0.0, 'thickness': {'median': 2.0, 'p95': 4.0, 'max': 10.0, 'mean': 2.7060699462890625, 'saturated': 8.813004508190767e-05}, 'components': {'n_components': 8, 'n_components_ge_min_size': 8, 'largest_component_fraction': 0.31559175451424365, 'fragment_fraction': 0.0, 'median_planarity': 0.014928129379240995, 'worst_planarity': 0.019902838134827083}}","{'fraction': 0.6433638916015625, 'border_touch_fraction': 0.02914369339772015, 'skipped': 'fraction 0.64 exceeds sheet_fraction_max'}",1,0.03151138305664063,2.0,4.0,8,0.0,0.019902838134827083
sample_00419,True,True,"[320, 320, 320]",,uint8,NONE,32821210,,"[320, 320, 320]",,uint8,LZW,33693900,,"[320, 320, 320]",uint8,"[0, 1, 2]",0.4119557800292969,0.062626708984375,0.5254175109863282,3,0.5880442199707031,0.03188535719462414,"{'fraction': 0.062626708984375, 'border_touch_fraction': 0.0, 'thickness': {'median': 2.0, 'p95': 4.0, 'max': 8.0, 'mean': 2.7969601154327393, 'saturated': 0.00010915370791247432}, 'components': {'n_components': 8, 'n_components_ge_min_size': 8, 'largest_component_fraction': 0.17736259302429838, 'fragment_fraction': 0.0, 'median_planarity': 0.006684002353216755, 'worst_planarity': 0.008583438536025412}}","{'fraction': 0.5254175109863282, 'border_touch_fraction': 0.03568590617545652, 'skipped': 'fraction 0.53 exceeds sheet_fraction_max'}",1,0.062626708984375,2.0,4.0,8,0.0,0.008583438536025412
sample_00420,True,True,"[320, 320, 320]",,uint8,NONE,32821210,,"[320, 320, 320]",,uint8,LZW,28200507,,"[320, 320, 320]",uint8,"[0, 1, 2]",0.7181065063476563,0.052184234619140624,0.22970925903320313,3,0.28189349365234373,0.06651448303068738,"{'fraction': 0.052184234619140624, 'border_touch_fraction': 0.0, 'thickness': {'median': 2.0, 'p95': 4.0, 'max': 6.0, 'mean': 2.6968801021575928, 'saturated': 0.0006543962974853989}, 'components': {'n_components': 7, 'n_components_ge_min_size': 7, 'largest_component_fraction': 0.18852461413133423, 'fragment_fraction': 0.0, 'median_planarity': 0.010932701374348656, 'worst_planarity': 0.019636581959514583}}","{'fraction': 0.22970925903320313, 'border_touch_fraction': 0.08162492047083657, 'thickness': {'median': 8.0, 'p95': 8.0, 'max': 8.0, 'mean': 7.140870094299316, 'saturated': 0.7840804303057494}, 'components': {'n_components': 1, 'n_components_ge_min_size': 1, 'largest_component_fraction': 1.0, 'fragment_fraction': 0.0, 'median_planarity': 0.2675414950167885, 'worst_planarity': 0.2675414950167885}}",1,0.052184234619140624,2.0,4.0,7,0.0,0.019636581959514583
sample_00421,True,True,"[320, 320, 320]",,uint8,NONE,32821210,,"[320, 320, 320]",,uint8,LZW,27867806,,"[320, 320, 320]",uint8,"[0, 1, 2]",0.7413794250488281,0.04895388793945313,0.20966668701171876,3,0.25862057495117186,0.07250003215536908,"{'fraction': 0.04895388793945313, 'border_touch_fraction': 0.0, 'thickness': {'median': 2.0, 'p95': 4.0, 'max': 10.0, 'mean': 2.739150047302246, 'saturated': 2.680595790467178e-05}, 'components': {'n_components': 6, 'n_components_ge_min_size': 6, 'largest_component_fraction': 0.25026790373045427, 'fragment_fraction': 0.0, 'median_planarity': 0.01739239594888183, 'worst_planarity': 0.09472743940474143}}","{'fraction': 0.20966668701171876, 'border_touch_fraction': 0.0894276542794422, 'thickness': {'median': 8.0, 'p95': 8.0, 'max': 8.0, 'mean': 7.092700004577637, 'saturated': 0.7719158157406062}, 'components': {'n_components': 1, 'n_components_ge_min_size': 1, 'largest_component_fraction': 1.0, 'fragment_fraction': 0.0, 'median_planarity': 0.17025924811839535, 'worst_planarity': 0.17025924811839535}}",1,0.04895388793945313,2.0,4.0,6,0.0,0.09472743940474143
sample_00422,True,True,"[320, 320, 320]",,uint8,NONE,32821210,,"[320, 320, 320]",,uint8,LZW,31151961,,"[320, 320, 320]",uint8,"[0, 1, 2]",0.6633609008789062,0.058816192626953125,0.2778229064941406,3,0.33663909912109374,0.055697630040458745,"{'fraction': 0.058816192626953125, 'border_touch_fraction': 0.0, 'thickness': {'median': 2.0, 'p95': 4.0, 'max': 6.0, 'mean': 2.75, 'saturated': 0.00034815743772729466}, 'components': {'n_components': 7, 'n_components_ge_min_size': 7, 'largest_component_fraction': 0.1722538757809545, 'fragment_fraction': 0.0, 'median_planarity': 0.005651550471454589, 'worst_planarity': 0.010839790857742088}}","{'fraction': 0.2778229064941406, 'border_touch_fraction': 0.06748903550325301, 'skipped': 'fraction 0.28 exceeds sheet_fraction_max'}",1,0.058816192626953125,2.0,4.0,7,0.0,0.010839790857742088
sample_00423,True,True,"[320, 320, 320]",,uint8,NONE,32821210,,"[320, 320, 320]",,uint8,LZW,28823774,,"[320, 320, 320]",uint8,"[0, 1, 2]",0.3188860778808594,0.02805731201171875,0.6530566101074219,3,0.6811139221191407,0.02752843451160619,"{'fraction': 0.02805731201171875, 'border_touch_fraction': 0.0, 'thickness': {'median': 2.0, 'p95': 4.0, 'max': 6.0, 'mean': 2.736140012741089, 'saturated': 0.0006384723651322302}, 'components': {'n_components': 5, 'n_components_ge_min_size': 5, 'largest_component_fraction': 0.35531694116265056, 'fragment_fraction': 0.0, 'median_planarity': 0.004950642720743056, 'worst_planarity': 0.009227864655767143}}","{'fraction': 0.6530566101074219, 'border_touch_fraction': 0.028711140366400694, 'skipped': 'fraction 0.65 exceeds sheet_fraction_max'}",1,0.02805731201171875,2.0,4.0,5,0.0,0.009227864655767143
sample_00424,True,True,"[320, 320, 320]",,uint8,NONE,32821210,,"[320, 320, 320]",,uint8,LZW,27564601,,"[320, 320, 320]",uint8,"[0, 1, 2]",0.8590710754394532,0.06358367919921876,0.07734524536132813,3,0.14092892456054687,0.13304578927617158,"{'fraction': 0.06358367919921876, 'border_touch_fraction': 0.0, 'thickness': {'median': 2.0, 'p95': 4.0, 'max': 10.0, 'mean': 2.773859977722168, 'saturated': 1.919837197805626e-06}, 'components': {'n_components': 10, 'n_components_ge_min_size': 10, 'largest_component_fraction': 0.1692566870329396, 'fragment_fraction': 0.0, 'median_planarity': 0.0067462895322079304, 'worst_planarity': 0.028669935075847617}}","{'fraction': 0.07734524536132813, 'border_touch_fraction': 0.2424195554931269, 'thickness': {'median': 6.0, 'p95': 48.0, 'max': 48.0, 'mean': 14.672209739685059, 'saturated': 0.16725962921329252}, 'components': {'n_components': 1, 'n_components_ge_min_size': 1, 'largest_component_fraction': 1.0, 'fragment_fraction': 0.0, 'median_planarity': 0.2516493493371214, 'worst_planarity': 0.2516493493371214}}",1,0.06358367919921876,2.0,4.0,10,0.0,0.028669935075847617
sample_00425,True,True,"[320, 320, 320]",,uint8,NONE,32821210,,"[320, 320, 320]",,uint8,LZW,35407402,,"[320, 320, 320]",uint8,"[0, 1, 2]",0.2150558166503906,0.03133648681640625,0.7536076965332031,3,0.7849441833496094,0.02388704878350422,"{'fraction': 0.03133648681640625, 'border_touch_fraction': 0.0, 'thickness': {'median': 2.0, 'p95': 4.0, 'max': 6.0, 'mean': 2.653470039367676, 'saturated': 3.992855709881052e-05}, 'components': {'n_components': 6, 'n_components_ge_min_size': 6, 'largest_component_fraction': 0.29564564476828775, 'fragment_fraction': 0.0, 'median_planarity': 0.002306467357059333, 'worst_planarity': 0.023446956357443656}}","{'fraction': 0.7536076965332031, 'border_touch_fraction': 0.02488031914516666, 'skipped': 'fraction 0.75 exceeds sheet_fraction_max'}",1,0.03133648681640625,2.0,4.0,6,0.0,0.023446956357443656
sample_00426,True,True,"[320, 320, 320]",,uint8,NONE,32821210,,"[320, 320, 320]",,uint8,LZW,36253171,,"[320, 320, 320]",uint8,"[0, 1, 2]",0.3047828369140625,0.03741961669921875,0.6577975463867187,3,0.6952171630859375,0.026969990091689187,"{'fraction': 0.03741961669921875, 'border_touch_fraction': 0.0, 'thickness': {'median': 2.0, 'p95': 4.0, 'max': 6.0, 'mean': 2.670919895172119, 'saturated': 0.00014843014730468794}, 'components': {'n_components': 6, 'n_components_ge_min_size': 6, 'largest_component_fraction': 0.24604743566531775, 'fragment_fraction': 0.0, 'median_planarity': 0.0038049522544782105, 'worst_planarity': 0.007291486370642456}}","{'fraction': 0.6577975463867187, 'border_touch_fraction': 0.028504210912603325, 'skipped': 'fraction 0.66 exceeds sheet_fraction_max'}",1,0.03741961669921875,2.0,4.0,6,0.0,0.007291486370642456
sample_00427,True,True,"[320, 320, 320]",,uint8,NONE,32821210,,"[320, 320, 320]",,uint8,LZW,36467021,,"[320, 320, 320]",uint8,"[0, 1, 2]",0.58599365234375,0.10256427001953125,0.3114420776367188,3,0.41400634765625,0.04528916067627096,"{'fraction': 0.10256427001953125, 'border_touch_fraction': 0.0, 'thickness': {'median': 2.0, 'p95': 4.0, 'max': 6.0, 'mean': 2.6638100147247314, 'saturated': 4.7309798246026425e-05}, 'components': {'n_components': 16, 'n_components_ge_min_size': 16, 'largest_component_fraction': 0.089211104651059, 'fragment_fraction': 0.0, 'median_planarity': 0.0026535849421781585, 'worst_planarity': 0.009664790582920925}}","{'fraction': 0.3114420776367188, 'border_touch_fraction': 0.060203811065860265, 'skipped': 'fraction 0.31 exceeds sheet_fraction_max'}",1,0.10256427001953125,2.0,4.0,16,0.0,0.009664790582920925
sample_00428,True,True,"[320, 320, 320]",,uint8,NONE,32821210,,"[320, 320, 320]",,uint8,LZW,36829420,,"[320, 320, 320]",uint8,"[0, 1, 2]",0.3323300170898438,0.0498797607421875,0.6177902221679688,3,0.6676699829101562,0.028082736201910485,"{'fraction': 0.0498797607421875, 'border_touch_fraction': 0.0, 'thickness': {'median': 2.0, 'p95': 4.0, 'max': 6.0, 'mean': 2.7415900230407715, 'saturated': 0.0004086976738494671}, 'components': {'n_components': 7, 'n_components_ge_min_size': 7, 'largest_component_fraction': 0.20227904017228931, 'fragment_fraction': 0.0, 'median_planarity': 0.0029443483667126137, 'worst_planarity': 0.018676393616709173}}","{'fraction': 0.6177902221679688, 'border_touch_fraction': 0.030350108058042606, 'skipped': 'fraction 0.62 exceeds sheet_fraction_max'}",1,0.0498797607421875,2.0,4.0,7,0.0,0.018676393616709173
sample_00429,True,True,"[320, 320, 320]",,uint8,NONE,32821210,,"[320, 320, 320]",,uint8,LZW,36913342,,"[320, 320, 320]",uint8,"[0, 1, 2]",0.24910134887695312,0.0298568115234375,0.7210418395996093,3,0.7508986511230469,0.024970080811781228,"{'fraction': 0.0298568115234375, 'border_touch_fraction': 0.0, 'thickness': {'median': 2.0, 'p95': 4.0, 'max': 6.0, 'mean': 2.779510021209717, 'saturated': 0.00015536394002951915}, 'components': {'n_components': 3, 'n_components_ge_min_size': 3, 'largest_component_fraction': 0.35054091182278696, 'fragment_fraction': 0.0, 'median_planarity': 0.00706884958210013, 'worst_planarity': 0.009262258657145517}}","{'fraction': 0.7210418395996093, 'border_touch_fraction': 0.026004038836930424, 'skipped': 'fraction 0.72 exceeds sheet_fraction_max'}",1,0.0298568115234375,2.0,4.0,3,0.0,0.009262258657145517
sample_00430,True,True,"[320, 320, 320]",,uint8,NONE,32821210,,"[320, 320, 320]",,uint8,LZW,37448994,,"[320, 320, 320]",uint8,"[0, 1, 2]",0.5303977661132813,0.0690067138671875,0.40059552001953125,3,0.46960223388671873,0.039927408021067944,"{'fraction': 0.0690067138671875, 'border_touch_fraction': 0.0, 'thickness': {'median': 2.0, 'p95': 4.0, 'max': 6.0, 'mean': 2.751889944076538, 'saturated': 1.3267221295482246e-06}, 'components': {'n_components': 7, 'n_components_ge_min_size': 7, 'largest_component_fraction': 0.16863522747977633, 'fragment_fraction': 0.0, 'median_planarity': 0.013658410898012022, 'worst_planarity': 0.0208547347898436}}","{'fraction': 0.40059552001953125, 'border_touch_fraction': 0.046805316242892164, 'skipped': 'fraction 0.40 exceeds sheet_fraction_max'}",1,0.0690067138671875,2.0,4.0,7,0.0,0.0208547347898436
sample_00431,True,True,"[320, 320, 320]",,uint8,NONE,32821210,,"[320, 320, 320]",,uint8,LZW,36369072,,"[320, 320, 320]",uint8,"[0, 1, 2]",0.42449771118164065,0.0556239013671875,0.5198783874511719,3,0.5755022888183594,0.03258023532538529,"{'fraction': 0.0556239013671875, 'border_touch_fraction': 0.0, 'thickness': {'median': 2.0, 'p95': 4.0, 'max': 6.0, 'mean': 2.6938700675964355, 'saturated': 0.00037143026437934384}, 'components': {'n_components': 8, 'n_components_ge_min_size': 8, 'largest_component_fraction': 0.171585420182544, 'fragment_fraction': 0.0, 'median_planarity': 0.0021268434694195378, 'worst_planarity': 0.003499112651864133}}","{'fraction': 0.5198783874511719, 'border_touch_fraction': 0.03606612710316034, 'skipped': 'fraction 0.52 exceeds sheet_fraction_max'}",1,0.0556239013671875,2.0,4.0,8,0.0,0.003499112651864133
sample_00432,True,True,"[320, 320, 320]",,uint8,NONE,32821210,,"[320, 320, 320]",,uint8,LZW,36426374,,"[320, 320, 320]",uint8,"[0, 1, 2]",0.0556951904296875,0.013288482666015625,0.9310163269042969,3,0.9443048095703125,0.01985587684185557,"{'fraction': 0.013288482666015625, 'border_touch_fraction': 0.0, 'thickness': {'median': 2.0, 'p95': 4.0, 'max': 6.0, 'mean': 2.616499900817871, 'saturated': 0.00010793754320372407}, 'components': {'n_components': 4, 'n_components_ge_min_size': 4, 'largest_component_fraction': 0.5617529057016285, 'fragment_fraction': 0.0, 'median_planarity': 0.0015469237684555721, 'worst_planarity': 0.001799238697818252}}","{'fraction': 0.9310163269042969, 'border_touch_fraction': 0.02013928161963092, 'skipped': 'fraction 0.93 exceeds sheet_fraction_max'}",1,0.013288482666015625,2.0,4.0,4,0.0,0.001799238697818252
sample_00433,True,True,"[320, 320, 320]",,uint8,NONE,32821210,,"[320, 320, 320]",,uint8,LZW,38155404,,"[320, 320, 320]",uint8,"[0, 1, 2]",0.604614990234375,0.08451205444335938,0.3108729553222656,3,0.395385009765625,0.04742213168656688,"{'fraction': 0.08451205444335938, 'border_touch_fraction': 0.0, 'thickness': {'median': 2.0, 'p95': 4.0, 'max': 6.0, 'mean': 2.7346699237823486, 'saturated': 1.0833097713458065e-06}, 'components': {'n_components': 14, 'n_components_ge_min_size': 14, 'largest_component_fraction': 0.11694581753957962, 'fragment_fraction': 0.0, 'median_planarity': 0.0036616578878554485, 'worst_planarity': 0.030597092244568667}}","{'fraction': 0.3108729553222656, 'border_touch_fraction': 0.06031402757619383, 'skipped': 'fraction 0.31 exceeds sheet_fraction_max'}",1,0.08451205444335938,2.0,4.0,14,0.0,0.030597092244568667
sample_00434,True,True,"[320, 320, 320]",,uint8,NONE,32821210,,"[320, 320, 320]",,uint8,LZW,38016270,,"[320, 320, 320]",uint8,"[0, 1, 2]",0.33930325317382815,0.04919818115234375,0.6114985656738281,3,0.6606967468261719,0.02837913171219699,"{'fraction': 0.04919818115234375, 'border_touch_fraction': 0.0, 'thickness': {'median': 2.0, 'p95': 4.0, 'max': 6.0, 'mean': 2.680919885635376, 'saturated': 0.000238815080210852}, 'components': {'n_components': 8, 'n_components_ge_min_size': 8, 'largest_component_fraction': 0.1891465059182719, 'fragment_fraction': 0.0, 'median_planarity': 0.0050900867405850765, 'worst_planarity': 0.014241257102204407}}","{'fraction': 0.6114985656738281, 'border_touch_fraction': 0.03066237772665718, 'skipped': 'fraction 0.61 exceeds sheet_fraction_max'}",1,0.04919818115234375,2.0,4.0,8,0.0,0.014241257102204407
sample_00435,True,True,"[320, 320, 320]",,uint8,NONE,32821210,,"[320, 320, 320]",,uint8,LZW,37925386,,"[320, 320, 320]",uint8,"[0, 1, 2]",0.26397659301757814,0.048230438232421874,0.68779296875,3,0.7360234069824219,0.025474733306202854,"{'fraction': 0.048230438232421874, 'border_touch_fraction': 0.0, 'thickness': {'median': 2.0, 'p95': 4.0, 'max': 6.0, 'mean': 2.674880027770996, 'saturated': 0.0002043766985253873}, 'components': {'n_components': 6, 'n_components_ge_min_size': 6, 'largest_component_fraction': 0.19203120699309992, 'fragment_fraction': 0.0, 'median_planarity': 0.011797082145544917, 'worst_planarity': 0.017750135727678498}}","{'fraction': 0.68779296875, 'border_touch_fraction': 0.027261110322305836, 'skipped': 'fraction 0.69 exceeds sheet_fraction_max'}",1,0.048230438232421874,2.0,4.0,6,0.0,0.017750135727678498
sample_00436,True,True,"[320, 320, 320]",,uint8,NONE,32821210,,"[320, 320, 320]",,uint8,LZW,38350038,,"[320, 320, 320]",uint8,"[0, 1, 2]",0.4829644470214844,0.062377044677734375,0.45465850830078125,3,0.5170355529785157,0.03626443073785898,"{'fraction': 0.062377044677734375, 'border_touch_fraction': 0.0, 'thickness': {'median': 2.0, 'p95': 4.0, 'max': 6.0, 'mean': 2.675189971923828, 'saturated': 4.892437319316174e-07}, 'components': {'n_components': 7, 'n_components_ge_min_size': 7, 'largest_component_fraction': 0.14797274521018156, 'fragment_fraction': 0.0, 'median_planarity': 0.00398730233879565, 'worst_planarity': 0.009114024024100185}}","{'fraction': 0.45465850830078125, 'border_touch_fraction': 0.041239742922826506, 'skipped': 'fraction 0.45 exceeds sheet_fraction_max'}",1,0.062377044677734375,2.0,4.0,7,0.0,0.009114024024100185
sample_00437,True,True,"[320, 320, 320]",,uint8,LZW,868681,,"[320, 320, 320]",,uint8,LZW,37266376,,"[320, 320, 320]",uint8,"[0, 1, 2]",0.26900674438476563,0.03647476196289062,0.6945184936523437,3,0.7309932556152344,0.025650031455104493,"{'fraction': 0.03647476196289062, 'border_touch_fraction': 0.0, 'thickness': {'median': 2.0, 'p95': 4.0, 'max': 6.0, 'mean': 2.667059898376465, 'saturated': 0.00024849293635819796}, 'components': {'n_components': 4, 'n_components_ge_min_size': 4, 'largest_component_fraction': 0.250623951539694, 'fragment_fraction': 0.0, 'median_planarity': 0.004541238818217932, 'worst_planarity': 0.011433513116904704}}","{'fraction': 0.6945184936523437, 'border_touch_fraction': 0.02699712127375793, 'skipped': 'fraction 0.69 exceeds sheet_fraction_max'}",1,0.03647476196289062,2.0,4.0,4,0.0,0.011433513116904704
sample_00438,True,True,"[320, 320, 320]",,uint8,NONE,32821210,,"[320, 320, 320]",,uint8,LZW,35432703,,"[320, 320, 320]",uint8,"[0, 1, 2]",0.3520736389160156,0.0300328369140625,0.6178935241699218,3,0.6479263610839844,0.028938473762097204,"{'fraction': 0.0300328369140625, 'border_touch_fraction': 0.0, 'thickness': {'median': 2.0, 'p95': 4.0, 'max': 8.0, 'mean': 2.721450090408325, 'saturated': 6.096842242174703e-06}, 'components': {'n_components': 5, 'n_components_ge_min_size': 5, 'largest_component_fraction': 0.3475586211381585, 'fragment_fraction': 0.0, 'median_planarity': 0.019842384498292086, 'worst_planarity': 0.02178642820563902}}","{'fraction': 0.6178935241699218, 'border_touch_fraction': 0.030345034001106823, 'skipped': 'fraction 0.62 exceeds sheet_fraction_max'}",1,0.0300328369140625,2.0,4.0,5,0.0,0.02178642820563902
sample_00439,True,True,"[320, 320, 320]",,uint8,LZW,624713,,"[320, 320, 320]",,uint8,LZW,37940588,,"[320, 320, 320]",uint8,"[0, 1, 2]",0.10681365966796875,0.01819940185546875,0.8749869384765625,3,0.8931863403320313,0.0209922601290901,"{'fraction': 0.01819940185546875, 'border_touch_fraction': 0.0, 'thickness': {'median': 2.0, 'p95': 4.0, 'max': 6.0, 'mean': 2.6646199226379395, 'saturated': 0.0001727150470019686}, 'components': {'n_components': 2, 'n_components_ge_min_size': 2, 'largest_component_fraction': 0.5003705827707517, 'fragment_fraction': 0.0, 'median_planarity': 0.005077551236424831, 'worst_planarity': 0.006742310802553103}}","{'fraction': 0.8749869384765625, 'border_touch_fraction': 0.021428891307389772, 'skipped': 'fraction 0.87 exceeds sheet_fraction_max'}",1,0.01819940185546875,2.0,4.0,2,0.0,0.006742310802553103
sample_00440,True,True,"[320, 320, 320]",,uint8,LZW,882153,,"[320, 320, 320]",,uint8,LZW,36189391,,"[320, 320, 320]",uint8,"[0, 1, 2]",0.2468427734375,0.04585867309570312,0.7072985534667968,3,0.7531572265625,0.024895200283182903,"{'fraction': 0.04585867309570312, 'border_touch_fraction': 0.0, 'thickness': {'median': 2.0, 'p95': 4.0, 'max': 6.0, 'mean': 2.738990068435669, 'saturated': 0.0003660085832340119}, 'components': {'n_components': 5, 'n_components_ge_min_size': 5, 'largest_component_fraction': 0.2554393866494709, 'fragment_fraction': 0.0, 'median_planarity': 0.004506868272311606, 'worst_planarity': 0.010278965925736835}}","{'fraction': 0.7072985534667968, 'border_touch_fraction': 0.02650931478383151, 'skipped': 'fraction 0.71 exceeds sheet_fraction_max'}",1,0.04585867309570312,2.0,4.0,5,0.0,0.010278965925736835
sample_00441,True,True,"[320, 320, 320]",,uint8,LZW,754889,,"[320, 320, 320]",,uint8,LZW,37449432,,"[320, 320, 320]",uint8,"[0, 1, 2]",0.16557733154296875,0.028410919189453127,0.8060117492675781,3,0.8344226684570313,0.022470626348959903,"{'fraction': 0.028410919189453127, 'border_touch_fraction': 0.0, 'thickness': {'median': 2.0, 'p95': 4.0, 'max': 6.0, 'mean': 2.704900026321411, 'saturated': 0.0003050584928176986}, 'components': {'n_components': 3, 'n_components_ge_min_size': 3, 'largest_component_fraction': 0.33830127533784693, 'fragment_fraction': 0.0, 'median_planarity': 0.003347621182753356, 'worst_planarity': 0.007334212077159763}}","{'fraction': 0.8060117492675781, 'border_touch_fraction': 0.02326268818914625, 'skipped': 'fraction 0.81 exceeds sheet_fraction_max'}",1,0.028410919189453127,2.0,4.0,3,0.0,0.007334212077159763
sample_00442,True,True,"[320, 320, 320]",,uint8,NONE,32821210,,"[320, 320, 320]",,uint8,LZW,36723549,,"[320, 320, 320]",uint8,"[0, 1, 2]",0.5094772033691406,0.04192803955078125,0.4485947570800781,3,0.49052279663085935,0.03822452315933896,"{'fraction': 0.04192803955078125, 'border_touch_fraction': 0.0, 'thickness': {'median': 2.0, 'p95': 4.0, 'max': 10.0, 'mean': 2.7374799251556396, 'saturated': 8.00641677912043e-06}, 'components': {'n_components': 6, 'n_components_ge_min_size': 6, 'largest_component_fraction': 0.24111105773499925, 'fragment_fraction': 0.0, 'median_planarity': 0.010178576557255885, 'worst_planarity': 0.016437593684547506}}","{'fraction': 0.4485947570800781, 'border_touch_fraction': 0.041797189343104516, 'skipped': 'fraction 0.45 exceeds sheet_fraction_max'}",1,0.04192803955078125,2.0,4.0,6,0.0,0.016437593684547506
sample_00443,True,True,"[320, 320, 320]",,uint8,NONE,32821210,,"[320, 320, 320]",,uint8,LZW,37365870,,"[320, 320, 320]",uint8,"[0, 1, 2]",0.26512347412109377,0.04151287841796875,0.6933636474609375,3,0.7348765258789063,0.025514490311927103,"{'fraction': 0.04151287841796875, 'border_touch_fraction': 0.0, 'thickness': {'median': 2.0, 'p95': 4.0, 'max': 6.0, 'mean': 2.768090009689331, 'saturated': 7.351351987143956e-07}, 'components': {'n_components': 7, 'n_components_ge_min_size': 7, 'largest_component_fraction': 0.24966661618738303, 'fragment_fraction': 0.0, 'median_planarity': 0.005845975903064843, 'worst_planarity': 0.0227633096478405}}","{'fraction': 0.6933636474609375, 'border_touch_fraction': 0.027042086888549102, 'skipped': 'fraction 0.69 exceeds sheet_fraction_max'}",1,0.04151287841796875,2.0,4.0,7,0.0,0.0227633096478405
sample_00444,True,True,"[320, 320, 320]",,uint8,LZW,633977,,"[320, 320, 320]",,uint8,LZW,36589500,,"[320, 320, 320]",uint8,"[0, 1, 2]",0.1579080810546875,0.027997314453125,0.8140946044921875,3,0.8420919189453125,0.022265977832305585,"{'fraction': 0.027997314453125, 'border_touch_fraction': 0.0, 'thickness': {'median': 2.0, 'p95': 4.0, 'max': 6.0, 'mean': 2.734869956970215, 'saturated': 0.0002005633213286012}, 'components': {'n_components': 8, 'n_components_ge_min_size': 8, 'largest_component_fraction': 0.2854953478029596, 'fragment_fraction': 0.0, 'median_planarity': 0.002345333324036446, 'worst_planarity': 0.01949826564484302}}","{'fraction': 0.8140946044921875, 'border_touch_fraction': 0.02303172124779748, 'skipped': 'fraction 0.81 exceeds sheet_fraction_max'}",1,0.027997314453125,2.0,4.0,8,0.0,0.01949826564484302
sample_00445,True,True,"[320, 320, 320]",,uint8,NONE,32821210,,"[320, 320, 320]",,uint8,LZW,36498272,,"[320, 320, 320]",uint8,"[0, 1, 2]",0.42831097412109376,0.0651856689453125,0.5065033569335937,3,0.5716890258789062,0.032797551030779415,"{'fraction': 0.0651856689453125, 'border_touch_fraction': 0.0, 'thickness': {'median': 2.0, 'p95': 4.0, 'max': 6.0, 'mean': 2.689769983291626, 'saturated': 9.363278345920701e-07}, 'components': {'n_components': 7, 'n_components_ge_min_size': 7, 'largest_component_fraction': 0.14514064580403407, 'fragment_fraction': 0.0, 'median_planarity': 0.009724721214899083, 'worst_planarity': 0.03660978523554425}}","{'fraction': 0.5065033569335937, 'border_touch_fraction': 0.03701851082194952, 'skipped': 'fraction 0.51 exceeds sheet_fraction_max'}",1,0.0651856689453125,2.0,4.0,7,0.0,0.03660978523554425
sample_00446,True,True,"[320, 320, 320]",,uint8,NONE,32821210,,"[320, 320, 320]",,uint8,LZW,36093779,,"[320, 320, 320]",uint8,"[0, 1, 2]",0.2715501403808594,0.0378851318359375,0.6905647277832031,3,0.7284498596191407,0.025739589008642493,"{'fraction': 0.0378851318359375, 'border_touch_fraction': 0.0, 'thickness': {'median': 2.0, 'p95': 4.0, 'max': 8.0, 'mean': 2.708940029144287, 'saturated': 4.027645760500072e-06}, 'components': {'n_components': 5, 'n_components_ge_min_size': 5, 'largest_component_fraction': 0.25619371365049703, 'fragment_fraction': 0.0, 'median_planarity': 0.009433207639664364, 'worst_planarity': 0.011453906236571124}}","{'fraction': 0.6905647277832031, 'border_touch_fraction': 0.027151690849009598, 'skipped': 'fraction 0.69 exceeds sheet_fraction_max'}",1,0.0378851318359375,2.0,4.0,5,0.0,0.011453906236571124
sample_00447,True,True,"[320, 320, 320]",,uint8,NONE,32821210,,"[320, 320, 320]",,uint8,LZW,34873713,,"[320, 320, 320]",uint8,"[0, 1, 2]",0.7126695556640625,0.04087078857421875,0.24645965576171874,3,0.2873304443359375,0.06525587653384235,"{'fraction': 0.04087078857421875, 'border_touch_fraction': 0.0, 'thickness': {'median': 2.0, 'p95': 4.0, 'max': 8.0, 'mean': 2.696549892425537, 'saturated': 1.1200265222280464e-05}, 'components': {'n_components': 9, 'n_components_ge_min_size': 9, 'largest_component_fraction': 0.22651939064583715, 'fragment_fraction': 0.0, 'median_planarity': 0.006041116356521706, 'worst_planarity': 0.02132754840779998}}","{'fraction': 0.24645965576171874, 'border_touch_fraction': 0.07607736017503737, 'thickness': {'median': 8.0, 'p95': 8.0, 'max': 8.0, 'mean': 7.230460166931152, 'saturated': 0.806822692945385}, 'components': {'n_components': 1, 'n_components_ge_min_size': 1, 'largest_component_fraction': 1.0, 'fragment_fraction': 0.0, 'median_planarity': 0.2566401622263872, 'worst_planarity': 0.2566401622263872}}",1,0.04087078857421875,2.0,4.0,9,0.0,0.02132754840779998
sample_00448,True,True,"[320, 320, 320]",,uint8,NONE,32821210,,"[320, 320, 320]",,uint8,LZW,36099877,,"[320, 320, 320]",uint8,"[0, 1, 2]",0.45012579345703124,0.05781015014648438,0.4920640563964844,3,0.5498742065429687,0.03409870798974242,"{'fraction': 0.05781015014648438, 'border_touch_fraction': 0.0, 'thickness': {'median': 2.0, 'p95': 4.0, 'max': 6.0, 'mean': 2.651439905166626, 'saturated': 6.22913832540702e-05}, 'components': {'n_components': 8, 'n_components_ge_min_size': 8, 'largest_component_fraction': 0.15778090642408923, 'fragment_fraction': 0.0, 'median_planarity': 0.0043378808094383815, 'worst_planarity': 0.013774968243313134}}","{'fraction': 0.4920640563964844, 'border_touch_fraction': 0.0381047950084207, 'skipped': 'fraction 0.49 exceeds sheet_fraction_max'}",1,0.05781015014648438,2.0,4.0,8,0.0,0.013774968243313134
sample_00449,True,True,"[320, 320, 320]",,uint8,NONE,32821210,,"[320, 320, 320]",,uint8,LZW,35374720,,"[320, 320, 320]",uint8,"[0, 1, 2]",0.5614702453613282,0.08621578979492188,0.35231396484375,3,0.4385297546386719,0.04275650580528824,"{'fraction': 0.08621578979492188, 'border_touch_fraction': 0.0, 'thickness': {'median': 2.0, 'p95': 4.0, 'max': 6.0, 'mean': 2.6589601039886475, 'saturated': 9.698706496965261e-05}, 'components': {'n_components': 13, 'n_components_ge_min_size': 13, 'largest_component_fraction': 0.10676435222728671, 'fragment_fraction': 0.0, 'median_planarity': 0.0020803555297987096, 'worst_planarity': 0.004841759163083382}}","{'fraction': 0.35231396484375, 'border_touch_fraction': 0.05321957648858897, 'skipped': 'fraction 0.35 exceeds sheet_fraction_max'}",1,0.08621578979492188,2.0,4.0,13,0.0,0.004841759163083382
sample_00450,True,True,"[320, 320, 320]",,uint8,NONE,32821210,,"[320, 320, 320]",,uint8,LZW,36188042,,"[320, 320, 320]",uint8,"[0, 1, 2]",0.33303863525390626,0.06204736328125,0.6049140014648438,3,0.6669613647460938,0.02811257291812991,"{'fraction': 0.06204736328125, 'border_touch_fraction': 0.0, 'thickness': {'median': 2.0, 'p95': 4.0, 'max': 6.0, 'mean': 2.6792900562286377, 'saturated': 9.83686542381151e-07}, 'components': {'n_components': 12, 'n_components_ge_min_size': 12, 'largest_component_fraction': 0.15003629803341387, 'fragment_fraction': 0.0, 'median_planarity': 0.0054832332118687046, 'worst_planarity': 0.007902459373362892}}","{'fraction': 0.6049140014648438, 'border_touch_fraction': 0.03099614152523416, 'skipped': 'fraction 0.60 exceeds sheet_fraction_max'}",1,0.06204736328125,2.0,4.0,12,0.0,0.007902459373362892
sample_00451,True,True,"[320, 320, 320]",,uint8,NONE,32821210,,"[320, 320, 320]",,uint8,LZW,36509565,,"[320, 320, 320]",uint8,"[0, 1, 2]",0.4696287536621094,0.08037545776367187,0.44999578857421874,3,0.5303712463378907,0.035352595242417593,"{'fraction': 0.08037545776367187, 'border_touch_fraction': 0.0, 'thickness': {'median': 2.0, 'p95': 4.0, 'max': 6.0, 'mean': 2.706899881362915, 'saturated': 2.278126605367342e-06}, 'components': {'n_components': 9, 'n_components_ge_min_size': 9, 'largest_component_fraction': 0.118029739424082, 'fragment_fraction': 0.0, 'median_planarity': 0.0015542430149024465, 'worst_planarity': 0.003411663442151627}}","{'fraction': 0.44999578857421874, 'border_touch_fraction': 0.0416670566171477, 'skipped': 'fraction 0.45 exceeds sheet_fraction_max'}",1,0.08037545776367187,2.0,4.0,9,0.0,0.003411663442151627
sample_00452,True,True,"[320, 320, 320]",,uint8,LZW,742825,,"[320, 320, 320]",,uint8,LZW,37115395,,"[320, 320, 320]",uint8,"[0, 1, 2]",0.18302621459960938,0.032898834228515625,0.784074951171875,3,0.8169737854003907,0.022950552802389876,"{'fraction': 0.032898834228515625, 'border_touch_fraction': 0.0, 'thickness': {'median': 2.0, 'p95': 4.0, 'max': 8.0, 'mean': 2.7432498931884766, 'saturated': 2.2262851926988977e-05}, 'components': {'n_components': 10, 'n_components_ge_min_size': 10, 'largest_component_fraction': 0.21194142272610478, 'fragment_fraction': 0.0, 'median_planarity': 0.0032912549993856155, 'worst_planarity': 0.008681130698037831}}","{'fraction': 0.784074951171875, 'border_touch_fraction': 0.023913530169502713, 'skipped': 'fraction 0.78 exceeds sheet_fraction_max'}",1,0.032898834228515625,2.0,4.0,10,0.0,0.008681130698037831
sample_00453,True,True,"[320, 320, 320]",,uint8,LZW,1117529,,"[320, 320, 320]",,uint8,LZW,37190632,,"[320, 320, 320]",uint8,"[0, 1, 2]",0.37911721801757814,0.055740966796875,0.5651418151855468,3,0.6208827819824219,0.030198936971859595,"{'fraction': 0.055740966796875, 'border_touch_fraction': 0.0, 'thickness': {'median': 2.0, 'p95': 4.0, 'max': 6.0, 'mean': 2.7805399894714355, 'saturated': 0.00022611304557300222}, 'components': {'n_components': 11, 'n_components_ge_min_size': 11, 'largest_component_fraction': 0.16482600792764382, 'fragment_fraction': 0.0, 'median_planarity': 0.006921451213658953, 'worst_planarity': 0.02060733070959261}}","{'fraction': 0.5651418151855468, 'border_touch_fraction': 0.0331775131412706, 'skipped': 'fraction 0.57 exceeds sheet_fraction_max'}",1,0.055740966796875,2.0,4.0,11,0.0,0.02060733070959261
sample_00454,True,True,"[320, 320, 320]",,uint8,LZW,1190121,,"[320, 320, 320]",,uint8,LZW,37780016,,"[320, 320, 320]",uint8,"[0, 1, 2]",0.4435789794921875,0.06314846801757812,0.4932725524902344,3,0.5564210205078125,0.03369750478313703,"{'fraction': 0.06314846801757812, 'border_touch_fraction': 0.0, 'thickness': {'median': 2.0, 'p95': 4.0, 'max': 6.0, 'mean': 2.731829881668091, 'saturated': 0.0004363902072684341}, 'components': {'n_components': 7, 'n_components_ge_min_size': 7, 'largest_component_fraction': 0.1546063330222704, 'fragment_fraction': 0.0, 'median_planarity': 0.005937132892157713, 'worst_planarity': 0.007545619836528847}}","{'fraction': 0.4932725524902344, 'border_touch_fraction': 0.038011439933851185, 'skipped': 'fraction 0.49 exceeds sheet_fraction_max'}",1,0.06314846801757812,2.0,4.0,7,0.0,0.007545619836528847
sample_00455,True,True,"[320, 320, 320]",,uint8,NONE,32821210,,"[320, 320, 320]",,uint8,LZW,37600236,,"[320, 320, 320]",uint8,"[0, 1, 2]",0.5079437561035156,0.056736602783203124,0.43531964111328125,3,0.4920562438964844,0.038105400007777374,"{'fraction': 0.056736602783203124, 'border_touch_fraction': 0.0, 'thickness': {'median': 2.0, 'p95': 4.0, 'max': 6.0, 'mean': 2.7790300846099854, 'saturated': 2.6894083032791954e-06}, 'components': {'n_components': 8, 'n_components_ge_min_size': 8, 'largest_component_fraction': 0.18704565808476478, 'fragment_fraction': 0.0, 'median_planarity': 0.006128446806755809, 'worst_planarity': 0.026946276653741864}}","{'fraction': 0.43531964111328125, 'border_touch_fraction': 0.0430717988098331, 'skipped': 'fraction 0.44 exceeds sheet_fraction_max'}",1,0.056736602783203124,2.0,4.0,8,0.0,0.026946276653741864
sample_00456,True,True,"[320, 320, 320]",,uint8,NONE,32821210,,"[320, 320, 320]",,uint8,LZW,36843558,,"[320, 320, 320]",uint8,"[0, 1, 2]",0.16048275756835936,0.02890283203125,0.8106144104003906,3,0.8395172424316406,0.022334264327545074,"{'fraction': 0.02890283203125, 'border_touch_fraction': 0.0, 'thickness': {'median': 2.0, 'p95': 4.0, 'max': 6.0, 'mean': 2.7469899654388428, 'saturated': 0.0005353251229030459}, 'components': {'n_components': 8, 'n_components_ge_min_size': 8, 'largest_component_fraction': 0.34459205480377747, 'fragment_fraction': 0.0, 'median_planarity': 0.004288204112682256, 'worst_planarity': 0.013038913401113244}}","{'fraction': 0.8106144104003906, 'border_touch_fraction': 0.02313060286053726, 'skipped': 'fraction 0.81 exceeds sheet_fraction_max'}",1,0.02890283203125,2.0,4.0,8,0.0,0.013038913401113244
sample_00457,True,True,"[320, 320, 320]",,uint8,NONE,32821210,,"[320, 320, 320]",,uint8,LZW,37290584,,"[320, 320, 320]",uint8,"[0, 1, 2]",0.4298018798828125,0.053555084228515626,0.5166430358886719,3,0.5701981201171875,0.03288330729001086,"{'fraction': 0.053555084228515626, 'border_touch_fraction': 0.0, 'thickness': {'median': 2.0, 'p95': 4.0, 'max': 6.0, 'mean': 2.770430088043213, 'saturated': 0.0003783706470992818}, 'components': {'n_components': 12, 'n_components_ge_min_size': 12, 'largest_component_fraction': 0.1982633699034642, 'fragment_fraction': 0.0, 'median_planarity': 0.007999886651985186, 'worst_planarity': 0.03642252063496609}}","{'fraction': 0.5166430358886719, 'border_touch_fraction': 0.03629198246667225, 'skipped': 'fraction 0.52 exceeds sheet_fraction_max'}",1,0.053555084228515626,2.0,4.0,12,0.0,0.03642252063496609
sample_00458,True,True,"[320, 320, 320]",,uint8,LZW,865017,,"[320, 320, 320]",,uint8,LZW,37707147,,"[320, 320, 320]",uint8,"[0, 1, 2]",0.18583624267578125,0.03856527709960938,0.7755984802246094,3,0.8141637573242188,0.023029764996691345,"{'fraction': 0.03856527709960938, 'border_touch_fraction': 0.0, 'thickness': {'median': 2.0, 'p95': 4.0, 'max': 8.0, 'mean': 2.7270801067352295, 'saturated': 7.913226721067463e-07}, 'components': {'n_components': 4, 'n_components_ge_min_size': 4, 'largest_component_fraction': 0.25272788708141997, 'fragment_fraction': 0.0, 'median_planarity': 0.007287699755403533, 'worst_planarity': 0.007659255432378686}}","{'fraction': 0.7755984802246094, 'border_touch_fraction': 0.024174879758106404, 'skipped': 'fraction 0.78 exceeds sheet_fraction_max'}",1,0.03856527709960938,2.0,4.0,4,0.0,0.007659255432378686
sample_00459,True,True,"[320, 320, 320]",,uint8,NONE,32821210,,"[320, 320, 320]",,uint8,LZW,37262350,,"[320, 320, 320]",uint8,"[0, 1, 2]",0.4340451049804688,0.05611871337890625,0.509836181640625,3,0.5659548950195312,0.033129848623984305,"{'fraction': 0.05611871337890625, 'border_touch_fraction': 0.0, 'thickness': {'median': 2.0, 'p95': 4.0, 'max': 6.0, 'mean': 2.6833999156951904, 'saturated': 5.438039521496027e-07}, 'components': {'n_components': 13, 'n_components_ge_min_size': 13, 'largest_component_fraction': 0.16639204567083113, 'fragment_fraction': 0.0, 'median_planarity': 0.009746238992667163, 'worst_planarity': 0.01532355207656739}}","{'fraction': 0.509836181640625, 'border_touch_fraction': 0.03677651895882227, 'skipped': 'fraction 0.51 exceeds sheet_fraction_max'}",1,0.05611871337890625,2.0,4.0,13,0.0,0.01532355207656739
sample_00460,True,True,"[320, 320, 320]",,uint8,NONE,32821210,,"[320, 320, 320]",,uint8,LZW,37369633,,"[320, 320, 320]",uint8,"[0, 1, 2]",0.19555099487304686,0.03715032958984375,0.7672986755371094,3,0.8044490051269532,0.023307878909044077,"{'fraction': 0.03715032958984375, 'border_touch_fraction': 0.0, 'thickness': {'median': 2.0, 'p95': 4.0, 'max': 6.0, 'mean': 2.729379892349243, 'saturated': 0.00020454399831764614}, 'components': {'n_components': 4, 'n_components_ge_min_size': 4, 'largest_component_fraction': 0.2660764189521104, 'fragment_fraction': 0.0, 'median_planarity': 0.007625328095078319, 'worst_planarity': 0.017504634993036974}}","{'fraction': 0.7672986755371094, 'border_touch_fraction': 0.024436377381825913, 'skipped': 'fraction 0.77 exceeds sheet_fraction_max'}",1,0.03715032958984375,2.0,4.0,4,0.0,0.017504634993036974
sample_00461,True,True,"[320, 320, 320]",,uint8,LZW,771225,,"[320, 320, 320]",,uint8,LZW,36739415,,"[320, 320, 320]",uint8,"[0, 1, 2]",0.16266738891601562,0.0310118408203125,0.8063207702636719,3,0.8373326110839844,0.022392535238448245,"{'fraction': 0.0310118408203125, 'border_touch_fraction': 0.0, 'thickness': {'median': 2.0, 'p95': 4.0, 'max': 6.0, 'mean': 2.658139944076538, 'saturated': 0.0001948443016898315}, 'components': {'n_components': 7, 'n_components_ge_min_size': 7, 'largest_component_fraction': 0.2957008293675629, 'fragment_fraction': 0.0, 'median_planarity': 0.006198832541845439, 'worst_planarity': 0.014244482068476538}}","{'fraction': 0.8063207702636719, 'border_touch_fraction': 0.023253772805416677, 'skipped': 'fraction 0.81 exceeds sheet_fraction_max'}",1,0.0310118408203125,2.0,4.0,7,0.0,0.014244482068476538
sample_00462,True,True,"[320, 320, 320]",,uint8,NONE,32821210,,"[320, 320, 320]",,uint8,LZW,37333052,,"[320, 320, 320]",uint8,"[0, 1, 2]",0.646223388671875,0.06926617431640625,0.28451043701171874,3,0.353776611328125,0.05299954660544115,"{'fraction': 0.06926617431640625, 'border_touch_fraction': 0.0, 'thickness': {'median': 2.0, 'p95': 4.0, 'max': 8.0, 'mean': 2.6742100715637207, 'saturated': 1.7623365763263565e-06}, 'components': {'n_components': 8, 'n_components_ge_min_size': 8, 'largest_component_fraction': 0.13575498939513966, 'fragment_fraction': 0.0, 'median_planarity': 0.009725019773718644, 'worst_planarity': 0.023843747221429294}}","{'fraction': 0.28451043701171874, 'border_touch_fraction': 0.06590267899109692, 'skipped': 'fraction 0.28 exceeds sheet_fraction_max'}",1,0.06926617431640625,2.0,4.0,8,0.0,0.023843747221429294
sample_00463,True,True,"[320, 320, 320]",,uint8,NONE,32821210,,"[320, 320, 320]",,uint8,LZW,37458011,,"[320, 320, 320]",uint8,"[0, 1, 2]",0.4258846740722656,0.0548157958984375,0.5192995300292969,3,0.5741153259277344,0.03265894351400771,"{'fraction': 0.0548157958984375, 'border_touch_fraction': 0.0, 'thickness': {'median': 2.0, 'p95': 4.0, 'max': 6.0, 'mean': 2.6805500984191895, 'saturated': 0.00045818849083957054}, 'components': {'n_components': 8, 'n_components_ge_min_size': 8, 'largest_component_fraction': 0.17166591322589195, 'fragment_fraction': 0.0, 'median_planarity': 0.00690792175712873, 'worst_planarity': 0.015486565807654267}}","{'fraction': 0.5192995300292969, 'border_touch_fraction': 0.036106329614706556, 'skipped': 'fraction 0.52 exceeds sheet_fraction_max'}",1,0.0548157958984375,2.0,4.0,8,0.0,0.015486565807654267
sample_00464,True,True,"[320, 320, 320]",,uint8,LZW,1273625,,"[320, 320, 320]",,uint8,LZW,36202856,,"[320, 320, 320]",uint8,"[0, 1, 2]",0.8204501342773437,0.06342791748046875,0.1161219482421875,3,0.17954986572265624,0.10442781410353379,"{'fraction': 0.06342791748046875, 'border_touch_fraction': 0.0, 'thickness': {'median': 2.0, 'p95': 4.0, 'max': 6.0, 'mean': 2.6667799949645996, 'saturated': 0.00017850217907377095}, 'components': {'n_components': 7, 'n_components_ge_min_size': 7, 'largest_component_fraction': 0.1439232758181029, 'fragment_fraction': 0.0, 'median_planarity': 0.00442820108804018, 'worst_planarity': 0.00703600493842967}}","{'fraction': 0.1161219482421875, 'border_touch_fraction': 0.1614681830939869, 'thickness': {'median': 8.0, 'p95': 8.0, 'max': 8.0, 'mean': 6.237229824066162, 'saturated': 0.5578867641292544}, 'components': {'n_components': 1, 'n_components_ge_min_size': 1, 'largest_component_fraction': 1.0, 'fragment_fraction': 0.0, 'median_planarity': 0.2709550932448258, 'worst_planarity': 0.2709550932448258}}",1,0.06342791748046875,2.0,4.0,7,0.0,0.00703600493842967
sample_00465,True,True,"[320, 320, 320]",,uint8,LZW,809241,,"[320, 320, 320]",,uint8,LZW,36142205,,"[320, 320, 320]",uint8,"[0, 1, 2]",0.2883644714355469,0.027725372314453125,0.68391015625,3,0.7116355285644531,0.02634775702925266,"{'fraction': 0.027725372314453125, 'border_touch_fraction': 0.0, 'thickness': {'median': 2.0, 'p95': 4.0, 'max': 6.0, 'mean': 2.7084100246429443, 'saturated': 0.0003720397796379767}, 'components': {'n_components': 4, 'n_components_ge_min_size': 4, 'largest_component_fraction': 0.37326046637057586, 'fragment_fraction': 0.0, 'median_planarity': 0.014976217949679481, 'worst_planarity': 0.07455821630040659}}","{'fraction': 0.68391015625, 'border_touch_fraction': 0.02741588179185634, 'skipped': 'fraction 0.68 exceeds sheet_fraction_max'}",1,0.027725372314453125,2.0,4.0,4,0.0,0.07455821630040659
sample_00466,True,True,"[320, 320, 320]",,uint8,NONE,32821210,,"[320, 320, 320]",,uint8,LZW,36152836,,"[320, 320, 320]",uint8,"[0, 1, 2]",0.3913367614746094,0.04723248291015625,0.5614307556152344,3,0.6086632385253906,0.03080521183672215,"{'fraction': 0.04723248291015625, 'border_touch_fraction': 0.0, 'thickness': {'median': 2.0, 'p95': 4.0, 'max': 8.0, 'mean': 2.710279941558838, 'saturated': 6.461142045623416e-06}, 'components': {'n_components': 6, 'n_components_ge_min_size': 6, 'largest_component_fraction': 0.20626291420766368, 'fragment_fraction': 0.0, 'median_planarity': 0.018105814600797597, 'worst_planarity': 0.029798704529025152}}","{'fraction': 0.5614307556152344, 'border_touch_fraction': 0.03339681663761568, 'skipped': 'fraction 0.56 exceeds sheet_fraction_max'}",1,0.04723248291015625,2.0,4.0,6,0.0,0.029798704529025152
sample_00467,True,True,"[320, 320, 320]",,uint8,NONE,32821210,,"[320, 320, 320]",,uint8,LZW,36667105,,"[320, 320, 320]",uint8,"[0, 1, 2]",0.5366310119628906,0.07378097534179688,0.3895880126953125,3,0.46336898803710935,0.04046451204994838,"{'fraction': 0.07378097534179688, 'border_touch_fraction': 0.0, 'thickness': {'median': 2.0, 'p95': 4.0, 'max': 6.0, 'mean': 2.6786000728607178, 'saturated': 1.6544957820698156e-06}, 'components': {'n_components': 8, 'n_components_ge_min_size': 8, 'largest_component_fraction': 0.12876692497482065, 'fragment_fraction': 0.0, 'median_planarity': 0.006814809628200694, 'worst_planarity': 0.0280905848371985}}","{'fraction': 0.3895880126953125, 'border_touch_fraction': 0.04812776417395555, 'skipped': 'fraction 0.39 exceeds sheet_fraction_max'}",1,0.07378097534179688,2.0,4.0,8,0.0,0.0280905848371985
sample_00468,True,True,"[320, 320, 320]",,uint8,NONE,32821210,,"[320, 320, 320]",,uint8,LZW,36384590,,"[320, 320, 320]",uint8,"[0, 1, 2]",0.582243408203125,0.04430267333984375,0.37345391845703124,3,0.417756591796875,0.04488259519580909,"{'fraction': 0.04430267333984375, 'border_touch_fraction': 0.0, 'thickness': {'median': 2.0, 'p95': 4.0, 'max': 6.0, 'mean': 2.770289897918701, 'saturated': 0.000533853180042846}, 'components': {'n_components': 12, 'n_components_ge_min_size': 12, 'largest_component_fraction': 0.2600078528080677, 'fragment_fraction': 0.0, 'median_planarity': 0.013248048341927913, 'worst_planarity': 0.09174500263294529}}","{'fraction': 0.37345391845703124, 'border_touch_fraction': 0.05020699763298194, 'skipped': 'fraction 0.37 exceeds sheet_fraction_max'}",1,0.04430267333984375,2.0,4.0,12,0.0,0.09174500263294529
sample_00469,True,True,"[320, 320, 320]",,uint8,NONE,32821210,,"[320, 320, 320]",,uint8,LZW,36530791,,"[320, 320, 320]",uint8,"[0, 1, 2]",0.36655615234375,0.044723785400390625,0.5887200622558594,3,0.63344384765625,0.02960009805032479,"{'fraction': 0.044723785400390625, 'border_touch_fraction': 0.0, 'thickness': {'median': 2.0, 'p95': 4.0, 'max': 6.0, 'mean': 2.6982500553131104, 'saturated': 0.0002053893903073949}, 'components': {'n_components': 8, 'n_components_ge_min_size': 8, 'largest_component_fraction': 0.21364113082894748, 'fragment_fraction': 0.0, 'median_planarity': 0.005866282753868263, 'worst_planarity': 0.01652362236453338}}","{'fraction': 0.5887200622558594, 'border_touch_fraction': 0.031848753256605, 'skipped': 'fraction 0.59 exceeds sheet_fraction_max'}",1,0.044723785400390625,2.0,4.0,8,0.0,0.01652362236453338
sample_00470,True,True,"[320, 320, 320]",,uint8,NONE,32821210,,"[320, 320, 320]",,uint8,LZW,36974841,,"[320, 320, 320]",uint8,"[0, 1, 2]",0.362177490234375,0.07467410278320312,0.5631484069824219,3,0.637822509765625,0.029396892886219862,"{'fraction': 0.07467410278320312, 'border_touch_fraction': 0.0, 'thickness': {'median': 2.0, 'p95': 4.0, 'max': 8.0, 'mean': 2.757319927215576, 'saturated': 3.2694149095945474e-06}, 'components': {'n_components': 8, 'n_components_ge_min_size': 8, 'largest_component_fraction': 0.1358065912221931, 'fragment_fraction': 0.0, 'median_planarity': 0.0019356082680681095, 'worst_planarity': 0.002826538379883108}}","{'fraction': 0.5631484069824219, 'border_touch_fraction': 0.03329495345724251, 'skipped': 'fraction 0.56 exceeds sheet_fraction_max'}",1,0.07467410278320312,2.0,4.0,8,0.0,0.002826538379883108
sample_00471,True,True,"[320, 320, 320]",,uint8,NONE,32821210,,"[320, 320, 320]",,uint8,LZW,35764095,,"[320, 320, 320]",uint8,"[0, 1, 2]",0.08261334228515625,0.016139190673828126,0.9012474670410157,3,0.9173866577148437,0.02043849214758055,"{'fraction': 0.016139190673828126, 'border_touch_fraction': 0.0, 'thickness': {'median': 2.0, 'p95': 4.0, 'max': 6.0, 'mean': 2.6822400093078613, 'saturated': 0.0007261051831430143}, 'components': {'n_components': 3, 'n_components_ge_min_size': 3, 'largest_component_fraction': 0.5381290311601232, 'fragment_fraction': 0.0, 'median_planarity': 0.005483584126338686, 'worst_planarity': 0.006278932222395973}}","{'fraction': 0.9012474670410157, 'border_touch_fraction': 0.020804496751108972, 'skipped': 'fraction 0.90 exceeds sheet_fraction_max'}",1,0.016139190673828126,2.0,4.0,3,0.0,0.006278932222395973
sample_00472,True,True,"[320, 320, 320]",,uint8,LZW,1018393,,"[320, 320, 320]",,uint8,LZW,35117497,,"[320, 320, 320]",uint8,"[0, 1, 2]",0.4118086853027344,0.04513372802734375,0.5430575866699219,3,0.5881913146972656,0.031877383313030354,"{'fraction': 0.04513372802734375, 'border_touch_fraction': 0.0, 'thickness': {'median': 2.0, 'p95': 4.0, 'max': 6.0, 'mean': 2.7928600311279297, 'saturated': 0.0003434887913116268}, 'components': {'n_components': 5, 'n_components_ge_min_size': 5, 'largest_component_fraction': 0.2485810802587255, 'fragment_fraction': 0.0, 'median_planarity': 0.006250134362468602, 'worst_planarity': 0.007758386457265169}}","{'fraction': 0.5430575866699219, 'border_touch_fraction': 0.03452672508449185, 'skipped': 'fraction 0.54 exceeds sheet_fraction_max'}",1,0.04513372802734375,2.0,4.0,5,0.0,0.007758386457265169
sample_00473,True,True,"[320, 320, 320]",,uint8,LZW,1259977,,"[320, 320, 320]",,uint8,LZW,36072098,,"[320, 320, 320]",uint8,"[0, 1, 2]",0.6386408386230469,0.08867984008789062,0.2726793212890625,3,0.3613591613769531,0.051887435006638366,"{'fraction': 0.08867984008789062, 'border_touch_fraction': 0.0, 'thickness': {'median': 2.0, 'p95': 4.0, 'max': 6.0, 'mean': 2.70661997795105, 'saturated': 0.00032554895089613716}, 'components': {'n_components': 12, 'n_components_ge_min_size': 12, 'largest_component_fraction': 0.10832520894839774, 'fragment_fraction': 0.0, 'median_planarity': 0.002805716308373597, 'worst_planarity': 0.023507260367584715}}","{'fraction': 0.2726793212890625, 'border_touch_fraction': 0.06876208988404903, 'skipped': 'fraction 0.27 exceeds sheet_fraction_max'}",1,0.08867984008789062,2.0,4.0,12,0.0,0.023507260367584715
sample_00474,True,True,"[320, 320, 320]",,uint8,NONE,32821210,,"[320, 320, 320]",,uint8,LZW,35873534,,"[320, 320, 320]",uint8,"[0, 1, 2]",0.348967041015625,0.04261349487304687,0.6084194641113281,3,0.651032958984375,0.02880038520515212,"{'fraction': 0.04261349487304687, 'border_touch_fraction': 0.0, 'thickness': {'median': 2.0, 'p95': 4.0, 'max': 6.0, 'mean': 2.7281100749969482, 'saturated': 0.0003172536575479515}, 'components': {'n_components': 5, 'n_components_ge_min_size': 5, 'largest_component_fraction': 0.23048657257911467, 'fragment_fraction': 0.0, 'median_planarity': 0.006456069270211379, 'worst_planarity': 0.007354074462054968}}","{'fraction': 0.6084194641113281, 'border_touch_fraction': 0.030817554509678113, 'skipped': 'fraction 0.61 exceeds sheet_fraction_max'}",1,0.04261349487304687,2.0,4.0,5,0.0,0.007354074462054968
sample_00475,True,True,"[320, 320, 320]",,uint8,LZW,578921,,"[320, 320, 320]",,uint8,LZW,36327851,,"[320, 320, 320]",uint8,"[0, 1, 2]",0.11508865356445312,0.020154083251953125,0.8647572631835938,3,0.8849113464355469,0.021188563210908798,"{'fraction': 0.020154083251953125, 'border_touch_fraction': 0.0, 'thickness': {'median': 2.0, 'p95': 4.0, 'max': 6.0, 'mean': 2.707289934158325, 'saturated': 0.00021350405581995399}, 'components': {'n_components': 2, 'n_components_ge_min_size': 2, 'largest_component_fraction': 0.5219825895770651, 'fragment_fraction': 0.0, 'median_planarity': 0.011912155452383267, 'worst_planarity': 0.015167864612379347}}","{'fraction': 0.8647572631835938, 'border_touch_fraction': 0.02168238510188639, 'skipped': 'fraction 0.86 exceeds sheet_fraction_max'}",1,0.020154083251953125,2.0,4.0,2,0.0,0.015167864612379347
sample_00476,True,True,"[320, 320, 320]",,uint8,NONE,32821210,,"[320, 320, 320]",,uint8,LZW,35458861,,"[320, 320, 320]",uint8,"[0, 1, 2]",0.10768682861328124,0.018498199462890625,0.8738149719238282,3,0.8923131713867187,0.0210128020085831,"{'fraction': 0.018498199462890625, 'border_touch_fraction': 0.0, 'thickness': {'median': 2.0, 'p95': 4.0, 'max': 8.0, 'mean': 2.689120054244995, 'saturated': 0.00011218363801639531}, 'components': {'n_components': 2, 'n_components_ge_min_size': 2, 'largest_component_fraction': 0.541446080089219, 'fragment_fraction': 0.0, 'median_planarity': 0.026977190452477706, 'worst_planarity': 0.02915381751161685}}","{'fraction': 0.8738149719238282, 'border_touch_fraction': 0.021457631881402997, 'skipped': 'fraction 0.87 exceeds sheet_fraction_max'}",1,0.018498199462890625,2.0,4.0,2,0.0,0.02915381751161685
sample_00477,True,True,"[256, 256, 256]",,uint8,LZW,319304,,"[256, 256, 256]",,uint8,LZW,18077252,,"[256, 256, 256]",uint8,"[0, 1, 2]",0.2862333655357361,0.041263043880462646,0.6725035905838013,3,0.7137666344642639,0.03283636257050825,"{'fraction': 0.041263043880462646, 'border_touch_fraction': 0.0, 'thickness': {'median': 2.0, 'p95': 4.0, 'max': 6.0, 'mean': 2.65844988822937, 'saturated': 6.93362069339096e-05}, 'components': {'n_components': 4, 'n_components_ge_min_size': 4, 'largest_component_fraction': 0.27321354540582626, 'fragment_fraction': 0.0, 'median_planarity': 0.00543951615982382, 'worst_planarity': 0.006111429157969579}}","{'fraction': 0.6725035905838013, 'border_touch_fraction': 0.034851115039629565, 'skipped': 'fraction 0.67 exceeds sheet_fraction_max'}",1,0.041263043880462646,2.0,4.0,4,0.0,0.006111429157969579
sample_00478,True,True,"[256, 256, 256]",,uint8,NONE,16819802,,"[256, 256, 256]",,uint8,LZW,18369223,,"[256, 256, 256]",uint8,"[0, 1, 2]",0.4855917692184448,0.06367403268814087,0.4507341980934143,3,0.5144082307815552,0.04556206257506948,"{'fraction': 0.06367403268814087, 'border_touch_fraction': 0.0, 'thickness': {'median': 2.0, 'p95': 4.0, 'max': 6.0, 'mean': 2.6668899059295654, 'saturated': 0.00021530077049593127}, 'components': {'n_components': 7, 'n_components_ge_min_size': 7, 'largest_component_fraction': 0.18010190279076604, 'fragment_fraction': 0.0, 'median_planarity': 0.011190816197918247, 'worst_planarity': 0.020357628032597833}}","{'fraction': 0.4507341980934143, 'border_touch_fraction': 0.05199849512004988, 'skipped': 'fraction 0.45 exceeds sheet_fraction_max'}",1,0.06367403268814087,2.0,4.0,7,0.0,0.020357628032597833
sample_00479,True,True,"[256, 256, 256]",,uint8,NONE,16819802,,"[256, 256, 256]",,uint8,LZW,18665732,,"[256, 256, 256]",uint8,"[0, 1, 2]",0.17314225435256958,0.033412396907806396,0.793445348739624,3,0.8268577456474304,0.02834526268076308,"{'fraction': 0.033412396907806396, 'border_touch_fraction': 0.0, 'thickness': {'median': 2.0, 'p95': 4.0, 'max': 6.0, 'mean': 2.689199924468994, 'saturated': 0.00015520000285425292}, 'components': {'n_components': 3, 'n_components_ge_min_size': 3, 'largest_component_fraction': 0.34743572133215117, 'fragment_fraction': 0.0, 'median_planarity': 0.007812518800093437, 'worst_planarity': 0.010244880969617499}}","{'fraction': 0.793445348739624, 'border_touch_fraction': 0.029538896456107678, 'skipped': 'fraction 0.79 exceeds sheet_fraction_max'}",1,0.033412396907806396,2.0,4.0,3,0.0,0.010244880969617499
sample_00480,True,True,"[256, 256, 256]",,uint8,NONE,16819802,,"[256, 256, 256]",,uint8,LZW,18717291,,"[256, 256, 256]",uint8,"[0, 1, 2]",0.8278124332427979,0.10351014137268066,0.06867742538452148,3,0.17218756675720215,0.1361160996777932,"{'fraction': 0.10351014137268066, 'border_touch_fraction': 0.0, 'thickness': {'median': 2.0, 'p95': 4.0, 'max': 6.0, 'mean': 2.7183499336242676, 'saturated': 1.1516677300398706e-06}, 'components': {'n_components': 16, 'n_components_ge_min_size': 16, 'largest_component_fraction': 0.11729908580615589, 'fragment_fraction': 0.0, 'median_planarity': 0.007203128793001571, 'worst_planarity': 0.012706654832761908}}","{'fraction': 0.06867742538452148, 'border_touch_fraction': 0.3412693453310838, 'thickness': {'median': 4.0, 'p95': 6.0, 'max': 18.0, 'mean': 4.094399929046631, 'saturated': 6.943142605205969e-06}, 'components': {'n_components': 1, 'n_components_ge_min_size': 1, 'largest_component_fraction': 1.0, 'fragment_fraction': 0.0, 'median_planarity': 0.33187528160595176, 'worst_planarity': 0.33187528160595176}}",1,0.10351014137268066,2.0,4.0,16,0.0,0.012706654832761908
sample_00481,True,True,"[256, 256, 256]",,uint8,LZW,418280,,"[256, 256, 256]",,uint8,LZW,18494335,,"[256, 256, 256]",uint8,"[0, 1, 2]",0.24438482522964478,0.02275991439819336,0.7328552603721619,3,0.7556151747703552,0.03101777304449063,"{'fraction': 0.02275991439819336, 'border_touch_fraction': 0.0, 'thickness': {'median': 2.0, 'p95': 4.0, 'max': 6.0, 'mean': 2.7540600299835205, 'saturated': 0.0002775973685864533}, 'components': {'n_components': 6, 'n_components_ge_min_size': 6, 'largest_component_fraction': 0.4813616936582095, 'fragment_fraction': 0.0, 'median_planarity': 0.006997059009713152, 'worst_planarity': 0.018115926979475058}}","{'fraction': 0.7328552603721619, 'border_touch_fraction': 0.03198107630161222, 'skipped': 'fraction 0.73 exceeds sheet_fraction_max'}",1,0.02275991439819336,2.0,4.0,6,0.0,0.018115926979475058
sample_00482,True,True,"[256, 256, 256]",,uint8,LZW,402424,,"[256, 256, 256]",,uint8,LZW,18590848,,"[256, 256, 256]",uint8,"[0, 1, 2]",0.21101713180541992,0.028412699699401855,0.7605701684951782,3,0.7889828681945801,0.029705968208957118,"{'fraction': 0.028412699699401855, 'border_touch_fraction': 0.0, 'thickness': {'median': 2.0, 'p95': 4.0, 'max': 6.0, 'mean': 2.7354800701141357, 'saturated': 0.0007363337710778164}, 'components': {'n_components': 6, 'n_components_ge_min_size': 6, 'largest_component_fraction': 0.38145236067348315, 'fragment_fraction': 0.0, 'median_planarity': 0.0046428145357487755, 'worst_planarity': 0.006165511257564989}}","{'fraction': 0.7605701684951782, 'border_touch_fraction': 0.03081569718461629, 'skipped': 'fraction 0.76 exceeds sheet_fraction_max'}",1,0.028412699699401855,2.0,4.0,6,0.0,0.006165511257564989
sample_00483,True,True,"[256, 256, 256]",,uint8,NONE,16819802,,"[256, 256, 256]",,uint8,LZW,18647225,,"[256, 256, 256]",uint8,"[0, 1, 2]",0.49834948778152466,0.06681990623474121,0.43483060598373413,3,0.5016505122184753,0.04672077358468372,"{'fraction': 0.06681990623474121, 'border_touch_fraction': 0.0, 'thickness': {'median': 2.0, 'p95': 4.0, 'max': 6.0, 'mean': 2.697200059890747, 'saturated': 0.000396056561158626}, 'components': {'n_components': 6, 'n_components_ge_min_size': 6, 'largest_component_fraction': 0.17762512354467055, 'fragment_fraction': 0.0, 'median_planarity': 0.005465573804055336, 'worst_planarity': 0.011646937955780982}}","{'fraction': 0.43483060598373413, 'border_touch_fraction': 0.053900299743106714, 'skipped': 'fraction 0.43 exceeds sheet_fraction_max'}",1,0.06681990623474121,2.0,4.0,6,0.0,0.011646937955780982
sample_00484,True,True,"[256, 256, 256]",,uint8,LZW,497464,,"[256, 256, 256]",,uint8,LZW,18833373,,"[256, 256, 256]",uint8,"[0, 1, 2]",0.25819194316864014,0.052108705043792725,0.6896993517875671,3,0.7418080568313599,0.0315951003553581,"{'fraction': 0.052108705043792725, 'border_touch_fraction': 0.0, 'thickness': {'median': 2.0, 'p95': 4.0, 'max': 8.0, 'mean': 2.7118101119995117, 'saturated': 8.006963770776641e-06}, 'components': {'n_components': 7, 'n_components_ge_min_size': 7, 'largest_component_fraction': 0.2290472056268366, 'fragment_fraction': 0.0, 'median_planarity': 0.004476761527975874, 'worst_planarity': 0.009413354492273276}}","{'fraction': 0.6896993517875671, 'border_touch_fraction': 0.033982198097264465, 'skipped': 'fraction 0.69 exceeds sheet_fraction_max'}",1,0.052108705043792725,2.0,4.0,7,0.0,0.009413354492273276
sample_00485,True,True,"[256, 256, 256]",,uint8,NONE,16819802,,"[256, 256, 256]",,uint8,LZW,18880246,,"[256, 256, 256]",uint8,"[0, 1, 2]",0.5804266929626465,0.07882022857666016,0.34075307846069336,3,0.4195733070373535,0.05586032191965305,"{'fraction': 0.07882022857666016, 'border_touch_fraction': 0.0, 'thickness': {'median': 2.0, 'p95': 4.0, 'max': 6.0, 'mean': 2.74507999420166, 'saturated': 0.0005399339374947066}, 'components': {'n_components': 8, 'n_components_ge_min_size': 8, 'largest_component_fraction': 0.16133815896139095, 'fragment_fraction': 0.0, 'median_planarity': 0.01041060944433831, 'worst_planarity': 0.013779137900115718}}","{'fraction': 0.34075307846069336, 'border_touch_fraction': 0.06878147691541273, 'skipped': 'fraction 0.34 exceeds sheet_fraction_max'}",1,0.07882022857666016,2.0,4.0,8,0.0,0.013779137900115718
sample_00486,True,True,"[256, 256, 256]",,uint8,LZW,541016,,"[256, 256, 256]",,uint8,LZW,19043905,,"[256, 256, 256]",uint8,"[0, 1, 2]",0.3455720543861389,0.03641796112060547,0.6180099844932556,3,0.6544279456138611,0.03581372121573346,"{'fraction': 0.03641796112060547, 'border_touch_fraction': 0.0, 'thickness': {'median': 2.0, 'p95': 4.0, 'max': 6.0, 'mean': 2.785680055618286, 'saturated': 0.00036007018095163273}, 'components': {'n_components': 5, 'n_components_ge_min_size': 5, 'largest_component_fraction': 0.35827637677743734, 'fragment_fraction': 0.0, 'median_planarity': 0.004734629845100223, 'worst_planarity': 0.014628610756915211}}","{'fraction': 0.6180099844932556, 'border_touch_fraction': 0.03792414457384187, 'skipped': 'fraction 0.62 exceeds sheet_fraction_max'}",1,0.03641796112060547,2.0,4.0,5,0.0,0.014628610756915211
sample_00487,True,True,"[256, 256, 256]",,uint8,NONE,16819802,,"[256, 256, 256]",,uint8,LZW,18184661,,"[256, 256, 256]",uint8,"[0, 1, 2]",0.1707715392112732,0.03562593460083008,0.7936025261878967,3,0.8292284607887268,0.028264225250671265,"{'fraction': 0.03562593460083008, 'border_touch_fraction': 0.0, 'thickness': {'median': 2.0, 'p95': 4.0, 'max': 6.0, 'mean': 2.6998798847198486, 'saturated': 1.6730689438250372e-06}, 'components': {'n_components': 3, 'n_components_ge_min_size': 3, 'largest_component_fraction': 0.3455640250023423, 'fragment_fraction': 0.0, 'median_planarity': 0.010587709106943212, 'worst_planarity': 0.014355143220064847}}","{'fraction': 0.7936025261878967, 'border_touch_fraction': 0.02953304611136134, 'skipped': 'fraction 0.79 exceeds sheet_fraction_max'}",1,0.03562593460083008,2.0,4.0,3,0.0,0.014355143220064847
sample_00488,True,True,"[256, 256, 256]",,uint8,LZW,446760,,"[256, 256, 256]",,uint8,LZW,18020139,,"[256, 256, 256]",uint8,"[0, 1, 2]",0.541366696357727,0.0654526948928833,0.39318060874938965,3,0.45863330364227295,0.05110291776429933,"{'fraction': 0.0654526948928833, 'border_touch_fraction': 0.0, 'thickness': {'median': 2.0, 'p95': 4.0, 'max': 8.0, 'mean': 2.665060043334961, 'saturated': 1.0927827165485551e-05}, 'components': {'n_components': 6, 'n_components_ge_min_size': 6, 'largest_component_fraction': 0.17408666131203135, 'fragment_fraction': 0.0, 'median_planarity': 0.00342628242287056, 'worst_planarity': 0.007877692040783969}}","{'fraction': 0.39318060874938965, 'border_touch_fraction': 0.05961000995076765, 'skipped': 'fraction 0.39 exceeds sheet_fraction_max'}",1,0.0654526948928833,2.0,4.0,6,0.0,0.007877692040783969
sample_00489,True,True,"[256, 256, 256]",,uint8,NONE,16819802,,"[256, 256, 256]",,uint8,LZW,18910936,,"[256, 256, 256]",uint8,"[0, 1, 2]",0.37388134002685547,0.05755460262298584,0.5685640573501587,3,0.6261186599731445,0.03743300032138522,"{'fraction': 0.05755460262298584, 'border_touch_fraction': 0.0, 'thickness': {'median': 2.0, 'p95': 4.0, 'max': 6.0, 'mean': 2.699589967727661, 'saturated': 0.00034900363088050405}, 'components': {'n_components': 6, 'n_components_ge_min_size': 6, 'largest_component_fraction': 0.20526177343554203, 'fragment_fraction': 0.0, 'median_planarity': 0.005471521037111002, 'worst_planarity': 0.00755207084929002}}","{'fraction': 0.5685640573501587, 'border_touch_fraction': 0.041222268092767717, 'skipped': 'fraction 0.57 exceeds sheet_fraction_max'}",1,0.05755460262298584,2.0,4.0,6,0.0,0.00755207084929002
sample_00490,True,True,"[256, 256, 256]",,uint8,NONE,16819802,,"[256, 256, 256]",,uint8,LZW,19171495,,"[256, 256, 256]",uint8,"[0, 1, 2]",0.10309332609176636,0.024455666542053223,0.8724510073661804,3,0.8969066739082336,0.0261314813255565,"{'fraction': 0.024455666542053223, 'border_touch_fraction': 0.0, 'thickness': {'median': 2.0, 'p95': 4.0, 'max': 8.0, 'mean': 2.801909923553467, 'saturated': 4.874505846969764e-06}, 'components': {'n_components': 2, 'n_components_ge_min_size': 2, 'largest_component_fraction': 0.5228297481342828, 'fragment_fraction': 0.0, 'median_planarity': 0.005253265921505648, 'worst_planarity': 0.0054208964203674905}}","{'fraction': 0.8724510073661804, 'border_touch_fraction': 0.02686397264959881, 'skipped': 'fraction 0.87 exceeds sheet_fraction_max'}",1,0.024455666542053223,2.0,4.0,2,0.0,0.0054208964203674905
sample_00491,True,True,"[256, 256, 256]",,uint8,NONE,16819802,,"[256, 256, 256]",,uint8,LZW,18863127,,"[256, 256, 256]",uint8,"[0, 1, 2]",0.5837224125862122,0.05842059850692749,0.35785698890686035,3,0.41627758741378784,0.056302574792965444,"{'fraction': 0.05842059850692749, 'border_touch_fraction': 0.0, 'thickness': {'median': 2.0, 'p95': 4.0, 'max': 6.0, 'mean': 2.801379919052124, 'saturated': 0.0003540328628199177}, 'components': {'n_components': 6, 'n_components_ge_min_size': 6, 'largest_component_fraction': 0.22815224433368872, 'fragment_fraction': 0.0, 'median_planarity': 0.011680932610474362, 'worst_planarity': 0.021786082243742705}}","{'fraction': 0.35785698890686035, 'border_touch_fraction': 0.06549404015160953, 'skipped': 'fraction 0.36 exceeds sheet_fraction_max'}",1,0.05842059850692749,2.0,4.0,6,0.0,0.021786082243742705
sample_00492,True,True,"[256, 256, 256]",,uint8,NONE,16819802,,"[256, 256, 256]",,uint8,LZW,18192615,,"[256, 256, 256]",uint8,"[0, 1, 2]",0.8804654479026794,0.05085712671279907,0.06867742538452148,3,0.11953455209732056,0.19607301477917502,"{'fraction': 0.05085712671279907, 'border_touch_fraction': 0.0, 'thickness': {'median': 2.0, 'p95': 4.0, 'max': 6.0, 'mean': 2.7346301078796387, 'saturated': 0.0002484643846228674}, 'components': {'n_components': 11, 'n_components_ge_min_size': 11, 'largest_component_fraction': 0.2672632937235787, 'fragment_fraction': 0.0, 'median_planarity': 0.011064971709147263, 'worst_planarity': 0.03175268488674496}}","{'fraction': 0.06867742538452148, 'border_touch_fraction': 0.3412693453310838, 'thickness': {'median': 4.0, 'p95': 6.0, 'max': 18.0, 'mean': 4.094399929046631, 'saturated': 6.943142605205969e-06}, 'components': {'n_components': 1, 'n_components_ge_min_size': 1, 'largest_component_fraction': 1.0, 'fragment_fraction': 0.0, 'median_planarity': 0.33187528160595176, 'worst_planarity': 0.33187528160595176}}",1,0.05085712671279907,2.0,4.0,11,0.0,0.03175268488674496
sample_00493,True,True,"[256, 256, 256]",,uint8,LZW,434024,,"[256, 256, 256]",,uint8,LZW,19189088,,"[256, 256, 256]",uint8,"[0, 1, 2]",0.1142650842666626,0.026303768157958984,0.8594311475753784,3,0.8857349157333374,0.026461077218114522,"{'fraction': 0.026303768157958984, 'border_touch_fraction': 0.0, 'thickness': {'median': 2.0, 'p95': 4.0, 'max': 6.0, 'mean': 2.787559986114502, 'saturated': 0.0003829559668618458}, 'components': {'n_components': 2, 'n_components_ge_min_size': 2, 'largest_component_fraction': 0.5104553776988199, 'fragment_fraction': 0.0, 'median_planarity': 0.004907342409909596, 'worst_planarity': 0.005291127896421059}}","{'fraction': 0.8594311475753784, 'border_touch_fraction': 0.027270945515672457, 'skipped': 'fraction 0.86 exceeds sheet_fraction_max'}",1,0.026303768157958984,2.0,4.0,2,0.0,0.005291127896421059
sample_00494,True,True,"[256, 256, 256]",,uint8,LZW,619320,,"[256, 256, 256]",,uint8,LZW,19070571,,"[256, 256, 256]",uint8,"[0, 1, 2]",0.361203134059906,0.05539417266845703,0.583402693271637,3,0.638796865940094,0.03669006729628814,"{'fraction': 0.05539417266845703, 'border_touch_fraction': 0.0, 'thickness': {'median': 2.0, 'p95': 4.0, 'max': 6.0, 'mean': 2.6867899894714355, 'saturated': 1.0760092967203236e-06}, 'components': {'n_components': 7, 'n_components_ge_min_size': 7, 'largest_component_fraction': 0.20980890074890246, 'fragment_fraction': 0.0, 'median_planarity': 0.007397877124909496, 'worst_planarity': 0.008984213758571639}}","{'fraction': 0.583402693271637, 'border_touch_fraction': 0.0401737946538538, 'skipped': 'fraction 0.58 exceeds sheet_fraction_max'}",1,0.05539417266845703,2.0,4.0,7,0.0,0.008984213758571639
sample_00495,True,True,"[256, 256, 256]",,uint8,NONE,16819802,,"[256, 256, 256]",,uint8,LZW,18473010,,"[256, 256, 256]",uint8,"[0, 1, 2]",0.8111470937728882,0.06238079071044922,0.1264721155166626,3,0.18885290622711182,0.12410452382350101,"{'fraction': 0.06238079071044922, 'border_touch_fraction': 0.0, 'thickness': {'median': 2.0, 'p95': 4.0, 'max': 8.0, 'mean': 2.719939947128296, 'saturated': 2.102092920151045e-05}, 'components': {'n_components': 8, 'n_components_ge_min_size': 8, 'largest_component_fraction': 0.20215923162770788, 'fragment_fraction': 0.0, 'median_planarity': 0.008909978958105219, 'worst_planarity': 0.01944177477472181}}","{'fraction': 0.1264721155166626, 'border_touch_fraction': 0.1853175295143389, 'thickness': {'median': 8.0, 'p95': 48.0, 'max': 48.0, 'mean': 20.749839782714844, 'saturated': 0.27038527699884535}, 'components': {'n_components': 1, 'n_components_ge_min_size': 1, 'largest_component_fraction': 1.0, 'fragment_fraction': 0.0, 'median_planarity': 0.23254528412249473, 'worst_planarity': 0.23254528412249473}}",1,0.06238079071044922,2.0,4.0,8,0.0,0.01944177477472181
sample_00496,True,True,"[256, 256, 256]",,uint8,NONE,16819802,,"[256, 256, 256]",,uint8,LZW,17856746,,"[256, 256, 256]",uint8,"[0, 1, 2]",0.6340020895004272,0.05226618051528931,0.31373172998428345,3,0.36599791049957275,0.0640372508356912,"{'fraction': 0.05226618051528931, 'border_touch_fraction': 0.0, 'thickness': {'median': 2.0, 'p95': 4.0, 'max': 6.0, 'mean': 2.757430076599121, 'saturated': 0.0005587987423607081}, 'components': {'n_components': 5, 'n_components_ge_min_size': 5, 'largest_component_fraction': 0.262519087538674, 'fragment_fraction': 0.0, 'median_planarity': 0.014063873918091786, 'worst_planarity': 0.016990016070709508}}","{'fraction': 0.31373172998428345, 'border_touch_fraction': 0.07470554540713531, 'skipped': 'fraction 0.31 exceeds sheet_fraction_max'}",1,0.05226618051528931,2.0,4.0,5,0.0,0.016990016070709508
sample_00497,True,True,"[256, 256, 256]",,uint8,NONE,16819802,,"[256, 256, 256]",,uint8,LZW,18804158,,"[256, 256, 256]",uint8,"[0, 1, 2]",0.3341142535209656,0.03947281837463379,0.6264129281044006,3,0.6658857464790344,0.03519747963359948,"{'fraction': 0.03947281837463379, 'border_touch_fraction': 0.0, 'thickness': {'median': 2.0, 'p95': 4.0, 'max': 6.0, 'mean': 2.6556599140167236, 'saturated': 1.5100174558017892e-06}, 'components': {'n_components': 7, 'n_components_ge_min_size': 7, 'largest_component_fraction': 0.28830461280132397, 'fragment_fraction': 0.0, 'median_planarity': 0.003327533860281822, 'worst_planarity': 0.01289548283375336}}","{'fraction': 0.6264129281044006, 'border_touch_fraction': 0.037415415532569926, 'skipped': 'fraction 0.63 exceeds sheet_fraction_max'}",1,0.03947281837463379,2.0,4.0,7,0.0,0.01289548283375336
sample_00498,True,True,"[256, 256, 256]",,uint8,NONE,16819802,,"[256, 256, 256]",,uint8,LZW,17884020,,"[256, 256, 256]",uint8,"[0, 1, 2]",0.29506534337997437,0.03912729024887085,0.6658073663711548,3,0.7049346566200256,0.03324776244138228,"{'fraction': 0.03912729024887085, 'border_touch_fraction': 0.0, 'thickness': {'median': 2.0, 'p95': 4.0, 'max': 6.0, 'mean': 2.657409906387329, 'saturated': 1.5233522279788011e-06}, 'components': {'n_components': 5, 'n_components_ge_min_size': 5, 'largest_component_fraction': 0.30535595409835065, 'fragment_fraction': 0.0, 'median_planarity': 0.034973464332201616, 'worst_planarity': 0.04358654138109926}}","{'fraction': 0.6658073663711548, 'border_touch_fraction': 0.035201623147760056, 'skipped': 'fraction 0.67 exceeds sheet_fraction_max'}",1,0.03912729024887085,2.0,4.0,5,0.0,0.04358654138109926
sample_00499,True,True,"[256, 256, 256]",,uint8,LZW,387064,,"[256, 256, 256]",,uint8,LZW,18252590,,"[256, 256, 256]",uint8,"[0, 1, 2]",0.27564162015914917,0.031371355056762695,0.6929870247840881,3,0.7243583798408508,0.0323562212466562,"{'fraction': 0.031371355056762695, 'border_touch_fraction': 0.0, 'thickness': {'median': 2.0, 'p95': 4.0, 'max': 6.0, 'mean': 2.6966500282287598, 'saturated': 0.0009879845874404358}, 'components': {'n_components': 3, 'n_components_ge_min_size': 3, 'largest_component_fraction': 0.3728957828257879, 'fragment_fraction': 0.0, 'median_planarity': 0.009555748276758343, 'worst_planarity': 0.019430041589242254}}","{'fraction': 0.6929870247840881, 'border_touch_fraction': 0.033820979559180564, 'skipped': 'fraction 0.69 exceeds sheet_fraction_max'}",1,0.031371355056762695,2.0,4.0,3,0.0,0.019430041589242254
sample_00500,True,True,"[256, 256, 256]",,uint8,NONE,16819802,,"[256, 256, 256]",,uint8,LZW,18477630,,"[256, 256, 256]",uint8,"[0, 1, 2]",0.38479554653167725,0.04624378681182861,0.5689606666564941,3,0.6152044534683228,0.03809709092297202,"{'fraction': 0.04624378681182861, 'border_touch_fraction': 0.0, 'thickness': {'median': 2.0, 'p95': 4.0, 'max': 6.0, 'mean': 2.724839925765991, 'saturated': 0.00040214373545129035}, 'components': {'n_components': 4, 'n_components_ge_min_size': 4, 'largest_component_fraction': 0.266074793579105, 'fragment_fraction': 0.0, 'median_planarity': 0.010073974035932997, 'worst_planarity': 0.015460813898087542}}","{'fraction': 0.5689606666564941, 'border_touch_fraction': 0.041193533004189584, 'skipped': 'fraction 0.57 exceeds sheet_fraction_max'}",1,0.04624378681182861,2.0,4.0,4,0.0,0.015460813898087542
sample_00502,True,True,"[256, 256, 256]",,uint8,NONE,16819802,,"[256, 256, 256]",,uint8,LZW,18203137,,"[256, 256, 256]",uint8,"[0, 1, 2]",0.7710021138191223,0.06309252977371216,0.16590535640716553,3,0.22899788618087769,0.10234810631172163,"{'fraction': 0.06309252977371216, 'border_touch_fraction': 0.0, 'thickness': {'median': 2.0, 'p95': 4.0, 'max': 6.0, 'mean': 2.7479300498962402, 'saturated': 0.0004742484060246552}, 'components': {'n_components': 10, 'n_components_ge_min_size': 10, 'largest_component_fraction': 0.19343005355606002, 'fragment_fraction': 0.0, 'median_planarity': 0.013920621785873237, 'worst_planarity': 0.03251476818878322}}","{'fraction': 0.16590535640716553, 'border_touch_fraction': 0.14127030318707495, 'thickness': {'median': 8.0, 'p95': 8.0, 'max': 8.0, 'mean': 6.520730018615723, 'saturated': 0.6286175689706585}, 'components': {'n_components': 1, 'n_components_ge_min_size': 1, 'largest_component_fraction': 1.0, 'fragment_fraction': 0.0, 'median_planarity': 0.27025027820251774, 'worst_planarity': 0.27025027820251774}}",1,0.06309252977371216,2.0,4.0,10,0.0,0.03251476818878322
sample_00503,True,True,"[256, 256, 256]",,uint8,NONE,16819802,,"[256, 256, 256]",,uint8,LZW,18223297,,"[256, 256, 256]",uint8,"[0, 1, 2]",0.5052691102027893,0.05222976207733154,0.44250112771987915,3,0.4947308897972107,0.04737424018461226,"{'fraction': 0.05222976207733154, 'border_touch_fraction': 0.0, 'thickness': {'median': 2.0, 'p95': 4.0, 'max': 8.0, 'mean': 2.677680015563965, 'saturated': 1.1412007714517215e-06}, 'components': {'n_components': 7, 'n_components_ge_min_size': 7, 'largest_component_fraction': 0.2209501637623107, 'fragment_fraction': 0.0, 'median_planarity': 0.005280356337307276, 'worst_planarity': 0.018737788421544912}}","{'fraction': 0.44250112771987915, 'border_touch_fraction': 0.05296596671011621, 'skipped': 'fraction 0.44 exceeds sheet_fraction_max'}",1,0.05222976207733154,2.0,4.0,7,0.0,0.018737788421544912
sample_00504,True,True,"[256, 256, 256]",,uint8,NONE,16819802,,"[256, 256, 256]",,uint8,LZW,18032517,,"[256, 256, 256]",uint8,"[0, 1, 2]",0.8278053402900696,0.07697665691375732,0.0952180027961731,3,0.17219465970993042,0.1361104928543168,"{'fraction': 0.07697665691375732, 'border_touch_fraction': 0.0, 'thickness': {'median': 2.0, 'p95': 4.0, 'max': 8.0, 'mean': 2.7166199684143066, 'saturated': 1.3937778658783046e-05}, 'components': {'n_components': 10, 'n_components_ge_min_size': 10, 'largest_component_fraction': 0.15880395275402764, 'fragment_fraction': 0.0, 'median_planarity': 0.010264556964707032, 'worst_planarity': 0.02851415415730636}}","{'fraction': 0.0952180027961731, 'border_touch_fraction': 0.24614567951158473, 'thickness': {'median': 6.0, 'p95': 48.0, 'max': 48.0, 'mean': 14.09179973602295, 'saturated': 0.1518479267201797}, 'components': {'n_components': 1, 'n_components_ge_min_size': 1, 'largest_component_fraction': 1.0, 'fragment_fraction': 0.0, 'median_planarity': 0.2674323492780881, 'worst_planarity': 0.2674323492780881}}",1,0.07697665691375732,2.0,4.0,10,0.0,0.02851415415730636
sample_00505,True,True,"[256, 256, 256]",,uint8,NONE,16819802,,"[256, 256, 256]",,uint8,LZW,18504047,,"[256, 256, 256]",uint8,"[0, 1, 2]",0.5164045691490173,0.04755443334579468,0.436040997505188,3,0.48359543085098267,0.04846509810640072,"{'fraction': 0.04755443334579468, 'border_touch_fraction': 0.0, 'thickness': {'median': 2.0, 'p95': 4.0, 'max': 6.0, 'mean': 2.7406198978424072, 'saturated': 0.0005439748518169888}, 'components': {'n_components': 5, 'n_components_ge_min_size': 5, 'largest_component_fraction': 0.2639268215950496, 'fragment_fraction': 0.0, 'median_planarity': 0.013247007896557157, 'worst_planarity': 0.01740558068858398}}","{'fraction': 0.436040997505188, 'border_touch_fraction': 0.053750679716122664, 'skipped': 'fraction 0.44 exceeds sheet_fraction_max'}",1,0.04755443334579468,2.0,4.0,5,0.0,0.01740558068858398
sample_00506,True,True,"[256, 256, 256]",,uint8,NONE,16819802,,"[256, 256, 256]",,uint8,LZW,19296218,,"[256, 256, 256]",uint8,"[0, 1, 2]",0.6312907338142395,0.10670030117034912,0.2620089650154114,3,0.3687092661857605,0.06356634386343815,"{'fraction': 0.10670030117034912, 'border_touch_fraction': 0.0, 'thickness': {'median': 2.0, 'p95': 4.0, 'max': 6.0, 'mean': 2.770970106124878, 'saturated': 0.0005278934426137931}, 'components': {'n_components': 14, 'n_components_ge_min_size': 14, 'largest_component_fraction': 0.11933240751809641, 'fragment_fraction': 0.0, 'median_planarity': 0.003605507608252628, 'worst_planarity': 0.008830428123432068}}","{'fraction': 0.2620089650154114, 'border_touch_fraction': 0.08945304600024433, 'skipped': 'fraction 0.26 exceeds sheet_fraction_max'}",1,0.10670030117034912,2.0,4.0,14,0.0,0.008830428123432068
sample_00507,True,True,"[256, 256, 256]",,uint8,NONE,16819802,,"[256, 256, 256]",,uint8,LZW,18710691,,"[256, 256, 256]",uint8,"[0, 1, 2]",0.2985784411430359,0.04624134302139282,0.6551802158355713,3,0.7014215588569641,0.03341428518135902,"{'fraction': 0.04624134302139282, 'border_touch_fraction': 0.0, 'thickness': {'median': 2.0, 'p95': 4.0, 'max': 6.0, 'mean': 2.725019931793213, 'saturated': 0.0007875731018650401}, 'components': {'n_components': 5, 'n_components_ge_min_size': 5, 'largest_component_fraction': 0.25541343720876875, 'fragment_fraction': 0.0, 'median_planarity': 0.002883915896231984, 'worst_planarity': 0.003687341228564736}}","{'fraction': 0.6551802158355713, 'border_touch_fraction': 0.03577260032204947, 'skipped': 'fraction 0.66 exceeds sheet_fraction_max'}",1,0.04624134302139282,2.0,4.0,5,0.0,0.003687341228564736
sample_00508,True,True,"[256, 256, 256]",,uint8,LZW,553832,,"[256, 256, 256]",,uint8,LZW,18622389,,"[256, 256, 256]",uint8,"[0, 1, 2]",0.41828054189682007,0.06874066591262817,0.5129787921905518,3,0.5817194581031799,0.040290039594726566,"{'fraction': 0.06874066591262817, 'border_touch_fraction': 0.0, 'thickness': {'median': 2.0, 'p95': 4.0, 'max': 6.0, 'mean': 2.6851799488067627, 'saturated': 3.4683775016756597e-06}, 'components': {'n_components': 6, 'n_components_ge_min_size': 6, 'largest_component_fraction': 0.16822584686939912, 'fragment_fraction': 0.0, 'median_planarity': 0.00250758422474921, 'worst_planarity': 0.003946169691706508}}","{'fraction': 0.5129787921905518, 'border_touch_fraction': 0.045689023321833305, 'skipped': 'fraction 0.51 exceeds sheet_fraction_max'}",1,0.06874066591262817,2.0,4.0,6,0.0,0.003946169691706508
sample_00509,True,True,"[256, 256, 256]",,uint8,LZW,401544,,"[256, 256, 256]",,uint8,LZW,18381273,,"[256, 256, 256]",uint8,"[0, 1, 2]",0.36529791355133057,0.06759732961654663,0.5671047568321228,3,0.6347020864486694,0.03692677320652777,"{'fraction': 0.06759732961654663, 'border_touch_fraction': 0.0, 'thickness': {'median': 2.0, 'p95': 4.0, 'max': 6.0, 'mean': 2.6618399620056152, 'saturated': 9.963891913816744e-05}, 'components': {'n_components': 6, 'n_components_ge_min_size': 6, 'largest_component_fraction': 0.16716588998276158, 'fragment_fraction': 0.0, 'median_planarity': 0.004267728114254105, 'worst_planarity': 0.005556163105766536}}","{'fraction': 0.5671047568321228, 'border_touch_fraction': 0.04132834316348026, 'skipped': 'fraction 0.57 exceeds sheet_fraction_max'}",1,0.06759732961654663,2.0,4.0,6,0.0,0.005556163105766536
sample_00510,True,True,"[256, 256, 256]",,uint8,LZW,344728,,"[256, 256, 256]",,uint8,LZW,18420700,,"[256, 256, 256]",uint8,"[0, 1, 2]",0.19842755794525146,0.0341794490814209,0.7673929929733276,3,0.8015724420547485,0.029239403415517104,"{'fraction': 0.0341794490814209, 'border_touch_fraction': 0.0, 'thickness': {'median': 2.0, 'p95': 4.0, 'max': 6.0, 'mean': 2.6702399253845215, 'saturated': 0.0002493739493160527}, 'components': {'n_components': 3, 'n_components_ge_min_size': 3, 'largest_component_fraction': 0.33520567247260374, 'fragment_fraction': 0.0, 'median_planarity': 0.0066470000705134155, 'worst_planarity': 0.00711715379633773}}","{'fraction': 0.7673929929733276, 'border_touch_fraction': 0.030541717496258947, 'skipped': 'fraction 0.77 exceeds sheet_fraction_max'}",1,0.0341794490814209,2.0,4.0,3,0.0,0.00711715379633773
sample_00511,True,True,"[256, 256, 256]",,uint8,LZW,565624,,"[256, 256, 256]",,uint8,LZW,18934766,,"[256, 256, 256]",uint8,"[0, 1, 2]",0.3659171462059021,0.0673571228981018,0.5667257308959961,3,0.6340828537940979,0.03696283515594119,"{'fraction': 0.0673571228981018, 'border_touch_fraction': 0.0, 'thickness': {'median': 2.0, 'p95': 4.0, 'max': 6.0, 'mean': 2.6958200931549072, 'saturated': 0.0005521806267781056}, 'components': {'n_components': 6, 'n_components_ge_min_size': 6, 'largest_component_fraction': 0.1737139014127506, 'fragment_fraction': 0.0, 'median_planarity': 0.002636854527027499, 'worst_planarity': 0.007489980924510453}}","{'fraction': 0.5667257308959961, 'border_touch_fraction': 0.04135598354241866, 'skipped': 'fraction 0.57 exceeds sheet_fraction_max'}",1,0.0673571228981018,2.0,4.0,6,0.0,0.007489980924510453
sample_00512,True,True,"[256, 256, 256]",,uint8,NONE,16819802,,"[256, 256, 256]",,uint8,LZW,18888393,,"[256, 256, 256]",uint8,"[0, 1, 2]",0.3259357810020447,0.051156699657440186,0.6229075193405151,3,0.6740642189979553,0.034770425931881566,"{'fraction': 0.051156699657440186, 'border_touch_fraction': 0.0, 'thickness': {'median': 2.0, 'p95': 4.0, 'max': 8.0, 'mean': 2.7283899784088135, 'saturated': 2.4467910335594868e-05}, 'components': {'n_components': 7, 'n_components_ge_min_size': 7, 'largest_component_fraction': 0.2470408392726273, 'fragment_fraction': 0.0, 'median_planarity': 0.007187624783435936, 'worst_planarity': 0.014648399250357543}}","{'fraction': 0.6229075193405151, 'border_touch_fraction': 0.03762597058519017, 'skipped': 'fraction 0.62 exceeds sheet_fraction_max'}",1,0.051156699657440186,2.0,4.0,7,0.0,0.014648399250357543
sample_00513,True,True,"[256, 256, 256]",,uint8,NONE,16819802,,"[256, 256, 256]",,uint8,LZW,19233798,,"[256, 256, 256]",uint8,"[0, 1, 2]",0.28448134660720825,0.05154162645339966,0.6639770269393921,3,0.7155186533927917,0.03275595945523691,"{'fraction': 0.05154162645339966, 'border_touch_fraction': 0.0, 'thickness': {'median': 2.0, 'p95': 4.0, 'max': 6.0, 'mean': 2.737299919128418, 'saturated': 1.1564370175489317e-06}, 'components': {'n_components': 6, 'n_components_ge_min_size': 6, 'largest_component_fraction': 0.23751944259735755, 'fragment_fraction': 0.0, 'median_planarity': 0.002088691505581842, 'worst_planarity': 0.005562708859726797}}","{'fraction': 0.6639770269393921, 'border_touch_fraction': 0.03529866102150456, 'skipped': 'fraction 0.66 exceeds sheet_fraction_max'}",1,0.05154162645339966,2.0,4.0,6,0.0,0.005562708859726797
sample_00514,True,True,"[256, 256, 256]",,uint8,LZW,507608,,"[256, 256, 256]",,uint8,LZW,19406939,,"[256, 256, 256]",uint8,"[0, 1, 2]",0.22801876068115234,0.03578704595565796,0.7361941933631897,3,0.7719812393188477,0.030360193753775567,"{'fraction': 0.03578704595565796, 'border_touch_fraction': 0.0, 'thickness': {'median': 2.0, 'p95': 4.0, 'max': 6.0, 'mean': 2.743849992752075, 'saturated': 0.00034143505988437845}, 'components': {'n_components': 3, 'n_components_ge_min_size': 3, 'largest_component_fraction': 0.3437501561440823, 'fragment_fraction': 0.0, 'median_planarity': 0.0023432696040152174, 'worst_planarity': 0.003477961989293821}}","{'fraction': 0.7361941933631897, 'border_touch_fraction': 0.03183602942170651, 'skipped': 'fraction 0.74 exceeds sheet_fraction_max'}",1,0.03578704595565796,2.0,4.0,3,0.0,0.003477961989293821
sample_00515,True,True,"[256, 256, 256]",,uint8,NONE,16819802,,"[256, 256, 256]",,uint8,LZW,18799219,,"[256, 256, 256]",uint8,"[0, 1, 2]",0.5649598836898804,0.04958826303482056,0.3854518532752991,3,0.43504011631011963,0.053874341977447684,"{'fraction': 0.04958826303482056, 'border_touch_fraction': 0.0, 'thickness': {'median': 2.0, 'p95': 4.0, 'max': 6.0, 'mean': 2.750499963760376, 'saturated': 0.0007885060814733525}, 'components': {'n_components': 6, 'n_components_ge_min_size': 6, 'largest_component_fraction': 0.26027672236292193, 'fragment_fraction': 0.0, 'median_planarity': 0.02005851055478798, 'worst_planarity': 0.03707420488671463}}","{'fraction': 0.3854518532752991, 'border_touch_fraction': 0.06080525959557488, 'skipped': 'fraction 0.39 exceeds sheet_fraction_max'}",1,0.04958826303482056,2.0,4.0,6,0.0,0.03707420488671463
sample_00516,True,True,"[256, 256, 256]",,uint8,LZW,648024,,"[256, 256, 256]",,uint8,LZW,18661347,,"[256, 256, 256]",uint8,"[0, 1, 2]",0.4565688371658325,0.05724090337753296,0.4861902594566345,3,0.5434311628341675,0.04312873755300659,"{'fraction': 0.05724090337753296, 'border_touch_fraction': 0.0, 'thickness': {'median': 2.0, 'p95': 4.0, 'max': 6.0, 'mean': 2.6792800426483154, 'saturated': 0.0002519932982278207}, 'components': {'n_components': 5, 'n_components_ge_min_size': 5, 'largest_component_fraction': 0.20144677474610634, 'fragment_fraction': 0.0, 'median_planarity': 0.003991640771581986, 'worst_planarity': 0.007034303575057209}}","{'fraction': 0.4861902594566345, 'border_touch_fraction': 0.048206436768588726, 'skipped': 'fraction 0.49 exceeds sheet_fraction_max'}",1,0.05724090337753296,2.0,4.0,5,0.0,0.007034303575057209
sample_00517,True,True,"[256, 256, 256]",,uint8,NONE,16819802,,"[256, 256, 256]",,uint8,LZW,18948276,,"[256, 256, 256]",uint8,"[0, 1, 2]",0.6863991618156433,0.06768149137496948,0.2459193468093872,3,0.3136008381843567,0.07473672626545018,"{'fraction': 0.06768149137496948, 'border_touch_fraction': 0.0, 'thickness': {'median': 2.0, 'p95': 4.0, 'max': 6.0, 'mean': 2.6863698959350586, 'saturated': 2.6419916389771264e-06}, 'components': {'n_components': 6, 'n_components_ge_min_size': 6, 'largest_component_fraction': 0.17643484364253148, 'fragment_fraction': 0.0, 'median_planarity': 0.011887886140557864, 'worst_planarity': 0.017958969548340958}}","{'fraction': 0.2459193468093872, 'border_touch_fraction': 0.09530563700694307, 'thickness': {'median': 8.0, 'p95': 8.0, 'max': 8.0, 'mean': 7.05171012878418, 'saturated': 0.7632812890071893}, 'components': {'n_components': 1, 'n_components_ge_min_size': 1, 'largest_component_fraction': 1.0, 'fragment_fraction': 0.0, 'median_planarity': 0.25287168557970796, 'worst_planarity': 0.25287168557970796}}",1,0.06768149137496948,2.0,4.0,6,0.0,0.017958969548340958
sample_00518,True,True,"[256, 256, 256]",,uint8,LZW,706904,,"[256, 256, 256]",,uint8,LZW,18348402,,"[256, 256, 256]",uint8,"[0, 1, 2]",0.6661809682846069,0.05834084749221802,0.27547818422317505,3,0.33381903171539307,0.07021019706264774,"{'fraction': 0.05834084749221802, 'border_touch_fraction': 0.0, 'thickness': {'median': 2.0, 'p95': 4.0, 'max': 6.0, 'mean': 2.735460042953491, 'saturated': 0.000253372251856105}, 'components': {'n_components': 5, 'n_components_ge_min_size': 5, 'largest_component_fraction': 0.21892077723981582, 'fragment_fraction': 0.0, 'median_planarity': 0.015823066545387114, 'worst_planarity': 0.01985558015320664}}","{'fraction': 0.27547818422317505, 'border_touch_fraction': 0.08507933238376661, 'skipped': 'fraction 0.28 exceeds sheet_fraction_max'}",1,0.05834084749221802,2.0,4.0,5,0.0,0.01985558015320664
sample_00519,True,True,"[320, 320, 320]",,uint8,NONE,32821210,,"[320, 320, 320]",,uint8,LZW,35632650,,"[320, 320, 320]",uint8,"[0, 1, 2]",0.18079074096679687,0.024618988037109376,0.7945902709960937,3,0.8192092590332031,0.022887924902274634,"{'fraction': 0.024618988037109376, 'border_touch_fraction': 0.0, 'thickness': {'median': 2.0, 'p95': 4.0, 'max': 6.0, 'mean': 2.745460033416748, 'saturated': 0.0010896041352894145}, 'components': {'n_components': 5, 'n_components_ge_min_size': 5, 'largest_component_fraction': 0.33474027382656824, 'fragment_fraction': 0.0, 'median_planarity': 0.017597089691105273, 'worst_planarity': 0.027123220357156485}}","{'fraction': 0.7945902709960937, 'border_touch_fraction': 0.02359706717336862, 'skipped': 'fraction 0.79 exceeds sheet_fraction_max'}",1,0.024618988037109376,2.0,4.0,5,0.0,0.027123220357156485
sample_00520,True,True,"[320, 320, 320]",,uint8,NONE,32821210,,"[320, 320, 320]",,uint8,LZW,37993779,,"[320, 320, 320]",uint8,"[0, 1, 2]",0.4413255615234375,0.06994375610351562,0.4887306823730469,3,0.5586744384765625,0.033561585618860565,"{'fraction': 0.06994375610351562, 'border_touch_fraction': 0.0, 'thickness': {'median': 2.0, 'p95': 4.0, 'max': 6.0, 'mean': 2.6651999950408936, 'saturated': 0.00017976218161477924}, 'components': {'n_components': 12, 'n_components_ge_min_size': 12, 'largest_component_fraction': 0.13061991337382636, 'fragment_fraction': 0.0, 'median_planarity': 0.004340693491243675, 'worst_planarity': 0.025089532660190428}}","{'fraction': 0.4887306823730469, 'border_touch_fraction': 0.038364687702762586, 'skipped': 'fraction 0.49 exceeds sheet_fraction_max'}",1,0.06994375610351562,2.0,4.0,12,0.0,0.025089532660190428
sample_00521,True,True,"[320, 320, 320]",,uint8,NONE,32821210,,"[320, 320, 320]",,uint8,LZW,36345364,,"[320, 320, 320]",uint8,"[0, 1, 2]",0.3611033020019531,0.0562637939453125,0.5826329040527344,3,0.6388966979980468,0.0293474673742285,"{'fraction': 0.0562637939453125, 'border_touch_fraction': 0.0, 'thickness': {'median': 2.0, 'p95': 4.0, 'max': 6.0, 'mean': 2.707170009613037, 'saturated': 2.169606845543519e-06}, 'components': {'n_components': 9, 'n_components_ge_min_size': 9, 'largest_component_fraction': 0.1683338287268964, 'fragment_fraction': 0.0, 'median_planarity': 0.004790788433401861, 'worst_planarity': 0.028425383439752327}}","{'fraction': 0.5826329040527344, 'border_touch_fraction': 0.03218149862387952, 'skipped': 'fraction 0.58 exceeds sheet_fraction_max'}",1,0.0562637939453125,2.0,4.0,9,0.0,0.028425383439752327
sample_00522,True,True,"[320, 320, 320]",,uint8,LZW,740745,,"[320, 320, 320]",,uint8,LZW,35694165,,"[320, 320, 320]",uint8,"[0, 1, 2]",0.31036978149414063,0.04604205322265625,0.6435881652832032,3,0.6896302185058594,0.027188483765435072,"{'fraction': 0.04604205322265625, 'border_touch_fraction': 0.0, 'thickness': {'median': 2.0, 'p95': 4.0, 'max': 6.0, 'mean': 2.6869699954986572, 'saturated': 0.0003128508801582283}, 'components': {'n_components': 5, 'n_components_ge_min_size': 5, 'largest_component_fraction': 0.2025782359187277, 'fragment_fraction': 0.0, 'median_planarity': 0.012994063615831141, 'worst_planarity': 0.015046822913911073}}","{'fraction': 0.6435881652832032, 'border_touch_fraction': 0.029133537581054324, 'skipped': 'fraction 0.64 exceeds sheet_fraction_max'}",1,0.04604205322265625,2.0,4.0,5,0.0,0.015046822913911073
sample_00523,True,True,"[320, 320, 320]",,uint8,LZW,702521,,"[320, 320, 320]",,uint8,LZW,36146470,,"[320, 320, 320]",uint8,"[0, 1, 2]",0.26405136108398436,0.02032415771484375,0.7156244812011718,3,0.7359486389160156,0.025477321389733146,"{'fraction': 0.02032415771484375, 'border_touch_fraction': 0.0, 'thickness': {'median': 2.0, 'p95': 4.0, 'max': 6.0, 'mean': 2.7614500522613525, 'saturated': 0.0003003084167439961}, 'components': {'n_components': 2, 'n_components_ge_min_size': 2, 'largest_component_fraction': 0.5329573471955699, 'fragment_fraction': 0.0, 'median_planarity': 0.011553697070816304, 'worst_planarity': 0.011880727934081325}}","{'fraction': 0.7156244812011718, 'border_touch_fraction': 0.02620089235701974, 'skipped': 'fraction 0.72 exceeds sheet_fraction_max'}",1,0.02032415771484375,2.0,4.0,2,0.0,0.011880727934081325
sample_00524,True,True,"[320, 320, 320]",,uint8,NONE,32821210,,"[320, 320, 320]",,uint8,LZW,36136253,,"[320, 320, 320]",uint8,"[0, 1, 2]",0.25516256713867186,0.0376064453125,0.7072309875488281,3,0.7448374328613281,0.02517327831923134,"{'fraction': 0.0376064453125, 'border_touch_fraction': 0.0, 'thickness': {'median': 2.0, 'p95': 4.0, 'max': 6.0, 'mean': 2.7024600505828857, 'saturated': 0.0003189189540107507}, 'components': {'n_components': 4, 'n_components_ge_min_size': 4, 'largest_component_fraction': 0.25475538185878627, 'fragment_fraction': 0.0, 'median_planarity': 0.0056615101407274104, 'worst_planarity': 0.007420789621679933}}","{'fraction': 0.7072309875488281, 'border_touch_fraction': 0.026511847373918238, 'skipped': 'fraction 0.71 exceeds sheet_fraction_max'}",1,0.0376064453125,2.0,4.0,4,0.0,0.007420789621679933
sample_00525,True,True,"[320, 320, 320]",,uint8,LZW,701593,,"[320, 320, 320]",,uint8,LZW,36690411,,"[320, 320, 320]",uint8,"[0, 1, 2]",0.16985009765625,0.037492340087890624,0.7926575622558594,3,0.83014990234375,0.022586282245005872,"{'fraction': 0.037492340087890624, 'border_touch_fraction': 0.0, 'thickness': {'median': 2.0, 'p95': 4.0, 'max': 8.0, 'mean': 2.7035698890686035, 'saturated': 1.5465398612509555e-05}, 'components': {'n_components': 4, 'n_components_ge_min_size': 4, 'largest_component_fraction': 0.2517571541713029, 'fragment_fraction': 0.0, 'median_planarity': 0.002593158130019527, 'worst_planarity': 0.002903115210823257}}","{'fraction': 0.7926575622558594, 'border_touch_fraction': 0.023654603062939993, 'skipped': 'fraction 0.79 exceeds sheet_fraction_max'}",1,0.037492340087890624,2.0,4.0,4,0.0,0.002903115210823257
sample_00526,True,True,"[320, 320, 320]",,uint8,NONE,32821210,,"[320, 320, 320]",,uint8,LZW,35842770,,"[320, 320, 320]",uint8,"[0, 1, 2]",0.37545941162109375,0.05338772583007813,0.5711528625488281,3,0.6245405883789062,0.03002206797907016,"{'fraction': 0.05338772583007813, 'border_touch_fraction': 0.0, 'thickness': {'median': 2.0, 'p95': 4.0, 'max': 6.0, 'mean': 2.689349889755249, 'saturated': 0.00016634189031838753}, 'components': {'n_components': 6, 'n_components_ge_min_size': 6, 'largest_component_fraction': 0.17442576321489142, 'fragment_fraction': 0.0, 'median_planarity': 0.004300912093383613, 'worst_planarity': 0.011924152438887073}}","{'fraction': 0.5711528625488281, 'border_touch_fraction': 0.03282833936317189, 'skipped': 'fraction 0.57 exceeds sheet_fraction_max'}",1,0.05338772583007813,2.0,4.0,6,0.0,0.011924152438887073
sample_00527,True,True,"[320, 320, 320]",,uint8,NONE,32821210,,"[320, 320, 320]",,uint8,LZW,36242679,,"[320, 320, 320]",uint8,"[0, 1, 2]",0.3221708068847656,0.04091336059570312,0.6369158325195312,3,0.6778291931152344,0.027661836035457396,"{'fraction': 0.04091336059570312, 'border_touch_fraction': 0.0, 'thickness': {'median': 2.0, 'p95': 4.0, 'max': 6.0, 'mean': 2.769819974899292, 'saturated': 0.0004564953242795094}, 'components': {'n_components': 4, 'n_components_ge_min_size': 4, 'largest_component_fraction': 0.26135699948308616, 'fragment_fraction': 0.0, 'median_planarity': 0.00927744006509363, 'worst_planarity': 0.01098409880104974}}","{'fraction': 0.6369158325195312, 'border_touch_fraction': 0.02943874063520791, 'skipped': 'fraction 0.64 exceeds sheet_fraction_max'}",1,0.04091336059570312,2.0,4.0,4,0.0,0.01098409880104974
sample_00528,True,True,"[320, 320, 320]",,uint8,LZW,921769,,"[320, 320, 320]",,uint8,LZW,36964026,,"[320, 320, 320]",uint8,"[0, 1, 2]",0.332986572265625,0.03705343627929687,0.6299599914550781,3,0.667013427734375,0.02811037862264269,"{'fraction': 0.03705343627929687, 'border_touch_fraction': 0.0, 'thickness': {'median': 2.0, 'p95': 4.0, 'max': 6.0, 'mean': 2.799639940261841, 'saturated': 0.0003047356747465546}, 'components': {'n_components': 4, 'n_components_ge_min_size': 4, 'largest_component_fraction': 0.2935288144052671, 'fragment_fraction': 0.0, 'median_planarity': 0.0033159288496992876, 'worst_planarity': 0.004418747291006026}}","{'fraction': 0.6299599914550781, 'border_touch_fraction': 0.02976379493035955, 'skipped': 'fraction 0.63 exceeds sheet_fraction_max'}",1,0.03705343627929687,2.0,4.0,4,0.0,0.004418747291006026
sample_00529,True,True,"[320, 320, 320]",,uint8,NONE,32821210,,"[320, 320, 320]",,uint8,LZW,36627510,,"[320, 320, 320]",uint8,"[0, 1, 2]",0.22708917236328124,0.029200408935546877,0.7437104187011718,3,0.7729108276367187,0.024258943372977067,"{'fraction': 0.029200408935546877, 'border_touch_fraction': 0.0, 'thickness': {'median': 2.0, 'p95': 4.0, 'max': 6.0, 'mean': 2.801919937133789, 'saturated': 0.00019334496190059143}, 'components': {'n_components': 3, 'n_components_ge_min_size': 3, 'largest_component_fraction': 0.3721357511556281, 'fragment_fraction': 0.0, 'median_planarity': 0.0021028225191103934, 'worst_planarity': 0.0030243343112874603}}","{'fraction': 0.7437104187011718, 'border_touch_fraction': 0.02521142574921205, 'skipped': 'fraction 0.74 exceeds sheet_fraction_max'}",1,0.029200408935546877,2.0,4.0,3,0.0,0.0030243343112874603
sample_00530,True,True,"[320, 320, 320]",,uint8,LZW,679449,,"[320, 320, 320]",,uint8,LZW,38234046,,"[320, 320, 320]",uint8,"[0, 1, 2]",0.11537411499023438,0.024703125,0.8599227600097656,3,0.8846258850097656,0.021195400584274125,"{'fraction': 0.024703125, 'border_touch_fraction': 0.0, 'thickness': {'median': 2.0, 'p95': 4.0, 'max': 6.0, 'mean': 2.6700799465179443, 'saturated': 0.0001766583649588868}, 'components': {'n_components': 5, 'n_components_ge_min_size': 5, 'largest_component_fraction': 0.3219160143896268, 'fragment_fraction': 0.0, 'median_planarity': 0.0013056738030516938, 'worst_planarity': 0.002071660108711715}}","{'fraction': 0.8599227600097656, 'border_touch_fraction': 0.0218042839100887, 'skipped': 'fraction 0.86 exceeds sheet_fraction_max'}",1,0.024703125,2.0,4.0,5,0.0,0.002071660108711715
sample_00531,True,True,"[320, 320, 320]",,uint8,NONE,32821210,,"[320, 320, 320]",,uint8,LZW,36689010,,"[320, 320, 320]",uint8,"[0, 1, 2]",0.31429949951171876,0.035689727783203125,0.6500107727050781,3,0.6857005004882812,0.02734429971488761,"{'fraction': 0.035689727783203125, 'border_touch_fraction': 0.0, 'thickness': {'median': 2.0, 'p95': 4.0, 'max': 6.0, 'mean': 2.7605600357055664, 'saturated': 0.0003035534566187907}, 'components': {'n_components': 4, 'n_components_ge_min_size': 4, 'largest_component_fraction': 0.2766970989695429, 'fragment_fraction': 0.0, 'median_planarity': 0.005092245388025723, 'worst_planarity': 0.008706928684008741}}","{'fraction': 0.6500107727050781, 'border_touch_fraction': 0.028845675775449373, 'skipped': 'fraction 0.65 exceeds sheet_fraction_max'}",1,0.035689727783203125,2.0,4.0,4,0.0,0.008706928684008741
sample_00532,True,True,"[320, 320, 320]",,uint8,LZW,805001,,"[320, 320, 320]",,uint8,LZW,34545246,,"[320, 320, 320]",uint8,"[0, 1, 2]",0.33386782836914064,0.04067034912109375,0.6254618225097657,3,0.6661321716308594,0.028147567102329372,"{'fraction': 0.04067034912109375, 'border_touch_fraction': 0.0, 'thickness': {'median': 2.0, 'p95': 4.0, 'max': 6.0, 'mean': 2.688920021057129, 'saturated': 0.0003459179431614049}, 'components': {'n_components': 7, 'n_components_ge_min_size': 7, 'largest_component_fraction': 0.2338855514352218, 'fragment_fraction': 0.0, 'median_planarity': 0.006787079029847768, 'worst_planarity': 0.008431036878381027}}","{'fraction': 0.6254618225097657, 'border_touch_fraction': 0.029977848887343155, 'skipped': 'fraction 0.63 exceeds sheet_fraction_max'}",1,0.04067034912109375,2.0,4.0,7,0.0,0.008431036878381027
sample_00533,True,True,"[320, 320, 320]",,uint8,NONE,32821210,,"[320, 320, 320]",,uint8,LZW,34306379,,"[320, 320, 320]",uint8,"[0, 1, 2]",0.6347637023925782,0.09056326293945313,0.2746730346679688,3,0.3652362976074219,0.05133662815778961,"{'fraction': 0.09056326293945313, 'border_touch_fraction': 0.0, 'thickness': {'median': 2.0, 'p95': 4.0, 'max': 6.0, 'mean': 2.6767098903656006, 'saturated': 3.369752495048991e-06}, 'components': {'n_components': 10, 'n_components_ge_min_size': 10, 'largest_component_fraction': 0.10233196981914876, 'fragment_fraction': 0.0, 'median_planarity': 0.004367110441869484, 'worst_planarity': 0.006815389483492424}}","{'fraction': 0.2746730346679688, 'border_touch_fraction': 0.06826298046572152, 'skipped': 'fraction 0.27 exceeds sheet_fraction_max'}",1,0.09056326293945313,2.0,4.0,10,0.0,0.006815389483492424
sample_00534,True,True,"[320, 320, 320]",,uint8,NONE,32821210,,"[320, 320, 320]",,uint8,LZW,34251932,,"[320, 320, 320]",uint8,"[0, 1, 2]",0.7041602172851562,0.08766000366210938,0.20817977905273438,3,0.29583978271484374,0.06337889998409338,"{'fraction': 0.08766000366210938, 'border_touch_fraction': 0.0, 'thickness': {'median': 2.0, 'p95': 4.0, 'max': 6.0, 'mean': 2.6660900115966797, 'saturated': 0.00012915835057475465}, 'components': {'n_components': 10, 'n_components_ge_min_size': 10, 'largest_component_fraction': 0.10406995021311127, 'fragment_fraction': 0.0, 'median_planarity': 0.0030749932217093248, 'worst_planarity': 0.008149820956485714}}","{'fraction': 0.20817977905273438, 'border_touch_fraction': 0.09006638437852509, 'thickness': {'median': 8.0, 'p95': 8.0, 'max': 8.0, 'mean': 7.064219951629639, 'saturated': 0.7650432777479299}, 'components': {'n_components': 1, 'n_components_ge_min_size': 1, 'largest_component_fraction': 1.0, 'fragment_fraction': 0.0, 'median_planarity': 0.16628397401521836, 'worst_planarity': 0.16628397401521836}}",1,0.08766000366210938,2.0,4.0,10,0.0,0.008149820956485714
sample_00535,True,True,"[320, 320, 320]",,uint8,LZW,918905,,"[320, 320, 320]",,uint8,LZW,34279322,,"[320, 320, 320]",uint8,"[0, 1, 2]",0.7680136413574219,0.07691241455078125,0.15507394409179687,3,0.23198635864257813,0.08082371786734308,"{'fraction': 0.07691241455078125, 'border_touch_fraction': 0.0, 'thickness': {'median': 2.0, 'p95': 4.0, 'max': 6.0, 'mean': 2.6681599617004395, 'saturated': 0.00016069732321905702}, 'components': {'n_components': 11, 'n_components_ge_min_size': 11, 'largest_component_fraction': 0.1235619573489465, 'fragment_fraction': 0.0, 'median_planarity': 0.006019003515561496, 'worst_planarity': 0.014475099666235974}}","{'fraction': 0.15507394409179687, 'border_touch_fraction': 0.12091006074431714, 'thickness': {'median': 8.0, 'p95': 8.0, 'max': 8.0, 'mean': 6.7052001953125, 'saturated': 0.6766551286509417}, 'components': {'n_components': 1, 'n_components_ge_min_size': 1, 'largest_component_fraction': 1.0, 'fragment_fraction': 0.0, 'median_planarity': 0.24124914197053995, 'worst_planarity': 0.24124914197053995}}",1,0.07691241455078125,2.0,4.0,11,0.0,0.014475099666235974
sample_00536,True,True,"[320, 320, 320]",,uint8,NONE,32821210,,"[320, 320, 320]",,uint8,LZW,33874372,,"[320, 320, 320]",uint8,"[0, 1, 2]",0.3402454528808594,0.04104046630859375,0.6187140808105469,3,0.6597545471191406,0.02841966013250389,"{'fraction': 0.04104046630859375, 'border_touch_fraction': 0.0, 'thickness': {'median': 2.0, 'p95': 4.0, 'max': 6.0, 'mean': 2.6730000972747803, 'saturated': 0.00018589931395717176}, 'components': {'n_components': 5, 'n_components_ge_min_size': 5, 'largest_component_fraction': 0.22559402266781875, 'fragment_fraction': 0.0, 'median_planarity': 0.007018457743537719, 'worst_planarity': 0.007976645993706497}}","{'fraction': 0.6187140808105469, 'border_touch_fraction': 0.030304789532891424, 'skipped': 'fraction 0.62 exceeds sheet_fraction_max'}",1,0.04104046630859375,2.0,4.0,5,0.0,0.007976645993706497
sample_00537,True,True,"[320, 320, 320]",,uint8,NONE,32821210,,"[320, 320, 320]",,uint8,LZW,34166051,,"[320, 320, 320]",uint8,"[0, 1, 2]",0.3135456848144531,0.03419943237304687,0.6522548828125,3,0.6864543151855469,0.027314272174007562,"{'fraction': 0.03419943237304687, 'border_touch_fraction': 0.0, 'thickness': {'median': 2.0, 'p95': 4.0, 'max': 6.0, 'mean': 2.6715199947357178, 'saturated': 0.0002471786387684971}, 'components': {'n_components': 5, 'n_components_ge_min_size': 5, 'largest_component_fraction': 0.2746850703209842, 'fragment_fraction': 0.0, 'median_planarity': 0.00612939901656917, 'worst_planarity': 0.008952506737887663}}","{'fraction': 0.6522548828125, 'border_touch_fraction': 0.02874643102578345, 'skipped': 'fraction 0.65 exceeds sheet_fraction_max'}",1,0.03419943237304687,2.0,4.0,5,0.0,0.008952506737887663
sample_00538,True,True,"[320, 320, 320]",,uint8,LZW,473177,,"[320, 320, 320]",,uint8,LZW,34687563,,"[320, 320, 320]",uint8,"[0, 1, 2]",0.18200775146484374,0.025357696533203126,0.7926345520019531,3,0.8179922485351563,0.022921977602571558,"{'fraction': 0.025357696533203126, 'border_touch_fraction': 0.0, 'thickness': {'median': 2.0, 'p95': 4.0, 'max': 6.0, 'mean': 2.6662299633026123, 'saturated': 0.00010831354605311455}, 'components': {'n_components': 3, 'n_components_ge_min_size': 3, 'largest_component_fraction': 0.3630465471446744, 'fragment_fraction': 0.0, 'median_planarity': 0.007957583863346773, 'worst_planarity': 0.011451748770845298}}","{'fraction': 0.7926345520019531, 'border_touch_fraction': 0.02365528975824132, 'skipped': 'fraction 0.79 exceeds sheet_fraction_max'}",1,0.025357696533203126,2.0,4.0,3,0.0,0.011451748770845298
sample_00539,True,True,"[320, 320, 320]",,uint8,LZW,827769,,"[320, 320, 320]",,uint8,LZW,36480293,,"[320, 320, 320]",uint8,"[0, 1, 2]",0.28269329833984375,0.04227700805664063,0.6750296936035156,3,0.7173067016601562,0.026139446287905068,"{'fraction': 0.04227700805664063, 'border_touch_fraction': 0.0, 'thickness': {'median': 2.0, 'p95': 4.0, 'max': 6.0, 'mean': 2.742189884185791, 'saturated': 0.00021944182373479878}, 'components': {'n_components': 5, 'n_components_ge_min_size': 5, 'largest_component_fraction': 0.23288046989424202, 'fragment_fraction': 0.0, 'median_planarity': 0.017259429744550223, 'worst_planarity': 0.020088707980141784}}","{'fraction': 0.6750296936035156, 'border_touch_fraction': 0.027776555872537616, 'skipped': 'fraction 0.68 exceeds sheet_fraction_max'}",1,0.04227700805664063,2.0,4.0,5,0.0,0.020088707980141784
sample_00540,True,True,"[320, 320, 320]",,uint8,LZW,662297,,"[320, 320, 320]",,uint8,LZW,31523183,,"[320, 320, 320]",uint8,"[0, 1, 2]",0.22717123413085938,0.02856787109375,0.7442608947753906,3,0.7728287658691406,0.02426151927576522,"{'fraction': 0.02856787109375, 'border_touch_fraction': 0.0, 'thickness': {'median': 2.0, 'p95': 4.0, 'max': 6.0, 'mean': 2.709429979324341, 'saturated': 0.00034824892747876323}, 'components': {'n_components': 3, 'n_components_ge_min_size': 3, 'largest_component_fraction': 0.33495350983642985, 'fragment_fraction': 0.0, 'median_planarity': 0.002306987073702412, 'worst_planarity': 0.002767264838414745}}","{'fraction': 0.7442608947753906, 'border_touch_fraction': 0.0251927786769699, 'skipped': 'fraction 0.74 exceeds sheet_fraction_max'}",1,0.02856787109375,2.0,4.0,3,0.0,0.002767264838414745
sample_00541,True,True,"[320, 320, 320]",,uint8,NONE,32821210,,"[320, 320, 320]",,uint8,LZW,34828623,,"[320, 320, 320]",uint8,"[0, 1, 2]",0.38704843139648437,0.04097698974609375,0.5719745788574219,3,0.6129515686035156,0.030589692498410644,"{'fraction': 0.04097698974609375, 'border_touch_fraction': 0.0, 'thickness': {'median': 2.0, 'p95': 4.0, 'max': 8.0, 'mean': 2.6771600246429443, 'saturated': 1.0426488046031455e-05}, 'components': {'n_components': 5, 'n_components_ge_min_size': 5, 'largest_component_fraction': 0.22888971307794395, 'fragment_fraction': 0.0, 'median_planarity': 0.004236221346799198, 'worst_planarity': 0.013451891827570912}}","{'fraction': 0.5719745788574219, 'border_touch_fraction': 0.03278117715905322, 'skipped': 'fraction 0.57 exceeds sheet_fraction_max'}",1,0.04097698974609375,2.0,4.0,5,0.0,0.013451891827570912
sample_00542,True,True,"[320, 320, 320]",,uint8,NONE,32821210,,"[320, 320, 320]",,uint8,LZW,35764116,,"[320, 320, 320]",uint8,"[0, 1, 2]",0.3708523864746094,0.05465036010742187,0.5744972534179688,3,0.6291476135253906,0.029802227008277928,"{'fraction': 0.05465036010742187, 'border_touch_fraction': 0.0, 'thickness': {'median': 2.0, 'p95': 4.0, 'max': 6.0, 'mean': 2.6651298999786377, 'saturated': 6.756820899014565e-05}, 'components': {'n_components': 6, 'n_components_ge_min_size': 6, 'largest_component_fraction': 0.16727096471208405, 'fragment_fraction': 0.0, 'median_planarity': 0.0020287927788850734, 'worst_planarity': 0.0031054996742084892}}","{'fraction': 0.5744972534179688, 'border_touch_fraction': 0.03263723175079944, 'skipped': 'fraction 0.57 exceeds sheet_fraction_max'}",1,0.05465036010742187,2.0,4.0,6,0.0,0.0031054996742084892
sample_00543,True,True,"[320, 320, 320]",,uint8,NONE,32821210,,"[320, 320, 320]",,uint8,LZW,35745426,,"[320, 320, 320]",uint8,"[0, 1, 2]",0.29624697875976563,0.05451046752929688,0.6492425537109375,3,0.7037530212402344,0.026642869634799716,"{'fraction': 0.05451046752929688, 'border_touch_fraction': 0.0, 'thickness': {'median': 2.0, 'p95': 4.0, 'max': 6.0, 'mean': 2.664060115814209, 'saturated': 7.893857291376829e-05}, 'components': {'n_components': 6, 'n_components_ge_min_size': 6, 'largest_component_fraction': 0.16709280432919288, 'fragment_fraction': 0.0, 'median_planarity': 0.0015998065461183828, 'worst_planarity': 0.003461410063143016}}","{'fraction': 0.6492425537109375, 'border_touch_fraction': 0.028879807543157544, 'skipped': 'fraction 0.65 exceeds sheet_fraction_max'}",1,0.05451046752929688,2.0,4.0,6,0.0,0.003461410063143016
sample_00544,True,True,"[320, 320, 320]",,uint8,LZW,527801,,"[320, 320, 320]",,uint8,LZW,36634882,,"[320, 320, 320]",uint8,"[0, 1, 2]",0.07934494018554687,0.018973358154296877,0.9016817016601563,3,0.9206550598144532,0.020365933799113466,"{'fraction': 0.018973358154296877, 'border_touch_fraction': 0.0, 'thickness': {'median': 2.0, 'p95': 4.0, 'max': 6.0, 'mean': 2.706350088119507, 'saturated': 0.00013510926962180664}, 'components': {'n_components': 2, 'n_components_ge_min_size': 2, 'largest_component_fraction': 0.5009948224197749, 'fragment_fraction': 0.0, 'median_planarity': 0.0035593863031162234, 'worst_planarity': 0.004350082139399696}}","{'fraction': 0.9016817016601563, 'border_touch_fraction': 0.020794477658222316, 'skipped': 'fraction 0.90 exceeds sheet_fraction_max'}",1,0.018973358154296877,2.0,4.0,2,0.0,0.004350082139399696
sample_00545,True,True,"[320, 320, 320]",,uint8,NONE,32821210,,"[320, 320, 320]",,uint8,LZW,37199990,,"[320, 320, 320]",uint8,"[0, 1, 2]",0.2850089111328125,0.050356414794921874,0.6646346740722656,3,0.7149910888671875,0.02622410305799334,"{'fraction': 0.050356414794921874, 'border_touch_fraction': 0.0, 'thickness': {'median': 2.0, 'p95': 4.0, 'max': 6.0, 'mean': 2.772089958190918, 'saturated': 0.0003745275226216442}, 'components': {'n_components': 7, 'n_components_ge_min_size': 7, 'largest_component_fraction': 0.1966075563654831, 'fragment_fraction': 0.0, 'median_planarity': 0.0033438543925000887, 'worst_planarity': 0.0073390879145138295}}","{'fraction': 0.6646346740722656, 'border_touch_fraction': 0.028210986774309214, 'skipped': 'fraction 0.66 exceeds sheet_fraction_max'}",1,0.050356414794921874,2.0,4.0,7,0.0,0.0073390879145138295
sample_00546,True,True,"[320, 320, 320]",,uint8,LZW,788121,,"[320, 320, 320]",,uint8,LZW,37910550,,"[320, 320, 320]",uint8,"[0, 1, 2]",0.1909891662597656,0.028837066650390625,0.7801737670898438,3,0.8090108337402344,0.023176451065945115,"{'fraction': 0.028837066650390625, 'border_touch_fraction': 0.0, 'thickness': {'median': 2.0, 'p95': 4.0, 'max': 6.0, 'mean': 2.725990056991577, 'saturated': 0.00033229869207658107}, 'components': {'n_components': 3, 'n_components_ge_min_size': 3, 'largest_component_fraction': 0.33824302887083, 'fragment_fraction': 0.0, 'median_planarity': 0.0020080250778529304, 'worst_planarity': 0.00324347596379634}}","{'fraction': 0.7801737670898438, 'border_touch_fraction': 0.024033107483144554, 'skipped': 'fraction 0.78 exceeds sheet_fraction_max'}",1,0.028837066650390625,2.0,4.0,3,0.0,0.00324347596379634
sample_00547,True,True,"[320, 320, 320]",,uint8,NONE,32821210,,"[320, 320, 320]",,uint8,LZW,36824713,,"[320, 320, 320]",uint8,"[0, 1, 2]",0.3684189453125,0.04507696533203125,0.5865040893554687,3,0.6315810546875,0.029687400945358173,"{'fraction': 0.04507696533203125, 'border_touch_fraction': 0.0, 'thickness': {'median': 2.0, 'p95': 4.0, 'max': 6.0, 'mean': 2.742419958114624, 'saturated': 0.0003682937033962908}, 'components': {'n_components': 5, 'n_components_ge_min_size': 5, 'largest_component_fraction': 0.23242243829387943, 'fragment_fraction': 0.0, 'median_planarity': 0.005254549813403295, 'worst_planarity': 0.005907054632227329}}","{'fraction': 0.5865040893554687, 'border_touch_fraction': 0.03196908655931977, 'skipped': 'fraction 0.59 exceeds sheet_fraction_max'}",1,0.04507696533203125,2.0,4.0,5,0.0,0.005907054632227329
sample_00548,True,True,"[320, 320, 320]",,uint8,NONE,32821210,,"[320, 320, 320]",,uint8,LZW,37528502,,"[320, 320, 320]",uint8,"[0, 1, 2]",0.19783438110351562,0.038102081298828125,0.7640635375976562,3,0.8021656188964844,0.02337422541967558,"{'fraction': 0.038102081298828125, 'border_touch_fraction': 0.0, 'thickness': {'median': 2.0, 'p95': 4.0, 'max': 6.0, 'mean': 2.8057000637054443, 'saturated': 0.00012014138237878335}, 'components': {'n_components': 5, 'n_components_ge_min_size': 5, 'largest_component_fraction': 0.2659065187913136, 'fragment_fraction': 0.0, 'median_planarity': 0.002746571190963761, 'worst_planarity': 0.003496941654029927}}","{'fraction': 0.7640635375976562, 'border_touch_fraction': 0.024539843975480286, 'skipped': 'fraction 0.76 exceeds sheet_fraction_max'}",1,0.038102081298828125,2.0,4.0,5,0.0,0.003496941654029927
sample_00549,True,True,"[320, 320, 320]",,uint8,NONE,32821210,,"[320, 320, 320]",,uint8,LZW,37660943,,"[320, 320, 320]",uint8,"[0, 1, 2]",0.31944961547851564,0.058111053466796875,0.6224393310546875,3,0.6805503845214844,0.02755122974940892,"{'fraction': 0.058111053466796875, 'border_touch_fraction': 0.0, 'thickness': {'median': 2.0, 'p95': 4.0, 'max': 6.0, 'mean': 2.6859700679779053, 'saturated': 0.0001890574592883142}, 'components': {'n_components': 7, 'n_components_ge_min_size': 7, 'largest_component_fraction': 0.1626077955742699, 'fragment_fraction': 0.0, 'median_planarity': 0.004777762915827072, 'worst_planarity': 0.008845602275655364}}","{'fraction': 0.6224393310546875, 'border_touch_fraction': 0.030123417760618065, 'skipped': 'fraction 0.62 exceeds sheet_fraction_max'}",1,0.058111053466796875,2.0,4.0,7,0.0,0.008845602275655364
sample_00550,True,True,"[320, 320, 320]",,uint8,LZW,623417,,"[320, 320, 320]",,uint8,LZW,36553134,,"[320, 320, 320]",uint8,"[0, 1, 2]",0.10986175537109374,0.018247528076171873,0.8718907165527344,3,0.8901382446289062,0.02106414381489335,"{'fraction': 0.018247528076171873, 'border_touch_fraction': 0.0, 'thickness': {'median': 2.0, 'p95': 4.0, 'max': 6.0, 'mean': 2.6673600673675537, 'saturated': 8.863839715019191e-05}, 'components': {'n_components': 2, 'n_components_ge_min_size': 2, 'largest_component_fraction': 0.5018204319867544, 'fragment_fraction': 0.0, 'median_planarity': 0.005291879525931011, 'worst_planarity': 0.007210963748539954}}","{'fraction': 0.8718907165527344, 'border_touch_fraction': 0.021504988691855107, 'skipped': 'fraction 0.87 exceeds sheet_fraction_max'}",1,0.018247528076171873,2.0,4.0,2,0.0,0.007210963748539954
sample_00551,True,True,"[320, 320, 320]",,uint8,NONE,32821210,,"[320, 320, 320]",,uint8,LZW,38068572,,"[320, 320, 320]",uint8,"[0, 1, 2]",0.27597760009765626,0.048536712646484376,0.6754856872558593,3,0.7240223999023437,0.02589698882593826,"{'fraction': 0.048536712646484376, 'border_touch_fraction': 0.0, 'thickness': {'median': 2.0, 'p95': 4.0, 'max': 6.0, 'mean': 2.802419900894165, 'saturated': 0.00029425615753015966}, 'components': {'n_components': 5, 'n_components_ge_min_size': 5, 'largest_component_fraction': 0.22061792535576386, 'fragment_fraction': 0.0, 'median_planarity': 0.0019525554586706658, 'worst_planarity': 0.0024828749550968206}}","{'fraction': 0.6754856872558593, 'border_touch_fraction': 0.02775780501903944, 'skipped': 'fraction 0.68 exceeds sheet_fraction_max'}",1,0.048536712646484376,2.0,4.0,5,0.0,0.0024828749550968206
sample_00552,True,True,"[320, 320, 320]",,uint8,NONE,32821210,,"[320, 320, 320]",,uint8,LZW,37569513,,"[320, 320, 320]",uint8,"[0, 1, 2]",0.3211195983886719,0.05344046020507812,0.62543994140625,3,0.6788804016113281,0.02761900322280143,"{'fraction': 0.05344046020507812, 'border_touch_fraction': 0.0, 'thickness': {'median': 2.0, 'p95': 4.0, 'max': 6.0, 'mean': 2.6710100173950195, 'saturated': 0.0001564697679279234}, 'components': {'n_components': 6, 'n_components_ge_min_size': 6, 'largest_component_fraction': 0.1721116052027911, 'fragment_fraction': 0.0, 'median_planarity': 0.009555319424098669, 'worst_planarity': 0.011409820817025686}}","{'fraction': 0.62543994140625, 'border_touch_fraction': 0.029978897666564395, 'skipped': 'fraction 0.63 exceeds sheet_fraction_max'}",1,0.05344046020507812,2.0,4.0,6,0.0,0.011409820817025686
sample_00553,True,True,"[320, 320, 320]",,uint8,LZW,1006841,,"[320, 320, 320]",,uint8,LZW,37255120,,"[320, 320, 320]",uint8,"[0, 1, 2]",0.389847412109375,0.04600592041015625,0.5641466674804687,3,0.610152587890625,0.030730017985863393,"{'fraction': 0.04600592041015625, 'border_touch_fraction': 0.0, 'thickness': {'median': 2.0, 'p95': 4.0, 'max': 6.0, 'mean': 2.676340103149414, 'saturated': 0.00020430879284017082}, 'components': {'n_components': 5, 'n_components_ge_min_size': 5, 'largest_component_fraction': 0.20150153695932796, 'fragment_fraction': 0.0, 'median_planarity': 0.0040315175257035945, 'worst_planarity': 0.007306312548518709}}","{'fraction': 0.5641466674804687, 'border_touch_fraction': 0.03323603786181922, 'skipped': 'fraction 0.56 exceeds sheet_fraction_max'}",1,0.04600592041015625,2.0,4.0,5,0.0,0.007306312548518709
sample_00554,True,True,"[320, 320, 320]",,uint8,LZW,637609,,"[320, 320, 320]",,uint8,LZW,36593454,,"[320, 320, 320]",uint8,"[0, 1, 2]",0.12844696044921874,0.020405670166015626,0.8511473693847657,3,0.8715530395507812,0.021513320646169953,"{'fraction': 0.020405670166015626, 'border_touch_fraction': 0.0, 'thickness': {'median': 2.0, 'p95': 4.0, 'max': 6.0, 'mean': 2.7584800720214844, 'saturated': 0.00036640828651034245}, 'components': {'n_components': 2, 'n_components_ge_min_size': 2, 'largest_component_fraction': 0.501955423814744, 'fragment_fraction': 0.0, 'median_planarity': 0.002414362763422561, 'worst_planarity': 0.002775359750095667}}","{'fraction': 0.8511473693847657, 'border_touch_fraction': 0.022029087646188758, 'skipped': 'fraction 0.85 exceeds sheet_fraction_max'}",1,0.020405670166015626,2.0,4.0,2,0.0,0.002775359750095667
sample_00555,True,True,"[320, 320, 320]",,uint8,LZW,640329,,"[320, 320, 320]",,uint8,LZW,34806784,,"[320, 320, 320]",uint8,"[0, 1, 2]",0.26275360107421875,0.031546661376953125,0.7056997375488281,3,0.7372463989257813,0.025432474173247968,"{'fraction': 0.031546661376953125, 'border_touch_fraction': 0.0, 'thickness': {'median': 2.0, 'p95': 4.0, 'max': 6.0, 'mean': 2.680540084838867, 'saturated': 0.00024184475308134399}, 'components': {'n_components': 5, 'n_components_ge_min_size': 5, 'largest_component_fraction': 0.2966487088876012, 'fragment_fraction': 0.0, 'median_planarity': 0.008998050962751993, 'worst_planarity': 0.010378394302133574}}","{'fraction': 0.7056997375488281, 'border_touch_fraction': 0.026569373633503254, 'skipped': 'fraction 0.71 exceeds sheet_fraction_max'}",1,0.031546661376953125,2.0,4.0,5,0.0,0.010378394302133574
sample_00556,True,True,"[320, 320, 320]",,uint8,NONE,32821210,,"[320, 320, 320]",,uint8,LZW,34515150,,"[320, 320, 320]",uint8,"[0, 1, 2]",0.2610374755859375,0.0363837890625,0.7025787353515625,3,0.7389625244140625,0.025373411209001745,"{'fraction': 0.0363837890625, 'border_touch_fraction': 0.0, 'thickness': {'median': 2.0, 'p95': 4.0, 'max': 6.0, 'mean': 2.683419942855835, 'saturated': 0.0004596451673511018}, 'components': {'n_components': 4, 'n_components_ge_min_size': 4, 'largest_component_fraction': 0.2571580508360845, 'fragment_fraction': 0.0, 'median_planarity': 0.006833245377765711, 'worst_planarity': 0.00849603299077925}}","{'fraction': 0.7025787353515625, 'border_touch_fraction': 0.026687400367472993, 'skipped': 'fraction 0.70 exceeds sheet_fraction_max'}",1,0.0363837890625,2.0,4.0,4,0.0,0.00849603299077925
sample_00557,True,True,"[320, 320, 320]",,uint8,NONE,32821210,,"[320, 320, 320]",,uint8,LZW,36661164,,"[320, 320, 320]",uint8,"[0, 1, 2]",0.378879150390625,0.0399681396484375,0.5811527099609375,3,0.621120849609375,0.03018736210802123,"{'fraction': 0.0399681396484375, 'border_touch_fraction': 0.0, 'thickness': {'median': 2.0, 'p95': 4.0, 'max': 6.0, 'mean': 2.7640600204467773, 'saturated': 0.00026724166893185797}, 'components': {'n_components': 4, 'n_components_ge_min_size': 4, 'largest_component_fraction': 0.26827474886918595, 'fragment_fraction': 0.0, 'median_planarity': 0.00435098758080431, 'worst_planarity': 0.004977307558891373}}","{'fraction': 0.5811527099609375, 'border_touch_fraction': 0.03226346479785028, 'skipped': 'fraction 0.58 exceeds sheet_fraction_max'}",1,0.0399681396484375,2.0,4.0,4,0.0,0.004977307558891373
sample_00558,True,True,"[320, 320, 320]",,uint8,LZW,674121,,"[320, 320, 320]",,uint8,LZW,35759164,,"[320, 320, 320]",uint8,"[0, 1, 2]",0.24632791137695312,0.04265966796875,0.7110124206542969,3,0.7536720886230469,0.02487819342528142,"{'fraction': 0.04265966796875, 'border_touch_fraction': 0.0, 'thickness': {'median': 2.0, 'p95': 4.0, 'max': 6.0, 'mean': 2.6710898876190186, 'saturated': 7.368342738104777e-05}, 'components': {'n_components': 5, 'n_components_ge_min_size': 5, 'largest_component_fraction': 0.21654414710359746, 'fragment_fraction': 0.0, 'median_planarity': 0.004434142540985339, 'worst_planarity': 0.007012966969637949}}","{'fraction': 0.7110124206542969, 'border_touch_fraction': 0.02637084733730198, 'skipped': 'fraction 0.71 exceeds sheet_fraction_max'}",1,0.04265966796875,2.0,4.0,5,0.0,0.007012966969637949
sample_00559,True,True,"[320, 320, 320]",,uint8,NONE,32821210,,"[320, 320, 320]",,uint8,LZW,35108220,,"[320, 320, 320]",uint8,"[0, 1, 2]",0.2911184692382813,0.0455362548828125,0.6633452758789062,3,0.7088815307617188,0.02645011780720602,"{'fraction': 0.0455362548828125, 'border_touch_fraction': 0.0, 'thickness': {'median': 2.0, 'p95': 4.0, 'max': 6.0, 'mean': 2.6695001125335693, 'saturated': 0.0001628542246932577}, 'components': {'n_components': 5, 'n_components_ge_min_size': 5, 'largest_component_fraction': 0.20107671439256045, 'fragment_fraction': 0.0, 'median_planarity': 0.0011130115874413446, 'worst_planarity': 0.005703645250891874}}","{'fraction': 0.6633452758789062, 'border_touch_fraction': 0.02826582276501026, 'skipped': 'fraction 0.66 exceeds sheet_fraction_max'}",1,0.0455362548828125,2.0,4.0,5,0.0,0.005703645250891874
sample_00560,True,True,"[320, 320, 320]",,uint8,NONE,32821210,,"[320, 320, 320]",,uint8,LZW,34645826,,"[320, 320, 320]",uint8,"[0, 1, 2]",0.2872488098144531,0.045489013671875,0.6672621765136719,3,0.7127511901855469,0.026306515174136586,"{'fraction': 0.045489013671875, 'border_touch_fraction': 0.0, 'thickness': {'median': 2.0, 'p95': 4.0, 'max': 6.0, 'mean': 2.6641600131988525, 'saturated': 8.92267728621802e-05}, 'components': {'n_components': 5, 'n_components_ge_min_size': 5, 'largest_component_fraction': 0.20097693253114216, 'fragment_fraction': 0.0, 'median_planarity': 0.0022470561534432953, 'worst_planarity': 0.009489433753550564}}","{'fraction': 0.6672621765136719, 'border_touch_fraction': 0.028099899349855958, 'skipped': 'fraction 0.67 exceeds sheet_fraction_max'}",1,0.045489013671875,2.0,4.0,5,0.0,0.009489433753550564
sample_00561,True,True,"[320, 320, 320]",,uint8,LZW,722361,,"[320, 320, 320]",,uint8,LZW,36323261,,"[320, 320, 320]",uint8,"[0, 1, 2]",0.2599117431640625,0.03989254760742188,0.7001957092285156,3,0.7400882568359375,0.02533481625578136,"{'fraction': 0.03989254760742188, 'border_touch_fraction': 0.0, 'thickness': {'median': 2.0, 'p95': 4.0, 'max': 8.0, 'mean': 2.68641996383667, 'saturated': 2.2949833957951315e-06}, 'components': {'n_components': 5, 'n_components_ge_min_size': 5, 'largest_component_fraction': 0.23495581009471397, 'fragment_fraction': 0.0, 'median_planarity': 0.0023557699805191058, 'worst_planarity': 0.0036434835346607513}}","{'fraction': 0.7001957092285156, 'border_touch_fraction': 0.02677822750536273, 'skipped': 'fraction 0.70 exceeds sheet_fraction_max'}",1,0.03989254760742188,2.0,4.0,5,0.0,0.0036434835346607513
sample_00562,True,True,"[320, 320, 320]",,uint8,NONE,32821210,,"[320, 320, 320]",,uint8,LZW,35936933,,"[320, 320, 320]",uint8,"[0, 1, 2]",0.37308099365234376,0.0488946533203125,0.5780243530273438,3,0.6269190063476563,0.029908169652145204,"{'fraction': 0.0488946533203125, 'border_touch_fraction': 0.0, 'thickness': {'median': 2.0, 'p95': 4.0, 'max': 6.0, 'mean': 2.750760078430176, 'saturated': 1.8724487885256337e-06}, 'components': {'n_components': 5, 'n_components_ge_min_size': 5, 'largest_component_fraction': 0.20668089727745947, 'fragment_fraction': 0.0, 'median_planarity': 0.008919802112102243, 'worst_planarity': 0.014010952137374098}}","{'fraction': 0.5780243530273438, 'border_touch_fraction': 0.0324380796445665, 'skipped': 'fraction 0.58 exceeds sheet_fraction_max'}",1,0.0488946533203125,2.0,4.0,5,0.0,0.014010952137374098
sample_00563,True,True,"[320, 320, 320]",,uint8,NONE,32821210,,"[320, 320, 320]",,uint8,LZW,35112402,,"[320, 320, 320]",uint8,"[0, 1, 2]",0.6029318542480469,0.05795162963867188,0.33911651611328125,3,0.39706814575195315,0.047221113555941226,"{'fraction': 0.05795162963867188, 'border_touch_fraction': 0.0, 'thickness': {'median': 2.0, 'p95': 4.0, 'max': 6.0, 'mean': 2.6868999004364014, 'saturated': 0.00030701031459868275}, 'components': {'n_components': 7, 'n_components_ge_min_size': 7, 'largest_component_fraction': 0.16566129126537224, 'fragment_fraction': 0.0, 'median_planarity': 0.0033800048541176315, 'worst_planarity': 0.02420421607569271}}","{'fraction': 0.33911651611328125, 'border_touch_fraction': 0.05529073079335539, 'skipped': 'fraction 0.34 exceeds sheet_fraction_max'}",1,0.05795162963867188,2.0,4.0,7,0.0,0.02420421607569271
sample_00564,True,True,"[320, 320, 320]",,uint8,NONE,32821210,,"[320, 320, 320]",,uint8,LZW,34517003,,"[320, 320, 320]",uint8,"[0, 1, 2]",0.21977328491210937,0.027574615478515627,0.752652099609375,3,0.7802267150878907,0.02403147654062045,"{'fraction': 0.027574615478515627, 'border_touch_fraction': 0.0, 'thickness': {'median': 2.0, 'p95': 4.0, 'max': 6.0, 'mean': 2.6715199947357178, 'saturated': 9.849872449685413e-05}, 'components': {'n_components': 3, 'n_components_ge_min_size': 3, 'largest_component_fraction': 0.3363576499753753, 'fragment_fraction': 0.0, 'median_planarity': 0.0027823499284315594, 'worst_planarity': 0.0045701547320256015}}","{'fraction': 0.752652099609375, 'border_touch_fraction': 0.024911908184048398, 'skipped': 'fraction 0.75 exceeds sheet_fraction_max'}",1,0.027574615478515627,2.0,4.0,3,0.0,0.0045701547320256015
sample_00565,True,True,"[320, 320, 320]",,uint8,LZW,737833,,"[320, 320, 320]",,uint8,LZW,36501925,,"[320, 320, 320]",uint8,"[0, 1, 2]",0.1683851318359375,0.03015472412109375,0.8014601440429687,3,0.8316148681640625,0.02254649443845798,"{'fraction': 0.03015472412109375, 'border_touch_fraction': 0.0, 'thickness': {'median': 2.0, 'p95': 4.0, 'max': 6.0, 'mean': 2.7611899375915527, 'saturated': 0.0004048132292963334}, 'components': {'n_components': 3, 'n_components_ge_min_size': 3, 'largest_component_fraction': 0.33464492819625347, 'fragment_fraction': 0.0, 'median_planarity': 0.006751393644173312, 'worst_planarity': 0.008071485455719068}}","{'fraction': 0.8014601440429687, 'border_touch_fraction': 0.023394800277173552, 'skipped': 'fraction 0.80 exceeds sheet_fraction_max'}",1,0.03015472412109375,2.0,4.0,3,0.0,0.008071485455719068
sample_00566,True,True,"[320, 320, 320]",,uint8,NONE,32821210,,"[320, 320, 320]",,uint8,LZW,34154757,,"[320, 320, 320]",uint8,"[0, 1, 2]",0.26038397216796877,0.03596527099609375,0.7036507568359375,3,0.7396160278320313,0.025350991993724308,"{'fraction': 0.03596527099609375, 'border_touch_fraction': 0.0, 'thickness': {'median': 2.0, 'p95': 4.0, 'max': 6.0, 'mean': 2.6718599796295166, 'saturated': 0.00017309993126914493}, 'components': {'n_components': 4, 'n_components_ge_min_size': 4, 'largest_component_fraction': 0.25720698169722783, 'fragment_fraction': 0.0, 'median_planarity': 0.017710341448258025, 'worst_planarity': 0.02237784160557248}}","{'fraction': 0.7036507568359375, 'border_touch_fraction': 0.026646741750569497, 'skipped': 'fraction 0.70 exceeds sheet_fraction_max'}",1,0.03596527099609375,2.0,4.0,4,0.0,0.02237784160557248
sample_00567,True,True,"[320, 320, 320]",,uint8,NONE,32821210,,"[320, 320, 320]",,uint8,LZW,34454633,,"[320, 320, 320]",uint8,"[0, 1, 2]",0.33689764404296874,0.0390113525390625,0.6240910034179687,3,0.6631023559570313,0.0282761776240997,"{'fraction': 0.0390113525390625, 'border_touch_fraction': 0.0, 'thickness': {'median': 2.0, 'p95': 4.0, 'max': 6.0, 'mean': 2.6608901023864746, 'saturated': 0.00021668997844052055}, 'components': {'n_components': 6, 'n_components_ge_min_size': 6, 'largest_component_fraction': 0.23984920880778268, 'fragment_fraction': 0.0, 'median_planarity': 0.011690401329659754, 'worst_planarity': 0.014579708408499035}}","{'fraction': 0.6240910034179687, 'border_touch_fraction': 0.03004369538626833, 'skipped': 'fraction 0.62 exceeds sheet_fraction_max'}",1,0.0390113525390625,2.0,4.0,6,0.0,0.014579708408499035
sample_00568,True,True,"[320, 320, 320]",,uint8,LZW,444329,,"[320, 320, 320]",,uint8,LZW,36678641,,"[320, 320, 320]",uint8,"[0, 1, 2]",0.07715097045898438,0.0157149658203125,0.9071340637207032,3,0.9228490295410157,0.020317516083129462,"{'fraction': 0.0157149658203125, 'border_touch_fraction': 0.0, 'thickness': {'median': 2.0, 'p95': 4.0, 'max': 6.0, 'mean': 2.6892600059509277, 'saturated': 0.000425285659911292}, 'components': {'n_components': 2, 'n_components_ge_min_size': 2, 'largest_component_fraction': 0.5445035226857857, 'fragment_fraction': 0.0, 'median_planarity': 0.002909675737141953, 'worst_planarity': 0.0032168447745674835}}","{'fraction': 0.9071340637207032, 'border_touch_fraction': 0.020669491699049376, 'skipped': 'fraction 0.91 exceeds sheet_fraction_max'}",1,0.0157149658203125,2.0,4.0,2,0.0,0.0032168447745674835
sample_00569,True,True,"[320, 320, 320]",,uint8,NONE,32821210,,"[320, 320, 320]",,uint8,LZW,37578681,,"[320, 320, 320]",uint8,"[0, 1, 2]",0.14213214111328126,0.023663604736328125,0.8342042541503907,3,0.8578678588867188,0.021856512988296876,"{'fraction': 0.023663604736328125, 'border_touch_fraction': 0.0, 'thickness': {'median': 2.0, 'p95': 4.0, 'max': 6.0, 'mean': 2.8056399822235107, 'saturated': 0.0005364910647155243}, 'components': {'n_components': 4, 'n_components_ge_min_size': 4, 'largest_component_fraction': 0.32273548540189756, 'fragment_fraction': 0.0, 'median_planarity': 0.002507338038025478, 'worst_planarity': 0.0033399817408775742}}","{'fraction': 0.8342042541503907, 'border_touch_fraction': 0.022476509687781747, 'skipped': 'fraction 0.83 exceeds sheet_fraction_max'}",1,0.023663604736328125,2.0,4.0,4,0.0,0.0033399817408775742
sample_00570,True,True,"[320, 320, 320]",,uint8,NONE,32821210,,"[320, 320, 320]",,uint8,LZW,36786660,,"[320, 320, 320]",uint8,"[0, 1, 2]",0.3608838500976562,0.06150723266601563,0.5776089172363281,3,0.6391161499023438,0.029337390399014295,"{'fraction': 0.06150723266601563, 'border_touch_fraction': 0.0, 'thickness': {'median': 2.0, 'p95': 4.0, 'max': 6.0, 'mean': 2.7454299926757812, 'saturated': 0.0003537638137823008}, 'components': {'n_components': 7, 'n_components_ge_min_size': 7, 'largest_component_fraction': 0.17632570880524584, 'fragment_fraction': 0.0, 'median_planarity': 0.0035821947299532362, 'worst_planarity': 0.012578064995008171}}","{'fraction': 0.5776089172363281, 'border_touch_fraction': 0.03246141020417878, 'skipped': 'fraction 0.58 exceeds sheet_fraction_max'}",1,0.06150723266601563,2.0,4.0,7,0.0,0.012578064995008171
sample_00571,True,True,"[320, 320, 320]",,uint8,NONE,32821210,,"[320, 320, 320]",,uint8,LZW,35129003,,"[320, 320, 320]",uint8,"[0, 1, 2]",0.2213765869140625,0.03201931762695313,0.7466040954589844,3,0.7786234130859375,0.02408096094322114,"{'fraction': 0.03201931762695313, 'border_touch_fraction': 0.0, 'thickness': {'median': 2.0, 'p95': 4.0, 'max': 6.0, 'mean': 2.6661200523376465, 'saturated': 0.00016965161373949327}, 'components': {'n_components': 5, 'n_components_ge_min_size': 5, 'largest_component_fraction': 0.2881351570564111, 'fragment_fraction': 0.0, 'median_planarity': 0.0029946000777142344, 'worst_planarity': 0.005564335187845021}}","{'fraction': 0.7466040954589844, 'border_touch_fraction': 0.025113711690093528, 'skipped': 'fraction 0.75 exceeds sheet_fraction_max'}",1,0.03201931762695313,2.0,4.0,5,0.0,0.005564335187845021
sample_00572,True,True,"[320, 320, 320]",,uint8,NONE,32821210,,"[320, 320, 320]",,uint8,LZW,36239485,,"[320, 320, 320]",uint8,"[0, 1, 2]",0.47386639404296876,0.048395904541015625,0.4777377014160156,3,0.5261336059570313,0.035637335816810174,"{'fraction': 0.048395904541015625, 'border_touch_fraction': 0.0, 'thickness': {'median': 2.0, 'p95': 4.0, 'max': 6.0, 'mean': 2.7631499767303467, 'saturated': 5.044654652401224e-06}, 'components': {'n_components': 6, 'n_components_ge_min_size': 6, 'largest_component_fraction': 0.2271015243054614, 'fragment_fraction': 0.0, 'median_planarity': 0.006541404839171151, 'worst_planarity': 0.00957775876916642}}","{'fraction': 0.4777377014160156, 'border_touch_fraction': 0.039247478154696515, 'skipped': 'fraction 0.48 exceeds sheet_fraction_max'}",1,0.048395904541015625,2.0,4.0,6,0.0,0.00957775876916642
sample_00573,True,True,"[320, 320, 320]",,uint8,LZW,928185,,"[320, 320, 320]",,uint8,LZW,37890550,,"[320, 320, 320]",uint8,"[0, 1, 2]",0.2009773864746094,0.034194122314453124,0.7648284912109375,3,0.7990226135253906,0.02346616939572284,"{'fraction': 0.034194122314453124, 'border_touch_fraction': 0.0, 'thickness': {'median': 2.0, 'p95': 4.0, 'max': 6.0, 'mean': 2.7075700759887695, 'saturated': 0.0005024663691137582}, 'components': {'n_components': 7, 'n_components_ge_min_size': 7, 'largest_component_fraction': 0.27934006441922293, 'fragment_fraction': 0.0, 'median_planarity': 0.00237778344005472, 'worst_planarity': 0.005028614536683402}}","{'fraction': 0.7648284912109375, 'border_touch_fraction': 0.02451530011691053, 'skipped': 'fraction 0.76 exceeds sheet_fraction_max'}",1,0.034194122314453124,2.0,4.0,7,0.0,0.005028614536683402
sample_00574,True,True,"[320, 320, 320]",,uint8,NONE,32821210,,"[320, 320, 320]",,uint8,LZW,37582407,,"[320, 320, 320]",uint8,"[0, 1, 2]",0.5988360595703125,0.07370648193359375,0.32745745849609376,3,0.4011639404296875,0.0467389964808822,"{'fraction': 0.07370648193359375, 'border_touch_fraction': 0.0, 'thickness': {'median': 2.0, 'p95': 4.0, 'max': 6.0, 'mean': 2.730950117111206, 'saturated': 2.484251913080994e-06}, 'components': {'n_components': 9, 'n_components_ge_min_size': 9, 'largest_component_fraction': 0.13637549302049426, 'fragment_fraction': 0.0, 'median_planarity': 0.0033443137254361797, 'worst_planarity': 0.009669337922367939}}","{'fraction': 0.32745745849609376, 'border_touch_fraction': 0.05725934625557985, 'skipped': 'fraction 0.33 exceeds sheet_fraction_max'}",1,0.07370648193359375,2.0,4.0,9,0.0,0.009669337922367939
sample_00575,True,True,"[320, 320, 320]",,uint8,NONE,32821210,,"[320, 320, 320]",,uint8,LZW,36807204,,"[320, 320, 320]",uint8,"[0, 1, 2]",0.24587716674804688,0.044969482421875,0.7091533508300781,3,0.7541228332519532,0.02486332355054897,"{'fraction': 0.044969482421875, 'border_touch_fraction': 0.0, 'thickness': {'median': 2.0, 'p95': 4.0, 'max': 6.0, 'mean': 2.6975300312042236, 'saturated': 0.00034270745677135645}, 'components': {'n_components': 5, 'n_components_ge_min_size': 5, 'largest_component_fraction': 0.2141758733950433, 'fragment_fraction': 0.0, 'median_planarity': 0.002632175157337543, 'worst_planarity': 0.004425178417639244}}","{'fraction': 0.7091533508300781, 'border_touch_fraction': 0.02643997941778425, 'skipped': 'fraction 0.71 exceeds sheet_fraction_max'}",1,0.044969482421875,2.0,4.0,5,0.0,0.004425178417639244
sample_00576,True,True,"[320, 320, 320]",,uint8,LZW,632985,,"[320, 320, 320]",,uint8,LZW,37347220,,"[320, 320, 320]",uint8,"[0, 1, 2]",0.16516107177734374,0.022295745849609375,0.8125431823730469,3,0.8348389282226563,0.022459422250371234,"{'fraction': 0.022295745849609375, 'border_touch_fraction': 0.0, 'thickness': {'median': 2.0, 'p95': 4.0, 'max': 6.0, 'mean': 2.780479907989502, 'saturated': 0.00043252891168334503}, 'components': {'n_components': 7, 'n_components_ge_min_size': 7, 'largest_component_fraction': 0.3207598821221839, 'fragment_fraction': 0.0, 'median_planarity': 0.005436565630068875, 'worst_planarity': 0.016707333274313674}}","{'fraction': 0.8125431823730469, 'border_touch_fraction': 0.023075696660502756, 'skipped': 'fraction 0.81 exceeds sheet_fraction_max'}",1,0.022295745849609375,2.0,4.0,7,0.0,0.016707333274313674
sample_00577,True,True,"[320, 320, 320]",,uint8,LZW,1414681,,"[320, 320, 320]",,uint8,LZW,37537442,,"[320, 320, 320]",uint8,"[0, 1, 2]",0.7052476196289063,0.07868038940429688,0.21607199096679688,3,0.29475238037109375,0.06361271782230805,"{'fraction': 0.07868038940429688, 'border_touch_fraction': 0.0, 'thickness': {'median': 2.0, 'p95': 4.0, 'max': 6.0, 'mean': 2.68284010887146, 'saturated': 0.0003851525813174235}, 'components': {'n_components': 9, 'n_components_ge_min_size': 9, 'largest_component_fraction': 0.12037472669875367, 'fragment_fraction': 0.0, 'median_planarity': 0.007595348876537108, 'worst_planarity': 0.015397470939535213}}","{'fraction': 0.21607199096679688, 'border_touch_fraction': 0.0867766336400411, 'thickness': {'median': 8.0, 'p95': 8.0, 'max': 8.0, 'mean': 7.099370002746582, 'saturated': 0.7739159382433974}, 'components': {'n_components': 1, 'n_components_ge_min_size': 1, 'largest_component_fraction': 1.0, 'fragment_fraction': 0.0, 'median_planarity': 0.2199590621510381, 'worst_planarity': 0.2199590621510381}}",1,0.07868038940429688,2.0,4.0,9,0.0,0.015397470939535213
sample_00578,True,True,"[320, 320, 320]",,uint8,LZW,693417,,"[320, 320, 320]",,uint8,LZW,37859768,,"[320, 320, 320]",uint8,"[0, 1, 2]",0.17725601196289062,0.02411669921875,0.7986272888183594,3,0.8227439880371094,0.0227895922335859,"{'fraction': 0.02411669921875, 'border_touch_fraction': 0.0, 'thickness': {'median': 2.0, 'p95': 4.0, 'max': 6.0, 'mean': 2.7707200050354004, 'saturated': 0.00047959142353870137}, 'components': {'n_components': 7, 'n_components_ge_min_size': 7, 'largest_component_fraction': 0.29641280800145775, 'fragment_fraction': 0.0, 'median_planarity': 0.0035240537685073477, 'worst_planarity': 0.010959512126666576}}","{'fraction': 0.7986272888183594, 'border_touch_fraction': 0.02347778527295543, 'skipped': 'fraction 0.80 exceeds sheet_fraction_max'}",1,0.02411669921875,2.0,4.0,7,0.0,0.010959512126666576
sample_00579,True,True,"[320, 320, 320]",,uint8,NONE,32821210,,"[320, 320, 320]",,uint8,LZW,36579246,,"[320, 320, 320]",uint8,"[0, 1, 2]",0.10496347045898438,0.0184456787109375,0.8765908508300781,3,0.8950365295410156,0.02094886563972445,"{'fraction': 0.0184456787109375, 'border_touch_fraction': 0.0, 'thickness': {'median': 2.0, 'p95': 4.0, 'max': 6.0, 'mean': 2.679270029067993, 'saturated': 0.00019853481307947348}, 'components': {'n_components': 2, 'n_components_ge_min_size': 2, 'largest_component_fraction': 0.5002415506892467, 'fragment_fraction': 0.0, 'median_planarity': 0.004672502839494979, 'worst_planarity': 0.00534428989031506}}","{'fraction': 0.8765908508300781, 'border_touch_fraction': 0.021389682520921695, 'skipped': 'fraction 0.88 exceeds sheet_fraction_max'}",1,0.0184456787109375,2.0,4.0,2,0.0,0.00534428989031506
sample_00580,True,True,"[320, 320, 320]",,uint8,LZW,844393,,"[320, 320, 320]",,uint8,LZW,36210703,,"[320, 320, 320]",uint8,"[0, 1, 2]",0.2706817626953125,0.030123016357421876,0.6991952209472656,3,0.7293182373046875,0.02570894164020035,"{'fraction': 0.030123016357421876, 'border_touch_fraction': 0.0, 'thickness': {'median': 2.0, 'p95': 4.0, 'max': 8.0, 'mean': 2.735830068588257, 'saturated': 2.6340557062257934e-05}, 'components': {'n_components': 3, 'n_components_ge_min_size': 3, 'largest_component_fraction': 0.3381134690412341, 'fragment_fraction': 0.0, 'median_planarity': 0.0034050564961742146, 'worst_planarity': 0.013379752817209701}}","{'fraction': 0.6991952209472656, 'border_touch_fraction': 0.026816544847943338, 'skipped': 'fraction 0.70 exceeds sheet_fraction_max'}",1,0.030123016357421876,2.0,4.0,3,0.0,0.013379752817209701
sample_00581,True,True,"[320, 320, 320]",,uint8,NONE,32821210,,"[320, 320, 320]",,uint8,LZW,36502325,,"[320, 320, 320]",uint8,"[0, 1, 2]",0.29506304931640626,0.04737716674804687,0.6575597839355469,3,0.7049369506835937,0.026598123395032265,"{'fraction': 0.04737716674804687, 'border_touch_fraction': 0.0, 'thickness': {'median': 2.0, 'p95': 4.0, 'max': 6.0, 'mean': 2.7648799419403076, 'saturated': 7.0855515940880736e-06}, 'components': {'n_components': 5, 'n_components_ge_min_size': 5, 'largest_component_fraction': 0.2134425796560931, 'fragment_fraction': 0.0, 'median_planarity': 0.0046339808214385155, 'worst_planarity': 0.010158567792747744}}","{'fraction': 0.6575597839355469, 'border_touch_fraction': 0.02851451755120999, 'skipped': 'fraction 0.66 exceeds sheet_fraction_max'}",1,0.04737716674804687,2.0,4.0,5,0.0,0.010158567792747744
sample_00582,True,True,"[320, 320, 320]",,uint8,NONE,32821210,,"[320, 320, 320]",,uint8,LZW,34313950,,"[320, 320, 320]",uint8,"[0, 1, 2]",0.5774993896484375,0.06758343505859375,0.35491717529296873,3,0.4225006103515625,0.04437863411463036,"{'fraction': 0.06758343505859375, 'border_touch_fraction': 0.0, 'thickness': {'median': 2.0, 'p95': 4.0, 'max': 8.0, 'mean': 2.6725099086761475, 'saturated': 1.4449731641390173e-05}, 'components': {'n_components': 10, 'n_components_ge_min_size': 10, 'largest_component_fraction': 0.14897853943918785, 'fragment_fraction': 0.0, 'median_planarity': 0.004336424549164447, 'worst_planarity': 0.017588386051754026}}","{'fraction': 0.35491717529296873, 'border_touch_fraction': 0.05282922694435029, 'skipped': 'fraction 0.35 exceeds sheet_fraction_max'}",1,0.06758343505859375,2.0,4.0,10,0.0,0.017588386051754026
sample_00583,True,True,"[320, 320, 320]",,uint8,LZW,894137,,"[320, 320, 320]",,uint8,LZW,36097046,,"[320, 320, 320]",uint8,"[0, 1, 2]",0.3263453369140625,0.045066253662109375,0.6285884094238281,3,0.6736546630859375,0.027833252002009937,"{'fraction': 0.045066253662109375, 'border_touch_fraction': 0.0, 'thickness': {'median': 2.0, 'p95': 4.0, 'max': 6.0, 'mean': 2.7472000122070312, 'saturated': 0.0004056256691299905}, 'components': {'n_components': 5, 'n_components_ge_min_size': 5, 'largest_component_fraction': 0.21923017800804614, 'fragment_fraction': 0.0, 'median_planarity': 0.004849794003475266, 'worst_planarity': 0.005359390067075718}}","{'fraction': 0.6285884094238281, 'border_touch_fraction': 0.029828739631369405, 'skipped': 'fraction 0.63 exceeds sheet_fraction_max'}",1,0.045066253662109375,2.0,4.0,5,0.0,0.005359390067075718
sample_00584,True,True,"[320, 320, 320]",,uint8,LZW,422745,,"[320, 320, 320]",,uint8,LZW,35423458,,"[320, 320, 320]",uint8,"[0, 1, 2]",0.06417202758789063,0.01033917236328125,0.9254888000488282,3,0.9358279724121094,0.020035733652705015,"{'fraction': 0.01033917236328125, 'border_touch_fraction': 0.0, 'thickness': {'median': 2.0, 'p95': 4.0, 'max': 6.0, 'mean': 2.7228100299835205, 'saturated': 0.0004663600890216474}, 'components': {'n_components': 5, 'n_components_ge_min_size': 5, 'largest_component_fraction': 0.46919366930937384, 'fragment_fraction': 0.0, 'median_planarity': 0.0075490041787948225, 'worst_planarity': 0.013881580643759838}}","{'fraction': 0.9254888000488282, 'border_touch_fraction': 0.020259564458274117, 'skipped': 'fraction 0.93 exceeds sheet_fraction_max'}",1,0.01033917236328125,2.0,4.0,5,0.0,0.013881580643759838
sample_00585,True,True,"[320, 320, 320]",,uint8,NONE,32821210,,"[320, 320, 320]",,uint8,LZW,35811972,,"[320, 320, 320]",uint8,"[0, 1, 2]",0.15355804443359375,0.028700592041015625,0.8177413635253906,3,0.8464419555664062,0.022151548463182246,"{'fraction': 0.028700592041015625, 'border_touch_fraction': 0.0, 'thickness': {'median': 2.0, 'p95': 4.0, 'max': 8.0, 'mean': 2.7185699939727783, 'saturated': 1.4886316391641972e-05}, 'components': {'n_components': 3, 'n_components_ge_min_size': 3, 'largest_component_fraction': 0.33477092617344045, 'fragment_fraction': 0.0, 'median_planarity': 0.005904604710937996, 'worst_planarity': 0.0060280937656054835}}","{'fraction': 0.8177413635253906, 'border_touch_fraction': 0.022929010120224667, 'skipped': 'fraction 0.82 exceeds sheet_fraction_max'}",1,0.028700592041015625,2.0,4.0,3,0.0,0.0060280937656054835
sample_00586,True,True,"[320, 320, 320]",,uint8,LZW,495497,,"[320, 320, 320]",,uint8,LZW,35847894,,"[320, 320, 320]",uint8,"[0, 1, 2]",0.14532882690429688,0.03630743408203125,0.8183637390136719,3,0.8546711730957032,0.02193826186050672,"{'fraction': 0.03630743408203125, 'border_touch_fraction': 0.0, 'thickness': {'median': 2.0, 'p95': 4.0, 'max': 6.0, 'mean': 2.6622700691223145, 'saturated': 5.211301463703285e-05}, 'components': {'n_components': 4, 'n_components_ge_min_size': 4, 'largest_component_fraction': 0.25016936729757033, 'fragment_fraction': 0.0, 'median_planarity': 0.0014507659657304263, 'worst_planarity': 0.0024886768576659344}}","{'fraction': 0.8183637390136719, 'border_touch_fraction': 0.02291157233163621, 'skipped': 'fraction 0.82 exceeds sheet_fraction_max'}",1,0.03630743408203125,2.0,4.0,4,0.0,0.0024886768576659344
sample_00587,True,True,"[320, 320, 320]",,uint8,LZW,560393,,"[320, 320, 320]",,uint8,LZW,36158465,,"[320, 320, 320]",uint8,"[0, 1, 2]",0.22826361083984376,0.034348876953125,0.7373875122070312,3,0.7717363891601563,0.024295860948587284,"{'fraction': 0.034348876953125, 'border_touch_fraction': 0.0, 'thickness': {'median': 2.0, 'p95': 4.0, 'max': 6.0, 'mean': 2.6573400497436523, 'saturated': 5.330755616839502e-05}, 'components': {'n_components': 5, 'n_components_ge_min_size': 5, 'largest_component_fraction': 0.2676927778922903, 'fragment_fraction': 0.0, 'median_planarity': 0.0020813262745908883, 'worst_planarity': 0.006179189313144767}}","{'fraction': 0.7373875122070312, 'border_touch_fraction': 0.025427607180219903, 'skipped': 'fraction 0.74 exceeds sheet_fraction_max'}",1,0.034348876953125,2.0,4.0,5,0.0,0.006179189313144767
sample_00588,True,True,"[320, 320, 320]",,uint8,LZW,618473,,"[320, 320, 320]",,uint8,LZW,36694005,,"[320, 320, 320]",uint8,"[0, 1, 2]",0.16160040283203125,0.03623223876953125,0.8021673583984374,3,0.8383995971679687,0.022364037462965933,"{'fraction': 0.03623223876953125, 'border_touch_fraction': 0.0, 'thickness': {'median': 2.0, 'p95': 4.0, 'max': 6.0, 'mean': 2.677720069885254, 'saturated': 0.0002392066425326256}, 'components': {'n_components': 4, 'n_components_ge_min_size': 4, 'largest_component_fraction': 0.2556293577301648, 'fragment_fraction': 0.0, 'median_planarity': 0.0019295843873774312, 'worst_planarity': 0.002995299191238251}}","{'fraction': 0.8021673583984374, 'border_touch_fraction': 0.02337417473260842, 'skipped': 'fraction 0.80 exceeds sheet_fraction_max'}",1,0.03623223876953125,2.0,4.0,4,0.0,0.002995299191238251
sample_00589,True,True,"[320, 320, 320]",,uint8,NONE,32821210,,"[320, 320, 320]",,uint8,LZW,35852399,,"[320, 320, 320]",uint8,"[0, 1, 2]",0.5937891235351562,0.08066482543945312,0.32554605102539064,3,0.4062108764648438,0.046158291385934254,"{'fraction': 0.08066482543945312, 'border_touch_fraction': 0.0, 'thickness': {'median': 2.0, 'p95': 4.0, 'max': 8.0, 'mean': 2.669189929962158, 'saturated': 1.740298309829848e-05}, 'components': {'n_components': 12, 'n_components_ge_min_size': 12, 'largest_component_fraction': 0.11348825771548014, 'fragment_fraction': 0.0, 'median_planarity': 0.002770740289008814, 'worst_planarity': 0.012857700749899503}}","{'fraction': 0.32554605102539064, 'border_touch_fraction': 0.05759553814565428, 'skipped': 'fraction 0.33 exceeds sheet_fraction_max'}",1,0.08066482543945312,2.0,4.0,12,0.0,0.012857700749899503
sample_00590,True,True,"[320, 320, 320]",,uint8,NONE,32821210,,"[320, 320, 320]",,uint8,LZW,36659244,,"[320, 320, 320]",uint8,"[0, 1, 2]",0.27224490356445313,0.05470196533203125,0.6730531311035156,3,0.7277550964355469,0.02576416172395789,"{'fraction': 0.05470196533203125, 'border_touch_fraction': 0.0, 'thickness': {'median': 2.0, 'p95': 4.0, 'max': 6.0, 'mean': 2.6921699047088623, 'saturated': 0.0007140968292985003}, 'components': {'n_components': 6, 'n_components_ge_min_size': 6, 'largest_component_fraction': 0.17169677217075394, 'fragment_fraction': 0.0, 'median_planarity': 0.0022506329437320745, 'worst_planarity': 0.003855309683522137}}","{'fraction': 0.6730531311035156, 'border_touch_fraction': 0.02785812758831999, 'skipped': 'fraction 0.67 exceeds sheet_fraction_max'}",1,0.05470196533203125,2.0,4.0,6,0.0,0.003855309683522137
sample_00591,True,True,"[320, 320, 320]",,uint8,NONE,32821210,,"[320, 320, 320]",,uint8,LZW,37352987,,"[320, 320, 320]",uint8,"[0, 1, 2]",0.20063479614257812,0.04414349365234375,0.7552217102050781,3,0.7993652038574218,0.023456112312019436,"{'fraction': 0.04414349365234375, 'border_touch_fraction': 0.0, 'thickness': {'median': 2.0, 'p95': 4.0, 'max': 6.0, 'mean': 2.6972599029541016, 'saturated': 2.0739802584732463e-06}, 'components': {'n_components': 8, 'n_components_ge_min_size': 8, 'largest_component_fraction': 0.21588198775798587, 'fragment_fraction': 0.0, 'median_planarity': 0.0010628643863294048, 'worst_planarity': 0.002781820758474645}}","{'fraction': 0.7552217102050781, 'border_touch_fraction': 0.024827146448039072, 'skipped': 'fraction 0.76 exceeds sheet_fraction_max'}",1,0.04414349365234375,2.0,4.0,8,0.0,0.002781820758474645
sample_00592,True,True,"[320, 320, 320]",,uint8,NONE,32821210,,"[320, 320, 320]",,uint8,LZW,36919649,,"[320, 320, 320]",uint8,"[0, 1, 2]",0.33438824462890626,0.0467664794921875,0.6188452758789063,3,0.6656117553710937,0.02816957460366133,"{'fraction': 0.0467664794921875, 'border_touch_fraction': 0.0, 'thickness': {'median': 2.0, 'p95': 4.0, 'max': 6.0, 'mean': 2.7739100456237793, 'saturated': 0.00041893863658313125}, 'components': {'n_components': 5, 'n_components_ge_min_size': 5, 'largest_component_fraction': 0.2332437596414616, 'fragment_fraction': 0.0, 'median_planarity': 0.003859100682368814, 'worst_planarity': 0.005359013651672771}}","{'fraction': 0.6188452758789063, 'border_touch_fraction': 0.030298364923882756, 'skipped': 'fraction 0.62 exceeds sheet_fraction_max'}",1,0.0467664794921875,2.0,4.0,5,0.0,0.005359013651672771
sample_00593,True,True,"[320, 320, 320]",,uint8,NONE,32821210,,"[320, 320, 320]",,uint8,LZW,36142685,,"[320, 320, 320]",uint8,"[0, 1, 2]",0.33980197143554686,0.05148785400390625,0.6087101745605469,3,0.6601980285644531,0.028400569509076466,"{'fraction': 0.05148785400390625, 'border_touch_fraction': 0.0, 'thickness': {'median': 2.0, 'p95': 4.0, 'max': 6.0, 'mean': 2.696269989013672, 'saturated': 0.0003254000523959283}, 'components': {'n_components': 7, 'n_components_ge_min_size': 7, 'largest_component_fraction': 0.18552485428123336, 'fragment_fraction': 0.0, 'median_planarity': 0.010658790873794842, 'worst_planarity': 0.011503107236621388}}","{'fraction': 0.6087101745605469, 'border_touch_fraction': 0.030802836528133284, 'skipped': 'fraction 0.61 exceeds sheet_fraction_max'}",1,0.05148785400390625,2.0,4.0,7,0.0,0.011503107236621388
sample_00594,True,True,"[320, 320, 320]",,uint8,LZW,887225,,"[320, 320, 320]",,uint8,LZW,36636113,,"[320, 320, 320]",uint8,"[0, 1, 2]",0.2613992919921875,0.03650180053710937,0.7020989074707031,3,0.7386007080078125,0.025385840815903567,"{'fraction': 0.03650180053710937, 'border_touch_fraction': 0.0, 'thickness': {'median': 2.0, 'p95': 4.0, 'max': 6.0, 'mean': 2.677299976348877, 'saturated': 0.0002157026513868928}, 'components': {'n_components': 7, 'n_components_ge_min_size': 7, 'largest_component_fraction': 0.25371731749507354, 'fragment_fraction': 0.0, 'median_planarity': 0.0024549704968533192, 'worst_planarity': 0.004502594123515252}}","{'fraction': 0.7020989074707031, 'border_touch_fraction': 0.026705639049555696, 'skipped': 'fraction 0.70 exceeds sheet_fraction_max'}",1,0.03650180053710937,2.0,4.0,7,0.0,0.004502594123515252
sample_00595,True,True,"[320, 320, 320]",,uint8,NONE,32821210,,"[320, 320, 320]",,uint8,LZW,36757806,,"[320, 320, 320]",uint8,"[0, 1, 2]",0.4296539306640625,0.04398779296875,0.5263582763671875,3,0.5703460693359375,0.03287477727659438,"{'fraction': 0.04398779296875, 'border_touch_fraction': 0.0, 'thickness': {'median': 2.0, 'p95': 4.0, 'max': 6.0, 'mean': 2.7918200492858887, 'saturated': 0.00021090723411813024}, 'components': {'n_components': 10, 'n_components_ge_min_size': 10, 'largest_component_fraction': 0.2489329759010734, 'fragment_fraction': 0.0, 'median_planarity': 0.004956668733671494, 'worst_planarity': 0.0071971407941813885}}","{'fraction': 0.5263582763671875, 'border_touch_fraction': 0.035622124400529045, 'skipped': 'fraction 0.53 exceeds sheet_fraction_max'}",1,0.04398779296875,2.0,4.0,10,0.0,0.0071971407941813885
sample_00596,True,True,"[320, 320, 320]",,uint8,NONE,32821210,,"[320, 320, 320]",,uint8,LZW,36871851,,"[320, 320, 320]",uint8,"[0, 1, 2]",0.2545069274902344,0.03731167602539062,0.708181396484375,3,0.7454930725097656,0.02515113914724457,"{'fraction': 0.03731167602539062, 'border_touch_fraction': 0.0, 'thickness': {'median': 2.0, 'p95': 4.0, 'max': 6.0, 'mean': 2.810389995574951, 'saturated': 0.0006101605638341639}, 'components': {'n_components': 7, 'n_components_ge_min_size': 7, 'largest_component_fraction': 0.23728130119602922, 'fragment_fraction': 0.0, 'median_planarity': 0.005041533196741796, 'worst_planarity': 0.00914267161307048}}","{'fraction': 0.708181396484375, 'border_touch_fraction': 0.026476267370310246, 'skipped': 'fraction 0.71 exceeds sheet_fraction_max'}",1,0.03731167602539062,2.0,4.0,7,0.0,0.00914267161307048
sample_00597,True,True,"[320, 320, 320]",,uint8,LZW,1364281,,"[320, 320, 320]",,uint8,LZW,37558263,,"[320, 320, 320]",uint8,"[0, 1, 2]",0.69472265625,0.07455029296875,0.23072705078125,3,0.30527734375,0.06141955957057491,"{'fraction': 0.07455029296875, 'border_touch_fraction': 0.0, 'thickness': {'median': 2.0, 'p95': 4.0, 'max': 6.0, 'mean': 2.677609920501709, 'saturated': 0.0004466069335010054}, 'components': {'n_components': 9, 'n_components_ge_min_size': 9, 'largest_component_fraction': 0.1250573097806509, 'fragment_fraction': 0.0, 'median_planarity': 0.0037700891254546197, 'worst_planarity': 0.006603852262402482}}","{'fraction': 0.23072705078125, 'border_touch_fraction': 0.08126485358570586, 'thickness': {'median': 8.0, 'p95': 8.0, 'max': 8.0, 'mean': 7.169000148773193, 'saturated': 0.7926681484099388}, 'components': {'n_components': 1, 'n_components_ge_min_size': 1, 'largest_component_fraction': 1.0, 'fragment_fraction': 0.0, 'median_planarity': 0.271082671380515, 'worst_planarity': 0.271082671380515}}",1,0.07455029296875,2.0,4.0,9,0.0,0.006603852262402482
sample_00598,True,True,"[320, 320, 320]",,uint8,NONE,32821210,,"[320, 320, 320]",,uint8,LZW,36988730,,"[320, 320, 320]",uint8,"[0, 1, 2]",0.3732537841796875,0.043525115966796875,0.5832210998535157,3,0.6267462158203125,0.02991641517206321,"{'fraction': 0.043525115966796875, 'border_touch_fraction': 0.0, 'thickness': {'median': 2.0, 'p95': 4.0, 'max': 6.0, 'mean': 2.700700044631958, 'saturated': 0.0004031604978436172}, 'components': {'n_components': 6, 'n_components_ge_min_size': 6, 'largest_component_fraction': 0.22181049212925535, 'fragment_fraction': 0.0, 'median_planarity': 0.007656084316050989, 'worst_planarity': 0.015160480529172777}}","{'fraction': 0.5832210998535157, 'border_touch_fraction': 0.03214904262673167, 'skipped': 'fraction 0.58 exceeds sheet_fraction_max'}",1,0.043525115966796875,2.0,4.0,6,0.0,0.015160480529172777
sample_00599,True,True,"[320, 320, 320]",,uint8,LZW,1066393,,"[320, 320, 320]",,uint8,LZW,36177806,,"[320, 320, 320]",uint8,"[0, 1, 2]",0.3498792419433594,0.039898681640625,0.6102220764160157,3,0.6501207580566406,0.028840795756234626,"{'fraction': 0.039898681640625, 'border_touch_fraction': 0.0, 'thickness': {'median': 2.0, 'p95': 4.0, 'max': 6.0, 'mean': 2.777250051498413, 'saturated': 0.00037402478201009636}, 'components': {'n_components': 5, 'n_components_ge_min_size': 5, 'largest_component_fraction': 0.2687096527459079, 'fragment_fraction': 0.0, 'median_planarity': 0.011250443049762122, 'worst_planarity': 0.016232520289831204}}","{'fraction': 0.6102220764160157, 'border_touch_fraction': 0.03072651863092755, 'skipped': 'fraction 0.61 exceeds sheet_fraction_max'}",1,0.039898681640625,2.0,4.0,5,0.0,0.016232520289831204
sample_00600,True,True,"[320, 320, 320]",,uint8,LZW,1259225,,"[320, 320, 320]",,uint8,LZW,36352110,,"[320, 320, 320]",uint8,"[0, 1, 2]",0.686031005859375,0.05918743896484375,0.25478155517578127,3,0.313968994140625,0.05971927276233518,"{'fraction': 0.05918743896484375, 'border_touch_fraction': 0.0, 'thickness': {'median': 2.0, 'p95': 4.0, 'max': 6.0, 'mean': 2.7621700763702393, 'saturated': 0.0003165839457909288}, 'components': {'n_components': 8, 'n_components_ge_min_size': 8, 'largest_component_fraction': 0.18327374611617497, 'fragment_fraction': 0.0, 'median_planarity': 0.008014667895343195, 'worst_planarity': 0.01134241608330566}}","{'fraction': 0.25478155517578127, 'border_touch_fraction': 0.07359245447365224, 'skipped': 'fraction 0.25 exceeds sheet_fraction_max'}",1,0.05918743896484375,2.0,4.0,8,0.0,0.01134241608330566
sample_00601,True,True,"[320, 320, 320]",,uint8,NONE,32821210,,"[320, 320, 320]",,uint8,LZW,34540645,,"[320, 320, 320]",uint8,"[0, 1, 2]",0.09964999389648438,0.016010162353515624,0.88433984375,3,0.9003500061035157,0.020825234489801583,"{'fraction': 0.016010162353515624, 'border_touch_fraction': 0.0, 'thickness': {'median': 2.0, 'p95': 4.0, 'max': 6.0, 'mean': 2.6804099082946777, 'saturated': 0.00024398565821802788}, 'components': {'n_components': 2, 'n_components_ge_min_size': 2, 'largest_component_fraction': 0.5799825016535747, 'fragment_fraction': 0.0, 'median_planarity': 0.009207028294472152, 'worst_planarity': 0.01143665600012008}}","{'fraction': 0.88433984375, 'border_touch_fraction': 0.02120225627343843, 'skipped': 'fraction 0.88 exceeds sheet_fraction_max'}",1,0.016010162353515624,2.0,4.0,2,0.0,0.01143665600012008
sample_00602,True,True,"[320, 320, 320]",,uint8,NONE,32821210,,"[320, 320, 320]",,uint8,LZW,37065486,,"[320, 320, 320]",uint8,"[0, 1, 2]",0.5727780456542969,0.0526126708984375,0.37460928344726563,3,0.42722195434570315,0.043888193968673515,"{'fraction': 0.0526126708984375, 'border_touch_fraction': 0.0, 'thickness': {'median': 2.0, 'p95': 4.0, 'max': 6.0, 'mean': 2.764940023422241, 'saturated': 0.00039848910564427623}, 'components': {'n_components': 13, 'n_components_ge_min_size': 13, 'largest_component_fraction': 0.19571789523506797, 'fragment_fraction': 0.0, 'median_planarity': 0.008054181451851092, 'worst_planarity': 0.014500758809716748}}","{'fraction': 0.37460928344726563, 'border_touch_fraction': 0.05005214987588386, 'skipped': 'fraction 0.37 exceeds sheet_fraction_max'}",1,0.0526126708984375,2.0,4.0,13,0.0,0.014500758809716748
sample_00603,True,True,"[320, 320, 320]",,uint8,NONE,32821210,,"[320, 320, 320]",,uint8,LZW,34867321,,"[320, 320, 320]",uint8,"[0, 1, 2]",0.4293475036621094,0.04669024658203125,0.5239622497558594,3,0.5706524963378906,0.03285712429250092,"{'fraction': 0.04669024658203125, 'border_touch_fraction': 0.0, 'thickness': {'median': 2.0, 'p95': 4.0, 'max': 6.0, 'mean': 2.7123498916625977, 'saturated': 0.0006804161715511528}, 'components': {'n_components': 6, 'n_components_ge_min_size': 6, 'largest_component_fraction': 0.21302320474055947, 'fragment_fraction': 0.0, 'median_planarity': 0.010824514051550549, 'worst_planarity': 0.03047154634736261}}","{'fraction': 0.5239622497558594, 'border_touch_fraction': 0.035785020788685784, 'skipped': 'fraction 0.52 exceeds sheet_fraction_max'}",1,0.04669024658203125,2.0,4.0,6,0.0,0.03047154634736261
sample_00604,True,True,"[320, 320, 320]",,uint8,NONE,32821210,,"[320, 320, 320]",,uint8,LZW,35761779,,"[320, 320, 320]",uint8,"[0, 1, 2]",0.0990262451171875,0.019051971435546874,0.8819217834472656,3,0.9009737548828125,0.02081081707251147,"{'fraction': 0.019051971435546874, 'border_touch_fraction': 0.0, 'thickness': {'median': 2.0, 'p95': 4.0, 'max': 6.0, 'mean': 2.718719959259033, 'saturated': 0.0007944961917042424}, 'components': {'n_components': 2, 'n_components_ge_min_size': 2, 'largest_component_fraction': 0.500324365884718, 'fragment_fraction': 0.0, 'median_planarity': 0.004966794084337926, 'worst_planarity': 0.006364565175282974}}","{'fraction': 0.8819217834472656, 'border_touch_fraction': 0.02126038879174726, 'skipped': 'fraction 0.88 exceeds sheet_fraction_max'}",1,0.019051971435546874,2.0,4.0,2,0.0,0.006364565175282974
sample_00605,True,True,"[320, 320, 320]",,uint8,NONE,32821210,,"[320, 320, 320]",,uint8,LZW,34687984,,"[320, 320, 320]",uint8,"[0, 1, 2]",0.29647210693359377,0.03503988647460937,0.6684880065917969,3,0.7035278930664063,0.0266513953246061,"{'fraction': 0.03503988647460937, 'border_touch_fraction': 0.0, 'thickness': {'median': 2.0, 'p95': 4.0, 'max': 8.0, 'mean': 2.6625900268554688, 'saturated': 1.7418765410164023e-06}, 'components': {'n_components': 4, 'n_components_ge_min_size': 4, 'largest_component_fraction': 0.27367406180352155, 'fragment_fraction': 0.0, 'median_planarity': 0.02024730248915703, 'worst_planarity': 0.05118638389245356}}","{'fraction': 0.6684880065917969, 'border_touch_fraction': 0.02804837157153282, 'skipped': 'fraction 0.67 exceeds sheet_fraction_max'}",1,0.03503988647460937,2.0,4.0,4,0.0,0.05118638389245356
sample_00606,True,True,"[320, 320, 320]",,uint8,NONE,32821210,,"[320, 320, 320]",,uint8,LZW,35550375,,"[320, 320, 320]",uint8,"[0, 1, 2]",0.5688101501464844,0.04016009521484375,0.3910297546386719,3,0.4311898498535156,0.04348432600250162,"{'fraction': 0.04016009521484375, 'border_touch_fraction': 0.0, 'thickness': {'median': 2.0, 'p95': 4.0, 'max': 6.0, 'mean': 2.7289700508117676, 'saturated': 0.00033511504096610397}, 'components': {'n_components': 9, 'n_components_ge_min_size': 9, 'largest_component_fraction': 0.2583736965848662, 'fragment_fraction': 0.0, 'median_planarity': 0.015585744060461693, 'worst_planarity': 0.03495153352249797}}","{'fraction': 0.3910297546386719, 'border_touch_fraction': 0.04795031523195926, 'skipped': 'fraction 0.39 exceeds sheet_fraction_max'}",1,0.04016009521484375,2.0,4.0,9,0.0,0.03495153352249797
sample_00607,True,True,"[320, 320, 320]",,uint8,NONE,32821210,,"[320, 320, 320]",,uint8,LZW,35013963,,"[320, 320, 320]",uint8,"[0, 1, 2]",0.5603606262207032,0.05954019165039062,0.38009918212890625,3,0.43963937377929685,0.042648591364368285,"{'fraction': 0.05954019165039062, 'border_touch_fraction': 0.0, 'thickness': {'median': 2.0, 'p95': 4.0, 'max': 6.0, 'mean': 2.688810110092163, 'saturated': 0.00021476022968580936}, 'components': {'n_components': 7, 'n_components_ge_min_size': 7, 'largest_component_fraction': 0.15829725378559753, 'fragment_fraction': 0.0, 'median_planarity': 0.009423955748851572, 'worst_planarity': 0.015319724333157796}}","{'fraction': 0.38009918212890625, 'border_touch_fraction': 0.04932923005775149, 'skipped': 'fraction 0.38 exceeds sheet_fraction_max'}",1,0.05954019165039062,2.0,4.0,7,0.0,0.015319724333157796
sample_00608,True,True,"[320, 320, 320]",,uint8,LZW,573641,,"[320, 320, 320]",,uint8,LZW,35977544,,"[320, 320, 320]",uint8,"[0, 1, 2]",0.19443695068359376,0.02769451904296875,0.7778685302734375,3,0.8055630493164062,0.023275645544952796,"{'fraction': 0.02769451904296875, 'border_touch_fraction': 0.0, 'thickness': {'median': 2.0, 'p95': 4.0, 'max': 6.0, 'mean': 2.6835598945617676, 'saturated': 0.00025013939486101284}, 'components': {'n_components': 3, 'n_components_ge_min_size': 3, 'largest_component_fraction': 0.3350226007003903, 'fragment_fraction': 0.0, 'median_planarity': 0.011964555652065454, 'worst_planarity': 0.01538895766052158}}","{'fraction': 0.7778685302734375, 'border_touch_fraction': 0.02410433032097207, 'skipped': 'fraction 0.78 exceeds sheet_fraction_max'}",1,0.02769451904296875,2.0,4.0,3,0.0,0.01538895766052158
sample_00609,True,True,"[320, 320, 320]",,uint8,NONE,32821210,,"[320, 320, 320]",,uint8,LZW,36609450,,"[320, 320, 320]",uint8,"[0, 1, 2]",0.19028158569335937,0.0370703125,0.7726481018066407,3,0.8097184143066406,0.0231561980914755,"{'fraction': 0.0370703125, 'border_touch_fraction': 0.0, 'thickness': {'median': 2.0, 'p95': 4.0, 'max': 6.0, 'mean': 2.7039899826049805, 'saturated': 0.0004733601159114858}, 'components': {'n_components': 4, 'n_components_ge_min_size': 4, 'largest_component_fraction': 0.2581640213382508, 'fragment_fraction': 0.0, 'median_planarity': 0.0020172041278985003, 'worst_planarity': 0.0026333009024147257}}","{'fraction': 0.7726481018066407, 'border_touch_fraction': 0.024267192213580677, 'skipped': 'fraction 0.77 exceeds sheet_fraction_max'}",1,0.0370703125,2.0,4.0,4,0.0,0.0026333009024147257
sample_00610,True,True,"[320, 320, 320]",,uint8,NONE,32821210,,"[320, 320, 320]",,uint8,LZW,35736537,,"[320, 320, 320]",uint8,"[0, 1, 2]",0.6564237060546875,0.08327935791015625,0.26029693603515625,3,0.3435762939453125,0.054573031755748735,"{'fraction': 0.08327935791015625, 'border_touch_fraction': 0.0, 'thickness': {'median': 2.0, 'p95': 4.0, 'max': 6.0, 'mean': 2.6963698863983154, 'saturated': 0.0002000807652026569}, 'components': {'n_components': 10, 'n_components_ge_min_size': 10, 'largest_component_fraction': 0.11259636673851496, 'fragment_fraction': 0.0, 'median_planarity': 0.0018017157146743836, 'worst_planarity': 0.005198133112880266}}","{'fraction': 0.26029693603515625, 'border_touch_fraction': 0.07203311835167966, 'skipped': 'fraction 0.26 exceeds sheet_fraction_max'}",1,0.08327935791015625,2.0,4.0,10,0.0,0.005198133112880266
sample_00611,True,True,"[320, 320, 320]",,uint8,NONE,32821210,,"[320, 320, 320]",,uint8,LZW,37333014,,"[320, 320, 320]",uint8,"[0, 1, 2]",0.47741677856445314,0.06699685668945313,0.45558636474609376,3,0.5225832214355469,0.03587945274724543,"{'fraction': 0.06699685668945313, 'border_touch_fraction': 0.0, 'thickness': {'median': 2.0, 'p95': 4.0, 'max': 6.0, 'mean': 2.788520097732544, 'saturated': 9.110152216978318e-07}, 'components': {'n_components': 13, 'n_components_ge_min_size': 13, 'largest_component_fraction': 0.15371286531141007, 'fragment_fraction': 0.0, 'median_planarity': 0.0036498531558563324, 'worst_planarity': 0.03175653397991924}}","{'fraction': 0.45558636474609376, 'border_touch_fraction': 0.041155753224637666, 'skipped': 'fraction 0.46 exceeds sheet_fraction_max'}",1,0.06699685668945313,2.0,4.0,13,0.0,0.03175653397991924
sample_00612,True,True,"[320, 320, 320]",,uint8,NONE,32821210,,"[320, 320, 320]",,uint8,LZW,36737607,,"[320, 320, 320]",uint8,"[0, 1, 2]",0.5447857055664063,0.05408163452148437,0.4011326599121094,3,0.45521429443359374,0.04118939196171317,"{'fraction': 0.05408163452148437, 'border_touch_fraction': 0.0, 'thickness': {'median': 2.0, 'p95': 4.0, 'max': 8.0, 'mean': 2.731060028076172, 'saturated': 3.3857236448217895e-06}, 'components': {'n_components': 8, 'n_components_ge_min_size': 8, 'largest_component_fraction': 0.1877090331671131, 'fragment_fraction': 0.0, 'median_planarity': 0.01674715908972124, 'worst_planarity': 0.032475643363531}}","{'fraction': 0.4011326599121094, 'border_touch_fraction': 0.04674264121028749, 'skipped': 'fraction 0.40 exceeds sheet_fraction_max'}",1,0.05408163452148437,2.0,4.0,8,0.0,0.032475643363531
sample_00613,True,True,"[320, 320, 320]",,uint8,LZW,1253513,,"[320, 320, 320]",,uint8,LZW,36901999,,"[320, 320, 320]",uint8,"[0, 1, 2]",0.6979652099609375,0.0617889404296875,0.240245849609375,3,0.3020347900390625,0.06207894129538866,"{'fraction': 0.0617889404296875, 'border_touch_fraction': 0.0, 'thickness': {'median': 2.0, 'p95': 4.0, 'max': 6.0, 'mean': 2.7891499996185303, 'saturated': 2.4695016545661086e-06}, 'components': {'n_components': 10, 'n_components_ge_min_size': 10, 'largest_component_fraction': 0.17197510742332198, 'fragment_fraction': 0.0, 'median_planarity': 0.0022132869861529536, 'worst_planarity': 0.008208094978735704}}","{'fraction': 0.240245849609375, 'border_touch_fraction': 0.07804505272614011, 'thickness': {'median': 8.0, 'p95': 8.0, 'max': 8.0, 'mean': 7.256269931793213, 'saturated': 0.813761436191564}, 'components': {'n_components': 1, 'n_components_ge_min_size': 1, 'largest_component_fraction': 1.0, 'fragment_fraction': 0.0, 'median_planarity': 0.2518632543995338, 'worst_planarity': 0.2518632543995338}}",1,0.0617889404296875,2.0,4.0,10,0.0,0.008208094978735704
sample_00614,True,True,"[320, 320, 320]",,uint8,NONE,32821210,,"[320, 320, 320]",,uint8,LZW,37271070,,"[320, 320, 320]",uint8,"[0, 1, 2]",0.8656504821777343,0.07914761352539063,0.055201904296875,3,0.13434951782226562,0.1395613494110552,"{'fraction': 0.07914761352539063, 'border_touch_fraction': 0.0, 'thickness': {'median': 2.0, 'p95': 4.0, 'max': 6.0, 'mean': 2.6699700355529785, 'saturated': 0.00015423119796383972}, 'components': {'n_components': 13, 'n_components_ge_min_size': 13, 'largest_component_fraction': 0.11711237554988242, 'fragment_fraction': 0.0, 'median_planarity': 0.005640757390480859, 'worst_planarity': 0.036064443283446455}}","{'fraction': 0.055201904296875, 'border_touch_fraction': 0.3396621953322984, 'thickness': {'median': 4.0, 'p95': 6.0, 'max': 14.0, 'mean': 4.07459020614624, 'saturated': 4.422684835055969e-06}, 'components': {'n_components': 1, 'n_components_ge_min_size': 1, 'largest_component_fraction': 1.0, 'fragment_fraction': 0.0, 'median_planarity': 0.33223717243291884, 'worst_planarity': 0.33223717243291884}}",1,0.07914761352539063,2.0,4.0,13,0.0,0.036064443283446455
sample_00615,True,True,"[320, 320, 320]",,uint8,NONE,32821210,,"[320, 320, 320]",,uint8,LZW,35905321,,"[320, 320, 320]",uint8,"[0, 1, 2]",0.2697632446289063,0.03852713012695313,0.6917096252441406,3,0.7302367553710938,0.02567660400834189,"{'fraction': 0.03852713012695313, 'border_touch_fraction': 0.0, 'thickness': {'median': 2.0, 'p95': 4.0, 'max': 8.0, 'mean': 2.730020046234131, 'saturated': 7.921061865869492e-07}, 'components': {'n_components': 7, 'n_components_ge_min_size': 7, 'largest_component_fraction': 0.26175148935765735, 'fragment_fraction': 0.0, 'median_planarity': 0.010439965297590758, 'worst_planarity': 0.020137241340913832}}","{'fraction': 0.6917096252441406, 'border_touch_fraction': 0.027106750167575216, 'skipped': 'fraction 0.69 exceeds sheet_fraction_max'}",1,0.03852713012695313,2.0,4.0,7,0.0,0.020137241340913832
sample_00616,True,True,"[320, 320, 320]",,uint8,NONE,32821210,,"[320, 320, 320]",,uint8,LZW,36152454,,"[320, 320, 320]",uint8,"[0, 1, 2]",0.6594713745117188,0.06316574096679688,0.2773628845214844,3,0.3405286254882812,0.055061450335091584,"{'fraction': 0.06316574096679688, 'border_touch_fraction': 0.0, 'thickness': {'median': 2.0, 'p95': 4.0, 'max': 6.0, 'mean': 2.706979990005493, 'saturated': 0.0003096895133139918}, 'components': {'n_components': 7, 'n_components_ge_min_size': 7, 'largest_component_fraction': 0.15391423871215543, 'fragment_fraction': 0.0, 'median_planarity': 0.013298222688842811, 'worst_planarity': 0.02618574875307949}}","{'fraction': 0.2773628845214844, 'border_touch_fraction': 0.06760096987146684, 'skipped': 'fraction 0.28 exceeds sheet_fraction_max'}",1,0.06316574096679688,2.0,4.0,7,0.0,0.02618574875307949
sample_00617,True,True,"[320, 320, 320]",,uint8,LZW,1302841,,"[320, 320, 320]",,uint8,LZW,36904585,,"[320, 320, 320]",uint8,"[0, 1, 2]",0.7223870849609375,0.066176513671875,0.2114364013671875,3,0.2776129150390625,0.06754008543644922,"{'fraction': 0.066176513671875, 'border_touch_fraction': 0.0, 'thickness': {'median': 2.0, 'p95': 4.0, 'max': 6.0, 'mean': 2.6703999042510986, 'saturated': 0.00018123360596770445}, 'components': {'n_components': 8, 'n_components_ge_min_size': 8, 'largest_component_fraction': 0.13947332499566514, 'fragment_fraction': 0.0, 'median_planarity': 0.002248620923551014, 'worst_planarity': 0.019772064178197504}}","{'fraction': 0.2114364013671875, 'border_touch_fraction': 0.08867914833377308, 'thickness': {'median': 8.0, 'p95': 8.0, 'max': 8.0, 'mean': 7.083099842071533, 'saturated': 0.7710161210147065}, 'components': {'n_components': 1, 'n_components_ge_min_size': 1, 'largest_component_fraction': 1.0, 'fragment_fraction': 0.0, 'median_planarity': 0.268273425889812, 'worst_planarity': 0.268273425889812}}",1,0.066176513671875,2.0,4.0,8,0.0,0.019772064178197504
sample_00618,True,True,"[320, 320, 320]",,uint8,NONE,32821210,,"[320, 320, 320]",,uint8,LZW,36447465,,"[320, 320, 320]",uint8,"[0, 1, 2]",0.6061745910644531,0.06466647338867187,0.329158935546875,3,0.39382540893554685,0.04760992961494927,"{'fraction': 0.06466647338867187, 'border_touch_fraction': 0.0, 'thickness': {'median': 2.0, 'p95': 4.0, 'max': 6.0, 'mean': 2.6727099418640137, 'saturated': 0.00037753817736837955}, 'components': {'n_components': 8, 'n_components_ge_min_size': 8, 'largest_component_fraction': 0.14364902918417302, 'fragment_fraction': 0.0, 'median_planarity': 0.004206605498512216, 'worst_planarity': 0.014018141407335427}}","{'fraction': 0.329158935546875, 'border_touch_fraction': 0.05696336321190297, 'skipped': 'fraction 0.33 exceeds sheet_fraction_max'}",1,0.06466647338867187,2.0,4.0,8,0.0,0.014018141407335427
sample_00619,True,True,"[320, 320, 320]",,uint8,NONE,32821210,,"[320, 320, 320]",,uint8,LZW,36740494,,"[320, 320, 320]",uint8,"[0, 1, 2]",0.5833106384277343,0.06049649047851562,0.35619287109375,3,0.4166893615722656,0.04499754908369127,"{'fraction': 0.06049649047851562, 'border_touch_fraction': 0.0, 'thickness': {'median': 2.0, 'p95': 4.0, 'max': 6.0, 'mean': 2.7765300273895264, 'saturated': 0.0004948674527038377}, 'components': {'n_components': 7, 'n_components_ge_min_size': 7, 'largest_component_fraction': 0.1760522491246496, 'fragment_fraction': 0.0, 'median_planarity': 0.005419429073202969, 'worst_planarity': 0.00729711992939704}}","{'fraction': 0.35619287109375, 'border_touch_fraction': 0.05264002039800791, 'skipped': 'fraction 0.36 exceeds sheet_fraction_max'}",1,0.06049649047851562,2.0,4.0,7,0.0,0.00729711992939704
sample_00620,True,True,"[320, 320, 320]",,uint8,NONE,32821210,,"[320, 320, 320]",,uint8,LZW,36372893,,"[320, 320, 320]",uint8,"[0, 1, 2]",0.2778447265625,0.0327498779296875,0.6894053955078125,3,0.7221552734375,0.025963945275576175,"{'fraction': 0.0327498779296875, 'border_touch_fraction': 0.0, 'thickness': {'median': 2.0, 'p95': 4.0, 'max': 8.0, 'mean': 2.767699956893921, 'saturated': 1.0250217118235322e-05}, 'components': {'n_components': 5, 'n_components_ge_min_size': 5, 'largest_component_fraction': 0.28933567411018796, 'fragment_fraction': 0.0, 'median_planarity': 0.004617780337624037, 'worst_planarity': 0.009709888932177313}}","{'fraction': 0.6894053955078125, 'border_touch_fraction': 0.027197350241491575, 'skipped': 'fraction 0.69 exceeds sheet_fraction_max'}",1,0.0327498779296875,2.0,4.0,5,0.0,0.009709888932177313
sample_00621,True,True,"[320, 320, 320]",,uint8,NONE,32821210,,"[320, 320, 320]",,uint8,LZW,36463381,,"[320, 320, 320]",uint8,"[0, 1, 2]",0.5468059692382813,0.04171795654296875,0.41147607421875,3,0.45319403076171877,0.041373007425727575,"{'fraction': 0.04171795654296875, 'border_touch_fraction': 0.0, 'thickness': {'median': 2.0, 'p95': 4.0, 'max': 6.0, 'mean': 2.762660026550293, 'saturated': 0.0007922376800822815}, 'components': {'n_components': 8, 'n_components_ge_min_size': 8, 'largest_component_fraction': 0.27730440214950247, 'fragment_fraction': 0.0, 'median_planarity': 0.011597849106664296, 'worst_planarity': 0.033609762776932194}}","{'fraction': 0.41147607421875, 'border_touch_fraction': 0.04556765550852435, 'skipped': 'fraction 0.41 exceeds sheet_fraction_max'}",1,0.04171795654296875,2.0,4.0,8,0.0,0.033609762776932194
sample_00622,True,True,"[320, 320, 320]",,uint8,NONE,32821210,,"[320, 320, 320]",,uint8,LZW,35609338,,"[320, 320, 320]",uint8,"[0, 1, 2]",0.5515750122070312,0.070596435546875,0.37782855224609374,3,0.44842498779296874,0.041813013347633966,"{'fraction': 0.070596435546875, 'border_touch_fraction': 0.0, 'thickness': {'median': 2.0, 'p95': 4.0, 'max': 6.0, 'mean': 2.6624701023101807, 'saturated': 9.250837762784311e-05}, 'components': {'n_components': 10, 'n_components_ge_min_size': 10, 'largest_component_fraction': 0.13018003686502078, 'fragment_fraction': 0.0, 'median_planarity': 0.002342029313347131, 'worst_planarity': 0.008398432677843437}}","{'fraction': 0.37782855224609374, 'border_touch_fraction': 0.04962568310027409, 'skipped': 'fraction 0.38 exceeds sheet_fraction_max'}",1,0.070596435546875,2.0,4.0,10,0.0,0.008398432677843437
sample_00623,True,True,"[320, 320, 320]",,uint8,NONE,32821210,,"[320, 320, 320]",,uint8,LZW,34860591,,"[320, 320, 320]",uint8,"[0, 1, 2]",0.5071788024902344,0.053523956298828126,0.4392972412109375,3,0.4928211975097656,0.038046253072603384,"{'fraction': 0.053523956298828126, 'border_touch_fraction': 0.0, 'thickness': {'median': 2.0, 'p95': 4.0, 'max': 6.0, 'mean': 2.6689200401306152, 'saturated': 0.00010662117496534811}, 'components': {'n_components': 7, 'n_components_ge_min_size': 7, 'largest_component_fraction': 0.1733745829943217, 'fragment_fraction': 0.0, 'median_planarity': 0.00966286806470551, 'worst_planarity': 0.011390658716016341}}","{'fraction': 0.4392972412109375, 'border_touch_fraction': 0.04268180685204168, 'skipped': 'fraction 0.44 exceeds sheet_fraction_max'}",1,0.053523956298828126,2.0,4.0,7,0.0,0.011390658716016341
sample_00624,True,True,"[320, 320, 320]",,uint8,NONE,32821210,,"[320, 320, 320]",,uint8,LZW,35599555,,"[320, 320, 320]",uint8,"[0, 1, 2]",0.3356452331542969,0.02776788330078125,0.6365868835449219,3,0.6643547668457032,0.028222872681448977,"{'fraction': 0.02776788330078125, 'border_touch_fraction': 0.0, 'thickness': {'median': 2.0, 'p95': 4.0, 'max': 6.0, 'mean': 2.6940300464630127, 'saturated': 1.0990242862386774e-06}, 'components': {'n_components': 5, 'n_components_ge_min_size': 5, 'largest_component_fraction': 0.33927429228331085, 'fragment_fraction': 0.0, 'median_planarity': 0.009330962398722803, 'worst_planarity': 0.012887315944603942}}","{'fraction': 0.6365868835449219, 'border_touch_fraction': 0.02945395276696252, 'skipped': 'fraction 0.64 exceeds sheet_fraction_max'}",1,0.02776788330078125,2.0,4.0,5,0.0,0.012887315944603942
sample_00625,True,True,"[320, 320, 320]",,uint8,NONE,32821210,,"[320, 320, 320]",,uint8,LZW,36581286,,"[320, 320, 320]",uint8,"[0, 1, 2]",0.3713600769042969,0.042297637939453125,0.58634228515625,3,0.6286399230957032,0.029826295326053496,"{'fraction': 0.042297637939453125, 'border_touch_fraction': 0.0, 'thickness': {'median': 2.0, 'p95': 4.0, 'max': 6.0, 'mean': 2.7751500606536865, 'saturated': 0.0005367930511273736}, 'components': {'n_components': 7, 'n_components_ge_min_size': 7, 'largest_component_fraction': 0.26461732932470133, 'fragment_fraction': 0.0, 'median_planarity': 0.017023267722370887, 'worst_planarity': 0.027034918434951236}}","{'fraction': 0.58634228515625, 'border_touch_fraction': 0.031977908594812414, 'skipped': 'fraction 0.59 exceeds sheet_fraction_max'}",1,0.042297637939453125,2.0,4.0,7,0.0,0.027034918434951236
sample_00627,True,True,"[320, 320, 320]",,uint8,LZW,551897,,"[320, 320, 320]",,uint8,LZW,35272594,,"[320, 320, 320]",uint8,"[0, 1, 2]",0.22547216796875,0.0485986328125,0.72592919921875,3,0.77452783203125,0.024208297267803658,"{'fraction': 0.0485986328125, 'border_touch_fraction': 0.0, 'thickness': {'median': 2.0, 'p95': 4.0, 'max': 6.0, 'mean': 2.66090989112854, 'saturated': 7.409826183060384e-05}, 'components': {'n_components': 6, 'n_components_ge_min_size': 6, 'largest_component_fraction': 0.18739889982919722, 'fragment_fraction': 0.0, 'median_planarity': 0.0028528048682562993, 'worst_planarity': 0.006984096703223785}}","{'fraction': 0.72592919921875, 'border_touch_fraction': 0.02582896516654638, 'skipped': 'fraction 0.73 exceeds sheet_fraction_max'}",1,0.0485986328125,2.0,4.0,6,0.0,0.006984096703223785
sample_00628,True,True,"[320, 320, 320]",,uint8,NONE,32821210,,"[320, 320, 320]",,uint8,LZW,36541848,,"[320, 320, 320]",uint8,"[0, 1, 2]",0.21329150390625,0.03995089721679688,0.7467575988769531,3,0.78670849609375,0.023833478465148814,"{'fraction': 0.03995089721679688, 'border_touch_fraction': 0.0, 'thickness': {'median': 2.0, 'p95': 4.0, 'max': 6.0, 'mean': 2.6857900619506836, 'saturated': 0.0001680529764091815}, 'components': {'n_components': 5, 'n_components_ge_min_size': 5, 'largest_component_fraction': 0.23481507679639083, 'fragment_fraction': 0.0, 'median_planarity': 0.0029715284059318144, 'worst_planarity': 0.0032014184838334925}}","{'fraction': 0.7467575988769531, 'border_touch_fraction': 0.025108549318009054, 'skipped': 'fraction 0.75 exceeds sheet_fraction_max'}",1,0.03995089721679688,2.0,4.0,5,0.0,0.0032014184838334925
sample_00629,True,True,"[320, 320, 320]",,uint8,LZW,692985,,"[320, 320, 320]",,uint8,LZW,36213507,,"[320, 320, 320]",uint8,"[0, 1, 2]",0.3166400451660156,0.0493497314453125,0.6340102233886719,3,0.6833599548339844,0.02743795545431855,"{'fraction': 0.0493497314453125, 'border_touch_fraction': 0.0, 'thickness': {'median': 2.0, 'p95': 4.0, 'max': 6.0, 'mean': 2.66021990776062, 'saturated': 4.823473247038511e-05}, 'components': {'n_components': 8, 'n_components_ge_min_size': 8, 'largest_component_fraction': 0.1871519987731063, 'fragment_fraction': 0.0, 'median_planarity': 0.003408705997615892, 'worst_planarity': 0.0067227165326009045}}","{'fraction': 0.6340102233886719, 'border_touch_fraction': 0.02957365561044834, 'skipped': 'fraction 0.63 exceeds sheet_fraction_max'}",1,0.0493497314453125,2.0,4.0,8,0.0,0.0067227165326009045
sample_00630,True,True,"[320, 320, 320]",,uint8,NONE,32821210,,"[320, 320, 320]",,uint8,LZW,36207646,,"[320, 320, 320]",uint8,"[0, 1, 2]",0.4435605163574219,0.064265380859375,0.4921741027832031,3,0.5564394836425781,0.03369638667130211,"{'fraction': 0.064265380859375, 'border_touch_fraction': 0.0, 'thickness': {'median': 2.0, 'p95': 4.0, 'max': 6.0, 'mean': 2.6999399662017822, 'saturated': 0.0003110385934787316}, 'components': {'n_components': 7, 'n_components_ge_min_size': 7, 'largest_component_fraction': 0.14723759739544354, 'fragment_fraction': 0.0, 'median_planarity': 0.002546234554483415, 'worst_planarity': 0.005917364887935792}}","{'fraction': 0.4921741027832031, 'border_touch_fraction': 0.038096275066018974, 'skipped': 'fraction 0.49 exceeds sheet_fraction_max'}",1,0.064265380859375,2.0,4.0,7,0.0,0.005917364887935792
sample_00631,True,True,"[320, 320, 320]",,uint8,NONE,32821210,,"[320, 320, 320]",,uint8,LZW,35647001,,"[320, 320, 320]",uint8,"[0, 1, 2]",0.5756321716308593,0.07158956909179688,0.35277825927734374,3,0.4243678283691406,0.044183368169205615,"{'fraction': 0.07158956909179688, 'border_touch_fraction': 0.0, 'thickness': {'median': 2.0, 'p95': 4.0, 'max': 6.0, 'mean': 2.6621899604797363, 'saturated': 0.00010060332152949446}, 'components': {'n_components': 9, 'n_components_ge_min_size': 9, 'largest_component_fraction': 0.12799811752428866, 'fragment_fraction': 0.0, 'median_planarity': 0.0012348223671822308, 'worst_planarity': 0.004859211410231781}}","{'fraction': 0.35277825927734374, 'border_touch_fraction': 0.053149533756441915, 'skipped': 'fraction 0.35 exceeds sheet_fraction_max'}",1,0.07158956909179688,2.0,4.0,9,0.0,0.004859211410231781
sample_00632,True,True,"[320, 320, 320]",,uint8,NONE,32821210,,"[320, 320, 320]",,uint8,LZW,37170108,,"[320, 320, 320]",uint8,"[0, 1, 2]",0.23539990234375,0.0561234130859375,0.7084766845703125,3,0.76460009765625,0.024522623077704146,"{'fraction': 0.0561234130859375, 'border_touch_fraction': 0.0, 'thickness': {'median': 2.0, 'p95': 4.0, 'max': 6.0, 'mean': 2.708940029144287, 'saturated': 0.00029634833599049946}, 'components': {'n_components': 7, 'n_components_ge_min_size': 7, 'largest_component_fraction': 0.17056559575259428, 'fragment_fraction': 0.0, 'median_planarity': 0.0013526022738163375, 'worst_planarity': 0.0019022925154904807}}","{'fraction': 0.7084766845703125, 'border_touch_fraction': 0.026465232248781452, 'skipped': 'fraction 0.71 exceeds sheet_fraction_max'}",1,0.0561234130859375,2.0,4.0,7,0.0,0.0019022925154904807
sample_00633,True,True,"[320, 320, 320]",,uint8,NONE,32821210,,"[320, 320, 320]",,uint8,LZW,36166175,,"[320, 320, 320]",uint8,"[0, 1, 2]",0.4279585266113281,0.05342434692382812,0.5186171264648437,3,0.5720414733886718,0.03277734372811876,"{'fraction': 0.05342434692382812, 'border_touch_fraction': 0.0, 'thickness': {'median': 2.0, 'p95': 4.0, 'max': 6.0, 'mean': 2.694659948348999, 'saturated': 0.0002793313641138598}, 'components': {'n_components': 8, 'n_components_ge_min_size': 8, 'largest_component_fraction': 0.18198238441593753, 'fragment_fraction': 0.0, 'median_planarity': 0.005302367301967183, 'worst_planarity': 0.008808898082735443}}","{'fraction': 0.5186171264648437, 'border_touch_fraction': 0.036153838820961175, 'skipped': 'fraction 0.52 exceeds sheet_fraction_max'}",1,0.05342434692382812,2.0,4.0,8,0.0,0.008808898082735443
sample_00634,True,True,"[320, 320, 320]",,uint8,NONE,32821210,,"[320, 320, 320]",,uint8,LZW,37168202,,"[320, 320, 320]",uint8,"[0, 1, 2]",0.5605700073242188,0.0832200927734375,0.35620989990234375,3,0.43942999267578126,0.04266891271082186,"{'fraction': 0.0832200927734375, 'border_touch_fraction': 0.0, 'thickness': {'median': 2.0, 'p95': 4.0, 'max': 6.0, 'mean': 2.7652900218963623, 'saturated': 0.000510092572084038}, 'components': {'n_components': 10, 'n_components_ge_min_size': 10, 'largest_component_fraction': 0.12345303701269841, 'fragment_fraction': 0.0, 'median_planarity': 0.0036616029264797158, 'worst_planarity': 0.007849988040397373}}","{'fraction': 0.35620989990234375, 'border_touch_fraction': 0.05263750391311522, 'skipped': 'fraction 0.36 exceeds sheet_fraction_max'}",1,0.0832200927734375,2.0,4.0,10,0.0,0.007849988040397373
sample_00635,True,True,"[320, 320, 320]",,uint8,LZW,899113,,"[320, 320, 320]",,uint8,LZW,37044764,,"[320, 320, 320]",uint8,"[0, 1, 2]",0.24489578247070312,0.03552413940429688,0.719580078125,3,0.7551042175292969,0.024831009501377243,"{'fraction': 0.03552413940429688, 'border_touch_fraction': 0.0, 'thickness': {'median': 2.0, 'p95': 4.0, 'max': 8.0, 'mean': 2.708280086517334, 'saturated': 5.154395625636246e-06}, 'components': {'n_components': 8, 'n_components_ge_min_size': 8, 'largest_component_fraction': 0.26114144091129715, 'fragment_fraction': 0.0, 'median_planarity': 0.002930679620540148, 'worst_planarity': 0.005331665313003937}}","{'fraction': 0.719580078125, 'border_touch_fraction': 0.02605686367646061, 'skipped': 'fraction 0.72 exceeds sheet_fraction_max'}",1,0.03552413940429688,2.0,4.0,8,0.0,0.005331665313003937
sample_00636,True,True,"[320, 320, 320]",,uint8,LZW,1204857,,"[320, 320, 320]",,uint8,LZW,37589181,,"[320, 320, 320]",uint8,"[0, 1, 2]",0.538923828125,0.0589720458984375,0.4021041259765625,3,0.461076171875,0.040665731919634344,"{'fraction': 0.0589720458984375, 'border_touch_fraction': 0.0, 'thickness': {'median': 2.0, 'p95': 4.0, 'max': 6.0, 'mean': 2.678070068359375, 'saturated': 0.0002608161060155372}, 'components': {'n_components': 7, 'n_components_ge_min_size': 7, 'largest_component_fraction': 0.15880595902703173, 'fragment_fraction': 0.0, 'median_planarity': 0.0035516070634915202, 'worst_planarity': 0.005937111242937072}}","{'fraction': 0.4021041259765625, 'border_touch_fraction': 0.046629713023867064, 'skipped': 'fraction 0.40 exceeds sheet_fraction_max'}",1,0.0589720458984375,2.0,4.0,7,0.0,0.005937111242937072
sample_00637,True,True,"[320, 320, 320]",,uint8,LZW,1245833,,"[320, 320, 320]",,uint8,LZW,36113118,,"[320, 320, 320]",uint8,"[0, 1, 2]",0.6392443542480468,0.06133416748046875,0.29942147827148435,3,0.3607556457519531,0.05197423857613596,"{'fraction': 0.06133416748046875, 'border_touch_fraction': 0.0, 'thickness': {'median': 2.0, 'p95': 4.0, 'max': 6.0, 'mean': 2.685420036315918, 'saturated': 0.0003885962668885132}, 'components': {'n_components': 8, 'n_components_ge_min_size': 8, 'largest_component_fraction': 0.15454786998494377, 'fragment_fraction': 0.0, 'median_planarity': 0.005277810674487297, 'worst_planarity': 0.01394138833978196}}","{'fraction': 0.29942147827148435, 'border_touch_fraction': 0.0626207582309758, 'skipped': 'fraction 0.30 exceeds sheet_fraction_max'}",1,0.06133416748046875,2.0,4.0,8,0.0,0.01394138833978196
sample_00638,True,True,"[320, 320, 320]",,uint8,LZW,1511561,,"[320, 320, 320]",,uint8,LZW,38246171,,"[320, 320, 320]",uint8,"[0, 1, 2]",0.5279774475097656,0.08606185913085937,0.385960693359375,3,0.4720225524902344,0.03972267829382563,"{'fraction': 0.08606185913085937, 'border_touch_fraction': 0.0, 'thickness': {'median': 2.0, 'p95': 4.0, 'max': 6.0, 'mean': 2.8221800327301025, 'saturated': 3.5460049821369997e-07}, 'components': {'n_components': 12, 'n_components_ge_min_size': 12, 'largest_component_fraction': 0.13072666507096442, 'fragment_fraction': 0.0, 'median_planarity': 0.002133148886200689, 'worst_planarity': 0.01231171004117822}}","{'fraction': 0.385960693359375, 'border_touch_fraction': 0.04858007647566726, 'skipped': 'fraction 0.39 exceeds sheet_fraction_max'}",1,0.08606185913085937,2.0,4.0,12,0.0,0.01231171004117822
sample_00639,True,True,"[320, 320, 320]",,uint8,NONE,32821210,,"[320, 320, 320]",,uint8,LZW,36681534,,"[320, 320, 320]",uint8,"[0, 1, 2]",0.38065875244140623,0.049094573974609375,0.5702466735839844,3,0.6193412475585938,0.030274101836283925,"{'fraction': 0.049094573974609375, 'border_touch_fraction': 0.0, 'thickness': {'median': 2.0, 'p95': 4.0, 'max': 8.0, 'mean': 2.802109956741333, 'saturated': 1.6161807039212896e-05}, 'components': {'n_components': 11, 'n_components_ge_min_size': 11, 'largest_component_fraction': 0.22712809040168927, 'fragment_fraction': 0.0, 'median_planarity': 0.0069284577451258905, 'worst_planarity': 0.03759752677021035}}","{'fraction': 0.5702466735839844, 'border_touch_fraction': 0.032880507451550356, 'skipped': 'fraction 0.57 exceeds sheet_fraction_max'}",1,0.049094573974609375,2.0,4.0,11,0.0,0.03759752677021035
sample_00640,True,True,"[320, 320, 320]",,uint8,NONE,32821210,,"[320, 320, 320]",,uint8,LZW,37216129,,"[320, 320, 320]",uint8,"[0, 1, 2]",0.16194387817382813,0.028290985107421875,0.80976513671875,3,0.8380561218261718,0.022373203311423447,"{'fraction': 0.028290985107421875, 'border_touch_fraction': 0.0, 'thickness': {'median': 2.0, 'p95': 4.0, 'max': 6.0, 'mean': 2.702579975128174, 'saturated': 0.0003850970671136813}, 'components': {'n_components': 3, 'n_components_ge_min_size': 3, 'largest_component_fraction': 0.3364475496715888, 'fragment_fraction': 0.0, 'median_planarity': 0.01486011367132313, 'worst_planarity': 0.018808966082101336}}","{'fraction': 0.80976513671875, 'border_touch_fraction': 0.02315486200847926, 'skipped': 'fraction 0.81 exceeds sheet_fraction_max'}",1,0.028290985107421875,2.0,4.0,3,0.0,0.018808966082101336
sample_00641,True,True,"[320, 320, 320]",,uint8,NONE,32821210,,"[320, 320, 320]",,uint8,LZW,36608033,,"[320, 320, 320]",uint8,"[0, 1, 2]",0.8672191162109375,0.0775789794921875,0.055201904296875,3,0.1327808837890625,0.1412100858568354,"{'fraction': 0.0775789794921875, 'border_touch_fraction': 0.0, 'thickness': {'median': 2.0, 'p95': 4.0, 'max': 8.0, 'mean': 2.704090118408203, 'saturated': 5.90061476538369e-06}, 'components': {'n_components': 14, 'n_components_ge_min_size': 14, 'largest_component_fraction': 0.12426773370761589, 'fragment_fraction': 0.0, 'median_planarity': 0.0066771587579510985, 'worst_planarity': 0.015475782464430658}}","{'fraction': 0.055201904296875, 'border_touch_fraction': 0.3396621953322984, 'thickness': {'median': 4.0, 'p95': 6.0, 'max': 14.0, 'mean': 4.07459020614624, 'saturated': 4.422684835055969e-06}, 'components': {'n_components': 1, 'n_components_ge_min_size': 1, 'largest_component_fraction': 1.0, 'fragment_fraction': 0.0, 'median_planarity': 0.33223717243291884, 'worst_planarity': 0.33223717243291884}}",1,0.0775789794921875,2.0,4.0,14,0.0,0.015475782464430658
sample_00642,True,True,"[320, 320, 320]",,uint8,NONE,32821210,,"[320, 320, 320]",,uint8,LZW,36622012,,"[320, 320, 320]",uint8,"[0, 1, 2]",0.3945394287109375,0.04700692749023438,0.5584536437988281,3,0.6054605712890625,0.030968160255390547,"{'fraction': 0.04700692749023438, 'border_touch_fraction': 0.0, 'thickness': {'median': 2.0, 'p95': 4.0, 'max': 6.0, 'mean': 2.728369951248169, 'saturated': 0.0009907013009609023}, 'components': {'n_components': 8, 'n_components_ge_min_size': 8, 'largest_component_fraction': 0.2126242353064909, 'fragment_fraction': 0.0, 'median_planarity': 0.005882652042874529, 'worst_planarity': 0.009499081398475372}}","{'fraction': 0.5584536437988281, 'border_touch_fraction': 0.033574854794490905, 'skipped': 'fraction 0.56 exceeds sheet_fraction_max'}",1,0.04700692749023438,2.0,4.0,8,0.0,0.009499081398475372
sample_00643,True,True,"[320, 320, 320]",,uint8,LZW,799817,,"[320, 320, 320]",,uint8,LZW,37019835,,"[320, 320, 320]",uint8,"[0, 1, 2]",0.18357666015625,0.026996246337890627,0.7894270935058594,3,0.81642333984375,0.0229660264288726,"{'fraction': 0.026996246337890627, 'border_touch_fraction': 0.0, 'thickness': {'median': 2.0, 'p95': 4.0, 'max': 6.0, 'mean': 2.7710700035095215, 'saturated': 0.000826350053639275}, 'components': {'n_components': 4, 'n_components_ge_min_size': 4, 'largest_component_fraction': 0.3737815293241225, 'fragment_fraction': 0.0, 'median_planarity': 0.006632300976671589, 'worst_planarity': 0.009963773014498967}}","{'fraction': 0.7894270935058594, 'border_touch_fraction': 0.023751401686419104, 'skipped': 'fraction 0.79 exceeds sheet_fraction_max'}",1,0.026996246337890627,2.0,4.0,4,0.0,0.009963773014498967
sample_00644,True,True,"[320, 320, 320]",,uint8,NONE,32821210,,"[320, 320, 320]",,uint8,LZW,37013208,,"[320, 320, 320]",uint8,"[0, 1, 2]",0.31871624755859373,0.03440377807617188,0.6468799743652344,3,0.6812837524414063,0.027521572227150085,"{'fraction': 0.03440377807617188, 'border_touch_fraction': 0.0, 'thickness': {'median': 2.0, 'p95': 4.0, 'max': 6.0, 'mean': 2.675230026245117, 'saturated': 0.0001454748022562787}, 'components': {'n_components': 5, 'n_components_ge_min_size': 5, 'largest_component_fraction': 0.27278122097711166, 'fragment_fraction': 0.0, 'median_planarity': 0.005564838998386951, 'worst_planarity': 0.01635292775367276}}","{'fraction': 0.6468799743652344, 'border_touch_fraction': 0.028985284354178475, 'skipped': 'fraction 0.65 exceeds sheet_fraction_max'}",1,0.03440377807617188,2.0,4.0,5,0.0,0.01635292775367276
sample_00645,True,True,"[320, 320, 320]",,uint8,NONE,32821210,,"[320, 320, 320]",,uint8,LZW,36909664,,"[320, 320, 320]",uint8,"[0, 1, 2]",0.517867919921875,0.05541683959960937,0.4267152404785156,3,0.482132080078125,0.038889758169507696,"{'fraction': 0.05541683959960937, 'border_touch_fraction': 0.0, 'thickness': {'median': 2.0, 'p95': 4.0, 'max': 6.0, 'mean': 2.674220085144043, 'saturated': 0.00030177889849600665}, 'components': {'n_components': 6, 'n_components_ge_min_size': 6, 'largest_component_fraction': 0.1690248191116356, 'fragment_fraction': 0.0, 'median_planarity': 0.009064153523073378, 'worst_planarity': 0.01902519959122205}}","{'fraction': 0.4267152404785156, 'border_touch_fraction': 0.043940310121039675, 'skipped': 'fraction 0.43 exceeds sheet_fraction_max'}",1,0.05541683959960937,2.0,4.0,6,0.0,0.01902519959122205
sample_00646,True,True,"[320, 320, 320]",,uint8,NONE,32821210,,"[320, 320, 320]",,uint8,LZW,35526790,,"[320, 320, 320]",uint8,"[0, 1, 2]",0.17485800170898438,0.019418609619140624,0.805723388671875,3,0.8251419982910156,0.022723361601801714,"{'fraction': 0.019418609619140624, 'border_touch_fraction': 0.0, 'thickness': {'median': 2.0, 'p95': 4.0, 'max': 6.0, 'mean': 2.693429946899414, 'saturated': 0.000576763805006687}, 'components': {'n_components': 2, 'n_components_ge_min_size': 2, 'largest_component_fraction': 0.5278378900817056, 'fragment_fraction': 0.0, 'median_planarity': 0.027008069425171612, 'worst_planarity': 0.04084175269392501}}","{'fraction': 0.805723388671875, 'border_touch_fraction': 0.023271013679901753, 'skipped': 'fraction 0.81 exceeds sheet_fraction_max'}",1,0.019418609619140624,2.0,4.0,2,0.0,0.04084175269392501
sample_00647,True,True,"[320, 320, 320]",,uint8,NONE,32821210,,"[320, 320, 320]",,uint8,LZW,37576131,,"[320, 320, 320]",uint8,"[0, 1, 2]",0.39961114501953127,0.051035614013671876,0.5493532409667968,3,0.6003888549804688,0.03122976025364421,"{'fraction': 0.051035614013671876, 'border_touch_fraction': 0.0, 'thickness': {'median': 2.0, 'p95': 4.0, 'max': 6.0, 'mean': 2.765049934387207, 'saturated': 0.0003725330152152529}, 'components': {'n_components': 12, 'n_components_ge_min_size': 12, 'largest_component_fraction': 0.19468407944580482, 'fragment_fraction': 0.0, 'median_planarity': 0.009543904993117715, 'worst_planarity': 0.018946747414204695}}","{'fraction': 0.5493532409667968, 'border_touch_fraction': 0.034131044657172156, 'skipped': 'fraction 0.55 exceeds sheet_fraction_max'}",1,0.051035614013671876,2.0,4.0,12,0.0,0.018946747414204695
sample_00648,True,True,"[320, 320, 320]",,uint8,NONE,32821210,,"[320, 320, 320]",,uint8,LZW,36781307,,"[320, 320, 320]",uint8,"[0, 1, 2]",0.4299496765136719,0.05146295166015625,0.5185873718261719,3,0.5700503234863281,0.032891832926834036,"{'fraction': 0.05146295166015625, 'border_touch_fraction': 0.0, 'thickness': {'median': 2.0, 'p95': 4.0, 'max': 6.0, 'mean': 2.7793500423431396, 'saturated': 0.00033801052932448894}, 'components': {'n_components': 9, 'n_components_ge_min_size': 9, 'largest_component_fraction': 0.22250225043852417, 'fragment_fraction': 0.0, 'median_planarity': 0.01094609180823302, 'worst_planarity': 0.039083582827583396}}","{'fraction': 0.5185873718261719, 'border_touch_fraction': 0.036155913195443014, 'skipped': 'fraction 0.52 exceeds sheet_fraction_max'}",1,0.05146295166015625,2.0,4.0,9,0.0,0.039083582827583396
sample_00649,True,True,"[320, 320, 320]",,uint8,LZW,885561,,"[320, 320, 320]",,uint8,LZW,34825563,,"[320, 320, 320]",uint8,"[0, 1, 2]",0.8627915649414063,0.08200653076171875,0.055201904296875,3,0.13720843505859376,0.13665340612618287,"{'fraction': 0.08200653076171875, 'border_touch_fraction': 0.0, 'thickness': {'median': 2.0, 'p95': 4.0, 'max': 6.0, 'mean': 2.6680500507354736, 'saturated': 0.00017527603183995177}, 'components': {'n_components': 14, 'n_components_ge_min_size': 14, 'largest_component_fraction': 0.11350444144254779, 'fragment_fraction': 0.0, 'median_planarity': 0.0053040767406636845, 'worst_planarity': 0.009908790596242487}}","{'fraction': 0.055201904296875, 'border_touch_fraction': 0.3396621953322984, 'thickness': {'median': 4.0, 'p95': 6.0, 'max': 14.0, 'mean': 4.07459020614624, 'saturated': 4.422684835055969e-06}, 'components': {'n_components': 1, 'n_components_ge_min_size': 1, 'largest_component_fraction': 1.0, 'fragment_fraction': 0.0, 'median_planarity': 0.33223717243291884, 'worst_planarity': 0.33223717243291884}}",1,0.08200653076171875,2.0,4.0,14,0.0,0.009908790596242487
sample_00650,True,True,"[320, 320, 320]",,uint8,LZW,1247017,,"[320, 320, 320]",,uint8,LZW,37190322,,"[320, 320, 320]",uint8,"[0, 1, 2]",0.5959089660644531,0.06278326416015625,0.3413077697753906,3,0.40409103393554685,0.046400435608256164,"{'fraction': 0.06278326416015625, 'border_touch_fraction': 0.0, 'thickness': {'median': 2.0, 'p95': 4.0, 'max': 6.0, 'mean': 2.68038010597229, 'saturated': 0.00018957051099460355}, 'components': {'n_components': 8, 'n_components_ge_min_size': 8, 'largest_component_fraction': 0.15084174167663938, 'fragment_fraction': 0.0, 'median_planarity': 0.009548921917034301, 'worst_planarity': 0.02140201593169446}}","{'fraction': 0.3413077697753906, 'border_touch_fraction': 0.054935754941468476, 'skipped': 'fraction 0.34 exceeds sheet_fraction_max'}",1,0.06278326416015625,2.0,4.0,8,0.0,0.02140201593169446
sample_00651,True,True,"[320, 320, 320]",,uint8,LZW,1262041,,"[320, 320, 320]",,uint8,LZW,37148513,,"[320, 320, 320]",uint8,"[0, 1, 2]",0.6920946960449219,0.06936419677734375,0.23854110717773438,3,0.30790530395507815,0.060895345936410154,"{'fraction': 0.06936419677734375, 'border_touch_fraction': 0.0, 'thickness': {'median': 2.0, 'p95': 4.0, 'max': 8.0, 'mean': 2.7802200317382812, 'saturated': 1.3198845892915123e-06}, 'components': {'n_components': 11, 'n_components_ge_min_size': 11, 'largest_component_fraction': 0.15145323692896293, 'fragment_fraction': 0.0, 'median_planarity': 0.00725064785775309, 'worst_planarity': 0.04618481756062862}}","{'fraction': 0.23854110717773438, 'border_touch_fraction': 0.07860280444673873, 'thickness': {'median': 8.0, 'p95': 8.0, 'max': 8.0, 'mean': 7.230810165405273, 'saturated': 0.806865975437903}, 'components': {'n_components': 1, 'n_components_ge_min_size': 1, 'largest_component_fraction': 1.0, 'fragment_fraction': 0.0, 'median_planarity': 0.3011067847655977, 'worst_planarity': 0.3011067847655977}}",1,0.06936419677734375,2.0,4.0,11,0.0,0.04618481756062862
sample_00652,True,True,"[320, 320, 320]",,uint8,NONE,32821210,,"[320, 320, 320]",,uint8,LZW,35524072,,"[320, 320, 320]",uint8,"[0, 1, 2]",0.5415937805175781,0.06101495361328125,0.39739126586914064,3,0.4584062194824219,0.04090258640288581,"{'fraction': 0.06101495361328125, 'border_touch_fraction': 0.0, 'thickness': {'median': 2.0, 'p95': 4.0, 'max': 6.0, 'mean': 2.667720079421997, 'saturated': 0.0001445478453368065}, 'components': {'n_components': 7, 'n_components_ge_min_size': 7, 'largest_component_fraction': 0.15136360135204752, 'fragment_fraction': 0.0, 'median_planarity': 0.006497872953227091, 'worst_planarity': 0.009971079553765217}}","{'fraction': 0.39739126586914064, 'border_touch_fraction': 0.04718271791653896, 'skipped': 'fraction 0.40 exceeds sheet_fraction_max'}",1,0.06101495361328125,2.0,4.0,7,0.0,0.009971079553765217
sample_00653,True,True,"[320, 320, 320]",,uint8,NONE,32821210,,"[320, 320, 320]",,uint8,LZW,35553088,,"[320, 320, 320]",uint8,"[0, 1, 2]",0.6807042236328125,0.06856259155273438,0.2507331848144531,3,0.3192957763671875,0.058722981598220876,"{'fraction': 0.06856259155273438, 'border_touch_fraction': 0.0, 'thickness': {'median': 2.0, 'p95': 4.0, 'max': 6.0, 'mean': 2.670609951019287, 'saturated': 0.00021231526457731235}, 'components': {'n_components': 10, 'n_components_ge_min_size': 10, 'largest_component_fraction': 0.13919290822505775, 'fragment_fraction': 0.0, 'median_planarity': 0.006626179156286492, 'worst_planarity': 0.023520156889836413}}","{'fraction': 0.2507331848144531, 'border_touch_fraction': 0.07478068774133477, 'skipped': 'fraction 0.25 exceeds sheet_fraction_max'}",1,0.06856259155273438,2.0,4.0,10,0.0,0.023520156889836413
sample_00654,True,True,"[320, 320, 320]",,uint8,LZW,630633,,"[320, 320, 320]",,uint8,LZW,36755420,,"[320, 320, 320]",uint8,"[0, 1, 2]",0.14227337646484375,0.02464886474609375,0.8330777587890625,3,0.8577266235351563,0.021860111934873944,"{'fraction': 0.02464886474609375, 'border_touch_fraction': 0.0, 'thickness': {'median': 2.0, 'p95': 4.0, 'max': 6.0, 'mean': 2.7443900108337402, 'saturated': 2.47618528799273e-06}, 'components': {'n_components': 7, 'n_components_ge_min_size': 7, 'largest_component_fraction': 0.27755808511639307, 'fragment_fraction': 0.0, 'median_planarity': 0.003943194814007451, 'worst_planarity': 0.0055206812192417016}}","{'fraction': 0.8330777587890625, 'border_touch_fraction': 0.02250690262965903, 'skipped': 'fraction 0.83 exceeds sheet_fraction_max'}",1,0.02464886474609375,2.0,4.0,7,0.0,0.0055206812192417016
sample_00655,True,True,"[320, 320, 320]",,uint8,LZW,712905,,"[320, 320, 320]",,uint8,LZW,37036977,,"[320, 320, 320]",uint8,"[0, 1, 2]",0.23143826293945313,0.0385360107421875,0.7300257263183594,3,0.7685617370605469,0.024396218411433725,"{'fraction': 0.0385360107421875, 'border_touch_fraction': 0.0, 'thickness': {'median': 2.0, 'p95': 4.0, 'max': 6.0, 'mean': 2.6957099437713623, 'saturated': 9.740660844444023e-05}, 'components': {'n_components': 5, 'n_components_ge_min_size': 5, 'largest_component_fraction': 0.24821817179674804, 'fragment_fraction': 0.0, 'median_planarity': 0.002343020741288903, 'worst_planarity': 0.00394005965098627}}","{'fraction': 0.7300257263183594, 'border_touch_fraction': 0.025684026362412397, 'skipped': 'fraction 0.73 exceeds sheet_fraction_max'}",1,0.0385360107421875,2.0,4.0,5,0.0,0.00394005965098627
sample_00656,True,True,"[320, 320, 320]",,uint8,NONE,32821210,,"[320, 320, 320]",,uint8,LZW,36978381,,"[320, 320, 320]",uint8,"[0, 1, 2]",0.27572796630859375,0.04875839233398437,0.6755136413574219,3,0.7242720336914062,0.025888062948443064,"{'fraction': 0.04875839233398437, 'border_touch_fraction': 0.0, 'thickness': {'median': 2.0, 'p95': 4.0, 'max': 6.0, 'mean': 2.7444100379943848, 'saturated': 0.00033234963682509083}, 'components': {'n_components': 5, 'n_components_ge_min_size': 5, 'largest_component_fraction': 0.20384361416147437, 'fragment_fraction': 0.0, 'median_planarity': 0.0025423617042757995, 'worst_planarity': 0.004516520662426212}}","{'fraction': 0.6755136413574219, 'border_touch_fraction': 0.027756656345714215, 'skipped': 'fraction 0.68 exceeds sheet_fraction_max'}",1,0.04875839233398437,2.0,4.0,5,0.0,0.004516520662426212
sample_00657,True,True,"[320, 320, 320]",,uint8,NONE,32821210,,"[320, 320, 320]",,uint8,LZW,36294761,,"[320, 320, 320]",uint8,"[0, 1, 2]",0.34223867797851565,0.052761138916015624,0.6050001831054688,3,0.6577613220214844,0.028505780702300965,"{'fraction': 0.052761138916015624, 'border_touch_fraction': 0.0, 'thickness': {'median': 2.0, 'p95': 4.0, 'max': 6.0, 'mean': 2.673449993133545, 'saturated': 0.000342997217268782}, 'components': {'n_components': 7, 'n_components_ge_min_size': 7, 'largest_component_fraction': 0.17555268535586974, 'fragment_fraction': 0.0, 'median_planarity': 0.005827434559780585, 'worst_planarity': 0.010974650016795434}}","{'fraction': 0.6050001831054688, 'border_touch_fraction': 0.030991726157430503, 'skipped': 'fraction 0.61 exceeds sheet_fraction_max'}",1,0.052761138916015624,2.0,4.0,7,0.0,0.010974650016795434
sample_00658,True,True,"[320, 320, 320]",,uint8,NONE,32821210,,"[320, 320, 320]",,uint8,LZW,36380048,,"[320, 320, 320]",uint8,"[0, 1, 2]",0.641517578125,0.0823861083984375,0.2760963134765625,3,0.358482421875,0.05230381981334074,"{'fraction': 0.0823861083984375, 'border_touch_fraction': 0.0, 'thickness': {'median': 2.0, 'p95': 4.0, 'max': 6.0, 'mean': 2.6923999786376953, 'saturated': 0.0003033751316848099}, 'components': {'n_components': 10, 'n_components_ge_min_size': 10, 'largest_component_fraction': 0.11443095122735429, 'fragment_fraction': 0.0, 'median_planarity': 0.0030435102712570994, 'worst_planarity': 0.007193216902292114}}","{'fraction': 0.2760963134765625, 'border_touch_fraction': 0.06791108422964028, 'skipped': 'fraction 0.28 exceeds sheet_fraction_max'}",1,0.0823861083984375,2.0,4.0,10,0.0,0.007193216902292114
sample_00659,True,True,"[320, 320, 320]",,uint8,NONE,32821210,,"[320, 320, 320]",,uint8,LZW,35892765,,"[320, 320, 320]",uint8,"[0, 1, 2]",0.5460525512695312,0.074992919921875,0.37895452880859376,3,0.45394744873046877,0.04130434051879166,"{'fraction': 0.074992919921875, 'border_touch_fraction': 0.0, 'thickness': {'median': 2.0, 'p95': 4.0, 'max': 6.0, 'mean': 2.658669948577881, 'saturated': 0.00010661813777993365}, 'components': {'n_components': 9, 'n_components_ge_min_size': 9, 'largest_component_fraction': 0.12229303873086977, 'fragment_fraction': 0.0, 'median_planarity': 0.0024632170681985555, 'worst_planarity': 0.0063821778222506375}}","{'fraction': 0.37895452880859376, 'border_touch_fraction': 0.04947823175236531, 'skipped': 'fraction 0.38 exceeds sheet_fraction_max'}",1,0.074992919921875,2.0,4.0,9,0.0,0.0063821778222506375
sample_00660,True,True,"[320, 320, 320]",,uint8,LZW,993385,,"[320, 320, 320]",,uint8,LZW,36138872,,"[320, 320, 320]",uint8,"[0, 1, 2]",0.6994119873046875,0.11323196411132813,0.18735604858398439,3,0.3005880126953125,0.062377736995805344,"{'fraction': 0.11323196411132813, 'border_touch_fraction': 0.0, 'thickness': {'median': 2.0, 'p95': 4.0, 'max': 6.0, 'mean': 2.660520076751709, 'saturated': 8.08541431684313e-05}, 'components': {'n_components': 15, 'n_components_ge_min_size': 15, 'largest_component_fraction': 0.08071884723552947, 'fragment_fraction': 0.0, 'median_planarity': 0.002624260726861639, 'worst_planarity': 0.010467805483053937}}","{'fraction': 0.18735604858398439, 'border_touch_fraction': 0.10007683307643579, 'thickness': {'median': 8.0, 'p95': 8.0, 'max': 8.0, 'mean': 6.5448198318481445, 'saturated': 0.6375555581979199}, 'components': {'n_components': 1, 'n_components_ge_min_size': 1, 'largest_component_fraction': 1.0, 'fragment_fraction': 0.0, 'median_planarity': 0.17737397838223928, 'worst_planarity': 0.17737397838223928}}",1,0.11323196411132813,2.0,4.0,15,0.0,0.010467805483053937
sample_00661,True,True,"[320, 320, 320]",,uint8,LZW,1554377,,"[320, 320, 320]",,uint8,LZW,37445637,,"[320, 320, 320]",uint8,"[0, 1, 2]",0.5714176330566406,0.07709881591796874,0.35148355102539064,3,0.4285823669433594,0.04374888340303082,"{'fraction': 0.07709881591796874, 'border_touch_fraction': 0.0, 'thickness': {'median': 2.0, 'p95': 4.0, 'max': 6.0, 'mean': 2.7296600341796875, 'saturated': 0.0002177033170860688}, 'components': {'n_components': 11, 'n_components_ge_min_size': 11, 'largest_component_fraction': 0.1284667274124892, 'fragment_fraction': 0.0, 'median_planarity': 0.004446640188560882, 'worst_planarity': 0.02435418912657434}}","{'fraction': 0.35148355102539064, 'border_touch_fraction': 0.05334531287538269, 'skipped': 'fraction 0.35 exceeds sheet_fraction_max'}",1,0.07709881591796874,2.0,4.0,11,0.0,0.02435418912657434
sample_00662,True,True,"[320, 320, 320]",,uint8,LZW,714281,,"[320, 320, 320]",,uint8,LZW,36462973,,"[320, 320, 320]",uint8,"[0, 1, 2]",0.24853237915039061,0.02131488037109375,0.7301527404785156,3,0.7514676208496094,0.024951174847428887,"{'fraction': 0.02131488037109375, 'border_touch_fraction': 0.0, 'thickness': {'median': 2.0, 'p95': 4.0, 'max': 6.0, 'mean': 2.7561299800872803, 'saturated': 0.0003550739785180243}, 'components': {'n_components': 6, 'n_components_ge_min_size': 6, 'largest_component_fraction': 0.3855201404260315, 'fragment_fraction': 0.0, 'median_planarity': 0.008310002393157585, 'worst_planarity': 0.01796886282554482}}","{'fraction': 0.7301527404785156, 'border_touch_fraction': 0.025679558482122427, 'skipped': 'fraction 0.73 exceeds sheet_fraction_max'}",1,0.02131488037109375,2.0,4.0,6,0.0,0.01796886282554482
sample_00663,True,True,"[320, 320, 320]",,uint8,NONE,32821210,,"[320, 320, 320]",,uint8,LZW,35798256,,"[320, 320, 320]",uint8,"[0, 1, 2]",0.7147699279785156,0.09135015869140625,0.19387991333007812,3,0.28523007202148437,0.06573640663873512,"{'fraction': 0.09135015869140625, 'border_touch_fraction': 0.0, 'thickness': {'median': 2.0, 'p95': 4.0, 'max': 8.0, 'mean': 2.697700023651123, 'saturated': 1.670362622362414e-06}, 'components': {'n_components': 14, 'n_components_ge_min_size': 14, 'largest_component_fraction': 0.10392161055027758, 'fragment_fraction': 0.0, 'median_planarity': 0.004512665198305827, 'worst_planarity': 0.013176050814571927}}","{'fraction': 0.19387991333007812, 'border_touch_fraction': 0.09670934795642476, 'thickness': {'median': 8.0, 'p95': 8.0, 'max': 8.0, 'mean': 6.982540130615234, 'saturated': 0.7448286706698838}, 'components': {'n_components': 1, 'n_components_ge_min_size': 1, 'largest_component_fraction': 1.0, 'fragment_fraction': 0.0, 'median_planarity': 0.25699740047782155, 'worst_planarity': 0.25699740047782155}}",1,0.09135015869140625,2.0,4.0,14,0.0,0.013176050814571927
sample_00664,True,True,"[320, 320, 320]",,uint8,LZW,1147353,,"[320, 320, 320]",,uint8,LZW,37298290,,"[320, 320, 320]",uint8,"[0, 1, 2]",0.32962075805664065,0.05962210083007812,0.6107571411132813,3,0.6703792419433594,0.027969243119231598,"{'fraction': 0.05962210083007812, 'border_touch_fraction': 0.0, 'thickness': {'median': 2.0, 'p95': 4.0, 'max': 6.0, 'mean': 2.7568600177764893, 'saturated': 0.0004831864920711861}, 'components': {'n_components': 12, 'n_components_ge_min_size': 12, 'largest_component_fraction': 0.17079106944423827, 'fragment_fraction': 0.0, 'median_planarity': 0.005297668181289869, 'worst_planarity': 0.01925954539481088}}","{'fraction': 0.6107571411132813, 'border_touch_fraction': 0.030699600115723102, 'skipped': 'fraction 0.61 exceeds sheet_fraction_max'}",1,0.05962210083007812,2.0,4.0,12,0.0,0.01925954539481088
sample_00665,True,True,"[320, 320, 320]",,uint8,LZW,1132745,,"[320, 320, 320]",,uint8,LZW,37749050,,"[320, 320, 320]",uint8,"[0, 1, 2]",0.3260304260253906,0.05304034423828125,0.6209292297363281,3,0.6739695739746093,0.027820246972612407,"{'fraction': 0.05304034423828125, 'border_touch_fraction': 0.0, 'thickness': {'median': 2.0, 'p95': 4.0, 'max': 6.0, 'mean': 2.7886199951171875, 'saturated': 0.0004286472124122424}, 'components': {'n_components': 8, 'n_components_ge_min_size': 8, 'largest_component_fraction': 0.19394071204918684, 'fragment_fraction': 0.0, 'median_planarity': 0.006307193094127102, 'worst_planarity': 0.017514476216445418}}","{'fraction': 0.6209292297363281, 'border_touch_fraction': 0.030196677982065708, 'skipped': 'fraction 0.62 exceeds sheet_fraction_max'}",1,0.05304034423828125,2.0,4.0,8,0.0,0.017514476216445418
sample_00666,True,True,"[320, 320, 320]",,uint8,NONE,32821210,,"[320, 320, 320]",,uint8,LZW,37310431,,"[320, 320, 320]",uint8,"[0, 1, 2]",0.32773095703125,0.039158782958984374,0.6331102600097657,3,0.67226904296875,0.027890619382382572,"{'fraction': 0.039158782958984374, 'border_touch_fraction': 0.0, 'thickness': {'median': 2.0, 'p95': 4.0, 'max': 6.0, 'mean': 2.8055500984191895, 'saturated': 0.0004122650809917742}, 'components': {'n_components': 4, 'n_components_ge_min_size': 4, 'largest_component_fraction': 0.2714917527500575, 'fragment_fraction': 0.0, 'median_planarity': 0.010868749748738686, 'worst_planarity': 0.013528883810366953}}","{'fraction': 0.6331102600097657, 'border_touch_fraction': 0.0296156944285041, 'skipped': 'fraction 0.63 exceeds sheet_fraction_max'}",1,0.039158782958984374,2.0,4.0,4,0.0,0.013528883810366953
sample_00667,True,True,"[320, 320, 320]",,uint8,NONE,32821210,,"[320, 320, 320]",,uint8,LZW,37362677,,"[320, 320, 320]",uint8,"[0, 1, 2]",0.38557437133789063,0.05350588989257812,0.5609197387695313,3,0.6144256286621094,0.030516305188680815,"{'fraction': 0.05350588989257812, 'border_touch_fraction': 0.0, 'thickness': {'median': 2.0, 'p95': 4.0, 'max': 6.0, 'mean': 2.6904799938201904, 'saturated': 0.0004602798980882129}, 'components': {'n_components': 7, 'n_components_ge_min_size': 7, 'largest_component_fraction': 0.17965745365403493, 'fragment_fraction': 0.0, 'median_planarity': 0.010628835818400439, 'worst_planarity': 0.02338529895650911}}","{'fraction': 0.5609197387695313, 'border_touch_fraction': 0.03342724226665864, 'skipped': 'fraction 0.56 exceeds sheet_fraction_max'}",1,0.05350588989257812,2.0,4.0,7,0.0,0.02338529895650911
sample_00668,True,True,"[320, 320, 320]",,uint8,NONE,32821210,,"[320, 320, 320]",,uint8,LZW,37626717,,"[320, 320, 320]",uint8,"[0, 1, 2]",0.2637765808105469,0.03538644409179687,0.7008369750976563,3,0.7362234191894531,0.025467812502681396,"{'fraction': 0.03538644409179687, 'border_touch_fraction': 0.0, 'thickness': {'median': 2.0, 'p95': 4.0, 'max': 6.0, 'mean': 2.771199941635132, 'saturated': 0.0004122313704623287}, 'components': {'n_components': 5, 'n_components_ge_min_size': 5, 'largest_component_fraction': 0.31056718034605013, 'fragment_fraction': 0.0, 'median_planarity': 0.005888857208079586, 'worst_planarity': 0.011139943135767593}}","{'fraction': 0.7008369750976563, 'border_touch_fraction': 0.026753725425784407, 'skipped': 'fraction 0.70 exceeds sheet_fraction_max'}",1,0.03538644409179687,2.0,4.0,5,0.0,0.011139943135767593
sample_00669,True,True,"[320, 320, 320]",,uint8,LZW,731513,,"[320, 320, 320]",,uint8,LZW,37764878,,"[320, 320, 320]",uint8,"[0, 1, 2]",0.16350613403320313,0.02524896240234375,0.8112449035644531,3,0.8364938659667969,0.02241498803859041,"{'fraction': 0.02524896240234375, 'border_touch_fraction': 0.0, 'thickness': {'median': 2.0, 'p95': 4.0, 'max': 6.0, 'mean': 2.8008201122283936, 'saturated': 0.00013295332854701351}, 'components': {'n_components': 3, 'n_components_ge_min_size': 3, 'largest_component_fraction': 0.38950853197769286, 'fragment_fraction': 0.0, 'median_planarity': 0.005318354282755935, 'worst_planarity': 0.006765824761869468}}","{'fraction': 0.8112449035644531, 'border_touch_fraction': 0.023112625937760752, 'skipped': 'fraction 0.81 exceeds sheet_fraction_max'}",1,0.02524896240234375,2.0,4.0,3,0.0,0.006765824761869468
sample_00670,True,True,"[320, 320, 320]",,uint8,LZW,1393017,,"[320, 320, 320]",,uint8,LZW,36824701,,"[320, 320, 320]",uint8,"[0, 1, 2]",0.6581204833984375,0.0662667236328125,0.27561279296875,3,0.3418795166015625,0.05484388238986502,"{'fraction': 0.0662667236328125, 'border_touch_fraction': 0.0, 'thickness': {'median': 2.0, 'p95': 4.0, 'max': 6.0, 'mean': 2.775559902191162, 'saturated': 0.00028552639092799763}, 'components': {'n_components': 16, 'n_components_ge_min_size': 16, 'largest_component_fraction': 0.1629439244589275, 'fragment_fraction': 0.0, 'median_planarity': 0.010552269312168905, 'worst_planarity': 0.026470095815207546}}","{'fraction': 0.27561279296875, 'border_touch_fraction': 0.06803022384423914, 'skipped': 'fraction 0.28 exceeds sheet_fraction_max'}",1,0.0662667236328125,2.0,4.0,16,0.0,0.026470095815207546
sample_00671,True,True,"[320, 320, 320]",,uint8,NONE,32821210,,"[320, 320, 320]",,uint8,LZW,37347395,,"[320, 320, 320]",uint8,"[0, 1, 2]",0.5983922729492187,0.07091122436523438,0.3306965026855469,3,0.40160772705078124,0.04668734871634867,"{'fraction': 0.07091122436523438, 'border_touch_fraction': 0.0, 'thickness': {'median': 2.0, 'p95': 4.0, 'max': 6.0, 'mean': 2.670300006866455, 'saturated': 0.00021475121351650163}, 'components': {'n_components': 9, 'n_components_ge_min_size': 9, 'largest_component_fraction': 0.1302012076850809, 'fragment_fraction': 0.0, 'median_planarity': 0.005508662605709713, 'worst_planarity': 0.010376891503954017}}","{'fraction': 0.3306965026855469, 'border_touch_fraction': 0.05669851313132581, 'skipped': 'fraction 0.33 exceeds sheet_fraction_max'}",1,0.07091122436523438,2.0,4.0,9,0.0,0.010376891503954017
sample_00672,True,True,"[320, 320, 320]",,uint8,NONE,32821210,,"[320, 320, 320]",,uint8,LZW,36329805,,"[320, 320, 320]",uint8,"[0, 1, 2]",0.8673887329101563,0.07740936279296876,0.055201904296875,3,0.13261126708984375,0.14139070089193045,"{'fraction': 0.07740936279296876, 'border_touch_fraction': 0.0, 'thickness': {'median': 2.0, 'p95': 4.0, 'max': 8.0, 'mean': 2.705820083618164, 'saturated': 1.6163686897557708e-05}, 'components': {'n_components': 15, 'n_components_ge_min_size': 15, 'largest_component_fraction': 0.12834243362046874, 'fragment_fraction': 0.0, 'median_planarity': 0.007867849658093807, 'worst_planarity': 0.02839866564031844}}","{'fraction': 0.055201904296875, 'border_touch_fraction': 0.3396621953322984, 'thickness': {'median': 4.0, 'p95': 6.0, 'max': 14.0, 'mean': 4.07459020614624, 'saturated': 4.422684835055969e-06}, 'components': {'n_components': 1, 'n_components_ge_min_size': 1, 'largest_component_fraction': 1.0, 'fragment_fraction': 0.0, 'median_planarity': 0.33223717243291884, 'worst_planarity': 0.33223717243291884}}",1,0.07740936279296876,2.0,4.0,15,0.0,0.02839866564031844
sample_00673,True,True,"[320, 320, 320]",,uint8,LZW,735993,,"[320, 320, 320]",,uint8,LZW,37392205,,"[320, 320, 320]",uint8,"[0, 1, 2]",0.17802291870117187,0.027431365966796874,0.7945457153320312,3,0.8219770812988281,0.022810854981957184,"{'fraction': 0.027431365966796874, 'border_touch_fraction': 0.0, 'thickness': {'median': 2.0, 'p95': 4.0, 'max': 6.0, 'mean': 2.6708099842071533, 'saturated': 0.00024030144481243694}, 'components': {'n_components': 3, 'n_components_ge_min_size': 3, 'largest_component_fraction': 0.33550642973240874, 'fragment_fraction': 0.0, 'median_planarity': 0.01847378773491269, 'worst_planarity': 0.019009673645127168}}","{'fraction': 0.7945457153320312, 'border_touch_fraction': 0.02359839042384691, 'skipped': 'fraction 0.79 exceeds sheet_fraction_max'}",1,0.027431365966796874,2.0,4.0,3,0.0,0.019009673645127168
sample_00674,True,True,"[320, 320, 320]",,uint8,LZW,946873,,"[320, 320, 320]",,uint8,LZW,36117768,,"[320, 320, 320]",uint8,"[0, 1, 2]",0.36228045654296875,0.041215576171875,0.5965039672851562,3,0.6377195434570313,0.029401639313666968,"{'fraction': 0.041215576171875, 'border_touch_fraction': 0.0, 'thickness': {'median': 2.0, 'p95': 4.0, 'max': 6.0, 'mean': 2.7643001079559326, 'saturated': 0.0005612519917781766}, 'components': {'n_components': 4, 'n_components_ge_min_size': 4, 'largest_component_fraction': 0.281638915051031, 'fragment_fraction': 0.0, 'median_planarity': 0.0069755481250354506, 'worst_planarity': 0.011799468232564943}}","{'fraction': 0.5965039672851562, 'border_touch_fraction': 0.0314331522141187, 'skipped': 'fraction 0.60 exceeds sheet_fraction_max'}",1,0.041215576171875,2.0,4.0,4,0.0,0.011799468232564943
sample_00675,True,True,"[320, 320, 320]",,uint8,NONE,32821210,,"[320, 320, 320]",,uint8,LZW,36217643,,"[320, 320, 320]",uint8,"[0, 1, 2]",0.4764105224609375,0.048473358154296875,0.4751161193847656,3,0.5235894775390625,0.035810498117967146,"{'fraction': 0.048473358154296875, 'border_touch_fraction': 0.0, 'thickness': {'median': 2.0, 'p95': 4.0, 'max': 6.0, 'mean': 2.6934399604797363, 'saturated': 0.0004218147477768159}, 'components': {'n_components': 6, 'n_components_ge_min_size': 6, 'largest_component_fraction': 0.20734272448256866, 'fragment_fraction': 0.0, 'median_planarity': 0.009610794537330533, 'worst_planarity': 0.0400982953597199}}","{'fraction': 0.4751161193847656, 'border_touch_fraction': 0.03946403675859205, 'skipped': 'fraction 0.48 exceeds sheet_fraction_max'}",1,0.048473358154296875,2.0,4.0,6,0.0,0.0400982953597199
sample_00676,True,True,"[320, 320, 320]",,uint8,NONE,32821210,,"[320, 320, 320]",,uint8,LZW,36751549,,"[320, 320, 320]",uint8,"[0, 1, 2]",0.3396466369628906,0.03700201416015625,0.6233513488769531,3,0.6603533630371093,0.02839388886241853,"{'fraction': 0.03700201416015625, 'border_touch_fraction': 0.0, 'thickness': {'median': 2.0, 'p95': 4.0, 'max': 6.0, 'mean': 2.672379970550537, 'saturated': 0.00017814697455302428}, 'components': {'n_components': 4, 'n_components_ge_min_size': 4, 'largest_component_fraction': 0.25199796780488287, 'fragment_fraction': 0.0, 'median_planarity': 0.020325371697691247, 'worst_planarity': 0.02225115900075132}}","{'fraction': 0.6233513488769531, 'border_touch_fraction': 0.030079344552282616, 'skipped': 'fraction 0.62 exceeds sheet_fraction_max'}",1,0.03700201416015625,2.0,4.0,4,0.0,0.02225115900075132
sample_00678,True,True,"[320, 320, 320]",,uint8,NONE,32821210,,"[320, 320, 320]",,uint8,LZW,36490199,,"[320, 320, 320]",uint8,"[0, 1, 2]",0.22955819702148436,0.019561279296875,0.7508805236816406,3,0.7704418029785156,0.024336685688020564,"{'fraction': 0.019561279296875, 'border_touch_fraction': 0.0, 'thickness': {'median': 2.0, 'p95': 4.0, 'max': 6.0, 'mean': 2.6621499061584473, 'saturated': 0.0004945521261061119}, 'components': {'n_components': 6, 'n_components_ge_min_size': 6, 'largest_component_fraction': 0.5067739600364439, 'fragment_fraction': 0.0, 'median_planarity': 0.0018448545337899707, 'worst_planarity': 0.021173692476693987}}","{'fraction': 0.7508805236816406, 'border_touch_fraction': 0.024970683628957262, 'skipped': 'fraction 0.75 exceeds sheet_fraction_max'}",1,0.019561279296875,2.0,4.0,6,0.0,0.021173692476693987
sample_00679,True,True,"[320, 320, 320]",,uint8,NONE,32821210,,"[320, 320, 320]",,uint8,LZW,34811547,,"[320, 320, 320]",uint8,"[0, 1, 2]",0.20123526000976563,0.04328256225585937,0.755482177734375,3,0.7987647399902343,0.023473745223442432,"{'fraction': 0.04328256225585937, 'border_touch_fraction': 0.0, 'thickness': {'median': 2.0, 'p95': 4.0, 'max': 8.0, 'mean': 2.6895699501037598, 'saturated': 4.2304674031910415e-06}, 'components': {'n_components': 5, 'n_components_ge_min_size': 5, 'largest_component_fraction': 0.21847966872619923, 'fragment_fraction': 0.0, 'median_planarity': 0.007895430612094396, 'worst_planarity': 0.01303756346366253}}","{'fraction': 0.755482177734375, 'border_touch_fraction': 0.02481858679476677, 'skipped': 'fraction 0.76 exceeds sheet_fraction_max'}",1,0.04328256225585937,2.0,4.0,5,0.0,0.01303756346366253
sample_00680,True,True,"[320, 320, 320]",,uint8,NONE,32821210,,"[320, 320, 320]",,uint8,LZW,34424743,,"[320, 320, 320]",uint8,"[0, 1, 2]",0.36685906982421873,0.04246591186523437,0.5906750183105469,3,0.6331409301757812,0.029614259805939836,"{'fraction': 0.04246591186523437, 'border_touch_fraction': 0.0, 'thickness': {'median': 2.0, 'p95': 4.0, 'max': 6.0, 'mean': 2.6798999309539795, 'saturated': 0.0003916571986233788}, 'components': {'n_components': 8, 'n_components_ge_min_size': 8, 'largest_component_fraction': 0.21854615410596878, 'fragment_fraction': 0.0, 'median_planarity': 0.00891308387901813, 'worst_planarity': 0.018228857854467508}}","{'fraction': 0.5906750183105469, 'border_touch_fraction': 0.031743343494750956, 'skipped': 'fraction 0.59 exceeds sheet_fraction_max'}",1,0.04246591186523437,2.0,4.0,8,0.0,0.018228857854467508
sample_00681,True,True,"[320, 320, 320]",,uint8,LZW,1113673,,"[320, 320, 320]",,uint8,LZW,36430199,,"[320, 320, 320]",uint8,"[0, 1, 2]",0.6804494018554688,0.0471551513671875,0.27239544677734373,3,0.31955059814453124,0.05867615366352549,"{'fraction': 0.0471551513671875, 'border_touch_fraction': 0.0, 'thickness': {'median': 2.0, 'p95': 4.0, 'max': 6.0, 'mean': 2.780060052871704, 'saturated': 0.0004776142585329864}, 'components': {'n_components': 7, 'n_components_ge_min_size': 7, 'largest_component_fraction': 0.2325826117345552, 'fragment_fraction': 0.0, 'median_planarity': 0.007419025583243196, 'worst_planarity': 0.011867325748025733}}","{'fraction': 0.27239544677734373, 'border_touch_fraction': 0.06883374968938547, 'skipped': 'fraction 0.27 exceeds sheet_fraction_max'}",1,0.0471551513671875,2.0,4.0,7,0.0,0.011867325748025733
sample_00682,True,True,"[320, 320, 320]",,uint8,NONE,32821210,,"[320, 320, 320]",,uint8,LZW,34933403,,"[320, 320, 320]",uint8,"[0, 1, 2]",0.8494812927246094,0.09531680297851562,0.055201904296875,3,0.15051870727539063,0.12456923354845721,"{'fraction': 0.09531680297851562, 'border_touch_fraction': 0.0, 'thickness': {'median': 2.0, 'p95': 4.0, 'max': 8.0, 'mean': 2.6969399452209473, 'saturated': 1.7609348450905618e-05}, 'components': {'n_components': 13, 'n_components_ge_min_size': 13, 'largest_component_fraction': 0.10491745858041117, 'fragment_fraction': 0.0, 'median_planarity': 0.009275295982876903, 'worst_planarity': 0.0211835620075393}}","{'fraction': 0.055201904296875, 'border_touch_fraction': 0.3396621953322984, 'thickness': {'median': 4.0, 'p95': 6.0, 'max': 14.0, 'mean': 4.07459020614624, 'saturated': 4.422684835055969e-06}, 'components': {'n_components': 1, 'n_components_ge_min_size': 1, 'largest_component_fraction': 1.0, 'fragment_fraction': 0.0, 'median_planarity': 0.33223717243291884, 'worst_planarity': 0.33223717243291884}}",1,0.09531680297851562,2.0,4.0,13,0.0,0.0211835620075393
sample_00683,True,True,"[320, 320, 320]",,uint8,NONE,32821210,,"[320, 320, 320]",,uint8,LZW,35528127,,"[320, 320, 320]",uint8,"[0, 1, 2]",0.6415948791503906,0.0733834228515625,0.2850216979980469,3,0.35840512084960935,0.05231510073168765,"{'fraction': 0.0733834228515625, 'border_touch_fraction': 0.0, 'thickness': {'median': 2.0, 'p95': 4.0, 'max': 6.0, 'mean': 2.6674699783325195, 'saturated': 8.317294816495524e-07}, 'components': {'n_components': 12, 'n_components_ge_min_size': 12, 'largest_component_fraction': 0.12862114223073173, 'fragment_fraction': 0.0, 'median_planarity': 0.007542793248407153, 'worst_planarity': 0.02490839371994559}}","{'fraction': 0.2850216979980469, 'border_touch_fraction': 0.06578446529403696, 'skipped': 'fraction 0.29 exceeds sheet_fraction_max'}",1,0.0733834228515625,2.0,4.0,12,0.0,0.02490839371994559
sample_00684,True,True,"[320, 320, 320]",,uint8,NONE,32821210,,"[320, 320, 320]",,uint8,LZW,35995989,,"[320, 320, 320]",uint8,"[0, 1, 2]",0.29340380859375,0.028360992431640624,0.6782351989746094,3,0.70659619140625,0.026535665247054644,"{'fraction': 0.028360992431640624, 'border_touch_fraction': 0.0, 'thickness': {'median': 2.0, 'p95': 4.0, 'max': 8.0, 'mean': 2.7121899127960205, 'saturated': 1.93687300461729e-05}, 'components': {'n_components': 5, 'n_components_ge_min_size': 5, 'largest_component_fraction': 0.3425962491378225, 'fragment_fraction': 0.0, 'median_planarity': 0.015968519224702608, 'worst_planarity': 0.018599512730467845}}","{'fraction': 0.6782351989746094, 'border_touch_fraction': 0.02764527707843416, 'skipped': 'fraction 0.68 exceeds sheet_fraction_max'}",1,0.028360992431640624,2.0,4.0,5,0.0,0.018599512730467845
sample_00685,True,True,"[320, 320, 320]",,uint8,LZW,692201,,"[320, 320, 320]",,uint8,LZW,36302337,,"[320, 320, 320]",uint8,"[0, 1, 2]",0.2650105895996094,0.0378067626953125,0.6971826477050781,3,0.7349894104003907,0.0255105716282168,"{'fraction': 0.0378067626953125, 'border_touch_fraction': 0.0, 'thickness': {'median': 2.0, 'p95': 4.0, 'max': 6.0, 'mean': 2.7001800537109375, 'saturated': 0.0003196507734580079}, 'components': {'n_components': 4, 'n_components_ge_min_size': 4, 'largest_component_fraction': 0.2519881309470381, 'fragment_fraction': 0.0, 'median_planarity': 0.015941042905264068, 'worst_planarity': 0.020512860342488115}}","{'fraction': 0.6971826477050781, 'border_touch_fraction': 0.026893956786961822, 'skipped': 'fraction 0.70 exceeds sheet_fraction_max'}",1,0.0378067626953125,2.0,4.0,4,0.0,0.020512860342488115
sample_00686,True,True,"[320, 320, 320]",,uint8,NONE,32821210,,"[320, 320, 320]",,uint8,LZW,35517991,,"[320, 320, 320]",uint8,"[0, 1, 2]",0.4377359619140625,0.063380615234375,0.4988834228515625,3,0.5622640380859375,0.03334732212970415,"{'fraction': 0.063380615234375, 'border_touch_fraction': 0.0, 'thickness': {'median': 2.0, 'p95': 4.0, 'max': 6.0, 'mean': 2.664289951324463, 'saturated': 0.00014396761258363602}, 'components': {'n_components': 12, 'n_components_ge_min_size': 12, 'largest_component_fraction': 0.1458757853216593, 'fragment_fraction': 0.0, 'median_planarity': 0.005431780315539802, 'worst_planarity': 0.012540831267955485}}","{'fraction': 0.4988834228515625, 'border_touch_fraction': 0.03758393071637272, 'skipped': 'fraction 0.50 exceeds sheet_fraction_max'}",1,0.063380615234375,2.0,4.0,12,0.0,0.012540831267955485
sample_00687,True,True,"[320, 320, 320]",,uint8,NONE,32821210,,"[320, 320, 320]",,uint8,LZW,34240121,,"[320, 320, 320]",uint8,"[0, 1, 2]",0.24479595947265625,0.031098236083984376,0.7241058044433594,3,0.7552040405273438,0.024827727334333718,"{'fraction': 0.031098236083984376, 'border_touch_fraction': 0.0, 'thickness': {'median': 2.0, 'p95': 4.0, 'max': 6.0, 'mean': 2.7378499507904053, 'saturated': 0.0008409983248726481}, 'components': {'n_components': 3, 'n_components_ge_min_size': 3, 'largest_component_fraction': 0.36774884276864106, 'fragment_fraction': 0.0, 'median_planarity': 0.022870702801255048, 'worst_planarity': 0.023169253986068446}}","{'fraction': 0.7241058044433594, 'border_touch_fraction': 0.025894005938004675, 'skipped': 'fraction 0.72 exceeds sheet_fraction_max'}",1,0.031098236083984376,2.0,4.0,3,0.0,0.023169253986068446
sample_00688,True,True,"[320, 320, 320]",,uint8,NONE,32821210,,"[320, 320, 320]",,uint8,LZW,33375144,,"[320, 320, 320]",uint8,"[0, 1, 2]",0.13097918701171876,0.028906890869140625,0.8401139221191406,3,0.8690208129882813,0.02157600798480858,"{'fraction': 0.028906890869140625, 'border_touch_fraction': 0.0, 'thickness': {'median': 2.0, 'p95': 4.0, 'max': 6.0, 'mean': 2.745039939880371, 'saturated': 0.0007379481662674286}, 'components': {'n_components': 3, 'n_components_ge_min_size': 3, 'largest_component_fraction': 0.33971058496380463, 'fragment_fraction': 0.0, 'median_planarity': 0.007878890680430493, 'worst_planarity': 0.008381281867232637}}","{'fraction': 0.8401139221191406, 'border_touch_fraction': 0.02231840171473908, 'skipped': 'fraction 0.84 exceeds sheet_fraction_max'}",1,0.028906890869140625,2.0,4.0,3,0.0,0.008381281867232637
sample_00689,True,True,"[320, 320, 320]",,uint8,NONE,32821210,,"[320, 320, 320]",,uint8,LZW,36743580,,"[320, 320, 320]",uint8,"[0, 1, 2]",0.08950262451171875,0.021759033203125,0.8887383422851562,3,0.9104973754882812,0.02059314008450025,"{'fraction': 0.021759033203125, 'border_touch_fraction': 0.0, 'thickness': {'median': 2.0, 'p95': 4.0, 'max': 6.0, 'mean': 2.7117199897766113, 'saturated': 0.0004446002805049088}, 'components': {'n_components': 3, 'n_components_ge_min_size': 3, 'largest_component_fraction': 0.37564796633941094, 'fragment_fraction': 0.0, 'median_planarity': 0.01438464164185704, 'worst_planarity': 0.016677955067665288}}","{'fraction': 0.8887383422851562, 'border_touch_fraction': 0.021097323146641023, 'skipped': 'fraction 0.89 exceeds sheet_fraction_max'}",1,0.021759033203125,2.0,4.0,3,0.0,0.016677955067665288
sample_00690,True,True,"[320, 320, 320]",,uint8,NONE,32821210,,"[320, 320, 320]",,uint8,LZW,35040162,,"[320, 320, 320]",uint8,"[0, 1, 2]",0.221231689453125,0.027619049072265624,0.7511492614746094,3,0.778768310546875,0.024076480444913295,"{'fraction': 0.027619049072265624, 'border_touch_fraction': 0.0, 'thickness': {'median': 2.0, 'p95': 4.0, 'max': 6.0, 'mean': 2.6748900413513184, 'saturated': 0.0005049606583714632}, 'components': {'n_components': 3, 'n_components_ge_min_size': 3, 'largest_component_fraction': 0.3342287085051065, 'fragment_fraction': 0.0, 'median_planarity': 0.012467969603528882, 'worst_planarity': 0.01386640329868585}}","{'fraction': 0.7511492614746094, 'border_touch_fraction': 0.024961749896673224, 'skipped': 'fraction 0.75 exceeds sheet_fraction_max'}",1,0.027619049072265624,2.0,4.0,3,0.0,0.01386640329868585
sample_00692,True,True,"[320, 320, 320]",,uint8,NONE,32821210,,"[320, 320, 320]",,uint8,LZW,36198812,,"[320, 320, 320]",uint8,"[0, 1, 2]",0.29677285766601563,0.04447842407226563,0.6587487182617188,3,0.7032271423339844,0.02666279338674195,"{'fraction': 0.04447842407226563, 'border_touch_fraction': 0.0, 'thickness': {'median': 2.0, 'p95': 4.0, 'max': 6.0, 'mean': 2.6812500953674316, 'saturated': 0.0001379103088985083}, 'components': {'n_components': 5, 'n_components_ge_min_size': 5, 'largest_component_fraction': 0.2113156437632636, 'fragment_fraction': 0.0, 'median_planarity': 0.004351912671107933, 'worst_planarity': 0.010846784884094724}}","{'fraction': 0.6587487182617188, 'border_touch_fraction': 0.02846305348339317, 'skipped': 'fraction 0.66 exceeds sheet_fraction_max'}",1,0.04447842407226563,2.0,4.0,5,0.0,0.010846784884094724
sample_00693,True,True,"[320, 320, 320]",,uint8,NONE,32821210,,"[320, 320, 320]",,uint8,LZW,36730625,,"[320, 320, 320]",uint8,"[0, 1, 2]",0.2870616455078125,0.048895904541015625,0.6640424499511719,3,0.7129383544921875,0.0262996090501475,"{'fraction': 0.048895904541015625, 'border_touch_fraction': 0.0, 'thickness': {'median': 2.0, 'p95': 4.0, 'max': 8.0, 'mean': 2.7299299240112305, 'saturated': 1.747574148634926e-05}, 'components': {'n_components': 5, 'n_components_ge_min_size': 5, 'largest_component_fraction': 0.20282283155694503, 'fragment_fraction': 0.0, 'median_planarity': 0.004303019594064527, 'worst_planarity': 0.004827102696580194}}","{'fraction': 0.6640424499511719, 'border_touch_fraction': 0.02823614665203816, 'skipped': 'fraction 0.66 exceeds sheet_fraction_max'}",1,0.048895904541015625,2.0,4.0,5,0.0,0.004827102696580194
sample_00694,True,True,"[320, 320, 320]",,uint8,NONE,32821210,,"[320, 320, 320]",,uint8,LZW,35729873,,"[320, 320, 320]",uint8,"[0, 1, 2]",0.2335506591796875,0.041087799072265625,0.7253615417480469,3,0.7664493408203125,0.0244634563582928,"{'fraction': 0.041087799072265625, 'border_touch_fraction': 0.0, 'thickness': {'median': 2.0, 'p95': 4.0, 'max': 6.0, 'mean': 2.6633899211883545, 'saturated': 0.00014483442454312168}, 'components': {'n_components': 5, 'n_components_ge_min_size': 5, 'largest_component_fraction': 0.22136493447170716, 'fragment_fraction': 0.0, 'median_planarity': 0.0016398008270414014, 'worst_planarity': 0.002938280464294335}}","{'fraction': 0.7253615417480469, 'border_touch_fraction': 0.025849178541799203, 'skipped': 'fraction 0.73 exceeds sheet_fraction_max'}",1,0.041087799072265625,2.0,4.0,5,0.0,0.002938280464294335
sample_00695,True,True,"[320, 320, 320]",,uint8,NONE,32821210,,"[320, 320, 320]",,uint8,LZW,36889141,,"[320, 320, 320]",uint8,"[0, 1, 2]",0.16453680419921876,0.03781524658203125,0.79764794921875,3,0.8354631958007812,0.022442640315266497,"{'fraction': 0.03781524658203125, 'border_touch_fraction': 0.0, 'thickness': {'median': 2.0, 'p95': 4.0, 'max': 6.0, 'mean': 2.7101199626922607, 'saturated': 0.0003179650238473768}, 'components': {'n_components': 5, 'n_components_ge_min_size': 5, 'largest_component_fraction': 0.25415654531808607, 'fragment_fraction': 0.0, 'median_planarity': 0.0027592985516570836, 'worst_planarity': 0.0059306338652715855}}","{'fraction': 0.79764794921875, 'border_touch_fraction': 0.023506610928247906, 'skipped': 'fraction 0.80 exceeds sheet_fraction_max'}",1,0.03781524658203125,2.0,4.0,5,0.0,0.0059306338652715855
sample_00696,True,True,"[320, 320, 320]",,uint8,NONE,32821210,,"[320, 320, 320]",,uint8,LZW,36053428,,"[320, 320, 320]",uint8,"[0, 1, 2]",0.3581786804199219,0.04642559814453125,0.5953957214355469,3,0.6418213195800782,0.02921373819783283,"{'fraction': 0.04642559814453125, 'border_touch_fraction': 0.0, 'thickness': {'median': 2.0, 'p95': 4.0, 'max': 6.0, 'mean': 2.688159942626953, 'saturated': 0.00039835033005231144}, 'components': {'n_components': 5, 'n_components_ge_min_size': 5, 'largest_component_fraction': 0.20223181359833928, 'fragment_fraction': 0.0, 'median_planarity': 0.0028981139540213297, 'worst_planarity': 0.004143216808118987}}","{'fraction': 0.5953957214355469, 'border_touch_fraction': 0.031491660629996206, 'skipped': 'fraction 0.60 exceeds sheet_fraction_max'}",1,0.04642559814453125,2.0,4.0,5,0.0,0.004143216808118987
sample_00697,True,True,"[320, 320, 320]",,uint8,NONE,32821210,,"[320, 320, 320]",,uint8,LZW,35604596,,"[320, 320, 320]",uint8,"[0, 1, 2]",0.5884856262207031,0.07900897216796875,0.33250540161132813,3,0.4115143737792969,0.045563414535930616,"{'fraction': 0.07900897216796875, 'border_touch_fraction': 0.0, 'thickness': {'median': 2.0, 'p95': 4.0, 'max': 6.0, 'mean': 2.6658198833465576, 'saturated': 9.19285923414985e-05}, 'components': {'n_components': 11, 'n_components_ge_min_size': 11, 'largest_component_fraction': 0.11600306840646034, 'fragment_fraction': 0.0, 'median_planarity': 0.002892393120768684, 'worst_planarity': 0.004164413487653674}}","{'fraction': 0.33250540161132813, 'border_touch_fraction': 0.05639006136182182, 'skipped': 'fraction 0.33 exceeds sheet_fraction_max'}",1,0.07900897216796875,2.0,4.0,11,0.0,0.004164413487653674
sample_00698,True,True,"[320, 320, 320]",,uint8,NONE,32821210,,"[320, 320, 320]",,uint8,LZW,35790762,,"[320, 320, 320]",uint8,"[0, 1, 2]",0.3494316711425781,0.05466412353515625,0.5959042053222656,3,0.6505683288574219,0.028820954184674487,"{'fraction': 0.05466412353515625, 'border_touch_fraction': 0.0, 'thickness': {'median': 2.0, 'p95': 4.0, 'max': 6.0, 'mean': 2.6650500297546387, 'saturated': 5.694398386810434e-05}, 'components': {'n_components': 6, 'n_components_ge_min_size': 6, 'largest_component_fraction': 0.16720428486730377, 'fragment_fraction': 0.0, 'median_planarity': 0.0030948464481660265, 'worst_planarity': 0.004552290136560576}}","{'fraction': 0.5959042053222656, 'border_touch_fraction': 0.031464788857900376, 'skipped': 'fraction 0.60 exceeds sheet_fraction_max'}",1,0.05466412353515625,2.0,4.0,6,0.0,0.004552290136560576
sample_00699,True,True,"[320, 320, 320]",,uint8,LZW,931161,,"[320, 320, 320]",,uint8,LZW,36622871,,"[320, 320, 320]",uint8,"[0, 1, 2]",0.3466395568847656,0.06221405029296875,0.5911463928222657,3,0.6533604431152343,0.028697788789599294,"{'fraction': 0.06221405029296875, 'border_touch_fraction': 0.0, 'thickness': {'median': 2.0, 'p95': 4.0, 'max': 6.0, 'mean': 2.6895101070404053, 'saturated': 0.0004684518524695506}, 'components': {'n_components': 9, 'n_components_ge_min_size': 9, 'largest_component_fraction': 0.15143503235015673, 'fragment_fraction': 0.0, 'median_planarity': 0.004024573661828614, 'worst_planarity': 0.00643115875665071}}","{'fraction': 0.5911463928222657, 'border_touch_fraction': 0.03171803165453364, 'skipped': 'fraction 0.59 exceeds sheet_fraction_max'}",1,0.06221405029296875,2.0,4.0,9,0.0,0.00643115875665071
sample_00700,True,True,"[320, 320, 320]",,uint8,NONE,32821210,,"[320, 320, 320]",,uint8,LZW,37609690,,"[320, 320, 320]",uint8,"[0, 1, 2]",0.49062295532226563,0.06458334350585937,0.444793701171875,3,0.5093770446777344,0.036809668193552955,"{'fraction': 0.06458334350585937, 'border_touch_fraction': 0.0, 'thickness': {'median': 2.0, 'p95': 4.0, 'max': 8.0, 'mean': 2.7584500312805176, 'saturated': 2.8351810050433143e-06}, 'components': {'n_components': 7, 'n_components_ge_min_size': 7, 'largest_component_fraction': 0.15448003489162757, 'fragment_fraction': 0.0, 'median_planarity': 0.0022535449746911374, 'worst_planarity': 0.003374496889634146}}","{'fraction': 0.444793701171875, 'border_touch_fraction': 0.04215437392795884, 'skipped': 'fraction 0.44 exceeds sheet_fraction_max'}",1,0.06458334350585937,2.0,4.0,7,0.0,0.003374496889634146
sample_00701,True,True,"[320, 320, 320]",,uint8,LZW,703273,,"[320, 320, 320]",,uint8,LZW,36269991,,"[320, 320, 320]",uint8,"[0, 1, 2]",0.1771184997558594,0.020242462158203123,0.8026390380859375,3,0.8228815002441406,0.022785783851547354,"{'fraction': 0.020242462158203123, 'border_touch_fraction': 0.0, 'thickness': {'median': 2.0, 'p95': 4.0, 'max': 6.0, 'mean': 2.746690034866333, 'saturated': 0.00042966659379923265}, 'components': {'n_components': 2, 'n_components_ge_min_size': 2, 'largest_component_fraction': 0.5325981260506102, 'fragment_fraction': 0.0, 'median_planarity': 0.015386793840255514, 'worst_planarity': 0.016062277295426447}}","{'fraction': 0.8026390380859375, 'border_touch_fraction': 0.023360438640903064, 'skipped': 'fraction 0.80 exceeds sheet_fraction_max'}",1,0.020242462158203123,2.0,4.0,2,0.0,0.016062277295426447
sample_00702,True,True,"[320, 320, 320]",,uint8,NONE,32821210,,"[320, 320, 320]",,uint8,LZW,34914237,,"[320, 320, 320]",uint8,"[0, 1, 2]",0.2966326293945313,0.045141998291015624,0.6582253723144531,3,0.7033673706054687,0.026657477704516958,"{'fraction': 0.045141998291015624, 'border_touch_fraction': 0.0, 'thickness': {'median': 2.0, 'p95': 4.0, 'max': 6.0, 'mean': 2.6559200286865234, 'saturated': 7.301179748961103e-05}, 'components': {'n_components': 9, 'n_components_ge_min_size': 9, 'largest_component_fraction': 0.2028112246174148, 'fragment_fraction': 0.0, 'median_planarity': 0.0024187644560100473, 'worst_planarity': 0.006007540443652976}}","{'fraction': 0.6582253723144531, 'border_touch_fraction': 0.028485684066038384, 'skipped': 'fraction 0.66 exceeds sheet_fraction_max'}",1,0.045141998291015624,2.0,4.0,9,0.0,0.006007540443652976
sample_00703,True,True,"[320, 320, 320]",,uint8,NONE,32821210,,"[320, 320, 320]",,uint8,LZW,36067965,,"[320, 320, 320]",uint8,"[0, 1, 2]",0.7012007446289062,0.0971043701171875,0.20169488525390625,3,0.29879925537109375,0.06275116039601047,"{'fraction': 0.0971043701171875, 'border_touch_fraction': 0.0, 'thickness': {'median': 2.0, 'p95': 4.0, 'max': 8.0, 'mean': 2.708669900894165, 'saturated': 1.2571042101677102e-06}, 'components': {'n_components': 12, 'n_components_ge_min_size': 12, 'largest_component_fraction': 0.09852585674794684, 'fragment_fraction': 0.0, 'median_planarity': 0.004840044578235765, 'worst_planarity': 0.007478466455395732}}","{'fraction': 0.20169488525390625, 'border_touch_fraction': 0.09296219870125272, 'thickness': {'median': 8.0, 'p95': 8.0, 'max': 8.0, 'mean': 7.047910213470459, 'saturated': 0.761106213851186}, 'components': {'n_components': 1, 'n_components_ge_min_size': 1, 'largest_component_fraction': 1.0, 'fragment_fraction': 0.0, 'median_planarity': 0.21597880291341232, 'worst_planarity': 0.21597880291341232}}",1,0.0971043701171875,2.0,4.0,12,0.0,0.007478466455395732
sample_00704,True,True,"[320, 320, 320]",,uint8,NONE,32821210,,"[320, 320, 320]",,uint8,LZW,37449952,,"[320, 320, 320]",uint8,"[0, 1, 2]",0.14413140869140625,0.02798382568359375,0.827884765625,3,0.8558685913085937,0.02190756874408943,"{'fraction': 0.02798382568359375, 'border_touch_fraction': 0.0, 'thickness': {'median': 2.0, 'p95': 4.0, 'max': 6.0, 'mean': 2.7660200595855713, 'saturated': 1.0905434614285684e-06}, 'components': {'n_components': 7, 'n_components_ge_min_size': 7, 'largest_component_fraction': 0.35469926082964187, 'fragment_fraction': 0.0, 'median_planarity': 0.0030199769758964923, 'worst_planarity': 0.010855381127251368}}","{'fraction': 0.827884765625, 'border_touch_fraction': 0.022648079513632492, 'skipped': 'fraction 0.83 exceeds sheet_fraction_max'}",1,0.02798382568359375,2.0,4.0,7,0.0,0.010855381127251368
sample_00705,True,True,"[320, 320, 320]",,uint8,NONE,32821210,,"[320, 320, 320]",,uint8,LZW,37751956,,"[320, 320, 320]",uint8,"[0, 1, 2]",0.5362943725585938,0.04847637939453125,0.415229248046875,3,0.46370562744140625,0.04043513576373245,"{'fraction': 0.04847637939453125, 'border_touch_fraction': 0.0, 'thickness': {'median': 2.0, 'p95': 4.0, 'max': 6.0, 'mean': 2.788980007171631, 'saturated': 0.00025118447012667506}, 'components': {'n_components': 6, 'n_components_ge_min_size': 6, 'largest_component_fraction': 0.22120853095486612, 'fragment_fraction': 0.0, 'median_planarity': 0.0034655295419553757, 'worst_planarity': 0.006601869581727706}}","{'fraction': 0.415229248046875, 'border_touch_fraction': 0.04515577861673974, 'skipped': 'fraction 0.42 exceeds sheet_fraction_max'}",1,0.04847637939453125,2.0,4.0,6,0.0,0.006601869581727706
sample_00706,True,True,"[320, 320, 320]",,uint8,NONE,32821210,,"[320, 320, 320]",,uint8,LZW,37673872,,"[320, 320, 320]",uint8,"[0, 1, 2]",0.3987060241699219,0.062819091796875,0.5384748840332031,3,0.6012939758300782,0.031182750457654063,"{'fraction': 0.062819091796875, 'border_touch_fraction': 0.0, 'thickness': {'median': 2.0, 'p95': 4.0, 'max': 6.0, 'mean': 2.7785398960113525, 'saturated': 0.0005329237059232745}, 'components': {'n_components': 10, 'n_components_ge_min_size': 10, 'largest_component_fraction': 0.14728223484009373, 'fragment_fraction': 0.0, 'median_planarity': 0.007280014686858921, 'worst_planarity': 0.013556906246758154}}","{'fraction': 0.5384748840332031, 'border_touch_fraction': 0.034820565556487215, 'skipped': 'fraction 0.54 exceeds sheet_fraction_max'}",1,0.062819091796875,2.0,4.0,10,0.0,0.013556906246758154
sample_00707,True,True,"[320, 320, 320]",,uint8,LZW,1105145,,"[320, 320, 320]",,uint8,LZW,37915180,,"[320, 320, 320]",uint8,"[0, 1, 2]",0.24939974975585938,0.053612579345703126,0.6969876708984375,3,0.7506002502441407,0.02498000765907201,"{'fraction': 0.053612579345703126, 'border_touch_fraction': 0.0, 'thickness': {'median': 2.0, 'p95': 4.0, 'max': 8.0, 'mean': 2.710020065307617, 'saturated': 1.536905367044309e-05}, 'components': {'n_components': 7, 'n_components_ge_min_size': 7, 'largest_component_fraction': 0.1790597212964423, 'fragment_fraction': 0.0, 'median_planarity': 0.0046160899737201725, 'worst_planarity': 0.008317962498701158}}","{'fraction': 0.6969876708984375, 'border_touch_fraction': 0.02690148015937025, 'skipped': 'fraction 0.70 exceeds sheet_fraction_max'}",1,0.053612579345703126,2.0,4.0,7,0.0,0.008317962498701158
sample_00708,True,True,"[320, 320, 320]",,uint8,LZW,1495929,,"[320, 320, 320]",,uint8,LZW,37428517,,"[320, 320, 320]",uint8,"[0, 1, 2]",0.6613880310058594,0.07246258544921876,0.2661493835449219,3,0.33861196899414064,0.05537311647812559,"{'fraction': 0.07246258544921876, 'border_touch_fraction': 0.0, 'thickness': {'median': 2.0, 'p95': 4.0, 'max': 6.0, 'mean': 2.6897199153900146, 'saturated': 8.422989032425981e-07}, 'components': {'n_components': 11, 'n_components_ge_min_size': 11, 'largest_component_fraction': 0.13017392630053057, 'fragment_fraction': 0.0, 'median_planarity': 0.003634563934270656, 'worst_planarity': 0.01093011861440973}}","{'fraction': 0.2661493835449219, 'border_touch_fraction': 0.07044915810160159, 'skipped': 'fraction 0.27 exceeds sheet_fraction_max'}",1,0.07246258544921876,2.0,4.0,11,0.0,0.01093011861440973
sample_00709,True,True,"[320, 320, 320]",,uint8,NONE,32821210,,"[320, 320, 320]",,uint8,LZW,37006694,,"[320, 320, 320]",uint8,"[0, 1, 2]",0.48475177001953124,0.05568264770507812,0.4595655822753906,3,0.5152482299804687,0.036390226902304444,"{'fraction': 0.05568264770507812, 'border_touch_fraction': 0.0, 'thickness': {'median': 2.0, 'p95': 4.0, 'max': 6.0, 'mean': 2.7741000652313232, 'saturated': 0.0004159795331492939}, 'components': {'n_components': 7, 'n_components_ge_min_size': 7, 'largest_component_fraction': 0.20646724859956297, 'fragment_fraction': 0.0, 'median_planarity': 0.004815641108463276, 'worst_planarity': 0.02131692455684256}}","{'fraction': 0.4595655822753906, 'border_touch_fraction': 0.04079939996194978, 'skipped': 'fraction 0.46 exceeds sheet_fraction_max'}",1,0.05568264770507812,2.0,4.0,7,0.0,0.02131692455684256
sample_00710,True,True,"[320, 320, 320]",,uint8,LZW,948025,,"[320, 320, 320]",,uint8,LZW,37722508,,"[320, 320, 320]",uint8,"[0, 1, 2]",0.3057997131347656,0.0413201904296875,0.6528800964355469,3,0.6942002868652344,0.027009496185414213,"{'fraction': 0.0413201904296875, 'border_touch_fraction': 0.0, 'thickness': {'median': 2.0, 'p95': 4.0, 'max': 6.0, 'mean': 2.774669885635376, 'saturated': 0.00046455634499771044}, 'components': {'n_components': 8, 'n_components_ge_min_size': 8, 'largest_component_fraction': 0.2288010162631649, 'fragment_fraction': 0.0, 'median_planarity': 0.008809584421634552, 'worst_planarity': 0.01922731165568819}}","{'fraction': 0.6528800964355469, 'border_touch_fraction': 0.02871890275468219, 'skipped': 'fraction 0.65 exceeds sheet_fraction_max'}",1,0.0413201904296875,2.0,4.0,8,0.0,0.01922731165568819
sample_00711,True,True,"[320, 320, 320]",,uint8,LZW,1148553,,"[320, 320, 320]",,uint8,LZW,37031490,,"[320, 320, 320]",uint8,"[0, 1, 2]",0.3828084411621094,0.04937493896484375,0.5678166198730469,3,0.6171915588378907,0.030379547049062622,"{'fraction': 0.04937493896484375, 'border_touch_fraction': 0.0, 'thickness': {'median': 2.0, 'p95': 4.0, 'max': 6.0, 'mean': 2.777829885482788, 'saturated': 0.00046294064346895207}, 'components': {'n_components': 13, 'n_components_ge_min_size': 13, 'largest_component_fraction': 0.1849636384538648, 'fragment_fraction': 0.0, 'median_planarity': 0.002696470225118762, 'worst_planarity': 0.010801888802490885}}","{'fraction': 0.5678166198730469, 'border_touch_fraction': 0.033021224359709916, 'skipped': 'fraction 0.57 exceeds sheet_fraction_max'}",1,0.04937493896484375,2.0,4.0,13,0.0,0.010801888802490885
sample_00712,True,True,"[320, 320, 320]",,uint8,NONE,32821210,,"[320, 320, 320]",,uint8,LZW,36682804,,"[320, 320, 320]",uint8,"[0, 1, 2]",0.8686877136230469,0.07611038208007813,0.055201904296875,3,0.13131228637695314,0.1427893803187243,"{'fraction': 0.07611038208007813, 'border_touch_fraction': 0.0, 'thickness': {'median': 2.0, 'p95': 4.0, 'max': 6.0, 'mean': 2.667210102081299, 'saturated': 0.00026463671593854814}, 'components': {'n_components': 12, 'n_components_ge_min_size': 12, 'largest_component_fraction': 0.12094739944306, 'fragment_fraction': 0.0, 'median_planarity': 0.00471266171513147, 'worst_planarity': 0.01272553637551557}}","{'fraction': 0.055201904296875, 'border_touch_fraction': 0.3396621953322984, 'thickness': {'median': 4.0, 'p95': 6.0, 'max': 14.0, 'mean': 4.07459020614624, 'saturated': 4.422684835055969e-06}, 'components': {'n_components': 1, 'n_components_ge_min_size': 1, 'largest_component_fraction': 1.0, 'fragment_fraction': 0.0, 'median_planarity': 0.33223717243291884, 'worst_planarity': 0.33223717243291884}}",1,0.07611038208007813,2.0,4.0,12,0.0,0.01272553637551557
sample_00713,True,True,"[320, 320, 320]",,uint8,LZW,1506969,,"[320, 320, 320]",,uint8,LZW,37193175,,"[320, 320, 320]",uint8,"[0, 1, 2]",0.815489013671875,0.08485028076171874,0.09966070556640624,3,0.184510986328125,0.10161996514752758,"{'fraction': 0.08485028076171874, 'border_touch_fraction': 0.0, 'thickness': {'median': 2.0, 'p95': 4.0, 'max': 6.0, 'mean': 2.7005300521850586, 'saturated': 0.00036110249916018495}, 'components': {'n_components': 12, 'n_components_ge_min_size': 12, 'largest_component_fraction': 0.11294847383841167, 'fragment_fraction': 0.0, 'median_planarity': 0.006556754654209856, 'worst_planarity': 0.01765830318268286}}","{'fraction': 0.09966070556640624, 'border_touch_fraction': 0.18813834292500003, 'thickness': {'median': 6.0, 'p95': 48.0, 'max': 48.0, 'mean': 19.931310653686523, 'saturated': 0.25608831478386446}, 'components': {'n_components': 1, 'n_components_ge_min_size': 1, 'largest_component_fraction': 1.0, 'fragment_fraction': 0.0, 'median_planarity': 0.24229442382436556, 'worst_planarity': 0.24229442382436556}}",1,0.08485028076171874,2.0,4.0,12,0.0,0.01765830318268286
sample_00714,True,True,"[320, 320, 320]",,uint8,NONE,32821210,,"[320, 320, 320]",,uint8,LZW,36606963,,"[320, 320, 320]",uint8,"[0, 1, 2]",0.440753662109375,0.05036151123046875,0.5088848266601562,3,0.559246337890625,0.0335272646946989,"{'fraction': 0.05036151123046875, 'border_touch_fraction': 0.0, 'thickness': {'median': 2.0, 'p95': 4.0, 'max': 8.0, 'mean': 2.702270030975342, 'saturated': 1.0301494443858673e-05}, 'components': {'n_components': 6, 'n_components_ge_min_size': 6, 'largest_component_fraction': 0.19020679341140653, 'fragment_fraction': 0.0, 'median_planarity': 0.008863705784295088, 'worst_planarity': 0.01917739215022757}}","{'fraction': 0.5088848266601562, 'border_touch_fraction': 0.03684527228500298, 'skipped': 'fraction 0.51 exceeds sheet_fraction_max'}",1,0.05036151123046875,2.0,4.0,6,0.0,0.01917739215022757
sample_00715,True,True,"[320, 320, 320]",,uint8,LZW,792249,,"[320, 320, 320]",,uint8,LZW,36245327,,"[320, 320, 320]",uint8,"[0, 1, 2]",0.2283134765625,0.02526715087890625,0.7464193725585937,3,0.7716865234375,0.0242974309263269,"{'fraction': 0.02526715087890625, 'border_touch_fraction': 0.0, 'thickness': {'median': 2.0, 'p95': 4.0, 'max': 8.0, 'mean': 2.709019899368286, 'saturated': 8.454575978858728e-06}, 'components': {'n_components': 3, 'n_components_ge_min_size': 3, 'largest_component_fraction': 0.40079038207436646, 'fragment_fraction': 0.0, 'median_planarity': 0.006065765199780891, 'worst_planarity': 0.010822016530993158}}","{'fraction': 0.7464193725585937, 'border_touch_fraction': 0.025119926798963313, 'skipped': 'fraction 0.75 exceeds sheet_fraction_max'}",1,0.02526715087890625,2.0,4.0,3,0.0,0.010822016530993158
sample_00716,True,True,"[320, 320, 320]",,uint8,NONE,32821210,,"[320, 320, 320]",,uint8,LZW,36884746,,"[320, 320, 320]",uint8,"[0, 1, 2]",0.6828372802734375,0.0640625,0.2531002197265625,3,0.3171627197265625,0.059117919080038966,"{'fraction': 0.0640625, 'border_touch_fraction': 0.0, 'thickness': {'median': 2.0, 'p95': 4.0, 'max': 6.0, 'mean': 2.6755800247192383, 'saturated': 0.00023294588414634145}, 'components': {'n_components': 8, 'n_components_ge_min_size': 8, 'largest_component_fraction': 0.1453568025914634, 'fragment_fraction': 0.0, 'median_planarity': 0.005780812721437288, 'worst_planarity': 0.012160199103148537}}","{'fraction': 0.2531002197265625, 'border_touch_fraction': 0.07408132644158355, 'skipped': 'fraction 0.25 exceeds sheet_fraction_max'}",1,0.0640625,2.0,4.0,8,0.0,0.012160199103148537
sample_00718,True,True,"[320, 320, 320]",,uint8,NONE,32821210,,"[320, 320, 320]",,uint8,LZW,37142960,,"[320, 320, 320]",uint8,"[0, 1, 2]",0.41223672485351565,0.05792514038085937,0.529838134765625,3,0.5877632751464844,0.03190059806871578,"{'fraction': 0.05792514038085937, 'border_touch_fraction': 0.0, 'thickness': {'median': 2.0, 'p95': 4.0, 'max': 6.0, 'mean': 2.65474009513855, 'saturated': 2.6342256509303295e-06}, 'components': {'n_components': 11, 'n_components_ge_min_size': 11, 'largest_component_fraction': 0.15841074005408592, 'fragment_fraction': 0.0, 'median_planarity': 0.004220320471237673, 'worst_planarity': 0.01273685155632874}}","{'fraction': 0.529838134765625, 'border_touch_fraction': 0.03538816625249917, 'skipped': 'fraction 0.53 exceeds sheet_fraction_max'}",1,0.05792514038085937,2.0,4.0,11,0.0,0.01273685155632874
sample_00719,True,True,"[320, 320, 320]",,uint8,LZW,1048489,,"[320, 320, 320]",,uint8,LZW,36601527,,"[320, 320, 320]",uint8,"[0, 1, 2]",0.36755575561523435,0.04767657470703125,0.5847676696777344,3,0.6324442443847657,0.02964688218206457,"{'fraction': 0.04767657470703125, 'border_touch_fraction': 0.0, 'thickness': {'median': 2.0, 'p95': 4.0, 'max': 6.0, 'mean': 2.6727099418640137, 'saturated': 0.00028612284975797973}, 'components': {'n_components': 7, 'n_components_ge_min_size': 7, 'largest_component_fraction': 0.20228629439544865, 'fragment_fraction': 0.0, 'median_planarity': 0.004615068637614728, 'worst_planarity': 0.022726437486000884}}","{'fraction': 0.5847676696777344, 'border_touch_fraction': 0.032064016142228126, 'skipped': 'fraction 0.58 exceeds sheet_fraction_max'}",1,0.04767657470703125,2.0,4.0,7,0.0,0.022726437486000884
sample_00720,True,True,"[320, 320, 320]",,uint8,NONE,32821210,,"[320, 320, 320]",,uint8,LZW,36527041,,"[320, 320, 320]",uint8,"[0, 1, 2]",0.368375244140625,0.049082855224609374,0.5825419006347656,3,0.631624755859375,0.029685346918502515,"{'fraction': 0.049082855224609374, 'border_touch_fraction': 0.0, 'thickness': {'median': 2.0, 'p95': 4.0, 'max': 6.0, 'mean': 2.740530014038086, 'saturated': 0.0002555418700069077}, 'components': {'n_components': 11, 'n_components_ge_min_size': 11, 'largest_component_fraction': 0.2205257944958395, 'fragment_fraction': 0.0, 'median_planarity': 0.006194069014049495, 'worst_planarity': 0.017803727720031293}}","{'fraction': 0.5825419006347656, 'border_touch_fraction': 0.03218652594700759, 'skipped': 'fraction 0.58 exceeds sheet_fraction_max'}",1,0.049082855224609374,2.0,4.0,11,0.0,0.017803727720031293
sample_00721,True,True,"[320, 320, 320]",,uint8,NONE,32821210,,"[320, 320, 320]",,uint8,LZW,36452586,,"[320, 320, 320]",uint8,"[0, 1, 2]",0.6456895751953124,0.06816171264648438,0.28614871215820314,3,0.3543104248046875,0.05291969608383913,"{'fraction': 0.06816171264648438, 'border_touch_fraction': 0.0, 'thickness': {'median': 2.0, 'p95': 4.0, 'max': 6.0, 'mean': 2.7755401134490967, 'saturated': 4.4772317097249504e-07}, 'components': {'n_components': 13, 'n_components_ge_min_size': 13, 'largest_component_fraction': 0.1697524493815376, 'fragment_fraction': 0.0, 'median_planarity': 0.005552305377297772, 'worst_planarity': 0.014851434144613275}}","{'fraction': 0.28614871215820314, 'border_touch_fraction': 0.06552536916410681, 'skipped': 'fraction 0.29 exceeds sheet_fraction_max'}",1,0.06816171264648438,2.0,4.0,13,0.0,0.014851434144613275
sample_00722,True,True,"[320, 320, 320]",,uint8,NONE,32821210,,"[320, 320, 320]",,uint8,LZW,34269566,,"[320, 320, 320]",uint8,"[0, 1, 2]",0.2780957946777344,0.0360333251953125,0.6858708801269531,3,0.7219042053222656,0.025972975170064014,"{'fraction': 0.0360333251953125, 'border_touch_fraction': 0.0, 'thickness': {'median': 2.0, 'p95': 4.0, 'max': 6.0, 'mean': 2.6981699466705322, 'saturated': 0.00037095380862848723}, 'components': {'n_components': 4, 'n_components_ge_min_size': 4, 'largest_component_fraction': 0.2639700526788285, 'fragment_fraction': 0.0, 'median_planarity': 0.006773733782075624, 'worst_planarity': 0.007492531777026191}}","{'fraction': 0.6858708801269531, 'border_touch_fraction': 0.027337507019585695, 'skipped': 'fraction 0.69 exceeds sheet_fraction_max'}",1,0.0360333251953125,2.0,4.0,4,0.0,0.007492531777026191
sample_00723,True,True,"[320, 320, 320]",,uint8,NONE,32821210,,"[320, 320, 320]",,uint8,LZW,35065378,,"[320, 320, 320]",uint8,"[0, 1, 2]",0.4367383117675781,0.04551327514648437,0.5177484130859376,3,0.5632616882324218,0.03328825729092209,"{'fraction': 0.04551327514648437, 'border_touch_fraction': 0.0, 'thickness': {'median': 2.0, 'p95': 4.0, 'max': 8.0, 'mean': 2.77167010307312, 'saturated': 2.0115611122323703e-06}, 'components': {'n_components': 6, 'n_components_ge_min_size': 6, 'largest_component_fraction': 0.23303600225026636, 'fragment_fraction': 0.0, 'median_planarity': 0.0062379563783475445, 'worst_planarity': 0.010702404330017816}}","{'fraction': 0.5177484130859376, 'border_touch_fraction': 0.03621450018213347, 'skipped': 'fraction 0.52 exceeds sheet_fraction_max'}",1,0.04551327514648437,2.0,4.0,6,0.0,0.010702404330017816
sample_00724,True,True,"[320, 320, 320]",,uint8,LZW,1270761,,"[320, 320, 320]",,uint8,LZW,36637601,,"[320, 320, 320]",uint8,"[0, 1, 2]",0.6437055053710937,0.062069580078125,0.29422491455078126,3,0.3562944946289063,0.052625006231232424,"{'fraction': 0.062069580078125, 'border_touch_fraction': 0.0, 'thickness': {'median': 2.0, 'p95': 4.0, 'max': 8.0, 'mean': 2.761590003967285, 'saturated': 9.833344477790409e-07}, 'components': {'n_components': 8, 'n_components_ge_min_size': 8, 'largest_component_fraction': 0.168083323827767, 'fragment_fraction': 0.0, 'median_planarity': 0.004562548000024596, 'worst_planarity': 0.013246072865573518}}","{'fraction': 0.29422491455078126, 'border_touch_fraction': 0.06372675824760542, 'skipped': 'fraction 0.29 exceeds sheet_fraction_max'}",1,0.062069580078125,2.0,4.0,8,0.0,0.013246072865573518
sample_00725,True,True,"[320, 320, 320]",,uint8,LZW,760873,,"[320, 320, 320]",,uint8,LZW,37147271,,"[320, 320, 320]",uint8,"[0, 1, 2]",0.2578263854980469,0.030925811767578124,0.711247802734375,3,0.7421736145019531,0.02526363054900904,"{'fraction': 0.030925811767578124, 'border_touch_fraction': 0.0, 'thickness': {'median': 2.0, 'p95': 4.0, 'max': 8.0, 'mean': 2.7702701091766357, 'saturated': 4.933997909958485e-06}, 'components': {'n_components': 7, 'n_components_ge_min_size': 7, 'largest_component_fraction': 0.28560249541878296, 'fragment_fraction': 0.0, 'median_planarity': 0.004482604515761494, 'worst_planarity': 0.023667789015931768}}","{'fraction': 0.711247802734375, 'border_touch_fraction': 0.02636212010485808, 'skipped': 'fraction 0.71 exceeds sheet_fraction_max'}",1,0.030925811767578124,2.0,4.0,7,0.0,0.023667789015931768
sample_00726,True,True,"[320, 320, 320]",,uint8,NONE,32821210,,"[320, 320, 320]",,uint8,LZW,36571945,,"[320, 320, 320]",uint8,"[0, 1, 2]",0.4012869262695313,0.05907794189453125,0.5396351318359375,3,0.5987130737304688,0.03131717148445126,"{'fraction': 0.05907794189453125, 'border_touch_fraction': 0.0, 'thickness': {'median': 2.0, 'p95': 4.0, 'max': 8.0, 'mean': 2.7347400188446045, 'saturated': 9.814728912021804e-06}, 'components': {'n_components': 10, 'n_components_ge_min_size': 10, 'largest_component_fraction': 0.17049630501284696, 'fragment_fraction': 0.0, 'median_planarity': 0.0034545150803626133, 'worst_planarity': 0.012013174745544798}}","{'fraction': 0.5396351318359375, 'border_touch_fraction': 0.03474569925832862, 'skipped': 'fraction 0.54 exceeds sheet_fraction_max'}",1,0.05907794189453125,2.0,4.0,10,0.0,0.012013174745544798
sample_00727,True,True,"[320, 320, 320]",,uint8,NONE,32821210,,"[320, 320, 320]",,uint8,LZW,34274285,,"[320, 320, 320]",uint8,"[0, 1, 2]",0.8606199951171875,0.0841781005859375,0.055201904296875,3,0.1393800048828125,0.13452431728471073,"{'fraction': 0.0841781005859375, 'border_touch_fraction': 0.0, 'thickness': {'median': 2.0, 'p95': 4.0, 'max': 6.0, 'mean': 2.6693499088287354, 'saturated': 0.00019214399343375093}, 'components': {'n_components': 13, 'n_components_ge_min_size': 13, 'largest_component_fraction': 0.10946262038002456, 'fragment_fraction': 0.0, 'median_planarity': 0.005956667456705846, 'worst_planarity': 0.03718360321808145}}","{'fraction': 0.055201904296875, 'border_touch_fraction': 0.3396621953322984, 'thickness': {'median': 4.0, 'p95': 6.0, 'max': 14.0, 'mean': 4.07459020614624, 'saturated': 4.422684835055969e-06}, 'components': {'n_components': 1, 'n_components_ge_min_size': 1, 'largest_component_fraction': 1.0, 'fragment_fraction': 0.0, 'median_planarity': 0.33223717243291884, 'worst_planarity': 0.33223717243291884}}",1,0.0841781005859375,2.0,4.0,13,0.0,0.03718360321808145
sample_00728,True,True,"[320, 320, 320]",,uint8,NONE,32821210,,"[320, 320, 320]",,uint8,LZW,34510923,,"[320, 320, 320]",uint8,"[0, 1, 2]",0.7099699401855468,0.07315673828125,0.21687332153320313,3,0.2900300598144531,0.06464847130671669,"{'fraction': 0.07315673828125, 'border_touch_fraction': 0.0, 'thickness': {'median': 2.0, 'p95': 4.0, 'max': 8.0, 'mean': 2.671109914779663, 'saturated': 8.760220256966461e-06}, 'components': {'n_components': 9, 'n_components_ge_min_size': 9, 'largest_component_fraction': 0.12607959285833473, 'fragment_fraction': 0.0, 'median_planarity': 0.003992570073630854, 'worst_planarity': 0.011486117974263266}}","{'fraction': 0.21687332153320313, 'border_touch_fraction': 0.08645600052346407, 'thickness': {'median': 8.0, 'p95': 8.0, 'max': 8.0, 'mean': 7.13031005859375, 'saturated': 0.7809763026973174}, 'components': {'n_components': 1, 'n_components_ge_min_size': 1, 'largest_component_fraction': 1.0, 'fragment_fraction': 0.0, 'median_planarity': 0.2631956409032056, 'worst_planarity': 0.2631956409032056}}",1,0.07315673828125,2.0,4.0,9,0.0,0.011486117974263266
sample_00729,True,True,"[320, 320, 320]",,uint8,LZW,903433,,"[320, 320, 320]",,uint8,LZW,35011942,,"[320, 320, 320]",uint8,"[0, 1, 2]",0.4664735107421875,0.05164776611328125,0.48187872314453123,3,0.5335264892578125,0.03514352216341326,"{'fraction': 0.05164776611328125, 'border_touch_fraction': 0.0, 'thickness': {'median': 2.0, 'p95': 4.0, 'max': 6.0, 'mean': 2.7114999294281006, 'saturated': 0.0002824401410073541}, 'components': {'n_components': 7, 'n_components_ge_min_size': 7, 'largest_component_fraction': 0.19218810749742674, 'fragment_fraction': 0.0, 'median_planarity': 0.00586079894563541, 'worst_planarity': 0.01067875247484089}}","{'fraction': 0.48187872314453123, 'border_touch_fraction': 0.03891020520193472, 'skipped': 'fraction 0.48 exceeds sheet_fraction_max'}",1,0.05164776611328125,2.0,4.0,7,0.0,0.01067875247484089
sample_00730,True,True,"[320, 320, 320]",,uint8,NONE,32821210,,"[320, 320, 320]",,uint8,LZW,36898165,,"[320, 320, 320]",uint8,"[0, 1, 2]",0.4987835693359375,0.038792724609375,0.4624237060546875,3,0.5012164306640625,0.03740898911705287,"{'fraction': 0.038792724609375, 'border_touch_fraction': 0.0, 'thickness': {'median': 2.0, 'p95': 4.0, 'max': 6.0, 'mean': 2.7552199363708496, 'saturated': 0.0003791812203027156}, 'components': {'n_components': 4, 'n_components_ge_min_size': 4, 'largest_component_fraction': 0.2861748324365147, 'fragment_fraction': 0.0, 'median_planarity': 0.014567127679453055, 'worst_planarity': 0.02946987602691104}}","{'fraction': 0.4624237060546875, 'border_touch_fraction': 0.040547229206676035, 'skipped': 'fraction 0.46 exceeds sheet_fraction_max'}",1,0.038792724609375,2.0,4.0,4,0.0,0.02946987602691104
sample_00731,True,True,"[320, 320, 320]",,uint8,NONE,32821210,,"[320, 320, 320]",,uint8,LZW,34503325,,"[320, 320, 320]",uint8,"[0, 1, 2]",0.45773025512695314,0.04004946899414062,0.5022202758789063,3,0.5422697448730469,0.03457688756799376,"{'fraction': 0.04004946899414062, 'border_touch_fraction': 0.0, 'thickness': {'median': 2.0, 'p95': 4.0, 'max': 6.0, 'mean': 2.6956100463867188, 'saturated': 0.0008252428294170494}, 'components': {'n_components': 6, 'n_components_ge_min_size': 6, 'largest_component_fraction': 0.25388218458464684, 'fragment_fraction': 0.0, 'median_planarity': 0.011431686978245117, 'worst_planarity': 0.028978620529545213}}","{'fraction': 0.5022202758789063, 'border_touch_fraction': 0.03733421548380683, 'skipped': 'fraction 0.50 exceeds sheet_fraction_max'}",1,0.04004946899414062,2.0,4.0,6,0.0,0.028978620529545213
sample_00732,True,True,"[320, 320, 320]",,uint8,NONE,32821210,,"[320, 320, 320]",,uint8,LZW,35217215,,"[320, 320, 320]",uint8,"[0, 1, 2]",0.582299072265625,0.051737335205078124,0.3659635925292969,3,0.417700927734375,0.04488857638334844,"{'fraction': 0.051737335205078124, 'border_touch_fraction': 0.0, 'thickness': {'median': 2.0, 'p95': 4.0, 'max': 6.0, 'mean': 2.687299966812134, 'saturated': 2.9492800512466903e-06}, 'components': {'n_components': 6, 'n_components_ge_min_size': 6, 'largest_component_fraction': 0.19626632942632374, 'fragment_fraction': 0.0, 'median_planarity': 0.009371690710171346, 'worst_planarity': 0.013616958164774045}}","{'fraction': 0.3659635925292969, 'border_touch_fraction': 0.051234604705928465, 'skipped': 'fraction 0.37 exceeds sheet_fraction_max'}",1,0.051737335205078124,2.0,4.0,6,0.0,0.013616958164774045
sample_00733,True,True,"[320, 320, 320]",,uint8,NONE,32821210,,"[320, 320, 320]",,uint8,LZW,36618574,,"[320, 320, 320]",uint8,"[0, 1, 2]",0.24968087768554686,0.03441485595703125,0.7159042663574219,3,0.7503191223144531,0.024989367113773246,"{'fraction': 0.03441485595703125, 'border_touch_fraction': 0.0, 'thickness': {'median': 2.0, 'p95': 4.0, 'max': 6.0, 'mean': 2.696239948272705, 'saturated': 0.0001675968736532394}, 'components': {'n_components': 5, 'n_components_ge_min_size': 5, 'largest_component_fraction': 0.2792607293035596, 'fragment_fraction': 0.0, 'median_planarity': 0.001568277830408813, 'worst_planarity': 0.004210345919632931}}","{'fraction': 0.7159042663574219, 'border_touch_fraction': 0.026190652690759198, 'skipped': 'fraction 0.72 exceeds sheet_fraction_max'}",1,0.03441485595703125,2.0,4.0,5,0.0,0.004210345919632931
sample_00734,True,True,"[320, 320, 320]",,uint8,LZW,697017,,"[320, 320, 320]",,uint8,LZW,36166268,,"[320, 320, 320]",uint8,"[0, 1, 2]",0.3166337585449219,0.043944183349609374,0.6394220581054687,3,0.6833662414550781,0.027437703039114133,"{'fraction': 0.043944183349609374, 'border_touch_fraction': 0.0, 'thickness': {'median': 2.0, 'p95': 4.0, 'max': 6.0, 'mean': 2.6767499446868896, 'saturated': 7.708531399765132e-05}, 'components': {'n_components': 5, 'n_components_ge_min_size': 5, 'largest_component_fraction': 0.21188599984860723, 'fragment_fraction': 0.0, 'median_planarity': 0.003993262950710432, 'worst_planarity': 0.0062228984659200275}}","{'fraction': 0.6394220581054687, 'border_touch_fraction': 0.029323354992716412, 'skipped': 'fraction 0.64 exceeds sheet_fraction_max'}",1,0.043944183349609374,2.0,4.0,5,0.0,0.0062228984659200275
sample_00735,True,True,"[320, 320, 320]",,uint8,LZW,912265,,"[320, 320, 320]",,uint8,LZW,37104746,,"[320, 320, 320]",uint8,"[0, 1, 2]",0.2605198669433594,0.04833935546875,0.6911407775878906,3,0.7394801330566406,0.025355650763052805,"{'fraction': 0.04833935546875, 'border_touch_fraction': 0.0, 'thickness': {'median': 2.0, 'p95': 4.0, 'max': 6.0, 'mean': 2.7367498874664307, 'saturated': 0.0004747522702249518}, 'components': {'n_components': 5, 'n_components_ge_min_size': 5, 'largest_component_fraction': 0.20452479317972908, 'fragment_fraction': 0.0, 'median_planarity': 0.0031794878783528565, 'worst_planarity': 0.003935238985614917}}","{'fraction': 0.6911407775878906, 'border_touch_fraction': 0.027129060544565552, 'skipped': 'fraction 0.69 exceeds sheet_fraction_max'}",1,0.04833935546875,2.0,4.0,5,0.0,0.003935238985614917
sample_00736,True,True,"[320, 320, 320]",,uint8,LZW,615305,,"[320, 320, 320]",,uint8,LZW,37349303,,"[320, 320, 320]",uint8,"[0, 1, 2]",0.1605140380859375,0.0236474609375,0.8158385009765625,3,0.8394859619140626,0.022335096536038827,"{'fraction': 0.0236474609375, 'border_touch_fraction': 0.0, 'thickness': {'median': 2.0, 'p95': 4.0, 'max': 6.0, 'mean': 2.7630200386047363, 'saturated': 0.00020003097253768325}, 'components': {'n_components': 3, 'n_components_ge_min_size': 3, 'largest_component_fraction': 0.3923394590130085, 'fragment_fraction': 0.0, 'median_planarity': 0.006134673562987798, 'worst_planarity': 0.006253952140267225}}","{'fraction': 0.8158385009765625, 'border_touch_fraction': 0.022982489766732218, 'skipped': 'fraction 0.82 exceeds sheet_fraction_max'}",1,0.0236474609375,2.0,4.0,3,0.0,0.006253952140267225
sample_00737,True,True,"[320, 320, 320]",,uint8,LZW,673993,,"[320, 320, 320]",,uint8,LZW,36129591,,"[320, 320, 320]",uint8,"[0, 1, 2]",0.3265660400390625,0.0383843994140625,0.635049560546875,3,0.6734339599609375,0.027842373736375863,"{'fraction': 0.0383843994140625, 'border_touch_fraction': 0.0, 'thickness': {'median': 2.0, 'p95': 4.0, 'max': 6.0, 'mean': 2.6819798946380615, 'saturated': 0.00026475218241663886}, 'components': {'n_components': 5, 'n_components_ge_min_size': 5, 'largest_component_fraction': 0.2484854267041931, 'fragment_fraction': 0.0, 'median_planarity': 0.004461181026744269, 'worst_planarity': 0.009679498649013941}}","{'fraction': 0.635049560546875, 'border_touch_fraction': 0.02952525466493257, 'skipped': 'fraction 0.64 exceeds sheet_fraction_max'}",1,0.0383843994140625,2.0,4.0,5,0.0,0.009679498649013941
sample_00738,True,True,"[320, 320, 320]",,uint8,NONE,32821210,,"[320, 320, 320]",,uint8,LZW,36377063,,"[320, 320, 320]",uint8,"[0, 1, 2]",0.21835675048828124,0.03805905151367187,0.7435841979980469,3,0.7816432495117187,0.023987925452836515,"{'fraction': 0.03805905151367187, 'border_touch_fraction': 0.0, 'thickness': {'median': 2.0, 'p95': 4.0, 'max': 6.0, 'mean': 2.6693100929260254, 'saturated': 0.00012348460732295794}, 'components': {'n_components': 5, 'n_components_ge_min_size': 5, 'largest_component_fraction': 0.24549702153523442, 'fragment_fraction': 0.0, 'median_planarity': 0.002426849213117135, 'worst_planarity': 0.0035407137023650156}}","{'fraction': 0.7435841979980469, 'border_touch_fraction': 0.025215705296697616, 'skipped': 'fraction 0.74 exceeds sheet_fraction_max'}",1,0.03805905151367187,2.0,4.0,5,0.0,0.0035407137023650156
sample_00739,True,True,"[320, 320, 320]",,uint8,NONE,32821210,,"[320, 320, 320]",,uint8,LZW,36843893,,"[320, 320, 320]",uint8,"[0, 1, 2]",0.3386716918945312,0.0459686279296875,0.6153596801757812,3,0.6613283081054687,0.02835202995273831,"{'fraction': 0.0459686279296875, 'border_touch_fraction': 0.0, 'thickness': {'median': 2.0, 'p95': 4.0, 'max': 6.0, 'mean': 2.7520198822021484, 'saturated': 0.0005204806479452964}, 'components': {'n_components': 5, 'n_components_ge_min_size': 5, 'largest_component_fraction': 0.22209320852419837, 'fragment_fraction': 0.0, 'median_planarity': 0.005987313828636822, 'worst_planarity': 0.015125944812799094}}","{'fraction': 0.6153596801757812, 'border_touch_fraction': 0.03046998463507383, 'skipped': 'fraction 0.62 exceeds sheet_fraction_max'}",1,0.0459686279296875,2.0,4.0,5,0.0,0.015125944812799094
sample_00740,True,True,"[320, 320, 320]",,uint8,NONE,32821210,,"[320, 320, 320]",,uint8,LZW,36002522,,"[320, 320, 320]",uint8,"[0, 1, 2]",0.4700917663574219,0.06475637817382812,0.46515185546875,3,0.5299082336425781,0.03538348493117929,"{'fraction': 0.06475637817382812, 'border_touch_fraction': 0.0, 'thickness': {'median': 2.0, 'p95': 4.0, 'max': 6.0, 'mean': 2.6875500679016113, 'saturated': 0.0001197019515659513}, 'components': {'n_components': 9, 'n_components_ge_min_size': 9, 'largest_component_fraction': 0.1442088054452135, 'fragment_fraction': 0.0, 'median_planarity': 0.0029175869584237408, 'worst_planarity': 0.003480083298646435}}","{'fraction': 0.46515185546875, 'border_touch_fraction': 0.040309416762628975, 'skipped': 'fraction 0.47 exceeds sheet_fraction_max'}",1,0.06475637817382812,2.0,4.0,9,0.0,0.003480083298646435
sample_00741,True,True,"[320, 320, 320]",,uint8,NONE,32821210,,"[320, 320, 320]",,uint8,LZW,35632740,,"[320, 320, 320]",uint8,"[0, 1, 2]",0.448643798828125,0.0716884765625,0.479667724609375,3,0.551356201171875,0.03400705380686385,"{'fraction': 0.0716884765625, 'border_touch_fraction': 0.0, 'thickness': {'median': 2.0, 'p95': 4.0, 'max': 6.0, 'mean': 2.665679931640625, 'saturated': 7.449699628110995e-05}, 'components': {'n_components': 8, 'n_components_ge_min_size': 8, 'largest_component_fraction': 0.127672100832323, 'fragment_fraction': 0.0, 'median_planarity': 0.0017244954388307956, 'worst_planarity': 0.0051940782495741656}}","{'fraction': 0.479667724609375, 'border_touch_fraction': 0.039089559372103594, 'skipped': 'fraction 0.48 exceeds sheet_fraction_max'}",1,0.0716884765625,2.0,4.0,8,0.0,0.0051940782495741656
sample_00742,True,True,"[320, 320, 320]",,uint8,LZW,645929,,"[320, 320, 320]",,uint8,LZW,35692437,,"[320, 320, 320]",uint8,"[0, 1, 2]",0.3242251586914062,0.04562277221679688,0.6301520690917969,3,0.6757748413085938,0.02774592786510349,"{'fraction': 0.04562277221679688, 'border_touch_fraction': 0.0, 'thickness': {'median': 2.0, 'p95': 4.0, 'max': 6.0, 'mean': 2.6710500717163086, 'saturated': 6.689110863316716e-07}, 'components': {'n_components': 5, 'n_components_ge_min_size': 5, 'largest_component_fraction': 0.20069138649883242, 'fragment_fraction': 0.0, 'median_planarity': 0.0017333757875282667, 'worst_planarity': 0.0020580912450035216}}","{'fraction': 0.6301520690917969, 'border_touch_fraction': 0.02975472258152438, 'skipped': 'fraction 0.63 exceeds sheet_fraction_max'}",1,0.04562277221679688,2.0,4.0,5,0.0,0.0020580912450035216
sample_00743,True,True,"[320, 320, 320]",,uint8,NONE,32821210,,"[320, 320, 320]",,uint8,LZW,36286865,,"[320, 320, 320]",uint8,"[0, 1, 2]",0.3356524963378906,0.05214859008789063,0.6121989135742187,3,0.6643475036621094,0.02822318123669258,"{'fraction': 0.05214859008789063, 'border_touch_fraction': 0.0, 'thickness': {'median': 2.0, 'p95': 4.0, 'max': 6.0, 'mean': 2.693819999694824, 'saturated': 0.00034000368678696515}, 'components': {'n_components': 6, 'n_components_ge_min_size': 6, 'largest_component_fraction': 0.18184696322868907, 'fragment_fraction': 0.0, 'median_planarity': 0.0021122733049323272, 'worst_planarity': 0.003630729000403178}}","{'fraction': 0.6121989135742187, 'border_touch_fraction': 0.030627300350030563, 'skipped': 'fraction 0.61 exceeds sheet_fraction_max'}",1,0.05214859008789063,2.0,4.0,6,0.0,0.003630729000403178
sample_00744,True,True,"[320, 320, 320]",,uint8,LZW,1262089,,"[320, 320, 320]",,uint8,LZW,36303031,,"[320, 320, 320]",uint8,"[0, 1, 2]",0.47746075439453123,0.05618209838867187,0.4663571472167969,3,0.5225392456054687,0.03588247228832407,"{'fraction': 0.05618209838867187, 'border_touch_fraction': 0.0, 'thickness': {'median': 2.0, 'p95': 4.0, 'max': 6.0, 'mean': 2.7696900367736816, 'saturated': 0.00042042939203411236}, 'components': {'n_components': 10, 'n_components_ge_min_size': 10, 'largest_component_fraction': 0.18582653213650374, 'fragment_fraction': 0.0, 'median_planarity': 0.007704020901169596, 'worst_planarity': 0.027064452000940892}}","{'fraction': 0.4663571472167969, 'border_touch_fraction': 0.04020523779232149, 'skipped': 'fraction 0.47 exceeds sheet_fraction_max'}",1,0.05618209838867187,2.0,4.0,10,0.0,0.027064452000940892
sample_00745,True,True,"[320, 320, 320]",,uint8,LZW,1146825,,"[320, 320, 320]",,uint8,LZW,36141988,,"[320, 320, 320]",uint8,"[0, 1, 2]",0.5905545043945313,0.06171194458007812,0.3477335510253906,3,0.4094454956054687,0.0457936409149486,"{'fraction': 0.06171194458007812, 'border_touch_fraction': 0.0, 'thickness': {'median': 2.0, 'p95': 4.0, 'max': 8.0, 'mean': 2.7325398921966553, 'saturated': 1.4835496595995307e-06}, 'components': {'n_components': 9, 'n_components_ge_min_size': 9, 'largest_component_fraction': 0.1762991073481698, 'fragment_fraction': 0.0, 'median_planarity': 0.0051310282385672625, 'worst_planarity': 0.02274747270981012}}","{'fraction': 0.3477335510253906, 'border_touch_fraction': 0.05392059507835907, 'skipped': 'fraction 0.35 exceeds sheet_fraction_max'}",1,0.06171194458007812,2.0,4.0,9,0.0,0.02274747270981012
sample_00746,True,True,"[320, 320, 320]",,uint8,NONE,32821210,,"[320, 320, 320]",,uint8,LZW,35491885,,"[320, 320, 320]",uint8,"[0, 1, 2]",0.6992171630859375,0.09736114501953125,0.20342169189453124,3,0.3007828369140625,0.06233733344751022,"{'fraction': 0.09736114501953125, 'border_touch_fraction': 0.0, 'thickness': {'median': 2.0, 'p95': 4.0, 'max': 6.0, 'mean': 2.6679201126098633, 'saturated': 1.2537887930088736e-06}, 'components': {'n_components': 13, 'n_components_ge_min_size': 13, 'largest_component_fraction': 0.09475571492604214, 'fragment_fraction': 0.0, 'median_planarity': 0.004466387223212848, 'worst_planarity': 0.00907134248268402}}","{'fraction': 0.20342169189453124, 'border_touch_fraction': 0.09217306092273275, 'thickness': {'median': 8.0, 'p95': 8.0, 'max': 8.0, 'mean': 6.708930015563965, 'saturated': 0.6756288366061471}, 'components': {'n_components': 1, 'n_components_ge_min_size': 1, 'largest_component_fraction': 1.0, 'fragment_fraction': 0.0, 'median_planarity': 0.1622493079081124, 'worst_planarity': 0.1622493079081124}}",1,0.09736114501953125,2.0,4.0,13,0.0,0.00907134248268402
sample_00747,True,True,"[320, 320, 320]",,uint8,NONE,32821210,,"[320, 320, 320]",,uint8,LZW,36299674,,"[320, 320, 320]",uint8,"[0, 1, 2]",0.3874546203613281,0.07193905639648437,0.5406063232421875,3,0.6125453796386718,0.03060997702906558,"{'fraction': 0.07193905639648437, 'border_touch_fraction': 0.0, 'thickness': {'median': 2.0, 'p95': 4.0, 'max': 6.0, 'mean': 2.698280096054077, 'saturated': 4.242143232572533e-07}, 'components': {'n_components': 15, 'n_components_ge_min_size': 15, 'largest_component_fraction': 0.13369835561801877, 'fragment_fraction': 0.0, 'median_planarity': 0.0028919699206132513, 'worst_planarity': 0.005488494545139927}}","{'fraction': 0.5406063232421875, 'border_touch_fraction': 0.03468327911436608, 'skipped': 'fraction 0.54 exceeds sheet_fraction_max'}",1,0.07193905639648437,2.0,4.0,15,0.0,0.005488494545139927
sample_00748,True,True,"[320, 320, 320]",,uint8,NONE,32821210,,"[320, 320, 320]",,uint8,LZW,37473423,,"[320, 320, 320]",uint8,"[0, 1, 2]",0.3724953918457031,0.06182730102539063,0.5656773071289063,3,0.6275046081542969,0.029880258656824987,"{'fraction': 0.06182730102539063, 'border_touch_fraction': 0.0, 'thickness': {'median': 2.0, 'p95': 4.0, 'max': 6.0, 'mean': 2.7687199115753174, 'saturated': 4.935938916768718e-07}, 'components': {'n_components': 7, 'n_components_ge_min_size': 7, 'largest_component_fraction': 0.16464465928941235, 'fragment_fraction': 0.0, 'median_planarity': 0.0013457345558228464, 'worst_planarity': 0.003728879173628024}}","{'fraction': 0.5656773071289063, 'border_touch_fraction': 0.0331461060284804, 'skipped': 'fraction 0.57 exceeds sheet_fraction_max'}",1,0.06182730102539063,2.0,4.0,7,0.0,0.003728879173628024
sample_00749,True,True,"[320, 320, 320]",,uint8,LZW,1520249,,"[320, 320, 320]",,uint8,LZW,37399315,,"[320, 320, 320]",uint8,"[0, 1, 2]",0.6091947937011719,0.08583843994140625,0.30496676635742187,3,0.39080520629882814,0.04797786646082413,"{'fraction': 0.08583843994140625, 'border_touch_fraction': 0.0, 'thickness': {'median': 2.0, 'p95': 4.0, 'max': 6.0, 'mean': 2.7947399616241455, 'saturated': 3.5552344783795525e-07}, 'components': {'n_components': 11, 'n_components_ge_min_size': 11, 'largest_component_fraction': 0.12472118073603308, 'fragment_fraction': 0.0, 'median_planarity': 0.003968427365193915, 'worst_planarity': 0.01091087199066779}}","{'fraction': 0.30496676635742187, 'border_touch_fraction': 0.06148210909652021, 'skipped': 'fraction 0.30 exceeds sheet_fraction_max'}",1,0.08583843994140625,2.0,4.0,11,0.0,0.01091087199066779
sample_00750,True,True,"[320, 320, 320]",,uint8,NONE,32821210,,"[320, 320, 320]",,uint8,LZW,37689688,,"[320, 320, 320]",uint8,"[0, 1, 2]",0.3892843017578125,0.06530282592773437,0.5454128723144531,3,0.6107156982421875,0.03070168337569806,"{'fraction': 0.06530282592773437, 'border_touch_fraction': 0.0, 'thickness': {'median': 2.0, 'p95': 4.0, 'max': 6.0, 'mean': 2.695189952850342, 'saturated': 0.0002729172186931471}, 'components': {'n_components': 7, 'n_components_ge_min_size': 7, 'largest_component_fraction': 0.1461485725821941, 'fragment_fraction': 0.0, 'median_planarity': 0.004841923515247935, 'worst_planarity': 0.016456691444014567}}","{'fraction': 0.5454128723144531, 'border_touch_fraction': 0.03437762647668104, 'skipped': 'fraction 0.55 exceeds sheet_fraction_max'}",1,0.06530282592773437,2.0,4.0,7,0.0,0.016456691444014567
sample_00751,True,True,"[320, 320, 320]",,uint8,NONE,32821210,,"[320, 320, 320]",,uint8,LZW,37287665,,"[320, 320, 320]",uint8,"[0, 1, 2]",0.363186767578125,0.043836212158203124,0.5929770202636718,3,0.636813232421875,0.029443483654841094,"{'fraction': 0.043836212158203124, 'border_touch_fraction': 0.0, 'thickness': {'median': 2.0, 'p95': 4.0, 'max': 6.0, 'mean': 2.6963400840759277, 'saturated': 0.00031884713785961677}, 'components': {'n_components': 5, 'n_components_ge_min_size': 5, 'largest_component_fraction': 0.21868110064918111, 'fragment_fraction': 0.0, 'median_planarity': 0.0067644876662878006, 'worst_planarity': 0.01198249938635526}}","{'fraction': 0.5929770202636718, 'border_touch_fraction': 0.03162011234712378, 'skipped': 'fraction 0.59 exceeds sheet_fraction_max'}",1,0.043836212158203124,2.0,4.0,5,0.0,0.01198249938635526
sample_00752,True,True,"[320, 320, 320]",,uint8,NONE,32821210,,"[320, 320, 320]",,uint8,LZW,37664132,,"[320, 320, 320]",uint8,"[0, 1, 2]",0.4991553649902344,0.0846734619140625,0.4161711730957031,3,0.5008446350097656,0.03743675920504651,"{'fraction': 0.0846734619140625, 'border_touch_fraction': 0.0, 'thickness': {'median': 2.0, 'p95': 4.0, 'max': 8.0, 'mean': 2.7866098880767822, 'saturated': 6.1270534639476965e-06}, 'components': {'n_components': 12, 'n_components_ge_min_size': 12, 'largest_component_fraction': 0.12450208680232684, 'fragment_fraction': 0.0, 'median_planarity': 0.006273321181197632, 'worst_planarity': 0.013055273043110233}}","{'fraction': 0.4161711730957031, 'border_touch_fraction': 0.04505357701862794, 'skipped': 'fraction 0.42 exceeds sheet_fraction_max'}",1,0.0846734619140625,2.0,4.0,12,0.0,0.013055273043110233
sample_00753,True,True,"[320, 320, 320]",,uint8,NONE,32821210,,"[320, 320, 320]",,uint8,LZW,37169055,,"[320, 320, 320]",uint8,"[0, 1, 2]",0.5106350402832032,0.07856967163085937,0.4107952880859375,3,0.4893649597167969,0.03831496233578088,"{'fraction': 0.07856967163085937, 'border_touch_fraction': 0.0, 'thickness': {'median': 2.0, 'p95': 4.0, 'max': 6.0, 'mean': 2.6877799034118652, 'saturated': 3.8841422512721534e-07}, 'components': {'n_components': 9, 'n_components_ge_min_size': 9, 'largest_component_fraction': 0.12396667250582719, 'fragment_fraction': 0.0, 'median_planarity': 0.006100730828220161, 'worst_planarity': 0.015010253305219365}}","{'fraction': 0.4107952880859375, 'border_touch_fraction': 0.0456431720221619, 'skipped': 'fraction 0.41 exceeds sheet_fraction_max'}",1,0.07856967163085937,2.0,4.0,9,0.0,0.015010253305219365
sample_00754,True,True,"[320, 320, 320]",,uint8,NONE,32821210,,"[320, 320, 320]",,uint8,LZW,37350600,,"[320, 320, 320]",uint8,"[0, 1, 2]",0.5191981811523437,0.06424813842773437,0.41655368041992186,3,0.48080181884765627,0.038997356634253924,"{'fraction': 0.06424813842773437, 'border_touch_fraction': 0.0, 'thickness': {'median': 2.0, 'p95': 4.0, 'max': 6.0, 'mean': 2.6740000247955322, 'saturated': 0.00033012188860119995}, 'components': {'n_components': 7, 'n_components_ge_min_size': 7, 'largest_component_fraction': 0.1440105677003994, 'fragment_fraction': 0.0, 'median_planarity': 0.0059824651064110425, 'worst_planarity': 0.015573257132346932}}","{'fraction': 0.41655368041992186, 'border_touch_fraction': 0.04501220582446514, 'skipped': 'fraction 0.42 exceeds sheet_fraction_max'}",1,0.06424813842773437,2.0,4.0,7,0.0,0.015573257132346932
sample_00755,True,True,"[320, 320, 320]",,uint8,NONE,32821210,,"[320, 320, 320]",,uint8,LZW,37411574,,"[320, 320, 320]",uint8,"[0, 1, 2]",0.3973518371582031,0.054553466796875,0.5480946960449219,3,0.6026481628417969,0.031112680924113467,"{'fraction': 0.054553466796875, 'border_touch_fraction': 0.0, 'thickness': {'median': 2.0, 'p95': 4.0, 'max': 8.0, 'mean': 2.6766700744628906, 'saturated': 5.594067603188171e-07}, 'components': {'n_components': 6, 'n_components_ge_min_size': 6, 'largest_component_fraction': 0.16893972280276212, 'fragment_fraction': 0.0, 'median_planarity': 0.0055805277742180335, 'worst_planarity': 0.006658606626982736}}","{'fraction': 0.5480946960449219, 'border_touch_fraction': 0.03420941697721382, 'skipped': 'fraction 0.55 exceeds sheet_fraction_max'}",1,0.054553466796875,2.0,4.0,6,0.0,0.006658606626982736
sample_00756,True,True,"[320, 320, 320]",,uint8,LZW,1310985,,"[320, 320, 320]",,uint8,LZW,37254953,,"[320, 320, 320]",uint8,"[0, 1, 2]",0.629424560546875,0.07139828491210938,0.2991771545410156,3,0.370575439453125,0.050596985131206286,"{'fraction': 0.07139828491210938, 'border_touch_fraction': 0.0, 'thickness': {'median': 2.0, 'p95': 4.0, 'max': 6.0, 'mean': 2.7107999324798584, 'saturated': 0.0006710609045473566}, 'components': {'n_components': 8, 'n_components_ge_min_size': 8, 'largest_component_fraction': 0.13501873627691136, 'fragment_fraction': 0.0, 'median_planarity': 0.0062020293477224025, 'worst_planarity': 0.014519896963570724}}","{'fraction': 0.2991771545410156, 'border_touch_fraction': 0.06267189762121182, 'skipped': 'fraction 0.30 exceeds sheet_fraction_max'}",1,0.07139828491210938,2.0,4.0,8,0.0,0.014519896963570724
sample_00757,True,True,"[320, 320, 320]",,uint8,LZW,1207769,,"[320, 320, 320]",,uint8,LZW,37282741,,"[320, 320, 320]",uint8,"[0, 1, 2]",0.5306809387207031,0.05838168334960937,0.4109373779296875,3,0.4693190612792969,0.039951498984273456,"{'fraction': 0.05838168334960937, 'border_touch_fraction': 0.0, 'thickness': {'median': 2.0, 'p95': 4.0, 'max': 6.0, 'mean': 2.731519937515259, 'saturated': 0.00041086202092887225}, 'components': {'n_components': 10, 'n_components_ge_min_size': 10, 'largest_component_fraction': 0.17260752588404596, 'fragment_fraction': 0.0, 'median_planarity': 0.003275706357475013, 'worst_planarity': 0.010804941951456816}}","{'fraction': 0.4109373779296875, 'border_touch_fraction': 0.045627389979619175, 'skipped': 'fraction 0.41 exceeds sheet_fraction_max'}",1,0.05838168334960937,2.0,4.0,10,0.0,0.010804941951456816
sample_00758,True,True,"[320, 320, 320]",,uint8,LZW,893289,,"[320, 320, 320]",,uint8,LZW,36085573,,"[320, 320, 320]",uint8,"[0, 1, 2]",0.26508990478515626,0.03726272583007813,0.6976473693847656,3,0.7349100952148437,0.025513324857129118,"{'fraction': 0.03726272583007813, 'border_touch_fraction': 0.0, 'thickness': {'median': 2.0, 'p95': 4.0, 'max': 6.0, 'mean': 2.6928598880767822, 'saturated': 0.0003161278434102496}, 'components': {'n_components': 4, 'n_components_ge_min_size': 4, 'largest_component_fraction': 0.2551037038553674, 'fragment_fraction': 0.0, 'median_planarity': 0.010075980119708576, 'worst_planarity': 0.016737796333670098}}","{'fraction': 0.6976473693847656, 'border_touch_fraction': 0.026876041998889877, 'skipped': 'fraction 0.70 exceeds sheet_fraction_max'}",1,0.03726272583007813,2.0,4.0,4,0.0,0.016737796333670098
sample_00759,True,True,"[320, 320, 320]",,uint8,NONE,32821210,,"[320, 320, 320]",,uint8,LZW,37523648,,"[320, 320, 320]",uint8,"[0, 1, 2]",0.8482119445800781,0.09658615112304687,0.055201904296875,3,0.15178805541992188,0.12352750648348514,"{'fraction': 0.09658615112304687, 'border_touch_fraction': 0.0, 'thickness': {'median': 2.0, 'p95': 4.0, 'max': 6.0, 'mean': 2.660640001296997, 'saturated': 0.00021295855997042592}, 'components': {'n_components': 15, 'n_components_ge_min_size': 15, 'largest_component_fraction': 0.09494855344580537, 'fragment_fraction': 0.0, 'median_planarity': 0.006704017002040695, 'worst_planarity': 0.01865272997253277}}","{'fraction': 0.055201904296875, 'border_touch_fraction': 0.3396621953322984, 'thickness': {'median': 4.0, 'p95': 6.0, 'max': 14.0, 'mean': 4.07459020614624, 'saturated': 4.422684835055969e-06}, 'components': {'n_components': 1, 'n_components_ge_min_size': 1, 'largest_component_fraction': 1.0, 'fragment_fraction': 0.0, 'median_planarity': 0.33223717243291884, 'worst_planarity': 0.33223717243291884}}",1,0.09658615112304687,2.0,4.0,15,0.0,0.01865272997253277
sample_00760,True,True,"[320, 320, 320]",,uint8,NONE,32821210,,"[320, 320, 320]",,uint8,LZW,36697331,,"[320, 320, 320]",uint8,"[0, 1, 2]",0.7235500183105469,0.0809168701171875,0.19553311157226563,3,0.2764499816894531,0.06782420416675083,"{'fraction': 0.0809168701171875, 'border_touch_fraction': 0.0, 'thickness': {'median': 2.0, 'p95': 4.0, 'max': 6.0, 'mean': 2.6810100078582764, 'saturated': 7.165798473609496e-06}, 'components': {'n_components': 13, 'n_components_ge_min_size': 13, 'largest_component_fraction': 0.1170389864694639, 'fragment_fraction': 0.0, 'median_planarity': 0.006834531882891012, 'worst_planarity': 0.012669843706588906}}","{'fraction': 0.19553311157226563, 'border_touch_fraction': 0.09589168734253138, 'thickness': {'median': 8.0, 'p95': 8.0, 'max': 8.0, 'mean': 6.617770195007324, 'saturated': 0.6541476822507827}, 'components': {'n_components': 1, 'n_components_ge_min_size': 1, 'largest_component_fraction': 1.0, 'fragment_fraction': 0.0, 'median_planarity': 0.22704530232388398, 'worst_planarity': 0.22704530232388398}}",1,0.0809168701171875,2.0,4.0,13,0.0,0.012669843706588906
sample_00761,True,True,"[320, 320, 320]",,uint8,NONE,32821210,,"[320, 320, 320]",,uint8,LZW,37139970,,"[320, 320, 320]",uint8,"[0, 1, 2]",0.7512908630371093,0.0696942138671875,0.17901492309570313,3,0.24870913696289063,0.07538926888237986,"{'fraction': 0.0696942138671875, 'border_touch_fraction': 0.0, 'thickness': {'median': 2.0, 'p95': 4.0, 'max': 6.0, 'mean': 2.6673600673675537, 'saturated': 1.7515128692408067e-06}, 'components': {'n_components': 11, 'n_components_ge_min_size': 11, 'largest_component_fraction': 0.13264075595295435, 'fragment_fraction': 0.0, 'median_planarity': 0.006489915136980374, 'worst_planarity': 0.018945802547182544}}","{'fraction': 0.17901492309570313, 'border_touch_fraction': 0.10473987126747007, 'thickness': {'median': 8.0, 'p95': 8.0, 'max': 8.0, 'mean': 6.875820159912109, 'saturated': 0.7191360460800882}, 'components': {'n_components': 1, 'n_components_ge_min_size': 1, 'largest_component_fraction': 1.0, 'fragment_fraction': 0.0, 'median_planarity': 0.29011741772496896, 'worst_planarity': 0.29011741772496896}}",1,0.0696942138671875,2.0,4.0,11,0.0,0.018945802547182544
sample_00762,True,True,"[320, 320, 320]",,uint8,NONE,32821210,,"[320, 320, 320]",,uint8,LZW,37565345,,"[320, 320, 320]",uint8,"[0, 1, 2]",0.36113165283203125,0.036020721435546875,0.6028476257324219,3,0.6388683471679687,0.029348769716196824,"{'fraction': 0.036020721435546875, 'border_touch_fraction': 0.0, 'thickness': {'median': 2.0, 'p95': 4.0, 'max': 6.0, 'mean': 2.67576003074646, 'saturated': 0.0004922364734518485}, 'components': {'n_components': 6, 'n_components_ge_min_size': 6, 'largest_component_fraction': 0.2575676062650435, 'fragment_fraction': 0.0, 'median_planarity': 0.005886315054920481, 'worst_planarity': 0.01781983783874789}}","{'fraction': 0.6028476257324219, 'border_touch_fraction': 0.031102386738638858, 'skipped': 'fraction 0.60 exceeds sheet_fraction_max'}",1,0.036020721435546875,2.0,4.0,6,0.0,0.01781983783874789
sample_00763,True,True,"[320, 320, 320]",,uint8,NONE,32821210,,"[320, 320, 320]",,uint8,LZW,35910275,,"[320, 320, 320]",uint8,"[0, 1, 2]",0.26659133911132815,0.03770428466796875,0.6957043762207031,3,0.7334086608886718,0.025565555739798067,"{'fraction': 0.03770428466796875, 'border_touch_fraction': 0.0, 'thickness': {'median': 2.0, 'p95': 4.0, 'max': 6.0, 'mean': 2.75423002243042, 'saturated': 0.00039903067113235675}, 'components': {'n_components': 5, 'n_components_ge_min_size': 5, 'largest_component_fraction': 0.27203531542848447, 'fragment_fraction': 0.0, 'median_planarity': 0.014421942146187227, 'worst_planarity': 0.04704996691013413}}","{'fraction': 0.6957043762207031, 'border_touch_fraction': 0.026951102567237276, 'skipped': 'fraction 0.70 exceeds sheet_fraction_max'}",1,0.03770428466796875,2.0,4.0,5,0.0,0.04704996691013413
sample_00764,True,True,"[320, 320, 320]",,uint8,NONE,32821210,,"[320, 320, 320]",,uint8,LZW,37050012,,"[320, 320, 320]",uint8,"[0, 1, 2]",0.5156185913085938,0.057108612060546876,0.4272727966308594,3,0.4843814086914062,0.03870916526432047,"{'fraction': 0.057108612060546876, 'border_touch_fraction': 0.0, 'thickness': {'median': 2.0, 'p95': 4.0, 'max': 6.0, 'mean': 2.7157299518585205, 'saturated': 0.00021909492421185944}, 'components': {'n_components': 8, 'n_components_ge_min_size': 8, 'largest_component_fraction': 0.1756906165918983, 'fragment_fraction': 0.0, 'median_planarity': 0.006196787200221762, 'worst_planarity': 0.015144323609965336}}","{'fraction': 0.4272727966308594, 'border_touch_fraction': 0.04388297159998929, 'skipped': 'fraction 0.43 exceeds sheet_fraction_max'}",1,0.057108612060546876,2.0,4.0,8,0.0,0.015144323609965336
sample_00766,True,True,"[320, 320, 320]",,uint8,LZW,1240569,,"[320, 320, 320]",,uint8,LZW,35638246,,"[320, 320, 320]",uint8,"[0, 1, 2]",0.7828585510253906,0.07317721557617188,0.1439642333984375,3,0.21714144897460938,0.08634924418410997,"{'fraction': 0.07317721557617188, 'border_touch_fraction': 0.0, 'thickness': {'median': 2.0, 'p95': 4.0, 'max': 6.0, 'mean': 2.7359399795532227, 'saturated': 0.00017432130419025877}, 'components': {'n_components': 13, 'n_components_ge_min_size': 13, 'largest_component_fraction': 0.13449597580520387, 'fragment_fraction': 0.0, 'median_planarity': 0.01038012281556411, 'worst_planarity': 0.035253346997431}}","{'fraction': 0.1439642333984375, 'border_touch_fraction': 0.13024068240690886, 'thickness': {'median': 8.0, 'p95': 8.0, 'max': 8.0, 'mean': 6.600649833679199, 'saturated': 0.6496601956153999}, 'components': {'n_components': 1, 'n_components_ge_min_size': 1, 'largest_component_fraction': 1.0, 'fragment_fraction': 0.0, 'median_planarity': 0.23995584749566634, 'worst_planarity': 0.23995584749566634}}",1,0.07317721557617188,2.0,4.0,13,0.0,0.035253346997431
sample_00767,True,True,"[320, 320, 320]",,uint8,LZW,1137481,,"[320, 320, 320]",,uint8,LZW,36608867,,"[320, 320, 320]",uint8,"[0, 1, 2]",0.4869461669921875,0.05627471923828125,0.45677911376953123,3,0.5130538330078125,0.03654587256482788,"{'fraction': 0.05627471923828125, 'border_touch_fraction': 0.0, 'thickness': {'median': 2.0, 'p95': 4.0, 'max': 6.0, 'mean': 2.7947800159454346, 'saturated': 0.0003091089527714058}, 'components': {'n_components': 6, 'n_components_ge_min_size': 6, 'largest_component_fraction': 0.18939593603071567, 'fragment_fraction': 0.0, 'median_planarity': 0.008713870809664003, 'worst_planarity': 0.013683710369323674}}","{'fraction': 0.45677911376953123, 'border_touch_fraction': 0.04104828665493744, 'skipped': 'fraction 0.46 exceeds sheet_fraction_max'}",1,0.05627471923828125,2.0,4.0,6,0.0,0.013683710369323674
sample_00768,True,True,"[320, 320, 320]",,uint8,NONE,32821210,,"[320, 320, 320]",,uint8,LZW,35594199,,"[320, 320, 320]",uint8,"[0, 1, 2]",0.6207588195800782,0.07932107543945313,0.2999201049804687,3,0.3792411804199219,0.049440833348421476,"{'fraction': 0.07932107543945313, 'border_touch_fraction': 0.0, 'thickness': {'median': 2.0, 'p95': 4.0, 'max': 8.0, 'mean': 2.7043800354003906, 'saturated': 2.308408802270551e-06}, 'components': {'n_components': 13, 'n_components_ge_min_size': 13, 'largest_component_fraction': 0.1190838848827309, 'fragment_fraction': 0.0, 'median_planarity': 0.006875403698473147, 'worst_planarity': 0.017108446534711306}}","{'fraction': 0.2999201049804687, 'border_touch_fraction': 0.06251664922970412, 'skipped': 'fraction 0.30 exceeds sheet_fraction_max'}",1,0.07932107543945313,2.0,4.0,13,0.0,0.017108446534711306
sample_00769,True,True,"[320, 320, 320]",,uint8,NONE,32821210,,"[320, 320, 320]",,uint8,LZW,34576556,,"[320, 320, 320]",uint8,"[0, 1, 2]",0.7564015197753906,0.076454833984375,0.16714364624023437,3,0.24359848022460937,0.07697092355712404,"{'fraction': 0.076454833984375, 'border_touch_fraction': 0.0, 'thickness': {'median': 2.0, 'p95': 4.0, 'max': 6.0, 'mean': 2.674999952316284, 'saturated': 0.00017044057491561793}, 'components': {'n_components': 10, 'n_components_ge_min_size': 10, 'largest_component_fraction': 0.12058650717367216, 'fragment_fraction': 0.0, 'median_planarity': 0.005030062217225465, 'worst_planarity': 0.01220867129674813}}","{'fraction': 0.16714364624023437, 'border_touch_fraction': 0.11217895757192443, 'thickness': {'median': 8.0, 'p95': 8.0, 'max': 8.0, 'mean': 6.7936201095581055, 'saturated': 0.698310724392332}, 'components': {'n_components': 1, 'n_components_ge_min_size': 1, 'largest_component_fraction': 1.0, 'fragment_fraction': 0.0, 'median_planarity': 0.302960112704076, 'worst_planarity': 0.302960112704076}}",1,0.076454833984375,2.0,4.0,10,0.0,0.01220867129674813
sample_00770,True,True,"[320, 320, 320]",,uint8,NONE,32821210,,"[320, 320, 320]",,uint8,LZW,34373976,,"[320, 320, 320]",uint8,"[0, 1, 2]",0.8658105163574219,0.06919354248046874,0.06499594116210937,3,0.13418948364257813,0.13972779006991165,"{'fraction': 0.06919354248046874, 'border_touch_fraction': 0.0, 'thickness': {'median': 2.0, 'p95': 4.0, 'max': 6.0, 'mean': 2.675450086593628, 'saturated': 0.00011511316815255273}, 'components': {'n_components': 11, 'n_components_ge_min_size': 11, 'largest_component_fraction': 0.1350572963665697, 'fragment_fraction': 0.0, 'median_planarity': 0.005148567819411421, 'worst_planarity': 0.013316964048556857}}","{'fraction': 0.06499594116210937, 'border_touch_fraction': 0.28847955218057014, 'thickness': {'median': 4.0, 'p95': 32.0, 'max': 48.0, 'mean': 7.653079986572266, 'saturated': 0.01592882292924128}, 'components': {'n_components': 1, 'n_components_ge_min_size': 1, 'largest_component_fraction': 1.0, 'fragment_fraction': 0.0, 'median_planarity': 0.2835406490904768, 'worst_planarity': 0.2835406490904768}}",1,0.06919354248046874,2.0,4.0,11,0.0,0.013316964048556857
sample_00771,True,True,"[320, 320, 320]",,uint8,NONE,32821210,,"[320, 320, 320]",,uint8,LZW,35417069,,"[320, 320, 320]",uint8,"[0, 1, 2]",0.5111706848144532,0.05383102416992187,0.434998291015625,3,0.4888293151855469,0.0383569467246108,"{'fraction': 0.05383102416992187, 'border_touch_fraction': 0.0, 'thickness': {'median': 2.0, 'p95': 4.0, 'max': 6.0, 'mean': 2.7547500133514404, 'saturated': 0.0004110128774586365}, 'components': {'n_components': 7, 'n_components_ge_min_size': 7, 'largest_component_fraction': 0.1900738972807955, 'fragment_fraction': 0.0, 'median_planarity': 0.003160316863147366, 'worst_planarity': 0.013694690896672938}}","{'fraction': 0.434998291015625, 'border_touch_fraction': 0.043103617617032214, 'skipped': 'fraction 0.43 exceeds sheet_fraction_max'}",1,0.05383102416992187,2.0,4.0,7,0.0,0.013694690896672938
sample_00772,True,True,"[320, 320, 320]",,uint8,LZW,894345,,"[320, 320, 320]",,uint8,LZW,35638087,,"[320, 320, 320]",uint8,"[0, 1, 2]",0.3189136047363281,0.046327392578125,0.6347590026855469,3,0.6810863952636719,0.027529547103552453,"{'fraction': 0.046327392578125, 'border_touch_fraction': 0.0, 'thickness': {'median': 2.0, 'p95': 4.0, 'max': 6.0, 'mean': 2.7271599769592285, 'saturated': 1.3174744541703336e-06}, 'components': {'n_components': 5, 'n_components_ge_min_size': 5, 'largest_component_fraction': 0.22582631997765562, 'fragment_fraction': 0.0, 'median_planarity': 0.019801317989442194, 'worst_planarity': 0.02322863369762208}}","{'fraction': 0.6347590026855469, 'border_touch_fraction': 0.029538769707357044, 'skipped': 'fraction 0.63 exceeds sheet_fraction_max'}",1,0.046327392578125,2.0,4.0,5,0.0,0.02322863369762208
sample_00773,True,True,"[320, 320, 320]",,uint8,NONE,32821210,,"[320, 320, 320]",,uint8,LZW,35242339,,"[320, 320, 320]",uint8,"[0, 1, 2]",0.3014598693847656,0.047929656982421874,0.6506104736328125,3,0.6985401306152343,0.026841693380573666,"{'fraction': 0.047929656982421874, 'border_touch_fraction': 0.0, 'thickness': {'median': 2.0, 'p95': 4.0, 'max': 8.0, 'mean': 2.664989948272705, 'saturated': 1.273431943658277e-06}, 'components': {'n_components': 7, 'n_components_ge_min_size': 7, 'largest_component_fraction': 0.1943365387737742, 'fragment_fraction': 0.0, 'median_planarity': 0.010557025880262631, 'worst_planarity': 0.016499529367970556}}","{'fraction': 0.6506104736328125, 'border_touch_fraction': 0.02881908724171878, 'skipped': 'fraction 0.65 exceeds sheet_fraction_max'}",1,0.047929656982421874,2.0,4.0,7,0.0,0.016499529367970556
sample_00774,True,True,"[320, 320, 320]",,uint8,NONE,32821210,,"[320, 320, 320]",,uint8,LZW,34814402,,"[320, 320, 320]",uint8,"[0, 1, 2]",0.5170401306152344,0.057927703857421874,0.42503216552734374,3,0.48295986938476565,0.03882310143881169,"{'fraction': 0.057927703857421874, 'border_touch_fraction': 0.0, 'thickness': {'median': 2.0, 'p95': 4.0, 'max': 6.0, 'mean': 2.6821699142456055, 'saturated': 0.0002997616131283997}, 'components': {'n_components': 8, 'n_components_ge_min_size': 8, 'largest_component_fraction': 0.16791391731531602, 'fragment_fraction': 0.0, 'median_planarity': 0.014429951238495813, 'worst_planarity': 0.02407378741666757}}","{'fraction': 0.42503216552734374, 'border_touch_fraction': 0.04411430832943336, 'skipped': 'fraction 0.43 exceeds sheet_fraction_max'}",1,0.057927703857421874,2.0,4.0,8,0.0,0.02407378741666757
sample_00775,True,True,"[320, 320, 320]",,uint8,NONE,32821210,,"[320, 320, 320]",,uint8,LZW,35019911,,"[320, 320, 320]",uint8,"[0, 1, 2]",0.6989041137695312,0.05001669311523437,0.25107919311523436,3,0.30109588623046873,0.06227252133776458,"{'fraction': 0.05001669311523437, 'border_touch_fraction': 0.0, 'thickness': {'median': 2.0, 'p95': 4.0, 'max': 8.0, 'mean': 2.7425999641418457, 'saturated': 1.9524731428166987e-05}, 'components': {'n_components': 6, 'n_components_ge_min_size': 6, 'largest_component_fraction': 0.20395534449863234, 'fragment_fraction': 0.0, 'median_planarity': 0.008346164693227508, 'worst_planarity': 0.020049447891329827}}","{'fraction': 0.25107919311523436, 'border_touch_fraction': 0.07467763364762196, 'skipped': 'fraction 0.25 exceeds sheet_fraction_max'}",1,0.05001669311523437,2.0,4.0,6,0.0,0.020049447891329827
sample_00776,True,True,"[320, 320, 320]",,uint8,LZW,759465,,"[320, 320, 320]",,uint8,LZW,36180474,,"[320, 320, 320]",uint8,"[0, 1, 2]",0.4090381469726562,0.049793487548828126,0.5411683654785157,3,0.5909618530273437,0.031727936251635586,"{'fraction': 0.049793487548828126, 'border_touch_fraction': 0.0, 'thickness': {'median': 2.0, 'p95': 4.0, 'max': 6.0, 'mean': 2.671799898147583, 'saturated': 8.702937486554881e-05}, 'components': {'n_components': 9, 'n_components_ge_min_size': 9, 'largest_component_fraction': 0.1853186347665192, 'fragment_fraction': 0.0, 'median_planarity': 0.0024171760178383246, 'worst_planarity': 0.004367747266175158}}","{'fraction': 0.5411683654785157, 'border_touch_fraction': 0.03464725803663846, 'skipped': 'fraction 0.54 exceeds sheet_fraction_max'}",1,0.049793487548828126,2.0,4.0,9,0.0,0.004367747266175158
sample_00777,True,True,"[320, 320, 320]",,uint8,LZW,669033,,"[320, 320, 320]",,uint8,LZW,36224888,,"[320, 320, 320]",uint8,"[0, 1, 2]",0.3012633056640625,0.045777587890625,0.6529591064453125,3,0.6987366943359375,0.02683414246309126,"{'fraction': 0.045777587890625, 'border_touch_fraction': 0.0, 'thickness': {'median': 2.0, 'p95': 4.0, 'max': 6.0, 'mean': 2.670870065689087, 'saturated': 8.533105783845764e-05}, 'components': {'n_components': 5, 'n_components_ge_min_size': 5, 'largest_component_fraction': 0.20130063198314713, 'fragment_fraction': 0.0, 'median_planarity': 0.002712133923343573, 'worst_planarity': 0.004132243411614549}}","{'fraction': 0.6529591064453125, 'border_touch_fraction': 0.028715427681335774, 'skipped': 'fraction 0.65 exceeds sheet_fraction_max'}",1,0.045777587890625,2.0,4.0,5,0.0,0.004132243411614549
sample_00778,True,True,"[320, 320, 320]",,uint8,NONE,32821210,,"[320, 320, 320]",,uint8,LZW,36831112,,"[320, 320, 320]",uint8,"[0, 1, 2]",0.6600931701660157,0.09173605346679688,0.2481707763671875,3,0.33990682983398435,0.05516217490880599,"{'fraction': 0.09173605346679688, 'border_touch_fraction': 0.0, 'thickness': {'median': 2.0, 'p95': 4.0, 'max': 6.0, 'mean': 2.721790075302124, 'saturated': 7.651346121283151e-06}, 'components': {'n_components': 14, 'n_components_ge_min_size': 14, 'largest_component_fraction': 0.10651272601826942, 'fragment_fraction': 0.0, 'median_planarity': 0.00371719897466767, 'worst_planarity': 0.011457558818849295}}","{'fraction': 0.2481707763671875, 'border_touch_fraction': 0.075552811956626, 'thickness': {'median': 8.0, 'p95': 8.0, 'max': 8.0, 'mean': 7.247550010681152, 'saturated': 0.8112012208468703}, 'components': {'n_components': 1, 'n_components_ge_min_size': 1, 'largest_component_fraction': 1.0, 'fragment_fraction': 0.0, 'median_planarity': 0.27750282094859197, 'worst_planarity': 0.27750282094859197}}",1,0.09173605346679688,2.0,4.0,14,0.0,0.011457558818849295
sample_00779,True,True,"[320, 320, 320]",,uint8,LZW,850857,,"[320, 320, 320]",,uint8,LZW,37557877,,"[320, 320, 320]",uint8,"[0, 1, 2]",0.193947265625,0.037938629150390625,0.7681141052246093,3,0.806052734375,0.02326150535862699,"{'fraction': 0.037938629150390625, 'border_touch_fraction': 0.0, 'thickness': {'median': 2.0, 'p95': 4.0, 'max': 6.0, 'mean': 2.71382999420166, 'saturated': 0.0004593085596292712}, 'components': {'n_components': 4, 'n_components_ge_min_size': 4, 'largest_component_fraction': 0.2515394076287049, 'fragment_fraction': 0.0, 'median_planarity': 0.0033861829725655573, 'worst_planarity': 0.0039217371574473475}}","{'fraction': 0.7681141052246093, 'border_touch_fraction': 0.024410435731442776, 'skipped': 'fraction 0.77 exceeds sheet_fraction_max'}",1,0.037938629150390625,2.0,4.0,4,0.0,0.0039217371574473475
sample_00780,True,True,"[320, 320, 320]",,uint8,LZW,1377433,,"[320, 320, 320]",,uint8,LZW,37016634,,"[320, 320, 320]",uint8,"[0, 1, 2]",0.6645070190429687,0.07666595458984375,0.2588270263671875,3,0.33549298095703123,0.055887905453382444,"{'fraction': 0.07666595458984375, 'border_touch_fraction': 0.0, 'thickness': {'median': 2.0, 'p95': 4.0, 'max': 6.0, 'mean': 2.7682700157165527, 'saturated': 0.0004999621843889197}, 'components': {'n_components': 9, 'n_components_ge_min_size': 9, 'largest_component_fraction': 0.15277228235125528, 'fragment_fraction': 0.0, 'median_planarity': 0.006028003751651614, 'worst_planarity': 0.024431094805589148}}","{'fraction': 0.2588270263671875, 'border_touch_fraction': 0.0724422030541746, 'skipped': 'fraction 0.26 exceeds sheet_fraction_max'}",1,0.07666595458984375,2.0,4.0,9,0.0,0.024431094805589148
sample_00781,True,True,"[320, 320, 320]",,uint8,NONE,32821210,,"[320, 320, 320]",,uint8,LZW,36507716,,"[320, 320, 320]",uint8,"[0, 1, 2]",0.4365693359375,0.05413580322265625,0.5092948608398438,3,0.5634306640625,0.03327827396685692,"{'fraction': 0.05413580322265625, 'border_touch_fraction': 0.0, 'thickness': {'median': 2.0, 'p95': 4.0, 'max': 6.0, 'mean': 2.7098100185394287, 'saturated': 0.0002277439481555559}, 'components': {'n_components': 8, 'n_components_ge_min_size': 8, 'largest_component_fraction': 0.1843987503396429, 'fragment_fraction': 0.0, 'median_planarity': 0.0024089712251095935, 'worst_planarity': 0.005045102748693428}}","{'fraction': 0.5092948608398438, 'border_touch_fraction': 0.03681560809209942, 'skipped': 'fraction 0.51 exceeds sheet_fraction_max'}",1,0.05413580322265625,2.0,4.0,8,0.0,0.005045102748693428
sample_00782,True,True,"[320, 320, 320]",,uint8,NONE,32821210,,"[320, 320, 320]",,uint8,LZW,35839296,,"[320, 320, 320]",uint8,"[0, 1, 2]",0.5180191955566407,0.080611083984375,0.4013697204589844,3,0.4819808044433594,0.03890196420094865,"{'fraction': 0.080611083984375, 'border_touch_fraction': 0.0, 'thickness': {'median': 2.0, 'p95': 4.0, 'max': 6.0, 'mean': 2.6594600677490234, 'saturated': 7.230838656139171e-05}, 'components': {'n_components': 14, 'n_components_ge_min_size': 14, 'largest_component_fraction': 0.11368279105829192, 'fragment_fraction': 0.0, 'median_planarity': 0.0020698194785709863, 'worst_planarity': 0.004117448202957308}}","{'fraction': 0.4013697204589844, 'border_touch_fraction': 0.04671503365664587, 'skipped': 'fraction 0.40 exceeds sheet_fraction_max'}",1,0.080611083984375,2.0,4.0,14,0.0,0.004117448202957308
sample_00783,True,True,"[320, 320, 320]",,uint8,LZW,916105,,"[320, 320, 320]",,uint8,LZW,36833509,,"[320, 320, 320]",uint8,"[0, 1, 2]",0.26960800170898436,0.04913653564453125,0.6812554626464844,3,0.7303919982910156,0.02567114651292948,"{'fraction': 0.04913653564453125, 'border_touch_fraction': 0.0, 'thickness': {'median': 2.0, 'p95': 4.0, 'max': 6.0, 'mean': 2.7042300701141357, 'saturated': 0.00035649826781590776}, 'components': {'n_components': 9, 'n_components_ge_min_size': 9, 'largest_component_fraction': 0.19627465520903592, 'fragment_fraction': 0.0, 'median_planarity': 0.0028032339212702446, 'worst_planarity': 0.008489141908960322}}","{'fraction': 0.6812554626464844, 'border_touch_fraction': 0.027522715087173855, 'skipped': 'fraction 0.68 exceeds sheet_fraction_max'}",1,0.04913653564453125,2.0,4.0,9,0.0,0.008489141908960322
sample_00784,True,True,"[320, 320, 320]",,uint8,LZW,961769,,"[320, 320, 320]",,uint8,LZW,37178121,,"[320, 320, 320]",uint8,"[0, 1, 2]",0.38453390502929685,0.03824432373046875,0.5772217712402343,3,0.6154660949707031,0.03046471633972383,"{'fraction': 0.03824432373046875, 'border_touch_fraction': 0.0, 'thickness': {'median': 2.0, 'p95': 4.0, 'max': 6.0, 'mean': 2.769659996032715, 'saturated': 0.0006208156783887519}, 'components': {'n_components': 6, 'n_components_ge_min_size': 6, 'largest_component_fraction': 0.27314613107350044, 'fragment_fraction': 0.0, 'median_planarity': 0.008955541792500445, 'worst_planarity': 0.026632634787081746}}","{'fraction': 0.5772217712402343, 'border_touch_fraction': 0.032483182260629635, 'skipped': 'fraction 0.58 exceeds sheet_fraction_max'}",1,0.03824432373046875,2.0,4.0,6,0.0,0.026632634787081746
sample_00785,True,True,"[320, 320, 320]",,uint8,NONE,32821210,,"[320, 320, 320]",,uint8,LZW,37178137,,"[320, 320, 320]",uint8,"[0, 1, 2]",0.48586572265625,0.061408447265625,0.452725830078125,3,0.51413427734375,0.036469072042562445,"{'fraction': 0.061408447265625, 'border_touch_fraction': 0.0, 'thickness': {'median': 2.0, 'p95': 4.0, 'max': 6.0, 'mean': 2.699970006942749, 'saturated': 0.00023754716155989966}, 'components': {'n_components': 7, 'n_components_ge_min_size': 7, 'largest_component_fraction': 0.15361846944089946, 'fragment_fraction': 0.0, 'median_planarity': 0.003335555740427003, 'worst_planarity': 0.016707511058362157}}","{'fraction': 0.452725830078125, 'border_touch_fraction': 0.04141579462511426, 'skipped': 'fraction 0.45 exceeds sheet_fraction_max'}",1,0.061408447265625,2.0,4.0,7,0.0,0.016707511058362157
sample_00786,True,True,"[320, 320, 320]",,uint8,NONE,32821210,,"[320, 320, 320]",,uint8,LZW,37815913,,"[320, 320, 320]",uint8,"[0, 1, 2]",0.651195556640625,0.08821475219726563,0.2605896911621094,3,0.348804443359375,0.05375504915997237,"{'fraction': 0.08821475219726563, 'border_touch_fraction': 0.0, 'thickness': {'median': 2.0, 'p95': 4.0, 'max': 6.0, 'mean': 2.682029962539673, 'saturated': 1.0378392739829954e-06}, 'components': {'n_components': 10, 'n_components_ge_min_size': 10, 'largest_component_fraction': 0.10825459304419362, 'fragment_fraction': 0.0, 'median_planarity': 0.009884039985468636, 'worst_planarity': 0.01635369330058692}}","{'fraction': 0.2605896911621094, 'border_touch_fraction': 0.07195219395051156, 'skipped': 'fraction 0.26 exceeds sheet_fraction_max'}",1,0.08821475219726563,2.0,4.0,10,0.0,0.01635369330058692
sample_00787,True,True,"[320, 320, 320]",,uint8,NONE,32821210,,"[320, 320, 320]",,uint8,LZW,37365727,,"[320, 320, 320]",uint8,"[0, 1, 2]",0.6250870056152343,0.06429690551757812,0.3106160888671875,3,0.3749129943847656,0.050011603440869946,"{'fraction': 0.06429690551757812, 'border_touch_fraction': 0.0, 'thickness': {'median': 2.0, 'p95': 4.0, 'max': 6.0, 'mean': 2.7186200618743896, 'saturated': 4.746352546726654e-07}, 'components': {'n_components': 9, 'n_components_ge_min_size': 9, 'largest_component_fraction': 0.15093828270319967, 'fragment_fraction': 0.0, 'median_planarity': 0.005089785081172845, 'worst_planarity': 0.020652329636939342}}","{'fraction': 0.3106160888671875, 'border_touch_fraction': 0.060363904742928756, 'skipped': 'fraction 0.31 exceeds sheet_fraction_max'}",1,0.06429690551757812,2.0,4.0,9,0.0,0.020652329636939342
sample_00788,True,True,"[320, 320, 320]",,uint8,NONE,32821210,,"[320, 320, 320]",,uint8,LZW,37767435,,"[320, 320, 320]",uint8,"[0, 1, 2]",0.3749028015136719,0.038099151611328125,0.586998046875,3,0.6250971984863282,0.029995335198114943,"{'fraction': 0.038099151611328125, 'border_touch_fraction': 0.0, 'thickness': {'median': 2.0, 'p95': 4.0, 'max': 8.0, 'mean': 2.732719898223877, 'saturated': 8.811045526672236e-06}, 'components': {'n_components': 4, 'n_components_ge_min_size': 4, 'largest_component_fraction': 0.26492731287942567, 'fragment_fraction': 0.0, 'median_planarity': 0.004135327544463332, 'worst_planarity': 0.00882553242228159}}","{'fraction': 0.586998046875, 'border_touch_fraction': 0.03194218464579112, 'skipped': 'fraction 0.59 exceeds sheet_fraction_max'}",1,0.038099151611328125,2.0,4.0,4,0.0,0.00882553242228159
sample_00789,True,True,"[320, 320, 320]",,uint8,NONE,32821210,,"[320, 320, 320]",,uint8,LZW,36495599,,"[320, 320, 320]",uint8,"[0, 1, 2]",0.36267507934570314,0.03778115844726562,0.5995437622070312,3,0.6373249206542969,0.02941984440330795,"{'fraction': 0.03778115844726562, 'border_touch_fraction': 0.0, 'thickness': {'median': 2.0, 'p95': 4.0, 'max': 6.0, 'mean': 2.7053399085998535, 'saturated': 0.0006130791841442699}, 'components': {'n_components': 7, 'n_components_ge_min_size': 7, 'largest_component_fraction': 0.25487616042804073, 'fragment_fraction': 0.0, 'median_planarity': 0.010508127691898243, 'worst_planarity': 0.01140597341696934}}","{'fraction': 0.5995437622070312, 'border_touch_fraction': 0.03127378046763057, 'skipped': 'fraction 0.60 exceeds sheet_fraction_max'}",1,0.03778115844726562,2.0,4.0,7,0.0,0.01140597341696934
sample_00790,True,True,"[320, 320, 320]",,uint8,NONE,32821210,,"[320, 320, 320]",,uint8,LZW,37673307,,"[320, 320, 320]",uint8,"[0, 1, 2]",0.8469620056152344,0.09783609008789063,0.055201904296875,3,0.15303799438476562,0.12251859464950289,"{'fraction': 0.09783609008789063, 'border_touch_fraction': 0.0, 'thickness': {'median': 2.0, 'p95': 4.0, 'max': 8.0, 'mean': 2.663949966430664, 'saturated': 3.119255695682919e-07}, 'components': {'n_components': 13, 'n_components_ge_min_size': 13, 'largest_component_fraction': 0.09349906562695635, 'fragment_fraction': 0.0, 'median_planarity': 0.00415895609001813, 'worst_planarity': 0.01455390549071685}}","{'fraction': 0.055201904296875, 'border_touch_fraction': 0.3396621953322984, 'thickness': {'median': 4.0, 'p95': 6.0, 'max': 14.0, 'mean': 4.07459020614624, 'saturated': 4.422684835055969e-06}, 'components': {'n_components': 1, 'n_components_ge_min_size': 1, 'largest_component_fraction': 1.0, 'fragment_fraction': 0.0, 'median_planarity': 0.33223717243291884, 'worst_planarity': 0.33223717243291884}}",1,0.09783609008789063,2.0,4.0,13,0.0,0.01455390549071685
sample_00791,True,True,"[320, 320, 320]",,uint8,NONE,32821210,,"[320, 320, 320]",,uint8,LZW,37072965,,"[320, 320, 320]",uint8,"[0, 1, 2]",0.8623369445800781,0.08246115112304687,0.055201904296875,3,0.13766305541992188,0.13620212004452284,"{'fraction': 0.08246115112304687, 'border_touch_fraction': 0.0, 'thickness': {'median': 2.0, 'p95': 4.0, 'max': 6.0, 'mean': 2.6693201065063477, 'saturated': 0.00016283709591882127}, 'components': {'n_components': 14, 'n_components_ge_min_size': 14, 'largest_component_fraction': 0.11299673178546804, 'fragment_fraction': 0.0, 'median_planarity': 0.004820203461441769, 'worst_planarity': 0.018751171563358916}}","{'fraction': 0.055201904296875, 'border_touch_fraction': 0.3396621953322984, 'thickness': {'median': 4.0, 'p95': 6.0, 'max': 14.0, 'mean': 4.07459020614624, 'saturated': 4.422684835055969e-06}, 'components': {'n_components': 1, 'n_components_ge_min_size': 1, 'largest_component_fraction': 1.0, 'fragment_fraction': 0.0, 'median_planarity': 0.33223717243291884, 'worst_planarity': 0.33223717243291884}}",1,0.08246115112304687,2.0,4.0,14,0.0,0.018751171563358916
sample_00792,True,True,"[320, 320, 320]",,uint8,LZW,1021097,,"[320, 320, 320]",,uint8,LZW,35700825,,"[320, 320, 320]",uint8,"[0, 1, 2]",0.44193157958984375,0.0422650146484375,0.5158034057617188,3,0.5580684204101563,0.033598030840411214,"{'fraction': 0.0422650146484375, 'border_touch_fraction': 0.0, 'thickness': {'median': 2.0, 'p95': 4.0, 'max': 6.0, 'mean': 2.7084200382232666, 'saturated': 0.0003617485234017358}, 'components': {'n_components': 7, 'n_components_ge_min_size': 7, 'largest_component_fraction': 0.23011466200701836, 'fragment_fraction': 0.0, 'median_planarity': 0.0109594698842847, 'worst_planarity': 0.013234007562173121}}","{'fraction': 0.5158034057617188, 'border_touch_fraction': 0.03635105893166936, 'skipped': 'fraction 0.52 exceeds sheet_fraction_max'}",1,0.0422650146484375,2.0,4.0,7,0.0,0.013234007562173121
sample_00793,True,True,"[320, 320, 320]",,uint8,NONE,32821210,,"[320, 320, 320]",,uint8,LZW,37074986,,"[320, 320, 320]",uint8,"[0, 1, 2]",0.7972920837402344,0.0840977783203125,0.11861013793945313,3,0.2027079162597656,0.09249762094131686,"{'fraction': 0.0840977783203125, 'border_touch_fraction': 0.0, 'thickness': {'median': 2.0, 'p95': 4.0, 'max': 6.0, 'mean': 2.7320001125335693, 'saturated': 5.080349353852139e-06}, 'components': {'n_components': 11, 'n_components_ge_min_size': 11, 'largest_component_fraction': 0.11551371766901959, 'fragment_fraction': 0.0, 'median_planarity': 0.008903059002386334, 'worst_planarity': 0.013700523982948945}}","{'fraction': 0.11861013793945313, 'border_touch_fraction': 0.15808092230338106, 'thickness': {'median': 8.0, 'p95': 8.0, 'max': 8.0, 'mean': 6.294300079345703, 'saturated': 0.5754305093607114}, 'components': {'n_components': 1, 'n_components_ge_min_size': 1, 'largest_component_fraction': 1.0, 'fragment_fraction': 0.0, 'median_planarity': 0.1722691682732578, 'worst_planarity': 0.1722691682732578}}",1,0.0840977783203125,2.0,4.0,11,0.0,0.013700523982948945
sample_00794,True,True,"[320, 320, 320]",,uint8,NONE,32821210,,"[320, 320, 320]",,uint8,LZW,35527953,,"[320, 320, 320]",uint8,"[0, 1, 2]",0.2177734375,0.023252288818359376,0.7589742736816406,3,0.7822265625,0.02397003745318352,"{'fraction': 0.023252288818359376, 'border_touch_fraction': 0.0, 'thickness': {'median': 2.0, 'p95': 4.0, 'max': 6.0, 'mean': 2.7281200885772705, 'saturated': 0.0006404779435408193}, 'components': {'n_components': 5, 'n_components_ge_min_size': 5, 'largest_component_fraction': 0.4067743667077465, 'fragment_fraction': 0.0, 'median_planarity': 0.02014621801748206, 'worst_planarity': 0.023862094553183725}}","{'fraction': 0.7589742736816406, 'border_touch_fraction': 0.02470439466814507, 'skipped': 'fraction 0.76 exceeds sheet_fraction_max'}",1,0.023252288818359376,2.0,4.0,5,0.0,0.023862094553183725
sample_00795,True,True,"[320, 320, 320]",,uint8,NONE,32821210,,"[320, 320, 320]",,uint8,LZW,36454872,,"[320, 320, 320]",uint8,"[0, 1, 2]",0.1268927001953125,0.01683892822265625,0.8562683715820313,3,0.8731072998046875,0.021475023750453515,"{'fraction': 0.01683892822265625, 'border_touch_fraction': 0.0, 'thickness': {'median': 2.0, 'p95': 4.0, 'max': 6.0, 'mean': 2.7581899166107178, 'saturated': 0.0003715262297518205}, 'components': {'n_components': 2, 'n_components_ge_min_size': 2, 'largest_component_fraction': 0.5630960277502909, 'fragment_fraction': 0.0, 'median_planarity': 0.01215093585244039, 'worst_planarity': 0.015249998718245818}}","{'fraction': 0.8562683715820313, 'border_touch_fraction': 0.021897340392659514, 'skipped': 'fraction 0.86 exceeds sheet_fraction_max'}",1,0.01683892822265625,2.0,4.0,2,0.0,0.015249998718245818
sample_00796,True,True,"[320, 320, 320]",,uint8,NONE,32821210,,"[320, 320, 320]",,uint8,LZW,37042588,,"[320, 320, 320]",uint8,"[0, 1, 2]",0.4333079833984375,0.03982501220703125,0.5268670043945313,3,0.5666920166015625,0.03308675515219584,"{'fraction': 0.03982501220703125, 'border_touch_fraction': 0.0, 'thickness': {'median': 2.0, 'p95': 4.0, 'max': 8.0, 'mean': 2.6732099056243896, 'saturated': 2.4521335861074373e-05}, 'components': {'n_components': 6, 'n_components_ge_min_size': 6, 'largest_component_fraction': 0.2410907090191006, 'fragment_fraction': 0.0, 'median_planarity': 0.008426808640125098, 'worst_planarity': 0.013771895423976941}}","{'fraction': 0.5268670043945313, 'border_touch_fraction': 0.03558772867461544, 'skipped': 'fraction 0.53 exceeds sheet_fraction_max'}",1,0.03982501220703125,2.0,4.0,6,0.0,0.013771895423976941
sample_00797,True,True,"[320, 320, 320]",,uint8,NONE,32821210,,"[320, 320, 320]",,uint8,LZW,35612761,,"[320, 320, 320]",uint8,"[0, 1, 2]",0.47290371704101564,0.05374246215820312,0.47335382080078126,3,0.5270962829589844,0.03557224857428755,"{'fraction': 0.05374246215820312, 'border_touch_fraction': 0.0, 'thickness': {'median': 2.0, 'p95': 4.0, 'max': 8.0, 'mean': 2.690700054168701, 'saturated': 1.7035455894352917e-06}, 'components': {'n_components': 8, 'n_components_ge_min_size': 8, 'largest_component_fraction': 0.17563838951342764, 'fragment_fraction': 0.0, 'median_planarity': 0.007013459017397789, 'worst_planarity': 0.01913283976126152}}","{'fraction': 0.47335382080078126, 'border_touch_fraction': 0.03961096155996013, 'skipped': 'fraction 0.47 exceeds sheet_fraction_max'}",1,0.05374246215820312,2.0,4.0,8,0.0,0.01913283976126152
sample_00798,True,True,"[320, 320, 320]",,uint8,NONE,32821210,,"[320, 320, 320]",,uint8,LZW,34682056,,"[320, 320, 320]",uint8,"[0, 1, 2]",0.4786957702636719,0.05089968872070313,0.470404541015625,3,0.5213042297363282,0.035967481041701145,"{'fraction': 0.05089968872070313, 'border_touch_fraction': 0.0, 'thickness': {'median': 2.0, 'p95': 4.0, 'max': 6.0, 'mean': 2.6598100662231445, 'saturated': 0.0001492912264124359}, 'components': {'n_components': 10, 'n_components_ge_min_size': 10, 'largest_component_fraction': 0.18017292600611196, 'fragment_fraction': 0.0, 'median_planarity': 0.004063596228222712, 'worst_planarity': 0.019585673579206316}}","{'fraction': 0.470404541015625, 'border_touch_fraction': 0.03985930909492899, 'skipped': 'fraction 0.47 exceeds sheet_fraction_max'}",1,0.05089968872070313,2.0,4.0,10,0.0,0.019585673579206316
sample_00799,True,True,"[320, 320, 320]",,uint8,NONE,32821210,,"[320, 320, 320]",,uint8,LZW,36549754,,"[320, 320, 320]",uint8,"[0, 1, 2]",0.6755376586914063,0.048528564453125,0.27593377685546877,3,0.32446234130859375,0.05778790821880624,"{'fraction': 0.048528564453125, 'border_touch_fraction': 0.0, 'thickness': {'median': 2.0, 'p95': 4.0, 'max': 8.0, 'mean': 2.7192800045013428, 'saturated': 3.64737665578323e-05}, 'components': {'n_components': 9, 'n_components_ge_min_size': 9, 'largest_component_fraction': 0.2071081082440774, 'fragment_fraction': 0.0, 'median_planarity': 0.0132274768747547, 'worst_planarity': 0.02163310112472238}}","{'fraction': 0.27593377685546877, 'border_touch_fraction': 0.06795108671969889, 'skipped': 'fraction 0.28 exceeds sheet_fraction_max'}",1,0.048528564453125,2.0,4.0,9,0.0,0.02163310112472238
sample_00800,True,True,"[320, 320, 320]",,uint8,LZW,659433,,"[320, 320, 320]",,uint8,LZW,37098988,,"[320, 320, 320]",uint8,"[0, 1, 2]",0.09883062744140625,0.020678375244140627,0.8804909973144531,3,0.9011693725585938,0.02080629964904947,"{'fraction': 0.020678375244140627, 'border_touch_fraction': 0.0, 'thickness': {'median': 2.0, 'p95': 4.0, 'max': 6.0, 'mean': 2.779979944229126, 'saturated': 0.00046931104253463383}, 'components': {'n_components': 2, 'n_components_ge_min_size': 2, 'largest_component_fraction': 0.524784198090583, 'fragment_fraction': 0.0, 'median_planarity': 0.004882119495415635, 'worst_planarity': 0.00498448920456943}}","{'fraction': 0.8804909973144531, 'border_touch_fraction': 0.021294936640111655, 'skipped': 'fraction 0.88 exceeds sheet_fraction_max'}",1,0.020678375244140627,2.0,4.0,2,0.0,0.00498448920456943
sample_00801,True,True,"[320, 320, 320]",,uint8,NONE,32821210,,"[320, 320, 320]",,uint8,LZW,36424917,,"[320, 320, 320]",uint8,"[0, 1, 2]",0.6653145751953125,0.05928582763671875,0.27539959716796875,3,0.3346854248046875,0.05602275632690591,"{'fraction': 0.05928582763671875, 'border_touch_fraction': 0.0, 'thickness': {'median': 2.0, 'p95': 4.0, 'max': 6.0, 'mean': 2.764849901199341, 'saturated': 0.00033973720812198417}, 'components': {'n_components': 7, 'n_components_ge_min_size': 7, 'largest_component_fraction': 0.17702727883879882, 'fragment_fraction': 0.0, 'median_planarity': 0.009770998748444153, 'worst_planarity': 0.03519977912468687}}","{'fraction': 0.27539959716796875, 'border_touch_fraction': 0.06808288825696503, 'skipped': 'fraction 0.28 exceeds sheet_fraction_max'}",1,0.05928582763671875,2.0,4.0,7,0.0,0.03519977912468687
sample_00802,True,True,"[320, 320, 320]",,uint8,LZW,928345,,"[320, 320, 320]",,uint8,LZW,36925770,,"[320, 320, 320]",uint8,"[0, 1, 2]",0.28141650390625,0.0465391845703125,0.6720443115234375,3,0.71858349609375,0.026093001163992473,"{'fraction': 0.0465391845703125, 'border_touch_fraction': 0.0, 'thickness': {'median': 2.0, 'p95': 4.0, 'max': 8.0, 'mean': 2.7721099853515625, 'saturated': 4.590175974232063e-06}, 'components': {'n_components': 5, 'n_components_ge_min_size': 5, 'largest_component_fraction': 0.21900254164601088, 'fragment_fraction': 0.0, 'median_planarity': 0.0031655670894250353, 'worst_planarity': 0.003722792078034975}}","{'fraction': 0.6720443115234375, 'border_touch_fraction': 0.02789994599834671, 'skipped': 'fraction 0.67 exceeds sheet_fraction_max'}",1,0.0465391845703125,2.0,4.0,5,0.0,0.003722792078034975
sample_00803,True,True,"[320, 320, 320]",,uint8,NONE,32821210,,"[320, 320, 320]",,uint8,LZW,36034565,,"[320, 320, 320]",uint8,"[0, 1, 2]",0.22824554443359374,0.03394223022460938,0.7378122253417969,3,0.7717544555664062,0.024295292193990632,"{'fraction': 0.03394223022460938, 'border_touch_fraction': 0.0, 'thickness': {'median': 2.0, 'p95': 4.0, 'max': 6.0, 'mean': 2.7066500186920166, 'saturated': 0.0004405607169091699}, 'components': {'n_components': 4, 'n_components_ge_min_size': 4, 'largest_component_fraction': 0.2777123929729667, 'fragment_fraction': 0.0, 'median_planarity': 0.0067711587289217045, 'worst_planarity': 0.01552118192290079}}","{'fraction': 0.7378122253417969, 'border_touch_fraction': 0.025412970070147492, 'skipped': 'fraction 0.74 exceeds sheet_fraction_max'}",1,0.03394223022460938,2.0,4.0,4,0.0,0.01552118192290079
sample_00804,True,True,"[320, 320, 320]",,uint8,NONE,32821210,,"[320, 320, 320]",,uint8,LZW,36179840,,"[320, 320, 320]",uint8,"[0, 1, 2]",0.10416671752929688,0.021783721923828124,0.874049560546875,3,0.8958332824707032,0.020930233746493103,"{'fraction': 0.021783721923828124, 'border_touch_fraction': 0.0, 'thickness': {'median': 2.0, 'p95': 4.0, 'max': 6.0, 'mean': 2.6801600456237793, 'saturated': 0.00032081411133790693}, 'components': {'n_components': 5, 'n_components_ge_min_size': 5, 'largest_component_fraction': 0.4274028486611965, 'fragment_fraction': 0.0, 'median_planarity': 0.0031867499836735797, 'worst_planarity': 0.0056540493210680155}}","{'fraction': 0.874049560546875, 'border_touch_fraction': 0.02145187280715353, 'skipped': 'fraction 0.87 exceeds sheet_fraction_max'}",1,0.021783721923828124,2.0,4.0,5,0.0,0.0056540493210680155
sample_00805,True,True,"[320, 320, 320]",,uint8,NONE,32821210,,"[320, 320, 320]",,uint8,LZW,35150858,,"[320, 320, 320]",uint8,"[0, 1, 2]",0.4113092651367187,0.04408233642578125,0.5446083984375,3,0.5886907348632813,0.031850339897662124,"{'fraction': 0.04408233642578125, 'border_touch_fraction': 0.0, 'thickness': {'median': 2.0, 'p95': 4.0, 'max': 6.0, 'mean': 2.7045300006866455, 'saturated': 0.00046175466773740214}, 'components': {'n_components': 6, 'n_components_ge_min_size': 6, 'largest_component_fraction': 0.22049927656127769, 'fragment_fraction': 0.0, 'median_planarity': 0.010791347119644072, 'worst_planarity': 0.016577574262835397}}","{'fraction': 0.5446083984375, 'border_touch_fraction': 0.03442840773993641, 'skipped': 'fraction 0.54 exceeds sheet_fraction_max'}",1,0.04408233642578125,2.0,4.0,6,0.0,0.016577574262835397
sample_00806,True,True,"[320, 320, 320]",,uint8,NONE,32821210,,"[320, 320, 320]",,uint8,LZW,36687125,,"[320, 320, 320]",uint8,"[0, 1, 2]",0.25296575927734377,0.032373260498046875,0.7146609802246093,3,0.7470342407226562,0.025099251115801424,"{'fraction': 0.032373260498046875, 'border_touch_fraction': 0.0, 'thickness': {'median': 2.0, 'p95': 4.0, 'max': 8.0, 'mean': 2.6857800483703613, 'saturated': 2.828035637019741e-06}, 'components': {'n_components': 6, 'n_components_ge_min_size': 6, 'largest_component_fraction': 0.2934718568033582, 'fragment_fraction': 0.0, 'median_planarity': 0.0053782240572343865, 'worst_planarity': 0.009253472364492895}}","{'fraction': 0.7146609802246093, 'border_touch_fraction': 0.026236216218362866, 'skipped': 'fraction 0.71 exceeds sheet_fraction_max'}",1,0.032373260498046875,2.0,4.0,6,0.0,0.009253472364492895
sample_00807,True,True,"[320, 320, 320]",,uint8,LZW,652857,,"[320, 320, 320]",,uint8,LZW,29087720,,"[320, 320, 320]",uint8,"[0, 1, 2]",0.412472900390625,0.06335443115234375,0.5241726684570313,3,0.587527099609375,0.03191342154679534,"{'fraction': 0.06335443115234375, 'border_touch_fraction': 0.0, 'thickness': {'median': 2.0, 'p95': 4.0, 'max': 6.0, 'mean': 2.662130117416382, 'saturated': 3.6608898467146886e-05}, 'components': {'n_components': 7, 'n_components_ge_min_size': 7, 'largest_component_fraction': 0.14317017646452454, 'fragment_fraction': 0.0, 'median_planarity': 0.006106594758590491, 'worst_planarity': 0.009886782171108206}}","{'fraction': 0.5241726684570313, 'border_touch_fraction': 0.035770655603225184, 'skipped': 'fraction 0.52 exceeds sheet_fraction_max'}",1,0.06335443115234375,2.0,4.0,7,0.0,0.009886782171108206
sample_00808,True,True,"[320, 320, 320]",,uint8,LZW,997289,,"[320, 320, 320]",,uint8,LZW,32525321,,"[320, 320, 320]",uint8,"[0, 1, 2]",0.627588623046875,0.09352584838867188,0.27888552856445314,3,0.372411376953125,0.05034754886760627,"{'fraction': 0.09352584838867188, 'border_touch_fraction': 0.0, 'thickness': {'median': 2.0, 'p95': 4.0, 'max': 4.0, 'mean': 2.6570301055908203, 'saturated': 8.157525072153308e-06}, 'components': {'n_components': 14, 'n_components_ge_min_size': 14, 'largest_component_fraction': 0.0971447030742449, 'fragment_fraction': 0.0, 'median_planarity': 0.0023367686627311615, 'worst_planarity': 0.009904595743417477}}","{'fraction': 0.27888552856445314, 'border_touch_fraction': 0.06723188577232574, 'skipped': 'fraction 0.28 exceeds sheet_fraction_max'}",1,0.09352584838867188,2.0,4.0,14,0.0,0.009904595743417477
sample_00809,True,True,"[320, 320, 320]",,uint8,LZW,1549817,,"[320, 320, 320]",,uint8,LZW,33293313,,"[320, 320, 320]",uint8,"[0, 1, 2]",0.7001117858886718,0.11587167358398437,0.18401654052734376,3,0.2998882141113281,0.06252329740787811,"{'fraction': 0.11587167358398437, 'border_touch_fraction': 0.0, 'thickness': {'median': 2.0, 'p95': 4.0, 'max': 6.0, 'mean': 2.6926701068878174, 'saturated': 1.7646053354817624e-05}, 'components': {'n_components': 17, 'n_components_ge_min_size': 17, 'largest_component_fraction': 0.08124664362847103, 'fragment_fraction': 0.0, 'median_planarity': 0.0024043563455506314, 'worst_planarity': 0.009410164498618836}}","{'fraction': 0.18401654052734376, 'border_touch_fraction': 0.10189301432505662, 'thickness': {'median': 8.0, 'p95': 8.0, 'max': 8.0, 'mean': 6.538060188293457, 'saturated': 0.6337349129846261}, 'components': {'n_components': 1, 'n_components_ge_min_size': 1, 'largest_component_fraction': 1.0, 'fragment_fraction': 0.0, 'median_planarity': 0.25117007771035454, 'worst_planarity': 0.25117007771035454}}",1,0.11587167358398437,2.0,4.0,17,0.0,0.009410164498618836
sample_00810,True,True,"[320, 320, 320]",,uint8,LZW,849257,,"[320, 320, 320]",,uint8,LZW,33305236,,"[320, 320, 320]",uint8,"[0, 1, 2]",0.22830825805664062,0.0363837890625,0.7353079528808594,3,0.7716917419433593,0.024297266616825106,"{'fraction': 0.0363837890625, 'border_touch_fraction': 0.0, 'thickness': {'median': 2.0, 'p95': 4.0, 'max': 6.0, 'mean': 2.6668899059295654, 'saturated': 4.277719623158064e-05}, 'components': {'n_components': 4, 'n_components_ge_min_size': 4, 'largest_component_fraction': 0.2515844337976756, 'fragment_fraction': 0.0, 'median_planarity': 0.0018736163282134432, 'worst_planarity': 0.0065865095271289914}}","{'fraction': 0.7353079528808594, 'border_touch_fraction': 0.025499520203119616, 'skipped': 'fraction 0.74 exceeds sheet_fraction_max'}",1,0.0363837890625,2.0,4.0,4,0.0,0.0065865095271289914
sample_00811,True,True,"[320, 320, 320]",,uint8,LZW,1108153,,"[320, 320, 320]",,uint8,LZW,33101222,,"[320, 320, 320]",uint8,"[0, 1, 2]",0.5404312438964843,0.08043417358398437,0.37913458251953125,3,0.4595687561035156,0.040799118197183654,"{'fraction': 0.08043417358398437, 'border_touch_fraction': 0.0, 'thickness': {'median': 2.0, 'p95': 4.0, 'max': 6.0, 'mean': 2.684530019760132, 'saturated': 6.146451733090712e-05}, 'components': {'n_components': 11, 'n_components_ge_min_size': 11, 'largest_component_fraction': 0.12370454992986595, 'fragment_fraction': 0.0, 'median_planarity': 0.005204029267296485, 'worst_planarity': 0.021221244195553948}}","{'fraction': 0.37913458251953125, 'border_touch_fraction': 0.049454734188048084, 'skipped': 'fraction 0.38 exceeds sheet_fraction_max'}",1,0.08043417358398437,2.0,4.0,11,0.0,0.021221244195553948
sample_00812,True,True,"[320, 320, 320]",,uint8,LZW,836505,,"[320, 320, 320]",,uint8,LZW,33146862,,"[320, 320, 320]",uint8,"[0, 1, 2]",0.2594202880859375,0.0303853759765625,0.7101943359375,3,0.7405797119140625,0.025318003853413373,"{'fraction': 0.0303853759765625, 'border_touch_fraction': 0.0, 'thickness': {'median': 2.0, 'p95': 4.0, 'max': 6.0, 'mean': 2.7620298862457275, 'saturated': 6.126540172025213e-05}, 'components': {'n_components': 7, 'n_components_ge_min_size': 7, 'largest_component_fraction': 0.2678131666378753, 'fragment_fraction': 0.0, 'median_planarity': 0.002417693932628, 'worst_planarity': 0.0034060773034290974}}","{'fraction': 0.7101943359375, 'border_touch_fraction': 0.026401224356779544, 'skipped': 'fraction 0.71 exceeds sheet_fraction_max'}",1,0.0303853759765625,2.0,4.0,7,0.0,0.0034060773034290974
sample_00813,True,True,"[320, 320, 320]",,uint8,LZW,627193,,"[320, 320, 320]",,uint8,LZW,31030355,,"[320, 320, 320]",uint8,"[0, 1, 2]",0.22763619995117187,0.03173583984375,0.7406279602050782,3,0.7723638000488281,0.024276124798721332,"{'fraction': 0.03173583984375, 'border_touch_fraction': 0.0, 'thickness': {'median': 2.0, 'p95': 4.0, 'max': 6.0, 'mean': 2.6658599376678467, 'saturated': 4.519578429109931e-05}, 'components': {'n_components': 7, 'n_components_ge_min_size': 7, 'largest_component_fraction': 0.2838602969459189, 'fragment_fraction': 0.0, 'median_planarity': 0.007569318501413888, 'worst_planarity': 0.016952832112690216}}","{'fraction': 0.7406279602050782, 'border_touch_fraction': 0.025316354509230476, 'skipped': 'fraction 0.74 exceeds sheet_fraction_max'}",1,0.03173583984375,2.0,4.0,7,0.0,0.016952832112690216
sample_00814,True,True,"[320, 320, 320]",,uint8,LZW,1058185,,"[320, 320, 320]",,uint8,LZW,31704108,,"[320, 320, 320]",uint8,"[0, 1, 2]",0.3764877624511719,0.053551910400390625,0.5699603271484375,3,0.6235122375488281,0.030071582995244196,"{'fraction': 0.053551910400390625, 'border_touch_fraction': 0.0, 'thickness': {'median': 2.0, 'p95': 4.0, 'max': 6.0, 'mean': 2.7185399532318115, 'saturated': 2.1655025191062857e-05}, 'components': {'n_components': 8, 'n_components_ge_min_size': 8, 'largest_component_fraction': 0.21734635902094213, 'fragment_fraction': 0.0, 'median_planarity': 0.009243097530766697, 'worst_planarity': 0.031038525174847995}}","{'fraction': 0.5699603271484375, 'border_touch_fraction': 0.0328970265242985, 'skipped': 'fraction 0.57 exceeds sheet_fraction_max'}",1,0.053551910400390625,2.0,4.0,8,0.0,0.031038525174847995
sample_00815,True,True,"[320, 320, 320]",,uint8,LZW,1292041,,"[320, 320, 320]",,uint8,LZW,29151302,,"[320, 320, 320]",uint8,"[0, 1, 2]",0.8356271362304688,0.067905029296875,0.09646783447265625,3,0.16437286376953125,0.11406992352636475,"{'fraction': 0.067905029296875, 'border_touch_fraction': 0.0, 'thickness': {'median': 2.0, 'p95': 4.0, 'max': 6.0, 'mean': 2.747689962387085, 'saturated': 7.370415511668626e-05}, 'components': {'n_components': 12, 'n_components_ge_min_size': 12, 'largest_component_fraction': 0.14689642588777554, 'fragment_fraction': 0.0, 'median_planarity': 0.0035476757594677744, 'worst_planarity': 0.008313417905456384}}","{'fraction': 0.09646783447265625, 'border_touch_fraction': 0.19436530427470802, 'thickness': {'median': 6.0, 'p95': 48.0, 'max': 48.0, 'mean': 20.3741397857666, 'saturated': 0.28155889578742305}, 'components': {'n_components': 1, 'n_components_ge_min_size': 1, 'largest_component_fraction': 1.0, 'fragment_fraction': 0.0, 'median_planarity': 0.24582940727953112, 'worst_planarity': 0.24582940727953112}}",1,0.067905029296875,2.0,4.0,12,0.0,0.008313417905456384
sample_00816,True,True,"[320, 320, 320]",,uint8,LZW,1240025,,"[320, 320, 320]",,uint8,LZW,29401100,,"[320, 320, 320]",uint8,"[0, 1, 2]",0.7856012878417968,0.060615478515625,0.15378323364257812,3,0.21439871215820314,0.08745388352036612,"{'fraction': 0.060615478515625, 'border_touch_fraction': 0.0, 'thickness': {'median': 2.0, 'p95': 4.0, 'max': 8.0, 'mean': 2.7326500415802, 'saturated': 3.927002066207241e-05}, 'components': {'n_components': 10, 'n_components_ge_min_size': 10, 'largest_component_fraction': 0.16893761504102206, 'fragment_fraction': 0.0, 'median_planarity': 0.005921689597226576, 'worst_planarity': 0.01289731953375846}}","{'fraction': 0.15378323364257812, 'border_touch_fraction': 0.12192486499262081, 'thickness': {'median': 8.0, 'p95': 8.0, 'max': 8.0, 'mean': 6.719890117645264, 'saturated': 0.6791338016248314}, 'components': {'n_components': 1, 'n_components_ge_min_size': 1, 'largest_component_fraction': 1.0, 'fragment_fraction': 0.0, 'median_planarity': 0.2079173968367697, 'worst_planarity': 0.2079173968367697}}",1,0.060615478515625,2.0,4.0,10,0.0,0.01289731953375846
sample_00817,True,True,"[320, 320, 320]",,uint8,LZW,831257,,"[320, 320, 320]",,uint8,LZW,31968025,,"[320, 320, 320]",uint8,"[0, 1, 2]",0.329138671875,0.028961395263671873,0.6418999328613281,3,0.670861328125,0.027949144203027243,"{'fraction': 0.028961395263671873, 'border_touch_fraction': 0.0, 'thickness': {'median': 2.0, 'p95': 4.0, 'max': 6.0, 'mean': 2.7831499576568604, 'saturated': 1.4752262101333288e-05}, 'components': {'n_components': 4, 'n_components_ge_min_size': 4, 'largest_component_fraction': 0.34374245922316693, 'fragment_fraction': 0.0, 'median_planarity': 0.013578583650590673, 'worst_planarity': 0.018127713350616723}}","{'fraction': 0.6418999328613281, 'border_touch_fraction': 0.029210160400578555, 'skipped': 'fraction 0.64 exceeds sheet_fraction_max'}",1,0.028961395263671873,2.0,4.0,4,0.0,0.018127713350616723
sample_00818,True,True,"[320, 320, 320]",,uint8,LZW,849945,,"[320, 320, 320]",,uint8,LZW,31586715,,"[320, 320, 320]",uint8,"[0, 1, 2]",0.29776953125,0.027624359130859377,0.6746061096191406,3,0.70223046875,0.026700635808890198,"{'fraction': 0.027624359130859377, 'border_touch_fraction': 0.0, 'thickness': {'median': 2.0, 'p95': 4.0, 'max': 4.0, 'mean': 2.772670030593872, 'saturated': 0.3861952396997332}, 'components': {'n_components': 8, 'n_components_ge_min_size': 8, 'largest_component_fraction': 0.27403598119742156, 'fragment_fraction': 0.0, 'median_planarity': 0.01110378154839296, 'worst_planarity': 0.027046476156191056}}","{'fraction': 0.6746061096191406, 'border_touch_fraction': 0.02779399672289598, 'skipped': 'fraction 0.67 exceeds sheet_fraction_max'}",1,0.027624359130859377,2.0,4.0,8,0.0,0.027046476156191056
sample_00819,True,True,"[320, 320, 320]",,uint8,LZW,917849,,"[320, 320, 320]",,uint8,LZW,35470579,,"[320, 320, 320]",uint8,"[0, 1, 2]",0.14127676391601562,0.0345616455078125,0.8241615905761719,3,0.8587232360839844,0.021834741639815396,"{'fraction': 0.0345616455078125, 'border_touch_fraction': 0.0, 'thickness': {'median': 2.0, 'p95': 4.0, 'max': 4.0, 'mean': 2.7512199878692627, 'saturated': 0.37527770027090124}, 'components': {'n_components': 6, 'n_components_ge_min_size': 6, 'largest_component_fraction': 0.27350518668168927, 'fragment_fraction': 0.0, 'median_planarity': 0.008578686186866035, 'worst_planarity': 0.011358848364144606}}","{'fraction': 0.8241615905761719, 'border_touch_fraction': 0.022750392901581186, 'skipped': 'fraction 0.82 exceeds sheet_fraction_max'}",1,0.0345616455078125,2.0,4.0,6,0.0,0.011358848364144606
sample_00820,True,True,"[320, 320, 320]",,uint8,LZW,614361,,"[320, 320, 320]",,uint8,LZW,26025373,,"[320, 320, 320]",uint8,"[0, 1, 2]",0.2691261901855469,0.037887847900390625,0.6929859619140625,3,0.7308738098144532,0.02565422340795063,"{'fraction': 0.037887847900390625, 'border_touch_fraction': 0.0, 'thickness': {'median': 2.0, 'p95': 4.0, 'max': 8.0, 'mean': 2.7262001037597656, 'saturated': 6.846506952426443e-05}, 'components': {'n_components': 4, 'n_components_ge_min_size': 4, 'largest_component_fraction': 0.2718208244966408, 'fragment_fraction': 0.0, 'median_planarity': 0.00395384367947694, 'worst_planarity': 0.004088663128304074}}","{'fraction': 0.6929859619140625, 'border_touch_fraction': 0.027056825145795948, 'skipped': 'fraction 0.69 exceeds sheet_fraction_max'}",1,0.037887847900390625,2.0,4.0,4,0.0,0.004088663128304074
sample_00821,True,True,"[320, 320, 320]",,uint8,LZW,737609,,"[320, 320, 320]",,uint8,LZW,23932282,,"[320, 320, 320]",uint8,"[0, 1, 2]",0.37741018676757815,0.05537838745117187,0.56721142578125,3,0.6225898132324219,0.030116136823138722,"{'fraction': 0.05537838745117187, 'border_touch_fraction': 0.0, 'thickness': {'median': 2.0, 'p95': 4.0, 'max': 8.0, 'mean': 2.6831600666046143, 'saturated': 7.053744573989647e-05}, 'components': {'n_components': 6, 'n_components_ge_min_size': 6, 'largest_component_fraction': 0.16805656662289303, 'fragment_fraction': 0.0, 'median_planarity': 0.0026638553165780838, 'worst_planarity': 0.003706331985982448}}","{'fraction': 0.56721142578125, 'border_touch_fraction': 0.033056456812686104, 'skipped': 'fraction 0.57 exceeds sheet_fraction_max'}",1,0.05537838745117187,2.0,4.0,6,0.0,0.003706331985982448
sample_00822,True,True,"[320, 320, 320]",,uint8,LZW,727977,,"[320, 320, 320]",,uint8,LZW,24292702,,"[320, 320, 320]",uint8,"[0, 1, 2]",0.4257557983398437,0.054791015625,0.5194531860351562,3,0.5742442016601562,0.032651613975018326,"{'fraction': 0.054791015625, 'border_touch_fraction': 0.0, 'thickness': {'median': 2.0, 'p95': 4.0, 'max': 10.0, 'mean': 2.6991798877716064, 'saturated': 1.670944284033793e-06}, 'components': {'n_components': 6, 'n_components_ge_min_size': 6, 'largest_component_fraction': 0.17401715057213132, 'fragment_fraction': 0.0, 'median_planarity': 0.00359103847390037, 'worst_planarity': 0.0062992997439004494}}","{'fraction': 0.5194531860351562, 'border_touch_fraction': 0.03609564924052851, 'skipped': 'fraction 0.52 exceeds sheet_fraction_max'}",1,0.054791015625,2.0,4.0,6,0.0,0.0062992997439004494
sample_00823,True,True,"[320, 320, 320]",,uint8,LZW,845769,,"[320, 320, 320]",,uint8,LZW,23407587,,"[320, 320, 320]",uint8,"[0, 1, 2]",0.4470644836425781,0.04838290405273438,0.5045526123046875,3,0.5529355163574219,0.033909921582754424,"{'fraction': 0.04838290405273438, 'border_touch_fraction': 0.0, 'thickness': {'median': 2.0, 'p95': 4.0, 'max': 10.0, 'mean': 2.725980043411255, 'saturated': 6.307512689138652e-07}, 'components': {'n_components': 7, 'n_components_ge_min_size': 7, 'largest_component_fraction': 0.20518401852894927, 'fragment_fraction': 0.0, 'median_planarity': 0.007623099337837989, 'worst_planarity': 0.017892175785460745}}","{'fraction': 0.5045526123046875, 'border_touch_fraction': 0.0371616349667759, 'skipped': 'fraction 0.50 exceeds sheet_fraction_max'}",1,0.04838290405273438,2.0,4.0,7,0.0,0.017892175785460745
sample_00824,True,True,"[320, 320, 320]",,uint8,LZW,1057689,,"[320, 320, 320]",,uint8,LZW,35281912,,"[320, 320, 320]",uint8,"[0, 1, 2]",0.2645322265625,0.063451416015625,0.672016357421875,3,0.7354677734375,0.02549397903916911,"{'fraction': 0.063451416015625, 'border_touch_fraction': 0.0, 'thickness': {'median': 2.0, 'p95': 4.0, 'max': 6.0, 'mean': 2.661979913711548, 'saturated': 1.44287929448974e-06}, 'components': {'n_components': 7, 'n_components_ge_min_size': 7, 'largest_component_fraction': 0.1432793568221257, 'fragment_fraction': 0.0, 'median_planarity': 0.001168546160124563, 'worst_planarity': 0.0012317943273486415}}","{'fraction': 0.672016357421875, 'border_touch_fraction': 0.027901106562245807, 'skipped': 'fraction 0.67 exceeds sheet_fraction_max'}",1,0.063451416015625,2.0,4.0,7,0.0,0.0012317943273486415
sample_00826,True,True,"[320, 320, 320]",,uint8,LZW,690985,,"[320, 320, 320]",,uint8,LZW,34186112,,"[320, 320, 320]",uint8,"[0, 1, 2]",0.12959982299804687,0.02440777587890625,0.8459924011230469,3,0.8704001770019532,0.021541815472261704,"{'fraction': 0.02440777587890625, 'border_touch_fraction': 0.0, 'thickness': {'median': 2.0, 'p95': 4.0, 'max': 6.0, 'mean': 2.683350086212158, 'saturated': 7.751996139005794e-05}, 'components': {'n_components': 3, 'n_components_ge_min_size': 3, 'largest_component_fraction': 0.36969644683506003, 'fragment_fraction': 0.0, 'median_planarity': 0.001522841518877353, 'worst_planarity': 0.0026374049540019264}}","{'fraction': 0.8459924011230469, 'border_touch_fraction': 0.02216331964106244, 'skipped': 'fraction 0.85 exceeds sheet_fraction_max'}",1,0.02440777587890625,2.0,4.0,3,0.0,0.0026374049540019264
sample_00827,True,True,"[320, 320, 320]",,uint8,LZW,704057,,"[320, 320, 320]",,uint8,LZW,34810968,,"[320, 320, 320]",uint8,"[0, 1, 2]",0.14131460571289062,0.02638916015625,0.8322962341308594,3,0.8586853942871093,0.021835703884967635,"{'fraction': 0.02638916015625, 'border_touch_fraction': 0.0, 'thickness': {'median': 2.0, 'p95': 4.0, 'max': 6.0, 'mean': 2.6877501010894775, 'saturated': 2.3128874086409473e-06}, 'components': {'n_components': 6, 'n_components_ge_min_size': 6, 'largest_component_fraction': 0.29540082338791745, 'fragment_fraction': 0.0, 'median_planarity': 0.002392472814240762, 'worst_planarity': 0.003558647297448347}}","{'fraction': 0.8322962341308594, 'border_touch_fraction': 0.0225280365705127, 'skipped': 'fraction 0.83 exceeds sheet_fraction_max'}",1,0.02638916015625,2.0,4.0,6,0.0,0.003558647297448347
sample_00828,True,True,"[320, 320, 320]",,uint8,LZW,653721,,"[320, 320, 320]",,uint8,LZW,33117170,,"[320, 320, 320]",uint8,"[0, 1, 2]",0.1167806396484375,0.02177288818359375,0.8614464721679688,3,0.8832193603515625,0.021229154207553405,"{'fraction': 0.02177288818359375, 'border_touch_fraction': 0.0, 'thickness': {'median': 2.0, 'p95': 4.0, 'max': 6.0, 'mean': 2.6872398853302, 'saturated': 0.0001093273007089455}, 'components': {'n_components': 6, 'n_components_ge_min_size': 6, 'largest_component_fraction': 0.2936965802980991, 'fragment_fraction': 0.0, 'median_planarity': 0.001284218803538747, 'worst_planarity': 0.0028119432040855322}}","{'fraction': 0.8614464721679688, 'border_touch_fraction': 0.021765716856222774, 'skipped': 'fraction 0.86 exceeds sheet_fraction_max'}",1,0.02177288818359375,2.0,4.0,6,0.0,0.0028119432040855322
sample_00829,True,True,"[320, 320, 320]",,uint8,LZW,1087321,,"[320, 320, 320]",,uint8,LZW,33756762,,"[320, 320, 320]",uint8,"[0, 1, 2]",0.3095996398925781,0.05669677734375,0.6337035827636719,3,0.6904003601074219,0.02715815501180014,"{'fraction': 0.05669677734375, 'border_touch_fraction': 0.0, 'thickness': {'median': 2.0, 'p95': 4.0, 'max': 8.0, 'mean': 2.740770101547241, 'saturated': 2.6912974206605522e-06}, 'components': {'n_components': 6, 'n_components_ge_min_size': 6, 'largest_component_fraction': 0.1772849115101408, 'fragment_fraction': 0.0, 'median_planarity': 0.003315018755007919, 'worst_planarity': 0.00560302622401816}}","{'fraction': 0.6337035827636719, 'border_touch_fraction': 0.029587965903914524, 'skipped': 'fraction 0.63 exceeds sheet_fraction_max'}",1,0.05669677734375,2.0,4.0,6,0.0,0.00560302622401816
sample_00830,True,True,"[320, 320, 320]",,uint8,LZW,785145,,"[320, 320, 320]",,uint8,LZW,32832117,,"[320, 320, 320]",uint8,"[0, 1, 2]",0.17293112182617187,0.032652679443359374,0.7944161987304688,3,0.8270688781738281,0.022670421406014076,"{'fraction': 0.032652679443359374, 'border_touch_fraction': 0.0, 'thickness': {'median': 2.0, 'p95': 4.0, 'max': 6.0, 'mean': 2.7817599773406982, 'saturated': 5.7011317213772814e-05}, 'components': {'n_components': 6, 'n_components_ge_min_size': 6, 'largest_component_fraction': 0.23131267155967075, 'fragment_fraction': 0.0, 'median_planarity': 0.0019168274689456465, 'worst_planarity': 0.0029112187404495256}}","{'fraction': 0.7944161987304688, 'border_touch_fraction': 0.0236022377564352, 'skipped': 'fraction 0.79 exceeds sheet_fraction_max'}",1,0.032652679443359374,2.0,4.0,6,0.0,0.0029112187404495256
sample_00831,True,True,"[320, 320, 320]",,uint8,LZW,1008185,,"[320, 320, 320]",,uint8,LZW,33325278,,"[320, 320, 320]",uint8,"[0, 1, 2]",0.2783505554199219,0.0535198974609375,0.6681295471191406,3,0.7216494445800781,0.025982144295711985,"{'fraction': 0.0535198974609375, 'border_touch_fraction': 0.0, 'thickness': {'median': 2.0, 'p95': 4.0, 'max': 6.0, 'mean': 2.7872700691223145, 'saturated': 2.6229657759987227e-05}, 'components': {'n_components': 6, 'n_components_ge_min_size': 6, 'largest_component_fraction': 0.1843386134774824, 'fragment_fraction': 0.0, 'median_planarity': 0.0013231052793077252, 'worst_planarity': 0.001754302784050838}}","{'fraction': 0.6681295471191406, 'border_touch_fraction': 0.02806341985749136, 'skipped': 'fraction 0.67 exceeds sheet_fraction_max'}",1,0.0535198974609375,2.0,4.0,6,0.0,0.001754302784050838
sample_00832,True,True,"[320, 320, 320]",,uint8,LZW,667625,,"[320, 320, 320]",,uint8,LZW,32776913,,"[320, 320, 320]",uint8,"[0, 1, 2]",0.1276218566894531,0.028507843017578124,0.8438703002929687,3,0.8723781433105469,0.02149297313759662,"{'fraction': 0.028507843017578124, 'border_touch_fraction': 0.0, 'thickness': {'median': 2.0, 'p95': 4.0, 'max': 6.0, 'mean': 2.7490200996398926, 'saturated': 3.1044431003752094e-05}, 'components': {'n_components': 6, 'n_components_ge_min_size': 6, 'largest_component_fraction': 0.23562294932799513, 'fragment_fraction': 0.0, 'median_planarity': 0.0016312012994576409, 'worst_planarity': 0.0021846109131677858}}","{'fraction': 0.8438703002929687, 'border_touch_fraction': 0.02221905427112497, 'skipped': 'fraction 0.84 exceeds sheet_fraction_max'}",1,0.028507843017578124,2.0,4.0,6,0.0,0.0021846109131677858
sample_00833,True,True,"[320, 320, 320]",,uint8,LZW,736601,,"[320, 320, 320]",,uint8,LZW,33358455,,"[320, 320, 320]",uint8,"[0, 1]",0.9633255920410156,0.03667440795898438,,2,0.03667440795898438,0.0,"{'fraction': 0.03667440795898438, 'border_touch_fraction': 0.0, 'thickness': {'median': 2.0, 'p95': 4.0, 'max': 6.0, 'mean': 2.68789005279541, 'saturated': 9.985462830362797e-06}, 'components': {'n_components': 6, 'n_components_ge_min_size': 6, 'largest_component_fraction': 0.23067168047850337, 'fragment_fraction': 0.0, 'median_planarity': 0.0029646902680414526, 'worst_planarity': 0.005442500337983755}}",,1,0.03667440795898438,2.0,4.0,6,0.0,0.005442500337983755
sample_00834,True,True,"[320, 320, 320]",,uint8,LZW,953529,,"[320, 320, 320]",,uint8,LZW,34859710,,"[320, 320, 320]",uint8,"[0, 1, 2]",0.22938876342773437,0.04875042724609375,0.7218608093261719,3,0.7706112365722656,0.024331334803008264,"{'fraction': 0.04875042724609375, 'border_touch_fraction': 0.0, 'thickness': {'median': 2.0, 'p95': 4.0, 'max': 8.0, 'mean': 2.6919798851013184, 'saturated': 6.8859572795210374e-06}, 'components': {'n_components': 6, 'n_components_ge_min_size': 6, 'largest_component_fraction': 0.18827083596773367, 'fragment_fraction': 0.0, 'median_planarity': 0.002656478012736039, 'worst_planarity': 0.00370769878350998}}","{'fraction': 0.7218608093261719, 'border_touch_fraction': 0.025974536583447956, 'skipped': 'fraction 0.72 exceeds sheet_fraction_max'}",1,0.04875042724609375,2.0,4.0,6,0.0,0.00370769878350998
sample_00835,True,True,"[320, 320, 320]",,uint8,LZW,1010713,,"[320, 320, 320]",,uint8,LZW,34144129,,"[320, 320, 320]",uint8,"[0, 1, 2]",0.2546259460449219,0.05547100830078125,0.6899030456542968,3,0.7453740539550782,0.025155155187532214,"{'fraction': 0.05547100830078125, 'border_touch_fraction': 0.0, 'thickness': {'median': 2.0, 'p95': 4.0, 'max': 6.0, 'mean': 2.6853299140930176, 'saturated': 0.0001364381071633307}, 'components': {'n_components': 6, 'n_components_ge_min_size': 6, 'largest_component_fraction': 0.16712512804826388, 'fragment_fraction': 0.0, 'median_planarity': 0.0024652105703019287, 'worst_planarity': 0.003197651191056487}}","{'fraction': 0.6899030456542968, 'border_touch_fraction': 0.027177731882916525, 'skipped': 'fraction 0.69 exceeds sheet_fraction_max'}",1,0.05547100830078125,2.0,4.0,6,0.0,0.003197651191056487
sample_00836,True,True,"[320, 320, 320]",,uint8,LZW,899497,,"[320, 320, 320]",,uint8,LZW,33359523,,"[320, 320, 320]",uint8,"[0, 1, 2]",0.21714508056640625,0.04087469482421875,0.741980224609375,3,0.7828549194335938,0.023950797950616293,"{'fraction': 0.04087469482421875, 'border_touch_fraction': 0.0, 'thickness': {'median': 2.0, 'p95': 4.0, 'max': 6.0, 'mean': 2.6951100826263428, 'saturated': 8.735371984990092e-05}, 'components': {'n_components': 6, 'n_components_ge_min_size': 6, 'largest_component_fraction': 0.2211228760726962, 'fragment_fraction': 0.0, 'median_planarity': 0.001146296572678177, 'worst_planarity': 0.0027629001657202296}}","{'fraction': 0.741980224609375, 'border_touch_fraction': 0.025270215267355917, 'skipped': 'fraction 0.74 exceeds sheet_fraction_max'}",1,0.04087469482421875,2.0,4.0,6,0.0,0.0027629001657202296
sample_00837,True,True,"[320, 320, 320]",,uint8,LZW,941881,,"[320, 320, 320]",,uint8,LZW,34246710,,"[320, 320, 320]",uint8,"[0, 1, 2]",0.24896337890625,0.0427138671875,0.70832275390625,3,0.75103662109375,0.024965493656879195,"{'fraction': 0.0427138671875, 'border_touch_fraction': 0.0, 'thickness': {'median': 2.0, 'p95': 4.0, 'max': 6.0, 'mean': 2.72625994682312, 'saturated': 9.145156496490547e-05}, 'components': {'n_components': 6, 'n_components_ge_min_size': 6, 'largest_component_fraction': 0.21976882759093716, 'fragment_fraction': 0.0, 'median_planarity': 0.0016144086668789888, 'worst_planarity': 0.0032986767708124633}}","{'fraction': 0.70832275390625, 'border_touch_fraction': 0.0264709835969517, 'skipped': 'fraction 0.71 exceeds sheet_fraction_max'}",1,0.0427138671875,2.0,4.0,6,0.0,0.0032986767708124633
sample_00838,True,True,"[320, 320, 320]",,uint8,LZW,1053337,,"[320, 320, 320]",,uint8,LZW,33562464,,"[320, 320, 320]",uint8,"[0, 1, 2]",0.29025390625,0.05084454345703125,0.6589015502929687,3,0.70974609375,0.026417898125980353,"{'fraction': 0.05084454345703125, 'border_touch_fraction': 0.0, 'thickness': {'median': 2.0, 'p95': 4.0, 'max': 6.0, 'mean': 2.777240037918091, 'saturated': 0.0002160768369232099}, 'components': {'n_components': 6, 'n_components_ge_min_size': 6, 'largest_component_fraction': 0.20572075430022915, 'fragment_fraction': 0.0, 'median_planarity': 0.0021546026324603543, 'worst_planarity': 0.002874451352797316}}","{'fraction': 0.6589015502929687, 'border_touch_fraction': 0.02845645148605759, 'skipped': 'fraction 0.66 exceeds sheet_fraction_max'}",1,0.05084454345703125,2.0,4.0,6,0.0,0.002874451352797316
sample_00839,True,True,"[320, 320, 320]",,uint8,LZW,776073,,"[320, 320, 320]",,uint8,LZW,33811910,,"[320, 320, 320]",uint8,"[0, 1, 2]",0.18983673095703124,0.036165435791015624,0.7739978332519531,3,0.8101632690429688,0.023143483192158337,"{'fraction': 0.036165435791015624, 'border_touch_fraction': 0.0, 'thickness': {'median': 2.0, 'p95': 4.0, 'max': 6.0, 'mean': 2.7502501010894775, 'saturated': 1.6876654439530524e-05}, 'components': {'n_components': 6, 'n_components_ge_min_size': 6, 'largest_component_fraction': 0.24431488799386364, 'fragment_fraction': 0.0, 'median_planarity': 0.0014730705949283981, 'worst_planarity': 0.0019490286491759745}}","{'fraction': 0.7739978332519531, 'border_touch_fraction': 0.024224874017052277, 'skipped': 'fraction 0.77 exceeds sheet_fraction_max'}",1,0.036165435791015624,2.0,4.0,6,0.0,0.0019490286491759745
sample_00840,True,True,"[320, 320, 320]",,uint8,LZW,748585,,"[320, 320, 320]",,uint8,LZW,33193243,,"[320, 320, 320]",uint8,"[0, 1, 2]",0.166031494140625,0.037445404052734374,0.7965231018066407,3,0.833968505859375,0.02248286340343127,"{'fraction': 0.037445404052734374, 'border_touch_fraction': 0.0, 'thickness': {'median': 2.0, 'p95': 4.0, 'max': 6.0, 'mean': 2.7056798934936523, 'saturated': 9.698364562338887e-05}, 'components': {'n_components': 4, 'n_components_ge_min_size': 4, 'largest_component_fraction': 0.25337914656021826, 'fragment_fraction': 0.0, 'median_planarity': 0.0009565945207220706, 'worst_planarity': 0.0011427864090471228}}","{'fraction': 0.7965231018066407, 'border_touch_fraction': 0.0235398068900601, 'skipped': 'fraction 0.80 exceeds sheet_fraction_max'}",1,0.037445404052734374,2.0,4.0,4,0.0,0.0011427864090471228
sample_00841,True,True,"[320, 320, 320]",,uint8,LZW,531577,,"[320, 320, 320]",,uint8,LZW,33890860,,"[320, 320, 320]",uint8,"[0, 1, 2]",0.07298065185546875,0.014578460693359375,0.9124408874511719,3,0.9270193481445312,0.020226115061707097,"{'fraction': 0.014578460693359375, 'border_touch_fraction': 0.0, 'thickness': {'median': 2.0, 'p95': 4.0, 'max': 6.0, 'mean': 2.7134599685668945, 'saturated': 0.0014674266862323559}, 'components': {'n_components': 3, 'n_components_ge_min_size': 3, 'largest_component_fraction': 0.43647047248627296, 'fragment_fraction': 0.0, 'median_planarity': 0.004469138156348439, 'worst_planarity': 0.007194914651303376}}","{'fraction': 0.9124408874511719, 'border_touch_fraction': 0.02054927640559442, 'skipped': 'fraction 0.91 exceeds sheet_fraction_max'}",1,0.014578460693359375,2.0,4.0,3,0.0,0.007194914651303376
sample_00842,True,True,"[320, 320, 320]",,uint8,LZW,858329,,"[320, 320, 320]",,uint8,LZW,34534123,,"[320, 320, 320]",uint8,"[0, 1, 2]",0.189450439453125,0.041954071044921874,0.7685954895019531,3,0.810549560546875,0.02313245347681077,"{'fraction': 0.041954071044921874, 'border_touch_fraction': 0.0, 'thickness': {'median': 2.0, 'p95': 4.0, 'max': 8.0, 'mean': 2.7727999687194824, 'saturated': 6.182937855655315e-05}, 'components': {'n_components': 5, 'n_components_ge_min_size': 5, 'largest_component_fraction': 0.23449846554030512, 'fragment_fraction': 0.0, 'median_planarity': 0.0031807703060904445, 'worst_planarity': 0.0034119372162539005}}","{'fraction': 0.7685954895019531, 'border_touch_fraction': 0.02439514706513556, 'skipped': 'fraction 0.77 exceeds sheet_fraction_max'}",1,0.041954071044921874,2.0,4.0,5,0.0,0.0034119372162539005
sample_00843,True,True,"[320, 320, 320]",,uint8,LZW,1055097,,"[320, 320, 320]",,uint8,LZW,33931184,,"[320, 320, 320]",uint8,"[0, 1, 2]",0.30823846435546876,0.05624700927734375,0.6355145263671875,3,0.6917615356445312,0.02710471605295337,"{'fraction': 0.05624700927734375, 'border_touch_fraction': 0.0, 'thickness': {'median': 2.0, 'p95': 4.0, 'max': 8.0, 'mean': 2.7172300815582275, 'saturated': 2.1702542778424635e-06}, 'components': {'n_components': 6, 'n_components_ge_min_size': 6, 'largest_component_fraction': 0.17795488258381792, 'fragment_fraction': 0.0, 'median_planarity': 0.003297748400140792, 'worst_planarity': 0.005974382450824817}}","{'fraction': 0.6355145263671875, 'border_touch_fraction': 0.0295036529018168, 'skipped': 'fraction 0.64 exceeds sheet_fraction_max'}",1,0.05624700927734375,2.0,4.0,6,0.0,0.005974382450824817
sample_00844,True,True,"[320, 320, 320]",,uint8,LZW,799865,,"[320, 320, 320]",,uint8,LZW,34442052,,"[320, 320, 320]",uint8,"[0, 1, 2]",0.20312033081054687,0.03102239990234375,0.7658572692871094,3,0.7968796691894531,0.02352927389786664,"{'fraction': 0.03102239990234375, 'border_touch_fraction': 0.0, 'thickness': {'median': 2.0, 'p95': 4.0, 'max': 8.0, 'mean': 2.740070104598999, 'saturated': 2.951181554721792e-06}, 'components': {'n_components': 6, 'n_components_ge_min_size': 6, 'largest_component_fraction': 0.255786775165217, 'fragment_fraction': 0.0, 'median_planarity': 0.002721314452574306, 'worst_planarity': 0.007621129561342957}}","{'fraction': 0.7658572692871094, 'border_touch_fraction': 0.02448236865004004, 'skipped': 'fraction 0.77 exceeds sheet_fraction_max'}",1,0.03102239990234375,2.0,4.0,6,0.0,0.007621129561342957
sample_00845,True,True,"[320, 320, 320]",,uint8,LZW,1107481,,"[320, 320, 320]",,uint8,LZW,33895002,,"[320, 320, 320]",uint8,"[0, 1, 2]",0.37129583740234373,0.05463253784179688,0.5740716247558594,3,0.6287041625976563,0.02982324774585467,"{'fraction': 0.05463253784179688, 'border_touch_fraction': 0.0, 'thickness': {'median': 2.0, 'p95': 4.0, 'max': 6.0, 'mean': 2.7505500316619873, 'saturated': 1.4523525038277867e-05}, 'components': {'n_components': 6, 'n_components_ge_min_size': 6, 'largest_component_fraction': 0.18486492283818726, 'fragment_fraction': 0.0, 'median_planarity': 0.004709262982675393, 'worst_planarity': 0.007653609347047654}}","{'fraction': 0.5740716247558594, 'border_touch_fraction': 0.032661429674344176, 'skipped': 'fraction 0.57 exceeds sheet_fraction_max'}",1,0.05463253784179688,2.0,4.0,6,0.0,0.007653609347047654
sample_00846,True,True,"[320, 320, 320]",,uint8,LZW,662153,,"[320, 320, 320]",,uint8,LZW,33532643,,"[320, 320, 320]",uint8,"[0, 1, 2]",0.16982614135742188,0.02752392578125,0.8026499328613281,3,0.8301738586425781,0.02258563047342665,"{'fraction': 0.02752392578125, 'border_touch_fraction': 0.0, 'thickness': {'median': 2.0, 'p95': 4.0, 'max': 10.0, 'mean': 2.7250900268554688, 'saturated': 2.2175309123809186e-06}, 'components': {'n_components': 5, 'n_components_ge_min_size': 5, 'largest_component_fraction': 0.2835978108534833, 'fragment_fraction': 0.0, 'median_planarity': 0.0011979730043902527, 'worst_planarity': 0.00308399146533484}}","{'fraction': 0.8026499328613281, 'border_touch_fraction': 0.02336012155779921, 'skipped': 'fraction 0.80 exceeds sheet_fraction_max'}",1,0.02752392578125,2.0,4.0,5,0.0,0.00308399146533484
sample_00847,True,True,"[320, 320, 320]",,uint8,LZW,965993,,"[320, 320, 320]",,uint8,LZW,33322177,,"[320, 320, 320]",uint8,"[0, 1, 2]",0.2905806274414062,0.05484246826171875,0.654576904296875,3,0.7094193725585938,0.02643006481818533,"{'fraction': 0.05484246826171875, 'border_touch_fraction': 0.0, 'thickness': {'median': 2.0, 'p95': 4.0, 'max': 8.0, 'mean': 2.7131500244140625, 'saturated': 8.06865367001321e-05}, 'components': {'n_components': 6, 'n_components_ge_min_size': 6, 'largest_component_fraction': 0.173867800952435, 'fragment_fraction': 0.0, 'median_planarity': 0.0008924715980250567, 'worst_planarity': 0.0023498657622361375}}","{'fraction': 0.654576904296875, 'border_touch_fraction': 0.028644457017836022, 'skipped': 'fraction 0.65 exceeds sheet_fraction_max'}",1,0.05484246826171875,2.0,4.0,6,0.0,0.0023498657622361375
sample_00848,True,True,"[320, 320, 320]",,uint8,LZW,777209,,"[320, 320, 320]",,uint8,LZW,33216196,,"[320, 320, 320]",uint8,"[0, 1, 2]",0.14632864379882812,0.03624200439453125,0.8174293518066407,3,0.8536713562011718,0.021963955875756794,"{'fraction': 0.03624200439453125, 'border_touch_fraction': 0.0, 'thickness': {'median': 2.0, 'p95': 4.0, 'max': 6.0, 'mean': 2.662290096282959, 'saturated': 2.020919889051498e-05}, 'components': {'n_components': 4, 'n_components_ge_min_size': 4, 'largest_component_fraction': 0.25029934875856574, 'fragment_fraction': 0.0, 'median_planarity': 0.002265915458021234, 'worst_planarity': 0.0027403944371027092}}","{'fraction': 0.8174293518066407, 'border_touch_fraction': 0.022937762093518794, 'skipped': 'fraction 0.82 exceeds sheet_fraction_max'}",1,0.03624200439453125,2.0,4.0,4,0.0,0.0027403944371027092
sample_00850,True,True,"[320, 320, 320]",,uint8,LZW,928265,,"[320, 320, 320]",,uint8,LZW,33860535,,"[320, 320, 320]",uint8,"[0, 1, 2]",0.22047772216796874,0.05436669921875,0.7251555786132813,3,0.7795222778320312,0.0240531932610657,"{'fraction': 0.05436669921875, 'border_touch_fraction': 0.0, 'thickness': {'median': 2.0, 'p95': 4.0, 'max': 6.0, 'mean': 2.6572699546813965, 'saturated': 2.3014468803606873e-05}, 'components': {'n_components': 6, 'n_components_ge_min_size': 6, 'largest_component_fraction': 0.16681504450212406, 'fragment_fraction': 0.0, 'median_planarity': 0.002669592548986808, 'worst_planarity': 0.003334477444340804}}","{'fraction': 0.7251555786132813, 'border_touch_fraction': 0.025856520384019827, 'skipped': 'fraction 0.73 exceeds sheet_fraction_max'}",1,0.05436669921875,2.0,4.0,6,0.0,0.003334477444340804
sample_00851,True,True,"[320, 320, 320]",,uint8,LZW,925561,,"[320, 320, 320]",,uint8,LZW,35099293,,"[320, 320, 320]",uint8,"[0, 1, 2]",0.20984832763671876,0.05477252197265625,0.735379150390625,3,0.7901516723632812,0.02372962135727718,"{'fraction': 0.05477252197265625, 'border_touch_fraction': 0.0, 'thickness': {'median': 2.0, 'p95': 4.0, 'max': 8.0, 'mean': 2.6700100898742676, 'saturated': 8.914711837511548e-06}, 'components': {'n_components': 6, 'n_components_ge_min_size': 6, 'largest_component_fraction': 0.16729682535968077, 'fragment_fraction': 0.0, 'median_planarity': 0.0018644117629094954, 'worst_planarity': 0.002573543867097953}}","{'fraction': 0.735379150390625, 'border_touch_fraction': 0.02549705140544196, 'skipped': 'fraction 0.74 exceeds sheet_fraction_max'}",1,0.05477252197265625,2.0,4.0,6,0.0,0.002573543867097953
sample_00852,True,True,"[320, 320, 320]",,uint8,LZW,991945,,"[320, 320, 320]",,uint8,LZW,34180784,,"[320, 320, 320]",uint8,"[0, 1, 2]",0.26366864013671876,0.04745758056640625,0.688873779296875,3,0.7363313598632812,0.02546407911172141,"{'fraction': 0.04745758056640625, 'border_touch_fraction': 0.0, 'thickness': {'median': 2.0, 'p95': 4.0, 'max': 8.0, 'mean': 2.699690103530884, 'saturated': 9.002694377817362e-06}, 'components': {'n_components': 5, 'n_components_ge_min_size': 5, 'largest_component_fraction': 0.2049823482885235, 'fragment_fraction': 0.0, 'median_planarity': 0.015206073792337273, 'worst_planarity': 0.018601528042641334}}","{'fraction': 0.688873779296875, 'border_touch_fraction': 0.02721833892289803, 'skipped': 'fraction 0.69 exceeds sheet_fraction_max'}",1,0.04745758056640625,2.0,4.0,5,0.0,0.018601528042641334
sample_00853,True,True,"[320, 320, 320]",,uint8,LZW,696329,,"[320, 320, 320]",,uint8,LZW,32504601,,"[320, 320, 320]",uint8,"[0, 1, 2]",0.20584762573242188,0.059226104736328125,0.73492626953125,3,0.7941523742675781,0.023610078629170552,"{'fraction': 0.059226104736328125, 'border_touch_fraction': 0.0, 'thickness': {'median': 2.0, 'p95': 4.0, 'max': 6.0, 'mean': 2.66375994682312, 'saturated': 0.00025763620839883736}, 'components': {'n_components': 7, 'n_components_ge_min_size': 7, 'largest_component_fraction': 0.14441643080071787, 'fragment_fraction': 0.0, 'median_planarity': 0.00364174719494437, 'worst_planarity': 0.004941734598723203}}","{'fraction': 0.73492626953125, 'border_touch_fraction': 0.025512763357825142, 'skipped': 'fraction 0.73 exceeds sheet_fraction_max'}",1,0.059226104736328125,2.0,4.0,7,0.0,0.004941734598723203
sample_00854,True,True,"[320, 320, 320]",,uint8,LZW,557193,,"[320, 320, 320]",,uint8,LZW,24169118,,"[320, 320, 320]",uint8,"[0, 1, 2]",0.09717593383789062,0.036371337890625,0.8664527282714843,3,0.9028240661621094,0.020768165917093847,"{'fraction': 0.036371337890625, 'border_touch_fraction': 0.0, 'thickness': {'median': 2.0, 'p95': 4.0, 'max': 6.0, 'mean': 2.664289951324463, 'saturated': 1.6781113863213784e-06}, 'components': {'n_components': 4, 'n_components_ge_min_size': 4, 'largest_component_fraction': 0.2509053410929204, 'fragment_fraction': 0.0, 'median_planarity': 0.002717225276339619, 'worst_planarity': 0.0028128999668312845}}","{'fraction': 0.8664527282714843, 'border_touch_fraction': 0.021639957251222468, 'skipped': 'fraction 0.87 exceeds sheet_fraction_max'}",1,0.036371337890625,2.0,4.0,4,0.0,0.0028128999668312845
sample_00856,True,True,"[320, 320, 320]",,uint8,LZW,1144313,,"[320, 320, 320]",,uint8,NONE,32821210,,"[320, 320, 320]",uint8,"[0, 1, 2]",0.36285186767578126,0.0601448974609375,0.5770032348632812,3,0.6371481323242187,0.029428007473870907,"{'fraction': 0.0601448974609375, 'border_touch_fraction': 0.0, 'thickness': {'median': 2.0, 'p95': 4.0, 'max': 8.0, 'mean': 2.723989963531494, 'saturated': 1.0148019005209993e-06}, 'components': {'n_components': 10, 'n_components_ge_min_size': 10, 'largest_component_fraction': 0.1632055156512897, 'fragment_fraction': 0.0, 'median_planarity': 0.003912806769889201, 'worst_planarity': 0.007013914067868401}}","{'fraction': 0.5770032348632812, 'border_touch_fraction': 0.0324954850633424, 'skipped': 'fraction 0.58 exceeds sheet_fraction_max'}",1,0.0601448974609375,2.0,4.0,10,0.0,0.007013914067868401
sample_00857,True,True,"[320, 320, 320]",,uint8,LZW,1216841,,"[320, 320, 320]",,uint8,NONE,32821210,,"[320, 320, 320]",uint8,"[0, 1, 2]",0.6496526794433594,0.15444937133789063,0.19589794921875,3,0.35034732055664064,0.05351831996377061,"{'fraction': 0.15444937133789063, 'border_touch_fraction': 0.0, 'thickness': {'median': 2.0, 'p95': 4.0, 'max': 8.0, 'mean': 2.660989999771118, 'saturated': 3.9517905266491956e-07}, 'components': {'n_components': 22, 'n_components_ge_min_size': 22, 'largest_component_fraction': 0.059224299085733505, 'fragment_fraction': 0.0, 'median_planarity': 0.004696538290021346, 'worst_planarity': 0.010205002069575137}}","{'fraction': 0.19589794921875, 'border_touch_fraction': 0.09571309998280156, 'thickness': {'median': 8.0, 'p95': 8.0, 'max': 8.0, 'mean': 6.610010147094727, 'saturated': 0.652467354106067}, 'components': {'n_components': 1, 'n_components_ge_min_size': 1, 'largest_component_fraction': 1.0, 'fragment_fraction': 0.0, 'median_planarity': 0.3013589023752843, 'worst_planarity': 0.3013589023752843}}",1,0.15444937133789063,2.0,4.0,22,0.0,0.010205002069575137
sample_00858,True,True,"[320, 320, 320]",,uint8,LZW,1595801,,"[320, 320, 320]",,uint8,NONE,32821210,,"[320, 320, 320]",uint8,"[0, 1, 2]",0.47332916259765623,0.114700927734375,0.41196990966796876,3,0.5266708374023438,0.035600983894379115,"{'fraction': 0.114700927734375, 'border_touch_fraction': 0.0, 'thickness': {'median': 2.0, 'p95': 4.0, 'max': 6.0, 'mean': 2.7356300354003906, 'saturated': 4.975362642742356e-05}, 'components': {'n_components': 15, 'n_components_ge_min_size': 15, 'largest_component_fraction': 0.08437948979917627, 'fragment_fraction': 0.0, 'median_planarity': 0.0013803519661295407, 'worst_planarity': 0.0029365565832598093}}","{'fraction': 0.41196990966796876, 'border_touch_fraction': 0.04551303277249484, 'skipped': 'fraction 0.41 exceeds sheet_fraction_max'}",1,0.114700927734375,2.0,4.0,15,0.0,0.0029365565832598093
sample_00859,True,True,"[320, 320, 320]",,uint8,LZW,788745,,"[320, 320, 320]",,uint8,NONE,32821210,,"[320, 320, 320]",uint8,"[0, 1, 2]",0.175251708984375,0.0576494140625,0.767098876953125,3,0.824748291015625,0.022734208975335457,"{'fraction': 0.0576494140625, 'border_touch_fraction': 0.0, 'thickness': {'median': 2.0, 'p95': 4.0, 'max': 4.0, 'mean': 2.6469900608062744, 'saturated': 1.2175393424017075e-05}, 'components': {'n_components': 15, 'n_components_ge_min_size': 15, 'largest_component_fraction': 0.15747442108651094, 'fragment_fraction': 0.0, 'median_planarity': 0.0016781205616071494, 'worst_planarity': 0.006926705401248532}}","{'fraction': 0.767098876953125, 'border_touch_fraction': 0.02444274208101305, 'skipped': 'fraction 0.77 exceeds sheet_fraction_max'}",1,0.0576494140625,2.0,4.0,15,0.0,0.006926705401248532
sample_00860,True,True,"[320, 320, 320]",,uint8,LZW,1110521,,"[320, 320, 320]",,uint8,NONE,32821210,,"[320, 320, 320]",uint8,"[0, 1, 2]",0.40154736328125,0.0986392822265625,0.4998133544921875,3,0.59845263671875,0.03133080021637834,"{'fraction': 0.0986392822265625, 'border_touch_fraction': 0.0, 'thickness': {'median': 2.0, 'p95': 4.0, 'max': 6.0, 'mean': 2.667059898376465, 'saturated': 2.5060237385419024e-05}, 'components': {'n_components': 14, 'n_components_ge_min_size': 14, 'largest_component_fraction': 0.09304773325512064, 'fragment_fraction': 0.0, 'median_planarity': 0.006045242374406763, 'worst_planarity': 0.007443385369008221}}","{'fraction': 0.4998133544921875, 'border_touch_fraction': 0.03751400364051913, 'skipped': 'fraction 0.50 exceeds sheet_fraction_max'}",1,0.0986392822265625,2.0,4.0,14,0.0,0.007443385369008221
sample_00861,True,True,"[320, 320, 320]",,uint8,LZW,1043241,,"[320, 320, 320]",,uint8,NONE,32821210,,"[320, 320, 320]",uint8,"[0, 1, 2]",0.3379745178222656,0.06729147338867188,0.5947340087890625,3,0.6620254821777344,0.028322172642542144,"{'fraction': 0.06729147338867188, 'border_touch_fraction': 0.0, 'thickness': {'median': 2.0, 'p95': 4.0, 'max': 8.0, 'mean': 2.6915299892425537, 'saturated': 3.673457725984543e-05}, 'components': {'n_components': 10, 'n_components_ge_min_size': 10, 'largest_component_fraction': 0.14399546123889856, 'fragment_fraction': 0.0, 'median_planarity': 0.005063678118801621, 'worst_planarity': 0.007096315775383548}}","{'fraction': 0.5947340087890625, 'border_touch_fraction': 0.031526698865223565, 'skipped': 'fraction 0.59 exceeds sheet_fraction_max'}",1,0.06729147338867188,2.0,4.0,10,0.0,0.007096315775383548
sample_00862,True,True,"[320, 320, 320]",,uint8,LZW,1396377,,"[320, 320, 320]",,uint8,NONE,32821210,,"[320, 320, 320]",uint8,"[0, 1, 2]",0.42041278076171873,0.07102444458007813,0.5085627746582031,3,0.5795872192382813,0.032350609843747186,"{'fraction': 0.07102444458007813, 'border_touch_fraction': 0.0, 'thickness': {'median': 2.0, 'p95': 4.0, 'max': 6.0, 'mean': 2.7515199184417725, 'saturated': 0.0006900614395300363}, 'components': {'n_components': 9, 'n_components_ge_min_size': 9, 'largest_component_fraction': 0.13923686767105123, 'fragment_fraction': 0.0, 'median_planarity': 0.01098117809921034, 'worst_planarity': 0.015596679917768738}}","{'fraction': 0.5085627746582031, 'border_touch_fraction': 0.03686860488875061, 'skipped': 'fraction 0.51 exceeds sheet_fraction_max'}",1,0.07102444458007813,2.0,4.0,9,0.0,0.015596679917768738
sample_00863,True,True,"[320, 320, 320]",,uint8,LZW,1217593,,"[320, 320, 320]",,uint8,NONE,32821210,,"[320, 320, 320]",uint8,"[0, 1, 2]",0.5869261169433594,0.06609182739257813,0.3469820556640625,3,0.4130738830566406,0.04539139550836479,"{'fraction': 0.06609182739257813, 'border_touch_fraction': 0.0, 'thickness': {'median': 2.0, 'p95': 4.0, 'max': 10.0, 'mean': 2.7462100982666016, 'saturated': 9.234902204694378e-07}, 'components': {'n_components': 10, 'n_components_ge_min_size': 10, 'largest_component_fraction': 0.18731290665314676, 'fragment_fraction': 0.0, 'median_planarity': 0.08186459704375929, 'worst_planarity': 0.16129851872478768}}","{'fraction': 0.3469820556640625, 'border_touch_fraction': 0.054037376555729384, 'skipped': 'fraction 0.35 exceeds sheet_fraction_max'}",1,0.06609182739257813,2.0,4.0,10,0.0,0.16129851872478768
sample_00864,True,True,"[320, 320, 320]",,uint8,LZW,952425,,"[320, 320, 320]",,uint8,NONE,32821210,,"[320, 320, 320]",uint8,"[0, 1, 2]",0.17816949462890624,0.04079541015625,0.7810350952148437,3,0.8218305053710937,0.022814923366142905,"{'fraction': 0.04079541015625, 'border_touch_fraction': 0.0, 'thickness': {'median': 2.0, 'p95': 4.0, 'max': 6.0, 'mean': 2.688469886779785, 'saturated': 2.9922560413649473e-06}, 'components': {'n_components': 13, 'n_components_ge_min_size': 13, 'largest_component_fraction': 0.3103156530898036, 'fragment_fraction': 0.0, 'median_planarity': 0.02015219186403352, 'worst_planarity': 0.20060929452467186}}","{'fraction': 0.7810350952148437, 'border_touch_fraction': 0.024006603691531084, 'skipped': 'fraction 0.78 exceeds sheet_fraction_max'}",1,0.04079541015625,2.0,4.0,13,0.0,0.20060929452467186
sample_00865,True,True,"[320, 320, 320]",,uint8,LZW,1236649,,"[320, 320, 320]",,uint8,NONE,32821210,,"[320, 320, 320]",uint8,"[0, 1, 2]",0.3367651062011719,0.06590679931640625,0.5973280944824219,3,0.6632348937988282,0.028270527041490724,"{'fraction': 0.06590679931640625, 'border_touch_fraction': 0.0, 'thickness': {'median': 2.0, 'p95': 4.0, 'max': 6.0, 'mean': 2.6627800464630127, 'saturated': 0.000202349101745944}, 'components': {'n_components': 8, 'n_components_ge_min_size': 8, 'largest_component_fraction': 0.1408891506616399, 'fragment_fraction': 0.0, 'median_planarity': 0.005956155560913928, 'worst_planarity': 0.012897569214818242}}","{'fraction': 0.5973280944824219, 'border_touch_fraction': 0.03138978422946382, 'skipped': 'fraction 0.60 exceeds sheet_fraction_max'}",1,0.06590679931640625,2.0,4.0,8,0.0,0.012897569214818242
sample_00866,True,True,"[320, 320, 320]",,uint8,LZW,772297,,"[320, 320, 320]",,uint8,NONE,32821210,,"[320, 320, 320]",uint8,"[0, 1, 2]",0.19941647338867188,0.027349334716796875,0.7732341918945312,3,0.8005835266113281,0.02342041695432344,"{'fraction': 0.027349334716796875, 'border_touch_fraction': 0.0, 'thickness': {'median': 2.0, 'p95': 4.0, 'max': 8.0, 'mean': 2.6802399158477783, 'saturated': 3.7938679934790106e-05}, 'components': {'n_components': 6, 'n_components_ge_min_size': 6, 'largest_component_fraction': 0.3280791981102074, 'fragment_fraction': 0.0, 'median_planarity': 0.001970688019847604, 'worst_planarity': 0.015254472045921222}}","{'fraction': 0.7732341918945312, 'border_touch_fraction': 0.02424879835442855, 'skipped': 'fraction 0.77 exceeds sheet_fraction_max'}",1,0.027349334716796875,2.0,4.0,6,0.0,0.015254472045921222
sample_00867,True,True,"[320, 320, 320]",,uint8,LZW,1180761,,"[320, 320, 320]",,uint8,NONE,32821210,,"[320, 320, 320]",uint8,"[0, 1, 2]",0.7059698791503907,0.10388629150390626,0.19014382934570312,3,0.2940301208496094,0.0637689769531818,"{'fraction': 0.10388629150390626, 'border_touch_fraction': 0.0, 'thickness': {'median': 2.0, 'p95': 4.0, 'max': 6.0, 'mean': 2.6767899990081787, 'saturated': 3.525113200197641e-05}, 'components': {'n_components': 13, 'n_components_ge_min_size': 13, 'largest_component_fraction': 0.09068148075905087, 'fragment_fraction': 0.0, 'median_planarity': 0.009939587044130777, 'worst_planarity': 0.015760263547231614}}","{'fraction': 0.19014382934570312, 'border_touch_fraction': 0.0986095634263806, 'thickness': {'median': 8.0, 'p95': 8.0, 'max': 8.0, 'mean': 6.985050201416016, 'saturated': 0.748085306902204}, 'components': {'n_components': 1, 'n_components_ge_min_size': 1, 'largest_component_fraction': 1.0, 'fragment_fraction': 0.0, 'median_planarity': 0.27207022925115143, 'worst_planarity': 0.27207022925115143}}",1,0.10388629150390626,2.0,4.0,13,0.0,0.015760263547231614
sample_00868,True,True,"[320, 320, 320]",,uint8,LZW,1528313,,"[320, 320, 320]",,uint8,NONE,32821210,,"[320, 320, 320]",uint8,"[0, 1, 2]",0.734259765625,0.08011639404296875,0.18562384033203125,3,0.265740234375,0.07055762573589398,"{'fraction': 0.08011639404296875, 'border_touch_fraction': 0.0, 'thickness': {'median': 2.0, 'p95': 4.0, 'max': 8.0, 'mean': 2.7500600814819336, 'saturated': 6.513655440578321e-05}, 'components': {'n_components': 14, 'n_components_ge_min_size': 14, 'largest_component_fraction': 0.12681896685044572, 'fragment_fraction': 0.0, 'median_planarity': 0.010822822116603945, 'worst_planarity': 0.01886207834044091}}","{'fraction': 0.18562384033203125, 'border_touch_fraction': 0.10101073206147056, 'thickness': {'median': 8.0, 'p95': 8.0, 'max': 8.0, 'mean': 6.788380146026611, 'saturated': 0.6981197930726761}, 'components': {'n_components': 1, 'n_components_ge_min_size': 1, 'largest_component_fraction': 1.0, 'fragment_fraction': 0.0, 'median_planarity': 0.25596486427261367, 'worst_planarity': 0.25596486427261367}}",1,0.08011639404296875,2.0,4.0,14,0.0,0.01886207834044091
sample_00869,True,True,"[320, 320, 320]",,uint8,LZW,1263561,,"[320, 320, 320]",,uint8,NONE,32821210,,"[320, 320, 320]",uint8,"[0, 1, 2]",0.46522393798828127,0.074505859375,0.46027020263671875,3,0.5347760620117188,0.035061404823294284,"{'fraction': 0.074505859375, 'border_touch_fraction': 0.0, 'thickness': {'median': 2.0, 'p95': 4.0, 'max': 6.0, 'mean': 2.7104198932647705, 'saturated': 1.6383988255957218e-06}, 'components': {'n_components': 11, 'n_components_ge_min_size': 11, 'largest_component_fraction': 0.13772380527957637, 'fragment_fraction': 0.0, 'median_planarity': 0.016717966566304646, 'worst_planarity': 0.034967786426746694}}","{'fraction': 0.46027020263671875, 'border_touch_fraction': 0.04073694080691764, 'skipped': 'fraction 0.46 exceeds sheet_fraction_max'}",1,0.074505859375,2.0,4.0,11,0.0,0.034967786426746694
sample_00870,True,True,"[320, 320, 320]",,uint8,LZW,998745,,"[320, 320, 320]",,uint8,NONE,32821210,,"[320, 320, 320]",uint8,"[0, 1, 2]",0.3910917663574219,0.0596650390625,0.5492431945800781,3,0.6089082336425782,0.030792817314745043,"{'fraction': 0.0596650390625, 'border_touch_fraction': 0.0, 'thickness': {'median': 2.0, 'p95': 4.0, 'max': 6.0, 'mean': 2.7100300788879395, 'saturated': 1.5344452264431969e-06}, 'components': {'n_components': 7, 'n_components_ge_min_size': 7, 'largest_component_fraction': 0.1625744717416567, 'fragment_fraction': 0.0, 'median_planarity': 0.00983159717103323, 'worst_planarity': 0.02614382351146361}}","{'fraction': 0.5492431945800781, 'border_touch_fraction': 0.03413788315453821, 'skipped': 'fraction 0.55 exceeds sheet_fraction_max'}",1,0.0596650390625,2.0,4.0,7,0.0,0.02614382351146361
sample_00871,True,True,"[320, 320, 320]",,uint8,LZW,1232857,,"[320, 320, 320]",,uint8,NONE,32821210,,"[320, 320, 320]",uint8,"[0, 1, 2]",0.5858312683105469,0.09645455932617188,0.31771417236328126,3,0.4141687316894531,0.04527140405678643,"{'fraction': 0.09645455932617188, 'border_touch_fraction': 0.0, 'thickness': {'median': 2.0, 'p95': 4.0, 'max': 6.0, 'mean': 2.6807100772857666, 'saturated': 0.00011801470785981118}, 'components': {'n_components': 11, 'n_components_ge_min_size': 11, 'largest_component_fraction': 0.09868117772983365, 'fragment_fraction': 0.0, 'median_planarity': 0.00980575184092183, 'worst_planarity': 0.014460543979023457}}","{'fraction': 0.31771417236328126, 'border_touch_fraction': 0.05901530882469053, 'skipped': 'fraction 0.32 exceeds sheet_fraction_max'}",1,0.09645455932617188,2.0,4.0,11,0.0,0.014460543979023457
sample_00872,True,True,"[320, 320, 320]",,uint8,LZW,1277977,,"[320, 320, 320]",,uint8,NONE,32821210,,"[320, 320, 320]",uint8,"[0, 1, 2]",0.5960747375488281,0.06601190185546875,0.33791336059570315,3,0.4039252624511719,0.04641947841097603,"{'fraction': 0.06601190185546875, 'border_touch_fraction': 0.0, 'thickness': {'median': 2.0, 'p95': 4.0, 'max': 8.0, 'mean': 2.7546000480651855, 'saturated': 1.3869125385214957e-06}, 'components': {'n_components': 8, 'n_components_ge_min_size': 8, 'largest_component_fraction': 0.1652617242651444, 'fragment_fraction': 0.0, 'median_planarity': 0.009024877747353669, 'worst_planarity': 0.01199255632530678}}","{'fraction': 0.33791336059570315, 'border_touch_fraction': 0.05548759589424303, 'skipped': 'fraction 0.34 exceeds sheet_fraction_max'}",1,0.06601190185546875,2.0,4.0,8,0.0,0.01199255632530678
sample_00873,True,True,"[320, 320, 320]",,uint8,LZW,927513,,"[320, 320, 320]",,uint8,NONE,32821210,,"[320, 320, 320]",uint8,"[0, 1, 2]",0.1593719482421875,0.0418907470703125,0.7987373046875,3,0.8406280517578125,0.022304751739835982,"{'fraction': 0.0418907470703125, 'border_touch_fraction': 0.0, 'thickness': {'median': 2.0, 'p95': 4.0, 'max': 8.0, 'mean': 2.6643500328063965, 'saturated': 1.4570080630826212e-06}, 'components': {'n_components': 10, 'n_components_ge_min_size': 10, 'largest_component_fraction': 0.23814869641488595, 'fragment_fraction': 0.0, 'median_planarity': 0.007392657640844046, 'worst_planarity': 0.026268610933999858}}","{'fraction': 0.7987373046875, 'border_touch_fraction': 0.02347455150768975, 'skipped': 'fraction 0.80 exceeds sheet_fraction_max'}",1,0.0418907470703125,2.0,4.0,10,0.0,0.026268610933999858
sample_00874,True,True,"[320, 320, 320]",,uint8,LZW,1457689,,"[320, 320, 320]",,uint8,NONE,32821210,,"[320, 320, 320]",uint8,"[0, 1, 2]",0.4624208068847656,0.07020266723632812,0.46737652587890627,3,0.5375791931152344,0.034878582058477825,"{'fraction': 0.07020266723632812, 'border_touch_fraction': 0.0, 'thickness': {'median': 2.0, 'p95': 4.0, 'max': 8.0, 'mean': 2.7427799701690674, 'saturated': 2.4778288654891038e-05}, 'components': {'n_components': 9, 'n_components_ge_min_size': 9, 'largest_component_fraction': 0.1422108580199713, 'fragment_fraction': 0.0, 'median_planarity': 0.006056179911658945, 'worst_planarity': 0.010357971203954238}}","{'fraction': 0.46737652587890627, 'border_touch_fraction': 0.040117547548500505, 'skipped': 'fraction 0.47 exceeds sheet_fraction_max'}",1,0.07020266723632812,2.0,4.0,9,0.0,0.010357971203954238
sample_00875,True,True,"[320, 320, 320]",,uint8,LZW,605657,,"[320, 320, 320]",,uint8,LZW,35845784,,"[320, 320, 320]",uint8,"[0, 1, 2]",0.3186699523925781,0.04628582763671875,0.6350442199707031,3,0.6813300476074219,0.027519702185222913,"{'fraction': 0.04628582763671875, 'border_touch_fraction': 0.0, 'thickness': {'median': 2.0, 'p95': 4.0, 'max': 8.0, 'mean': 2.6872498989105225, 'saturated': 2.439516474648149e-05}, 'components': {'n_components': 5, 'n_components_ge_min_size': 5, 'largest_component_fraction': 0.21775058119831686, 'fragment_fraction': 0.0, 'median_planarity': 0.010547325904319968, 'worst_planarity': 0.02030126648539713}}","{'fraction': 0.6350442199707031, 'border_touch_fraction': 0.0295255029655494, 'skipped': 'fraction 0.64 exceeds sheet_fraction_max'}",1,0.04628582763671875,2.0,4.0,5,0.0,0.02030126648539713
sample_00877,True,True,"[320, 320, 320]",,uint8,LZW,873161,,"[320, 320, 320]",,uint8,LZW,36680316,,"[320, 320, 320]",uint8,"[0, 1, 2]",0.245870361328125,0.04275323486328125,0.7113764038085938,3,0.754129638671875,0.024863099178837878,"{'fraction': 0.04275323486328125, 'border_touch_fraction': 0.0, 'thickness': {'median': 2.0, 'p95': 4.0, 'max': 8.0, 'mean': 2.7038800716400146, 'saturated': 2.5697068678271273e-05}, 'components': {'n_components': 6, 'n_components_ge_min_size': 6, 'largest_component_fraction': 0.22004685432189006, 'fragment_fraction': 0.0, 'median_planarity': 0.0054838956035266565, 'worst_planarity': 0.009708103747738006}}","{'fraction': 0.7113764038085938, 'border_touch_fraction': 0.02635735441830168, 'skipped': 'fraction 0.71 exceeds sheet_fraction_max'}",1,0.04275323486328125,2.0,4.0,6,0.0,0.009708103747738006
sample_00878,True,True,"[320, 320, 320]",,uint8,LZW,1435065,,"[320, 320, 320]",,uint8,LZW,36381807,,"[320, 320, 320]",uint8,"[0, 1, 2]",0.7840140686035156,0.08531765747070312,0.13066827392578126,3,0.21598593139648437,0.08681120978005143,"{'fraction': 0.08531765747070312, 'border_touch_fraction': 0.0, 'thickness': {'median': 2.0, 'p95': 4.0, 'max': 8.0, 'mean': 2.736030101776123, 'saturated': 1.2519275212657774e-05}, 'components': {'n_components': 13, 'n_components_ge_min_size': 13, 'largest_component_fraction': 0.12926509350646656, 'fragment_fraction': 0.0, 'median_planarity': 0.005694326741012281, 'worst_planarity': 0.011831524025500417}}","{'fraction': 0.13066827392578126, 'border_touch_fraction': 0.14349313292873128, 'thickness': {'median': 8.0, 'p95': 8.0, 'max': 8.0, 'mean': 6.478499889373779, 'saturated': 0.6198237724961219}, 'components': {'n_components': 1, 'n_components_ge_min_size': 1, 'largest_component_fraction': 1.0, 'fragment_fraction': 0.0, 'median_planarity': 0.2263271004010282, 'worst_planarity': 0.2263271004010282}}",1,0.08531765747070312,2.0,4.0,13,0.0,0.011831524025500417
sample_00879,True,True,"[320, 320, 320]",,uint8,LZW,1304601,,"[320, 320, 320]",,uint8,LZW,37714091,,"[320, 320, 320]",uint8,"[0, 1, 2]",0.36782891845703125,0.053034210205078126,0.5791368713378906,3,0.6321710815429687,0.029659692680399145,"{'fraction': 0.053034210205078126, 'border_touch_fraction': 0.0, 'thickness': {'median': 2.0, 'p95': 4.0, 'max': 6.0, 'mean': 2.7496700286865234, 'saturated': 1.4385798339878872e-05}, 'components': {'n_components': 14, 'n_components_ge_min_size': 14, 'largest_component_fraction': 0.1680871203947463, 'fragment_fraction': 0.0, 'median_planarity': 0.0035043718212284464, 'worst_planarity': 0.017728973906531664}}","{'fraction': 0.5791368713378906, 'border_touch_fraction': 0.0323757662962898, 'skipped': 'fraction 0.58 exceeds sheet_fraction_max'}",1,0.053034210205078126,2.0,4.0,14,0.0,0.017728973906531664
sample_00880,True,True,"[320, 320, 320]",,uint8,LZW,1490249,,"[320, 320, 320]",,uint8,LZW,36355393,,"[320, 320, 320]",uint8,"[0, 1, 2]",0.7724415283203125,0.08680126953125,0.1407572021484375,3,0.2275584716796875,0.08239640502768272,"{'fraction': 0.08680126953125, 'border_touch_fraction': 0.0, 'thickness': {'median': 2.0, 'p95': 4.0, 'max': 8.0, 'mean': 2.669610023498535, 'saturated': 1.406319437022203e-06}, 'components': {'n_components': 10, 'n_components_ge_min_size': 10, 'largest_component_fraction': 0.10920175902435182, 'fragment_fraction': 0.0, 'median_planarity': 0.014612759266102638, 'worst_planarity': 0.025353403714927773}}","{'fraction': 0.1407572021484375, 'border_touch_fraction': 0.1332081038398797, 'thickness': {'median': 8.0, 'p95': 8.0, 'max': 8.0, 'mean': 6.5446600914001465, 'saturated': 0.6352799408195247}, 'components': {'n_components': 1, 'n_components_ge_min_size': 1, 'largest_component_fraction': 1.0, 'fragment_fraction': 0.0, 'median_planarity': 0.2699794141145579, 'worst_planarity': 0.2699794141145579}}",1,0.08680126953125,2.0,4.0,10,0.0,0.025353403714927773
sample_00881,True,True,"[256, 256, 256]",,uint8,LZW,498728,,"[256, 256, 256]",,uint8,LZW,18976972,,"[256, 256, 256]",uint8,"[0, 1, 2]",0.2728368639945984,0.03157603740692139,0.6955870985984802,3,0.7271631360054016,0.03223141938788533,"{'fraction': 0.03157603740692139, 'border_touch_fraction': 0.0, 'thickness': {'median': 2.0, 'p95': 4.0, 'max': 6.0, 'mean': 2.753070116043091, 'saturated': 0.0003643172920465571}, 'components': {'n_components': 3, 'n_components_ge_min_size': 3, 'largest_component_fraction': 0.40034128790881873, 'fragment_fraction': 0.0, 'median_planarity': 0.004122466210427771, 'worst_planarity': 0.0064378271524001785}}","{'fraction': 0.6955870985984802, 'border_touch_fraction': 0.03369455823321564, 'skipped': 'fraction 0.70 exceeds sheet_fraction_max'}",1,0.03157603740692139,2.0,4.0,3,0.0,0.0064378271524001785
sample_00882,True,True,"[256, 256, 256]",,uint8,LZW,464904,,"[256, 256, 256]",,uint8,LZW,18703676,,"[256, 256, 256]",uint8,"[0, 1, 2]",0.29296237230300903,0.0437006950378418,0.6633369326591492,3,0.707037627696991,0.033148872254991794,"{'fraction': 0.0437006950378418, 'border_touch_fraction': 0.0, 'thickness': {'median': 2.0, 'p95': 4.0, 'max': 6.0, 'mean': 2.6687300205230713, 'saturated': 0.00032597902822787436}, 'components': {'n_components': 4, 'n_components_ge_min_size': 4, 'largest_component_fraction': 0.26441400154942335, 'fragment_fraction': 0.0, 'median_planarity': 0.002143524739431638, 'worst_planarity': 0.0029748805012223697}}","{'fraction': 0.6633369326591492, 'border_touch_fraction': 0.0353327228532942, 'skipped': 'fraction 0.66 exceeds sheet_fraction_max'}",1,0.0437006950378418,2.0,4.0,4,0.0,0.0029748805012223697
sample_00883,True,True,"[256, 256, 256]",,uint8,LZW,414744,,"[256, 256, 256]",,uint8,LZW,19227944,,"[256, 256, 256]",uint8,"[0, 1, 2]",0.1270829439163208,0.02925056219100952,0.8436664938926697,3,0.8729170560836792,0.02684963002687995,"{'fraction': 0.02925056219100952, 'border_touch_fraction': 0.0, 'thickness': {'median': 2.0, 'p95': 4.0, 'max': 6.0, 'mean': 2.7501800060272217, 'saturated': 0.00011207495573039249}, 'components': {'n_components': 3, 'n_components_ge_min_size': 3, 'largest_component_fraction': 0.37040365323601154, 'fragment_fraction': 0.0, 'median_planarity': 0.0034020775468516537, 'worst_planarity': 0.0035774379280409728}}","{'fraction': 0.8436664938926697, 'border_touch_fraction': 0.02778052722214863, 'skipped': 'fraction 0.84 exceeds sheet_fraction_max'}",1,0.02925056219100952,2.0,4.0,3,0.0,0.0035774379280409728
sample_00884,True,True,"[256, 256, 256]",,uint8,LZW,666984,,"[256, 256, 256]",,uint8,LZW,18948275,,"[256, 256, 256]",uint8,"[0, 1, 2]",0.39167189598083496,0.05002593994140625,0.5583021640777588,3,0.608328104019165,0.038527728449747264,"{'fraction': 0.05002593994140625, 'border_touch_fraction': 0.0, 'thickness': {'median': 2.0, 'p95': 4.0, 'max': 8.0, 'mean': 2.732100009918213, 'saturated': 7.14884855879213e-06}, 'components': {'n_components': 5, 'n_components_ge_min_size': 5, 'largest_component_fraction': 0.268726408799756, 'fragment_fraction': 0.0, 'median_planarity': 0.028062592174222644, 'worst_planarity': 0.03792856526418713}}","{'fraction': 0.5583021640777588, 'border_touch_fraction': 0.04197995549366291, 'skipped': 'fraction 0.56 exceeds sheet_fraction_max'}",1,0.05002593994140625,2.0,4.0,5,0.0,0.03792856526418713
sample_00885,True,True,"[320, 320, 320]",,uint8,LZW,1051113,,"[320, 320, 320]",,uint8,LZW,37302624,,"[320, 320, 320]",uint8,"[0, 1, 2]",0.42276266479492186,0.04643743896484375,0.5307998962402344,3,0.5772373352050781,0.032482306421393534,"{'fraction': 0.04643743896484375, 'border_touch_fraction': 0.0, 'thickness': {'median': 2.0, 'p95': 4.0, 'max': 6.0, 'mean': 2.685230016708374, 'saturated': 0.00023855494847081679}, 'components': {'n_components': 5, 'n_components_ge_min_size': 5, 'largest_component_fraction': 0.20530840620321728, 'fragment_fraction': 0.0, 'median_planarity': 0.009130395074878978, 'worst_planarity': 0.013266380182071491}}","{'fraction': 0.5307998962402344, 'border_touch_fraction': 0.0353240460912109, 'skipped': 'fraction 0.53 exceeds sheet_fraction_max'}",1,0.04643743896484375,2.0,4.0,5,0.0,0.013266380182071491
sample_00886,True,True,"[320, 320, 320]",,uint8,LZW,986137,,"[320, 320, 320]",,uint8,LZW,35514656,,"[320, 320, 320]",uint8,"[0, 1, 2]",0.5430136413574219,0.04639691162109375,0.41058944702148437,3,0.45698635864257814,0.04102967111686785,"{'fraction': 0.04639691162109375, 'border_touch_fraction': 0.0, 'thickness': {'median': 2.0, 'p95': 4.0, 'max': 6.0, 'mean': 2.6806299686431885, 'saturated': 0.00029138334076591065}, 'components': {'n_components': 6, 'n_components_ge_min_size': 6, 'largest_component_fraction': 0.2667394138393274, 'fragment_fraction': 0.0, 'median_planarity': 0.0468457227887811, 'worst_planarity': 0.05651078935264157}}","{'fraction': 0.41058944702148437, 'border_touch_fraction': 0.04566605434215871, 'skipped': 'fraction 0.41 exceeds sheet_fraction_max'}",1,0.04639691162109375,2.0,4.0,6,0.0,0.05651078935264157
sample_00887,True,True,"[320, 320, 320]",,uint8,LZW,784569,,"[320, 320, 320]",,uint8,LZW,35428336,,"[320, 320, 320]",uint8,"[0, 1, 2]",0.3024006042480469,0.0383939208984375,0.6592054748535157,3,0.6975993957519532,0.026877890253601905,"{'fraction': 0.0383939208984375, 'border_touch_fraction': 0.0, 'thickness': {'median': 2.0, 'p95': 4.0, 'max': 8.0, 'mean': 2.693350076675415, 'saturated': 7.94854430359624e-06}, 'components': {'n_components': 5, 'n_components_ge_min_size': 5, 'largest_component_fraction': 0.2491177115823008, 'fragment_fraction': 0.0, 'median_planarity': 0.0024611608608713807, 'worst_planarity': 0.00366284960138348}}","{'fraction': 0.6592054748535157, 'border_touch_fraction': 0.02844333173077257, 'skipped': 'fraction 0.66 exceeds sheet_fraction_max'}",1,0.0383939208984375,2.0,4.0,5,0.0,0.00366284960138348
sample_00888,True,True,"[320, 320, 320]",,uint8,LZW,897945,,"[320, 320, 320]",,uint8,LZW,34786122,,"[320, 320, 320]",uint8,"[0, 1, 2]",0.65315673828125,0.048669677734375,0.298173583984375,3,0.34684326171875,0.05405900033082982,"{'fraction': 0.048669677734375, 'border_touch_fraction': 0.0, 'thickness': {'median': 2.0, 'p95': 4.0, 'max': 8.0, 'mean': 2.702970027923584, 'saturated': 6.270347276913584e-07}, 'components': {'n_components': 7, 'n_components_ge_min_size': 7, 'largest_component_fraction': 0.20410482014135872, 'fragment_fraction': 0.0, 'median_planarity': 0.0059463971836782765, 'worst_planarity': 0.019151074183269362}}","{'fraction': 0.298173583984375, 'border_touch_fraction': 0.06288283405072713, 'skipped': 'fraction 0.30 exceeds sheet_fraction_max'}",1,0.048669677734375,2.0,4.0,7,0.0,0.019151074183269362
sample_00889,True,True,"[320, 320, 320]",,uint8,LZW,646873,,"[320, 320, 320]",,uint8,LZW,35670532,,"[320, 320, 320]",uint8,"[0, 1, 2]",0.1713890380859375,0.0282850341796875,0.800325927734375,3,0.8286109619140625,0.02262823069186552,"{'fraction': 0.0282850341796875, 'border_touch_fraction': 0.0, 'thickness': {'median': 2.0, 'p95': 4.0, 'max': 10.0, 'mean': 2.6949400901794434, 'saturated': 4.3157208764365955e-06}, 'components': {'n_components': 3, 'n_components_ge_min_size': 3, 'largest_component_fraction': 0.3350768845674137, 'fragment_fraction': 0.0, 'median_planarity': 0.003116909282825048, 'worst_planarity': 0.004611385409521627}}","{'fraction': 0.800325927734375, 'border_touch_fraction': 0.023427955224540782, 'skipped': 'fraction 0.80 exceeds sheet_fraction_max'}",1,0.0282850341796875,2.0,4.0,3,0.0,0.004611385409521627
sample_00890,True,True,"[320, 320, 320]",,uint8,LZW,839769,,"[320, 320, 320]",,uint8,LZW,35201630,,"[320, 320, 320]",uint8,"[0, 1, 2]",0.4482100830078125,0.051915924072265626,0.49987399291992185,3,0.5517899169921875,0.033980323711253084,"{'fraction': 0.051915924072265626, 'border_touch_fraction': 0.0, 'thickness': {'median': 2.0, 'p95': 4.0, 'max': 8.0, 'mean': 2.680989980697632, 'saturated': 4.114788491054156e-06}, 'components': {'n_components': 8, 'n_components_ge_min_size': 8, 'largest_component_fraction': 0.18290881452355745, 'fragment_fraction': 0.0, 'median_planarity': 0.0052939865780651935, 'worst_planarity': 0.011417865267783312}}","{'fraction': 0.49987399291992185, 'border_touch_fraction': 0.03750945291327386, 'skipped': 'fraction 0.50 exceeds sheet_fraction_max'}",1,0.051915924072265626,2.0,4.0,8,0.0,0.011417865267783312
sample_00891,True,True,"[320, 320, 320]",,uint8,LZW,689609,,"[320, 320, 320]",,uint8,LZW,37508644,,"[320, 320, 320]",uint8,"[0, 1, 2]",0.14965545654296875,0.02411480712890625,0.826229736328125,3,0.8503445434570313,0.022049885713116776,"{'fraction': 0.02411480712890625, 'border_touch_fraction': 0.0, 'thickness': {'median': 2.0, 'p95': 4.0, 'max': 8.0, 'mean': 2.77101993560791, 'saturated': 5.062048054022177e-06}, 'components': {'n_components': 3, 'n_components_ge_min_size': 3, 'largest_component_fraction': 0.3778477184083909, 'fragment_fraction': 0.0, 'median_planarity': 0.0032212657502687096, 'worst_planarity': 0.007954096261991738}}","{'fraction': 0.826229736328125, 'border_touch_fraction': 0.022693446115032725, 'skipped': 'fraction 0.83 exceeds sheet_fraction_max'}",1,0.02411480712890625,2.0,4.0,3,0.0,0.007954096261991738
sample_00892,True,True,"[320, 320, 320]",,uint8,LZW,1267577,,"[320, 320, 320]",,uint8,LZW,35863586,,"[320, 320, 320]",uint8,"[0, 1, 2]",0.5656007080078125,0.06689678955078125,0.36750250244140625,3,0.4343992919921875,0.04316305377481419,"{'fraction': 0.06689678955078125, 'border_touch_fraction': 0.0, 'thickness': {'median': 2.0, 'p95': 4.0, 'max': 8.0, 'mean': 2.7839701175689697, 'saturated': 0.00013001385902118267}, 'components': {'n_components': 8, 'n_components_ge_min_size': 8, 'largest_component_fraction': 0.15750836878682015, 'fragment_fraction': 0.0, 'median_planarity': 0.003289726926381013, 'worst_planarity': 0.01701925815004026}}","{'fraction': 0.36750250244140625, 'border_touch_fraction': 0.05102006074908145, 'skipped': 'fraction 0.37 exceeds sheet_fraction_max'}",1,0.06689678955078125,2.0,4.0,8,0.0,0.01701925815004026
sample_00893,True,True,"[320, 320, 320]",,uint8,LZW,1162873,,"[320, 320, 320]",,uint8,LZW,36141868,,"[320, 320, 320]",uint8,"[0, 1, 2]",0.5635850524902344,0.06360501098632812,0.3728099365234375,3,0.4364149475097656,0.04296369798282501,"{'fraction': 0.06360501098632812, 'border_touch_fraction': 0.0, 'thickness': {'median': 2.0, 'p95': 4.0, 'max': 8.0, 'mean': 2.706629991531372, 'saturated': 3.838386649323556e-06}, 'components': {'n_components': 11, 'n_components_ge_min_size': 11, 'largest_component_fraction': 0.15022389789123836, 'fragment_fraction': 0.0, 'median_planarity': 0.007132920421300088, 'worst_planarity': 0.023960666309641766}}","{'fraction': 0.3728099365234375, 'border_touch_fraction': 0.050293723860606494, 'skipped': 'fraction 0.37 exceeds sheet_fraction_max'}",1,0.06360501098632812,2.0,4.0,11,0.0,0.023960666309641766
sample_00894,True,True,"[320, 320, 320]",,uint8,LZW,953305,,"[320, 320, 320]",,uint8,LZW,35404021,,"[320, 320, 320]",uint8,"[0, 1, 2]",0.6304369506835937,0.08765231323242187,0.28191073608398437,3,0.36956304931640627,0.05073559176081736,"{'fraction': 0.08765231323242187, 'border_touch_fraction': 0.0, 'thickness': {'median': 2.0, 'p95': 4.0, 'max': 8.0, 'mean': 2.6580700874328613, 'saturated': 1.392665042122895e-06}, 'components': {'n_components': 14, 'n_components_ge_min_size': 14, 'largest_component_fraction': 0.10409892656860216, 'fragment_fraction': 0.0, 'median_planarity': 0.0030138495836811987, 'worst_planarity': 0.008807450853885842}}","{'fraction': 0.28191073608398437, 'border_touch_fraction': 0.0665104148229891, 'skipped': 'fraction 0.28 exceeds sheet_fraction_max'}",1,0.08765231323242187,2.0,4.0,14,0.0,0.008807450853885842
sample_00895,True,True,"[320, 320, 320]",,uint8,LZW,1316265,,"[320, 320, 320]",,uint8,LZW,35960771,,"[320, 320, 320]",uint8,"[0, 1, 2]",0.7340523681640625,0.06330776977539063,0.20263986206054688,3,0.2659476318359375,0.07050260184894909,"{'fraction': 0.06330776977539063, 'border_touch_fraction': 0.0, 'thickness': {'median': 2.0, 'p95': 4.0, 'max': 8.0, 'mean': 2.695859909057617, 'saturated': 1.3015378875268803e-05}, 'components': {'n_components': 8, 'n_components_ge_min_size': 8, 'largest_component_fraction': 0.15767408430783975, 'fragment_fraction': 0.0, 'median_planarity': 0.006503929265755911, 'worst_planarity': 0.016944915213489845}}","{'fraction': 0.20263986206054688, 'border_touch_fraction': 0.09252868517250411, 'thickness': {'median': 8.0, 'p95': 8.0, 'max': 8.0, 'mean': 7.0922698974609375, 'saturated': 0.7708604821340874}, 'components': {'n_components': 1, 'n_components_ge_min_size': 1, 'largest_component_fraction': 1.0, 'fragment_fraction': 0.0, 'median_planarity': 0.17711375335743648, 'worst_planarity': 0.17711375335743648}}",1,0.06330776977539063,2.0,4.0,8,0.0,0.016944915213489845
sample_00896,True,True,"[320, 320, 320]",,uint8,LZW,1388953,,"[320, 320, 320]",,uint8,LZW,36646935,,"[320, 320, 320]",uint8,"[0, 1, 2]",0.6783749694824219,0.073863037109375,0.24776199340820312,3,0.3216250305175781,0.05829770142524786,"{'fraction': 0.073863037109375, 'border_touch_fraction': 0.0, 'thickness': {'median': 2.0, 'p95': 4.0, 'max': 8.0, 'mean': 2.744080066680908, 'saturated': 3.140049513622857e-05}, 'components': {'n_components': 10, 'n_components_ge_min_size': 10, 'largest_component_fraction': 0.14986547366820585, 'fragment_fraction': 0.0, 'median_planarity': 0.004600064339255987, 'worst_planarity': 0.007567202092328233}}","{'fraction': 0.24776199340820312, 'border_touch_fraction': 0.07567746667709531, 'thickness': {'median': 8.0, 'p95': 8.0, 'max': 8.0, 'mean': 7.254960060119629, 'saturated': 0.8132072206452662}, 'components': {'n_components': 1, 'n_components_ge_min_size': 1, 'largest_component_fraction': 1.0, 'fragment_fraction': 0.0, 'median_planarity': 0.2196394366251904, 'worst_planarity': 0.2196394366251904}}",1,0.073863037109375,2.0,4.0,10,0.0,0.007567202092328233
sample_00897,True,True,"[320, 320, 320]",,uint8,LZW,1388857,,"[320, 320, 320]",,uint8,LZW,37075995,,"[320, 320, 320]",uint8,"[0, 1, 2]",0.8595104675292968,0.07291940307617187,0.06757012939453125,3,0.14048953247070312,0.13346190047226483,"{'fraction': 0.07291940307617187, 'border_touch_fraction': 0.0, 'thickness': {'median': 2.0, 'p95': 4.0, 'max': 8.0, 'mean': 2.666260004043579, 'saturated': 1.7995976434478116e-05}, 'components': {'n_components': 9, 'n_components_ge_min_size': 9, 'largest_component_fraction': 0.12656319119720535, 'fragment_fraction': 0.0, 'median_planarity': 0.005733900533743961, 'worst_planarity': 0.01287287283841345}}","{'fraction': 0.06757012939453125, 'border_touch_fraction': 0.2774894789755652, 'thickness': {'median': 4.0, 'p95': 34.0, 'max': 48.0, 'mean': 8.079629898071289, 'saturated': 0.01994862108865843}, 'components': {'n_components': 1, 'n_components_ge_min_size': 1, 'largest_component_fraction': 1.0, 'fragment_fraction': 0.0, 'median_planarity': 0.28514974279756167, 'worst_planarity': 0.28514974279756167}}",1,0.07291940307617187,2.0,4.0,9,0.0,0.01287287283841345
sample_00898,True,True,"[320, 320, 320]",,uint8,LZW,819577,,"[320, 320, 320]",,uint8,LZW,36686133,,"[320, 320, 320]",uint8,"[0, 1, 2]",0.14504660034179687,0.02755438232421875,0.8273990173339844,3,0.8549533996582032,0.021931019874879675,"{'fraction': 0.02755438232421875, 'border_touch_fraction': 0.0, 'thickness': {'median': 2.0, 'p95': 4.0, 'max': 8.0, 'mean': 2.6890900135040283, 'saturated': 1.1075399102006641e-06}, 'components': {'n_components': 6, 'n_components_ge_min_size': 6, 'largest_component_fraction': 0.35249783475947555, 'fragment_fraction': 0.0, 'median_planarity': 0.01833776683772972, 'worst_planarity': 0.02376826319198709}}","{'fraction': 0.8273990173339844, 'border_touch_fraction': 0.02266137571738432, 'skipped': 'fraction 0.83 exceeds sheet_fraction_max'}",1,0.02755438232421875,2.0,4.0,6,0.0,0.02376826319198709
sample_00899,True,True,"[320, 320, 320]",,uint8,LZW,898649,,"[320, 320, 320]",,uint8,LZW,37316062,,"[320, 320, 320]",uint8,"[0, 1, 2]",0.38680462646484376,0.036099945068359375,0.5770954284667968,3,0.6131953735351563,0.03057753011394012,"{'fraction': 0.036099945068359375, 'border_touch_fraction': 0.0, 'thickness': {'median': 2.0, 'p95': 4.0, 'max': 6.0, 'mean': 2.6628799438476562, 'saturated': 0.00030517624562207345}, 'components': {'n_components': 4, 'n_components_ge_min_size': 4, 'largest_component_fraction': 0.2529801178944023, 'fragment_fraction': 0.0, 'median_planarity': 0.005064791009642024, 'worst_planarity': 0.005681875666294391}}","{'fraction': 0.5770954284667968, 'border_touch_fraction': 0.03249029376270441, 'skipped': 'fraction 0.58 exceeds sheet_fraction_max'}",1,0.036099945068359375,2.0,4.0,4,0.0,0.005681875666294391
sample_00900,True,True,"[320, 320, 320]",,uint8,LZW,1110201,,"[320, 320, 320]",,uint8,LZW,36570308,,"[320, 320, 320]",uint8,"[0, 1, 2]",0.6583066711425781,0.0484886474609375,0.29320468139648437,3,0.3416933288574219,0.05487376666877743,"{'fraction': 0.0484886474609375, 'border_touch_fraction': 0.0, 'thickness': {'median': 2.0, 'p95': 4.0, 'max': 8.0, 'mean': 2.7510299682617188, 'saturated': 2.6433780861439154e-05}, 'components': {'n_components': 6, 'n_components_ge_min_size': 6, 'largest_component_fraction': 0.21778036800857964, 'fragment_fraction': 0.0, 'median_planarity': 0.006850451413974751, 'worst_planarity': 0.011284143900610796}}","{'fraction': 0.29320468139648437, 'border_touch_fraction': 0.063948501472408, 'skipped': 'fraction 0.29 exceeds sheet_fraction_max'}",1,0.0484886474609375,2.0,4.0,6,0.0,0.011284143900610796
sample_00901,True,True,"[320, 320, 320]",,uint8,LZW,862761,,"[320, 320, 320]",,uint8,LZW,36694243,,"[320, 320, 320]",uint8,"[0, 1, 2]",0.31675823974609374,0.04914056396484375,0.6341011962890625,3,0.6832417602539063,0.027442701969844652,"{'fraction': 0.04914056396484375, 'border_touch_fraction': 0.0, 'thickness': {'median': 2.0, 'p95': 4.0, 'max': 8.0, 'mean': 2.689500093460083, 'saturated': 1.9251812464989647e-05}, 'components': {'n_components': 9, 'n_components_ge_min_size': 9, 'largest_component_fraction': 0.19148349498645542, 'fragment_fraction': 0.0, 'median_planarity': 0.008660112183238658, 'worst_planarity': 0.010398993883984957}}","{'fraction': 0.6341011962890625, 'border_touch_fraction': 0.029569412752617787, 'skipped': 'fraction 0.63 exceeds sheet_fraction_max'}",1,0.04914056396484375,2.0,4.0,9,0.0,0.010398993883984957
sample_00902,True,True,"[320, 320, 320]",,uint8,LZW,887161,,"[320, 320, 320]",,uint8,LZW,37378118,,"[320, 320, 320]",uint8,"[0, 1, 2]",0.24874417114257813,0.038140625,0.7131152038574219,3,0.7512558288574219,0.02495820901452,"{'fraction': 0.038140625, 'border_touch_fraction': 0.0, 'thickness': {'median': 2.0, 'p95': 4.0, 'max': 8.0, 'mean': 2.682770013809204, 'saturated': 4.960825481360098e-05}, 'components': {'n_components': 8, 'n_components_ge_min_size': 8, 'largest_component_fraction': 0.2469282888672675, 'fragment_fraction': 0.0, 'median_planarity': 0.013424047813405952, 'worst_planarity': 0.018174140251672577}}","{'fraction': 0.7131152038574219, 'border_touch_fraction': 0.02629308686531499, 'skipped': 'fraction 0.71 exceeds sheet_fraction_max'}",1,0.038140625,2.0,4.0,8,0.0,0.018174140251672577
sample_00903,True,True,"[320, 320, 320]",,uint8,LZW,1403385,,"[320, 320, 320]",,uint8,LZW,36901009,,"[320, 320, 320]",uint8,"[0, 1, 2]",0.8700748596191407,0.07472323608398437,0.055201904296875,3,0.12992514038085937,0.1443138713957646,"{'fraction': 0.07472323608398437, 'border_touch_fraction': 0.0, 'thickness': {'median': 2.0, 'p95': 4.0, 'max': 10.0, 'mean': 2.6785900592803955, 'saturated': 4.0840814349501805e-07}, 'components': {'n_components': 10, 'n_components_ge_min_size': 10, 'largest_component_fraction': 0.12665920913396644, 'fragment_fraction': 0.0, 'median_planarity': 0.015534885397909466, 'worst_planarity': 0.029660745803937322}}","{'fraction': 0.055201904296875, 'border_touch_fraction': 0.3396621953322984, 'thickness': {'median': 4.0, 'p95': 6.0, 'max': 14.0, 'mean': 4.07459020614624, 'saturated': 4.422684835055969e-06}, 'components': {'n_components': 1, 'n_components_ge_min_size': 1, 'largest_component_fraction': 1.0, 'fragment_fraction': 0.0, 'median_planarity': 0.33223717243291884, 'worst_planarity': 0.33223717243291884}}",1,0.07472323608398437,2.0,4.0,10,0.0,0.029660745803937322
sample_00904,True,True,"[320, 320, 320]",,uint8,LZW,673145,,"[320, 320, 320]",,uint8,LZW,36980587,,"[320, 320, 320]",uint8,"[0, 1, 2]",0.21126446533203125,0.02888543701171875,0.75985009765625,3,0.7887355346679688,0.02377222678054327,"{'fraction': 0.02888543701171875, 'border_touch_fraction': 0.0, 'thickness': {'median': 2.0, 'p95': 4.0, 'max': 6.0, 'mean': 2.698659896850586, 'saturated': 6.761625241147025e-05}, 'components': {'n_components': 5, 'n_components_ge_min_size': 5, 'largest_component_fraction': 0.29645395016259596, 'fragment_fraction': 0.0, 'median_planarity': 0.0031549297938794434, 'worst_planarity': 0.00456290914037935}}","{'fraction': 0.75985009765625, 'border_touch_fraction': 0.02467591970815584, 'skipped': 'fraction 0.76 exceeds sheet_fraction_max'}",1,0.02888543701171875,2.0,4.0,5,0.0,0.00456290914037935
sample_00905,True,True,"[320, 320, 320]",,uint8,LZW,1411657,,"[320, 320, 320]",,uint8,LZW,37413198,,"[320, 320, 320]",uint8,"[0, 1, 2]",0.5401885070800782,0.06393365478515625,0.3958778381347656,3,0.45981149291992185,0.04077758013600889,"{'fraction': 0.06393365478515625, 'border_touch_fraction': 0.0, 'thickness': {'median': 2.0, 'p95': 4.0, 'max': 6.0, 'mean': 2.668459892272949, 'saturated': 2.3866599076458083e-06}, 'components': {'n_components': 8, 'n_components_ge_min_size': 8, 'largest_component_fraction': 0.14930562516646953, 'fragment_fraction': 0.0, 'median_planarity': 0.004455917191772924, 'worst_planarity': 0.010362034795865309}}","{'fraction': 0.3958778381347656, 'border_touch_fraction': 0.04736309586902686, 'skipped': 'fraction 0.40 exceeds sheet_fraction_max'}",1,0.06393365478515625,2.0,4.0,8,0.0,0.010362034795865309
sample_00906,True,True,"[320, 320, 320]",,uint8,LZW,977769,,"[320, 320, 320]",,uint8,LZW,36447684,,"[320, 320, 320]",uint8,"[0, 1, 2]",0.5364410400390625,0.03536822509765625,0.42819073486328124,3,0.4635589599609375,0.04044792921612387,"{'fraction': 0.03536822509765625, 'border_touch_fraction': 0.0, 'thickness': {'median': 2.0, 'p95': 4.0, 'max': 8.0, 'mean': 2.7252399921417236, 'saturated': 5.3496884237919624e-05}, 'components': {'n_components': 8, 'n_components_ge_min_size': 8, 'largest_component_fraction': 0.31951100396394655, 'fragment_fraction': 0.0, 'median_planarity': 0.011876644658023655, 'worst_planarity': 0.04102404244036629}}","{'fraction': 0.42819073486328124, 'border_touch_fraction': 0.04378889703437129, 'skipped': 'fraction 0.43 exceeds sheet_fraction_max'}",1,0.03536822509765625,2.0,4.0,8,0.0,0.04102404244036629
sample_00907,True,True,"[320, 320, 320]",,uint8,LZW,449961,,"[320, 320, 320]",,uint8,LZW,35275532,,"[320, 320, 320]",uint8,"[0, 1, 2]",0.083614501953125,0.018491180419921874,0.8978943176269532,3,0.916385498046875,0.020460821390083695,"{'fraction': 0.018491180419921874, 'border_touch_fraction': 0.0, 'thickness': {'median': 2.0, 'p95': 4.0, 'max': 6.0, 'mean': 2.6807100772857666, 'saturated': 0.0007327712119936823}, 'components': {'n_components': 2, 'n_components_ge_min_size': 2, 'largest_component_fraction': 0.5048727635211967, 'fragment_fraction': 0.0, 'median_planarity': 0.007096576440798543, 'worst_planarity': 0.008405800839033613}}","{'fraction': 0.8978943176269532, 'border_touch_fraction': 0.02088219028889103, 'skipped': 'fraction 0.90 exceeds sheet_fraction_max'}",1,0.018491180419921874,2.0,4.0,2,0.0,0.008405800839033613
sample_00908,True,True,"[320, 320, 320]",,uint8,LZW,813817,,"[320, 320, 320]",,uint8,LZW,35100633,,"[320, 320, 320]",uint8,"[0, 1, 2]",0.4605166015625,0.0493280029296875,0.4901553955078125,3,0.5394833984375,0.034755471724070515,"{'fraction': 0.0493280029296875, 'border_touch_fraction': 0.0, 'thickness': {'median': 2.0, 'p95': 4.0, 'max': 8.0, 'mean': 2.7402501106262207, 'saturated': 0.00011507195090263429}, 'components': {'n_components': 5, 'n_components_ge_min_size': 5, 'largest_component_fraction': 0.2242214083321991, 'fragment_fraction': 0.0, 'median_planarity': 0.015120724743867563, 'worst_planarity': 0.03454553582741485}}","{'fraction': 0.4901553955078125, 'border_touch_fraction': 0.0382531747520081, 'skipped': 'fraction 0.49 exceeds sheet_fraction_max'}",1,0.0493280029296875,2.0,4.0,5,0.0,0.03454553582741485
sample_00909,True,True,"[320, 320, 320]",,uint8,LZW,1126457,,"[320, 320, 320]",,uint8,LZW,35650391,,"[320, 320, 320]",uint8,"[0, 1, 2]",0.7667776794433594,0.06707205200195313,0.1661502685546875,3,0.23322232055664063,0.08039539249608982,"{'fraction': 0.06707205200195313, 'border_touch_fraction': 0.0, 'thickness': {'median': 2.0, 'p95': 4.0, 'max': 12.0, 'mean': 2.7318201065063477, 'saturated': 9.099938711912775e-07}, 'components': {'n_components': 11, 'n_components_ge_min_size': 11, 'largest_component_fraction': 0.15207135079945236, 'fragment_fraction': 0.0, 'median_planarity': 0.015141603557766238, 'worst_planarity': 0.03657020591660554}}","{'fraction': 0.1661502685546875, 'border_touch_fraction': 0.11284965208364099, 'thickness': {'median': 8.0, 'p95': 8.0, 'max': 8.0, 'mean': 6.666500091552734, 'saturated': 0.6680815118326827}, 'components': {'n_components': 1, 'n_components_ge_min_size': 1, 'largest_component_fraction': 1.0, 'fragment_fraction': 0.0, 'median_planarity': 0.17223701024654361, 'worst_planarity': 0.17223701024654361}}",1,0.06707205200195313,2.0,4.0,11,0.0,0.03657020591660554
sample_00910,True,True,"[320, 320, 320]",,uint8,LZW,714409,,"[320, 320, 320]",,uint8,LZW,35395574,,"[320, 320, 320]",uint8,"[0, 1, 2]",0.2837978820800781,0.025645050048828125,0.6905570678710937,3,0.7162021179199218,0.026179760616257246,"{'fraction': 0.025645050048828125, 'border_touch_fraction': 0.0, 'thickness': {'median': 2.0, 'p95': 4.0, 'max': 8.0, 'mean': 2.7391700744628906, 'saturated': 4.0459958326242926e-05}, 'components': {'n_components': 5, 'n_components_ge_min_size': 5, 'largest_component_fraction': 0.40733301044699927, 'fragment_fraction': 0.0, 'median_planarity': 0.01567240254598834, 'worst_planarity': 0.018704848038267174}}","{'fraction': 0.6905570678710937, 'border_touch_fraction': 0.02715199202551651, 'skipped': 'fraction 0.69 exceeds sheet_fraction_max'}",1,0.025645050048828125,2.0,4.0,5,0.0,0.018704848038267174
sample_00911,True,True,"[320, 320, 320]",,uint8,LZW,1254457,,"[320, 320, 320]",,uint8,LZW,36618996,,"[320, 320, 320]",uint8,"[0, 1, 2]",0.6154409790039063,0.0586536865234375,0.32590533447265624,3,0.38455902099609374,0.04875714513583198,"{'fraction': 0.0586536865234375, 'border_touch_fraction': 0.0, 'thickness': {'median': 2.0, 'p95': 4.0, 'max': 6.0, 'mean': 2.7254300117492676, 'saturated': 2.0812044346304092e-06}, 'components': {'n_components': 9, 'n_components_ge_min_size': 9, 'largest_component_fraction': 0.17471347017946226, 'fragment_fraction': 0.0, 'median_planarity': 0.004814059073591809, 'worst_planarity': 0.007954893469908454}}","{'fraction': 0.32590533447265624, 'border_touch_fraction': 0.05753204386893256, 'skipped': 'fraction 0.33 exceeds sheet_fraction_max'}",1,0.0586536865234375,2.0,4.0,9,0.0,0.007954893469908454
sample_00912,True,True,"[320, 320, 320]",,uint8,LZW,666969,,"[320, 320, 320]",,uint8,LZW,35630952,,"[320, 320, 320]",uint8,"[0, 1, 2]",0.2024942932128906,0.03822402954101563,0.7592816772460937,3,0.7975057067871094,0.023510803547146564,"{'fraction': 0.03822402954101563, 'border_touch_fraction': 0.0, 'thickness': {'median': 2.0, 'p95': 4.0, 'max': 8.0, 'mean': 2.6692700386047363, 'saturated': 1.357258338156923e-05}, 'components': {'n_components': 6, 'n_components_ge_min_size': 6, 'largest_component_fraction': 0.2430362667411828, 'fragment_fraction': 0.0, 'median_planarity': 0.005297342852217779, 'worst_planarity': 0.007859174762531443}}","{'fraction': 0.7592816772460937, 'border_touch_fraction': 0.024694392821391454, 'skipped': 'fraction 0.76 exceeds sheet_fraction_max'}",1,0.03822402954101563,2.0,4.0,6,0.0,0.007859174762531443
sample_00913,True,True,"[320, 320, 320]",,uint8,LZW,1038873,,"[320, 320, 320]",,uint8,LZW,35272575,,"[320, 320, 320]",uint8,"[0, 1, 2]",0.5009383544921875,0.0403338623046875,0.458727783203125,3,0.4990616455078125,0.03757050891162198,"{'fraction': 0.0403338623046875, 'border_touch_fraction': 0.0, 'thickness': {'median': 2.0, 'p95': 4.0, 'max': 8.0, 'mean': 2.688610076904297, 'saturated': 6.0529939621385225e-05}, 'components': {'n_components': 8, 'n_components_ge_min_size': 8, 'largest_component_fraction': 0.24507210629057397, 'fragment_fraction': 0.0, 'median_planarity': 0.01182801996061886, 'worst_planarity': 0.030172279565247352}}","{'fraction': 0.458727783203125, 'border_touch_fraction': 0.040873914087077405, 'skipped': 'fraction 0.46 exceeds sheet_fraction_max'}",1,0.0403338623046875,2.0,4.0,8,0.0,0.030172279565247352
sample_00914,True,True,"[320, 320, 320]",,uint8,LZW,931465,,"[320, 320, 320]",,uint8,LZW,36057071,,"[320, 320, 320]",uint8,"[0, 1, 2]",0.34841806030273437,0.03887344360351563,0.61270849609375,3,0.6515819396972656,0.02877611986715212,"{'fraction': 0.03887344360351563, 'border_touch_fraction': 0.0, 'thickness': {'median': 2.0, 'p95': 4.0, 'max': 6.0, 'mean': 2.7506000995635986, 'saturated': 0.00018213148794360204}, 'components': {'n_components': 4, 'n_components_ge_min_size': 4, 'largest_component_fraction': 0.26770345539544904, 'fragment_fraction': 0.0, 'median_planarity': 0.003892059325160606, 'worst_planarity': 0.004259226305633128}}","{'fraction': 0.61270849609375, 'border_touch_fraction': 0.030601827981068308, 'skipped': 'fraction 0.61 exceeds sheet_fraction_max'}",1,0.03887344360351563,2.0,4.0,4,0.0,0.004259226305633128
sample_00915,True,True,"[320, 320, 320]",,uint8,LZW,806761,,"[320, 320, 320]",,uint8,LZW,34534232,,"[320, 320, 320]",uint8,"[0, 1, 2]",0.49838058471679686,0.04439276123046875,0.4572266540527344,3,0.5016194152832031,0.037378935959674064,"{'fraction': 0.04439276123046875, 'border_touch_fraction': 0.0, 'thickness': {'median': 2.0, 'p95': 4.0, 'max': 8.0, 'mean': 2.7004899978637695, 'saturated': 9.830462334205472e-05}, 'components': {'n_components': 6, 'n_components_ge_min_size': 6, 'largest_component_fraction': 0.2187174752622946, 'fragment_fraction': 0.0, 'median_planarity': 0.013929169627138317, 'worst_planarity': 0.0247691024063425}}","{'fraction': 0.4572266540527344, 'border_touch_fraction': 0.0410081079784064, 'skipped': 'fraction 0.46 exceeds sheet_fraction_max'}",1,0.04439276123046875,2.0,4.0,6,0.0,0.0247691024063425
sample_00916,True,True,"[320, 320, 320]",,uint8,LZW,686041,,"[320, 320, 320]",,uint8,LZW,33968045,,"[320, 320, 320]",uint8,"[0, 1, 2]",0.4236320495605469,0.03707550048828125,0.5392924499511719,3,0.5763679504394531,0.032531302244866354,"{'fraction': 0.03707550048828125, 'border_touch_fraction': 0.0, 'thickness': {'median': 2.0, 'p95': 4.0, 'max': 8.0, 'mean': 2.6646499633789062, 'saturated': 1.0700557252096898e-05}, 'components': {'n_components': 7, 'n_components_ge_min_size': 7, 'largest_component_fraction': 0.24862909399204866, 'fragment_fraction': 0.0, 'median_planarity': 0.00950702402263159, 'worst_planarity': 0.032503447403099024}}","{'fraction': 0.5392924499511719, 'border_touch_fraction': 0.03476777767183213, 'skipped': 'fraction 0.54 exceeds sheet_fraction_max'}",1,0.03707550048828125,2.0,4.0,7,0.0,0.032503447403099024
