name,has_image,has_label,label_shape,label_dtype,label_compression,label_bytes,label_header_error,shape,dtype,values,value_fractions_0,value_fractions_1,value_fractions_2,n_values,foreground_fraction,border_touch_fraction,per_class_1,per_class_2,surface_class,surface_fraction,surface_thickness_median,surface_thickness_p95,surface_components,surface_fragment_fraction,surface_worst_planarity,surface_junction_fraction,image_shape,image_dtype,image_compression,image_bytes,image_header_error
sample_00001,False,True,"[320, 320, 320]",uint8,LZW,689529,,"[320, 320, 320]",uint8,"[0, 1, 2]",0.20694009399414062,0.042213470458984374,0.750846435546875,3,0.7930599060058594,0.02364260235324703,"{'fraction': 0.042213470458984374, 'thickness': {'median': 2.0, 'p95': 4.0, 'max': 4.47213595499958, 'mean': 2.377116150939107}, 'components': {'n_components': 5, 'n_components_ge_min_size': 5, 'largest_component_fraction': 0.22286844542313725, 'fragment_fraction': 0.0, 'median_planarity': 0.005941256318786529, 'worst_planarity': 0.007366066013917327}, 'border_touch_fraction': 0.0, 'junctions': {'n_samples': 4000, 'junction_fraction': 0.001, 'junctions': 4, 'radius': 5}}","{'fraction': 0.750846435546875, 'thickness': {'median': 157.40393895960798, 'p95': 378.3913318246072, 'max': 485.8065458595633, 'mean': 172.16711348239002}, 'components': {'n_components': 1, 'n_components_ge_min_size': 1, 'largest_component_fraction': 1.0, 'fragment_fraction': 0.0, 'median_planarity': 0.2979176942387154, 'worst_planarity': 0.2979176942387154}, 'border_touch_fraction': 0.024971817288236227, 'junctions': {'n_samples': 4000, 'junction_fraction': 0.0, 'junctions': 0, 'radius': 5}}",1,0.042213470458984374,2.0,4.0,5,0.0,0.007366066013917327,0.001,,,,,
sample_00002,True,True,"[320, 320, 320]",uint8,LZW,705353,,"[320, 320, 320]",uint8,"[0, 1, 2]",0.32041799926757814,0.05950210571289063,0.6200798950195312,3,0.6795820007324219,0.027590489418189597,"{'fraction': 0.05950210571289063, 'thickness': {'median': 2.0, 'p95': 4.0, 'max': 4.47213595499958, 'mean': 2.433404350495603}, 'components': {'n_components': 8, 'n_components_ge_min_size': 8, 'largest_component_fraction': 0.15460170841101364, 'fragment_fraction': 0.0, 'median_planarity': 0.003556498639879113, 'worst_planarity': 0.009443482759909671}, 'border_touch_fraction': 0.0, 'junctions': {'n_samples': 4000, 'junction_fraction': 0.0015, 'junctions': 6, 'radius': 5}}","{'fraction': 0.6200798950195312, 'thickness': {'median': 108.48041297856494, 'p95': 290.3101789465881, 'max': 374.0908980448468, 'mean': 122.24021205095744}, 'components': {'n_components': 1, 'n_components_ge_min_size': 1, 'largest_component_fraction': 1.0, 'fragment_fraction': 0.0, 'median_planarity': 0.29767297235554024, 'worst_planarity': 0.29767297235554024}, 'border_touch_fraction': 0.03023803892143514, 'junctions': {'n_samples': 4000, 'junction_fraction': 0.0, 'junctions': 0, 'radius': 5}}",1,0.05950210571289063,2.0,4.0,8,0.0,0.009443482759909671,0.0015,"[74, 320, 320]",uint8,LZW,7175386,
sample_00003,True,True,"[320, 320, 320]",uint8,LZW,1149609,,"[320, 320, 320]",uint8,"[0, 1, 2]",0.2986820068359375,0.0635909423828125,0.63772705078125,3,0.7013179931640625,0.02673537565378524,"{'fraction': 0.0635909423828125, 'thickness': {'median': 2.0, 'p95': 2.8284271247461903, 'max': 4.0, 'mean': 2.341418243744489}, 'components': {'n_components': 8, 'n_components_ge_min_size': 8, 'largest_component_fraction': 0.16160591395888563, 'fragment_fraction': 0.0, 'median_planarity': 0.004949228720277565, 'worst_planarity': 0.00772706524934658}, 'border_touch_fraction': 0.0, 'junctions': {'n_samples': 4000, 'junction_fraction': 0.00225, 'junctions': 9, 'radius': 5}}","{'fraction': 0.63772705078125, 'thickness': {'median': 65.57438524302, 'p95': 279.0913828838146, 'max': 429.93953063192504, 'mean': 95.07478938021647}, 'components': {'n_components': 1, 'n_components_ge_min_size': 1, 'largest_component_fraction': 1.0, 'fragment_fraction': 0.0, 'median_planarity': 0.26231599785815063, 'worst_planarity': 0.26231599785815063}, 'border_touch_fraction': 0.029401293197505483, 'junctions': {'n_samples': 4000, 'junction_fraction': 0.0, 'junctions': 0, 'radius': 5}}",1,0.0635909423828125,2.0,2.8284271247461903,8,0.0,0.00772706524934658,0.00225,"[40, 320, 320]",uint8,LZW,4419584,
sample_00004,False,True,"[320, 320, 320]",uint8,LZW,1391545,,"[320, 320, 320]",uint8,"[0, 1, 2]",0.7027449035644531,0.1087099609375,0.18854513549804688,3,0.2972550964355469,0.06307713551369007,"{'fraction': 0.1087099609375, 'thickness': {'median': 2.0, 'p95': 3.4641016151377544, 'max': 4.47213595499958, 'mean': 2.3749760179032413}, 'components': {'n_components': 18, 'n_components_ge_min_size': 18, 'largest_component_fraction': 0.08819024604964112, 'fragment_fraction': 0.0, 'median_planarity': 0.007265065106701092, 'worst_planarity': 0.01703328356124684}, 'border_touch_fraction': 0.0, 'junctions': {'n_samples': 4000, 'junction_fraction': 0.003, 'junctions': 12, 'radius': 5}}","{'fraction': 0.18854513549804688, 'thickness': {'median': 13.2664991614216, 'p95': 39.395431207184416, 'max': 80.84553172563095, 'mean': 16.416260769241294}, 'components': {'n_components': 1, 'n_components_ge_min_size': 1, 'largest_component_fraction': 1.0, 'fragment_fraction': 0.0, 'median_planarity': 0.19897733847515178, 'worst_planarity': 0.19897733847515178}, 'border_touch_fraction': 0.09944568418841138, 'junctions': {'n_samples': 4000, 'junction_fraction': 0.0, 'junctions': 0, 'radius': 5}}",1,0.1087099609375,2.0,3.4641016151377544,18,0.0,0.01703328356124684,0.003,,,,,
sample_00005,False,True,"[320, 320, 320]",uint8,NONE,32821210,,"[320, 320, 320]",uint8,"[0, 1, 2]",0.7096263732910156,0.09949990844726563,0.19087371826171876,3,0.29037362670898437,0.0645719799435899,"{'fraction': 0.09949990844726563, 'thickness': {'median': 2.0, 'p95': 4.0, 'max': 4.0, 'mean': 2.45400681855633}, 'components': {'n_components': 15, 'n_components_ge_min_size': 15, 'largest_component_fraction': 0.09122433262289165, 'fragment_fraction': 0.0, 'median_planarity': 0.002508948932829403, 'worst_planarity': 0.005523406786065133}, 'border_touch_fraction': 0.0, 'junctions': {'n_samples': 4000, 'junction_fraction': 0.00125, 'junctions': 5, 'radius': 5}}","{'fraction': 0.19087371826171876, 'thickness': {'median': 14.560219778561036, 'p95': 42.8485705712571, 'max': 78.20485918406861, 'mean': 18.025443525674373}, 'components': {'n_components': 1, 'n_components_ge_min_size': 1, 'largest_component_fraction': 1.0, 'fragment_fraction': 0.0, 'median_planarity': 0.31532458415147563, 'worst_planarity': 0.31532458415147563}, 'border_touch_fraction': 0.09823248674964626, 'junctions': {'n_samples': 4000, 'junction_fraction': 0.00025, 'junctions': 1, 'radius': 5}}",1,0.09949990844726563,2.0,4.0,15,0.0,0.005523406786065133,0.00125,,,,,
sample_00006,False,True,"[320, 320, 320]",uint8,LZW,1179177,,"[320, 320, 320]",uint8,"[0, 1, 2]",0.3682284851074219,0.07312643432617187,0.5586450805664063,3,0.6317715148925781,0.029678451082410885,"{'fraction': 0.07312643432617187, 'thickness': {'median': 2.0, 'p95': 2.8284271247461903, 'max': 4.47213595499958, 'mean': 2.320567983598021}, 'components': {'n_components': 8, 'n_components_ge_min_size': 8, 'largest_component_fraction': 0.13149740402227353, 'fragment_fraction': 0.0, 'median_planarity': 0.0019539119052374475, 'worst_planarity': 0.003622577769664122}, 'border_touch_fraction': 0.0, 'junctions': {'n_samples': 4000, 'junction_fraction': 0.00075, 'junctions': 3, 'radius': 5}}","{'fraction': 0.5586450805664063, 'thickness': {'median': 41.08527716834828, 'p95': 182.43903091169938, 'max': 291.115097512994, 'mean': 62.80925670326659}, 'components': {'n_components': 1, 'n_components_ge_min_size': 1, 'largest_component_fraction': 1.0, 'fragment_fraction': 0.0, 'median_planarity': 0.25397317135791064, 'worst_planarity': 0.25397317135791064}, 'border_touch_fraction': 0.033563349346940476, 'junctions': {'n_samples': 4000, 'junction_fraction': 0.0, 'junctions': 0, 'radius': 5}}",1,0.07312643432617187,2.0,2.8284271247461903,8,0.0,0.003622577769664122,0.00075,,,,,
sample_00007,False,True,"[320, 320, 320]",uint8,LZW,654393,,"[320, 320, 320]",uint8,"[0, 1, 2]",0.12556842041015626,0.026177215576171874,0.8482543640136718,3,0.8744315795898437,0.021442500977371808,"{'fraction': 0.026177215576171874, 'thickness': {'median': 2.0, 'p95': 2.8284271247461903, 'max': 4.0, 'mean': 2.324671510087228}, 'components': {'n_components': 6, 'n_components_ge_min_size': 6, 'largest_component_fraction': 0.27360904666142055, 'fragment_fraction': 0.0, 'median_planarity': 0.004560775612775542, 'worst_planarity': 0.006875444597294534}, 'border_touch_fraction': 0.0, 'junctions': {'n_samples': 4000, 'junction_fraction': 0.00475, 'junctions': 19, 'radius': 5}}","{'fraction': 0.8482543640136718, 'thickness': {'median': 195.2331938989884, 'p95': 464.11270182150946, 'max': 615.8571262882325, 'mean': 208.5184040589103}, 'components': {'n_components': 1, 'n_components_ge_min_size': 1, 'largest_component_fraction': 1.0, 'fragment_fraction': 0.0, 'median_planarity': 0.28786975073898025, 'worst_planarity': 0.28786975073898025}, 'border_touch_fraction': 0.02210421872901534, 'junctions': {'n_samples': 4000, 'junction_fraction': 0.0, 'junctions': 0, 'radius': 5}}",1,0.026177215576171874,2.0,2.8284271247461903,6,0.0,0.006875444597294534,0.00475,,,,,
sample_00008,False,True,"[320, 320, 320]",uint8,LZW,1467001,,"[320, 320, 320]",uint8,"[0, 1, 2]",0.33531817626953125,0.0810006103515625,0.5836812133789062,3,0.6646818237304688,0.028208985608734208,"{'fraction': 0.0810006103515625, 'thickness': {'median': 2.0, 'p95': 2.8284271247461903, 'max': 4.47213595499958, 'mean': 2.339345895360142}, 'components': {'n_components': 17, 'n_components_ge_min_size': 17, 'largest_component_fraction': 0.1272147682866732, 'fragment_fraction': 0.0, 'median_planarity': 0.002609327539597648, 'worst_planarity': 0.020045740165989503}, 'border_touch_fraction': 0.0, 'junctions': {'n_samples': 4000, 'junction_fraction': 0.00425, 'junctions': 17, 'radius': 5}}","{'fraction': 0.5836812133789062, 'thickness': {'median': 36.49657518178932, 'p95': 105.98113039593416, 'max': 152.43359209832983, 'mean': 43.615712037566205}, 'components': {'n_components': 1, 'n_components_ge_min_size': 1, 'largest_component_fraction': 1.0, 'fragment_fraction': 0.0, 'median_planarity': 0.3033236965052599, 'worst_planarity': 0.3033236965052599}, 'border_touch_fraction': 0.03212369966724992, 'junctions': {'n_samples': 4000, 'junction_fraction': 0.0, 'junctions': 0, 'radius': 5}}",1,0.0810006103515625,2.0,2.8284271247461903,17,0.0,0.020045740165989503,0.00425,,,,,
sample_00009,False,True,"[320, 320, 320]",uint8,LZW,995065,,"[320, 320, 320]",uint8,"[0, 1, 2]",0.30540960693359376,0.06422171020507812,0.6303686828613281,3,0.6945903930664062,0.0269943267099109,"{'fraction': 0.06422171020507812, 'thickness': {'median': 2.0, 'p95': 3.4641016151377544, 'max': 4.0, 'mean': 2.355688438738751}, 'components': {'n_components': 12, 'n_components_ge_min_size': 12, 'largest_component_fraction': 0.14495321031905747, 'fragment_fraction': 0.0, 'median_planarity': 0.0018678971262857593, 'worst_planarity': 0.006058116684517853}, 'border_touch_fraction': 0.0, 'junctions': {'n_samples': 4000, 'junction_fraction': 0.004, 'junctions': 16, 'radius': 5}}","{'fraction': 0.6303686828613281, 'thickness': {'median': 45.65084884205331, 'p95': 111.37324633860683, 'max': 147.41777369096306, 'mean': 49.71746689710039}, 'components': {'n_components': 1, 'n_components_ge_min_size': 1, 'largest_component_fraction': 1.0, 'fragment_fraction': 0.0, 'median_planarity': 0.30088735142314915, 'worst_planarity': 0.30088735142314915}, 'border_touch_fraction': 0.029744497957752646, 'junctions': {'n_samples': 4000, 'junction_fraction': 0.0, 'junctions': 0, 'radius': 5}}",1,0.06422171020507812,2.0,3.4641016151377544,12,0.0,0.006058116684517853,0.004,,,,,
sample_00010,False,True,"[320, 320, 320]",uint8,LZW,730729,,"[320, 320, 320]",uint8,"[0, 1, 2]",0.226891357421875,0.034011871337890624,0.7390967712402344,3,0.773108642578125,0.02425273624865118,"{'fraction': 0.034011871337890624, 'thickness': {'median': 2.0, 'p95': 2.8284271247461903, 'max': 4.47213595499958, 'mean': 2.3151813149018188}, 'components': {'n_components': 8, 'n_components_ge_min_size': 8, 'largest_component_fraction': 0.2409849789277892, 'fragment_fraction': 0.0, 'median_planarity': 0.012330793086653715, 'worst_planarity': 0.023197614776243485}, 'border_touch_fraction': 0.0, 'junctions': {'n_samples': 4000, 'junction_fraction': 0.00425, 'junctions': 17, 'radius': 5}}","{'fraction': 0.7390967712402344, 'thickness': {'median': 184.49390225864124, 'p95': 421.4925859371669, 'max': 584.9649562153274, 'mean': 195.09691879618816}, 'components': {'n_components': 1, 'n_components_ge_min_size': 1, 'largest_component_fraction': 1.0, 'fragment_fraction': 0.0, 'median_planarity': 0.21839528823683402, 'worst_planarity': 0.21839528823683402}, 'border_touch_fraction': 0.025368802475671404, 'junctions': {'n_samples': 4000, 'junction_fraction': 0.0, 'junctions': 0, 'radius': 5}}",1,0.034011871337890624,2.0,2.8284271247461903,8,0.0,0.023197614776243485,0.00425,,,,,
sample_00011,False,True,"[320, 320, 320]",uint8,LZW,654121,,"[320, 320, 320]",uint8,"[0, 1, 2]",0.22920343017578124,0.05275820922851562,0.7180383605957031,3,0.7707965698242187,0.024325484484545596,"{'fraction': 0.05275820922851562, 'thickness': {'median': 2.0, 'p95': 4.0, 'max': 4.0, 'mean': 2.457789795214606}, 'components': {'n_components': 8, 'n_components_ge_min_size': 8, 'largest_component_fraction': 0.17157580977578998, 'fragment_fraction': 0.0, 'median_planarity': 0.004705166288416359, 'worst_planarity': 0.010730067370694367}, 'border_touch_fraction': 0.0, 'junctions': {'n_samples': 4000, 'junction_fraction': 0.002, 'junctions': 8, 'radius': 5}}","{'fraction': 0.7180383605957031, 'thickness': {'median': 44.63182720884279, 'p95': 116.0344776348823, 'max': 173.91952161847732, 'mean': 49.50462217974902}, 'components': {'n_components': 1, 'n_components_ge_min_size': 1, 'largest_component_fraction': 1.0, 'fragment_fraction': 0.0, 'median_planarity': 0.3201865020124209, 'worst_planarity': 0.3201865020124209}, 'border_touch_fraction': 0.02611281099862759, 'junctions': {'n_samples': 4000, 'junction_fraction': 0.0, 'junctions': 0, 'radius': 5}}",1,0.05275820922851562,2.0,4.0,8,0.0,0.010730067370694367,0.002,,,,,
sample_00013,False,True,"[320, 320, 320]",uint8,LZW,753817,,"[320, 320, 320]",uint8,"[0, 1, 2]",0.15484246826171874,0.029949462890625,0.8152080688476563,3,0.8451575317382812,0.022185213165450777,"{'fraction': 0.029949462890625, 'thickness': {'median': 2.0, 'p95': 2.8284271247461903, 'max': 4.47213595499958, 'mean': 2.336244672942148}, 'components': {'n_components': 3, 'n_components_ge_min_size': 3, 'largest_component_fraction': 0.34418127868398096, 'fragment_fraction': 0.0, 'median_planarity': 0.008905395157335395, 'worst_planarity': 0.01055069307299423}, 'border_touch_fraction': 0.0, 'junctions': {'n_samples': 4000, 'junction_fraction': 0.00225, 'junctions': 9, 'radius': 5}}","{'fraction': 0.8152080688476563, 'thickness': {'median': 112.30316113093166, 'p95': 314.82757184263966, 'max': 497.2886485734417, 'mean': 130.55179525912465}, 'components': {'n_components': 1, 'n_components_ge_min_size': 1, 'largest_component_fraction': 1.0, 'fragment_fraction': 0.0, 'median_planarity': 0.28627523908811064, 'worst_planarity': 0.28627523908811064}, 'border_touch_fraction': 0.023000263020585908, 'junctions': {'n_samples': 4000, 'junction_fraction': 0.0, 'junctions': 0, 'radius': 5}}",1,0.029949462890625,2.0,2.8284271247461903,3,0.0,0.01055069307299423,0.00225,,,,,
sample_00015,False,True,"[320, 320, 320]",uint8,LZW,443593,,"[320, 320, 320]",uint8,"[0, 1, 2]",0.18563601684570313,0.03574710083007813,0.7786168823242188,3,0.8143639831542969,0.023024102720475365,"{'fraction': 0.03574710083007813, 'thickness': {'median': 2.0, 'p95': 4.0, 'max': 4.47213595499958, 'mean': 2.456370699562192}, 'components': {'n_components': 4, 'n_components_ge_min_size': 4, 'largest_component_fraction': 0.25321485007610806, 'fragment_fraction': 0.0, 'median_planarity': 0.0013420840207344163, 'worst_planarity': 0.004569159510567143}, 'border_touch_fraction': 0.0, 'junctions': {'n_samples': 4000, 'junction_fraction': 0.0015, 'junctions': 6, 'radius': 5}}","{'fraction': 0.7786168823242188, 'thickness': {'median': 120.41594578792295, 'p95': 350.6568122801192, 'max': 440.36802790393403, 'mean': 144.6442238867631}, 'components': {'n_components': 1, 'n_components_ge_min_size': 1, 'largest_component_fraction': 1.0, 'fragment_fraction': 0.0, 'median_planarity': 0.29455498017507187, 'worst_planarity': 0.29455498017507187}, 'border_touch_fraction': 0.024081162925764094, 'junctions': {'n_samples': 4000, 'junction_fraction': 0.0, 'junctions': 0, 'radius': 5}}",1,0.03574710083007813,2.0,4.0,4,0.0,0.004569159510567143,0.0015,,,,,
sample_00016,False,True,"[320, 320, 320]",uint8,LZW,899641,,"[320, 320, 320]",uint8,"[0, 1, 2]",0.6110146484375,0.06951663208007812,0.3194687194824219,3,0.3889853515625,0.0482023292771408,"{'fraction': 0.06951663208007812, 'thickness': {'median': 2.0, 'p95': 3.4641016151377544, 'max': 4.47213595499958, 'mean': 2.362313177295091}, 'components': {'n_components': 11, 'n_components_ge_min_size': 11, 'largest_component_fraction': 0.13401298815893967, 'fragment_fraction': 0.0, 'median_planarity': 0.009081838291932052, 'worst_planarity': 0.028460236809783327}, 'border_touch_fraction': 0.0, 'junctions': {'n_samples': 4000, 'junction_fraction': 0.00175, 'junctions': 7, 'radius': 5}}","{'fraction': 0.3194687194824219, 'thickness': {'median': 73.53910524340094, 'p95': 195.80602646496865, 'max': 299.3993987969916, 'mean': 81.87616629561185}, 'components': {'n_components': 1, 'n_components_ge_min_size': 1, 'largest_component_fraction': 1.0, 'fragment_fraction': 0.0, 'median_planarity': 0.2095827531253718, 'worst_planarity': 0.2095827531253718}, 'border_touch_fraction': 0.05869119214669053, 'junctions': {'n_samples': 4000, 'junction_fraction': 0.0, 'junctions': 0, 'radius': 5}}",1,0.06951663208007812,2.0,3.4641016151377544,11,0.0,0.028460236809783327,0.00175,,,,,
sample_00017,False,True,"[320, 320, 320]",uint8,LZW,643961,,"[320, 320, 320]",uint8,"[0, 1, 2]",0.09615530395507813,0.026715667724609374,0.8771290283203125,3,0.9038446960449219,0.02074471430993285,"{'fraction': 0.026715667724609374, 'thickness': {'median': 2.0, 'p95': 2.8284271247461903, 'max': 4.47213595499958, 'mean': 2.3303948457478008}, 'components': {'n_components': 5, 'n_components_ge_min_size': 5, 'largest_component_fraction': 0.2735570052740459, 'fragment_fraction': 0.0, 'median_planarity': 0.0165484323182317, 'worst_planarity': 0.02078759768516481}, 'border_touch_fraction': 0.0, 'junctions': {'n_samples': 4000, 'junction_fraction': 0.00525, 'junctions': 21, 'radius': 5}}","{'fraction': 0.8771290283203125, 'thickness': {'median': 169.20401876158735, 'p95': 421.85329203282544, 'max': 584.4689897676351, 'mean': 181.87002955119402}, 'components': {'n_components': 1, 'n_components_ge_min_size': 1, 'largest_component_fraction': 1.0, 'fragment_fraction': 0.0, 'median_planarity': 0.3069231250116536, 'worst_planarity': 0.3069231250116536}, 'border_touch_fraction': 0.021376558516032627, 'junctions': {'n_samples': 4000, 'junction_fraction': 0.0, 'junctions': 0, 'radius': 5}}",1,0.026715667724609374,2.0,2.8284271247461903,5,0.0,0.02078759768516481,0.00525,,,,,
sample_00018,False,True,"[320, 320, 320]",uint8,LZW,698873,,"[320, 320, 320]",uint8,"[0, 1, 2]",0.2474979248046875,0.030993560791015624,0.7215085144042969,3,0.7525020751953125,0.024916874807466044,"{'fraction': 0.030993560791015624, 'thickness': {'median': 2.0, 'p95': 2.8284271247461903, 'max': 4.47213595499958, 'mean': 2.3123033889622993}, 'components': {'n_components': 7, 'n_components_ge_min_size': 7, 'largest_component_fraction': 0.2934953529795775, 'fragment_fraction': 0.0, 'median_planarity': 0.02547180888158837, 'worst_planarity': 0.03165429518711151}, 'border_touch_fraction': 0.0, 'junctions': {'n_samples': 4000, 'junction_fraction': 0.003, 'junctions': 12, 'radius': 5}}","{'fraction': 0.7215085144042969, 'thickness': {'median': 167.833250579258, 'p95': 346.4909811236073, 'max': 521.9540209635328, 'mean': 169.96030215464626}, 'components': {'n_components': 1, 'n_components_ge_min_size': 1, 'largest_component_fraction': 1.0, 'fragment_fraction': 0.0, 'median_planarity': 0.21923152393673623, 'worst_planarity': 0.21923152393673623}, 'border_touch_fraction': 0.025987219312970503, 'junctions': {'n_samples': 4000, 'junction_fraction': 0.0, 'junctions': 0, 'radius': 5}}",1,0.030993560791015624,2.0,2.8284271247461903,7,0.0,0.03165429518711151,0.003,,,,,
sample_00019,False,True,"[320, 320, 320]",uint8,LZW,1101545,,"[320, 320, 320]",uint8,"[0, 1, 2]",0.44762957763671873,0.07853189086914063,0.4738385314941406,3,0.5523704223632813,0.033944612602136326,"{'fraction': 0.07853189086914063, 'thickness': {'median': 2.0, 'p95': 3.4641016151377544, 'max': 4.47213595499958, 'mean': 2.3586356992097026}, 'components': {'n_components': 12, 'n_components_ge_min_size': 12, 'largest_component_fraction': 0.11990325387347849, 'fragment_fraction': 0.0, 'median_planarity': 0.005990050179706525, 'worst_planarity': 0.0320055420356133}, 'border_touch_fraction': 0.0, 'junctions': {'n_samples': 4000, 'junction_fraction': 0.00075, 'junctions': 3, 'radius': 5}}","{'fraction': 0.4738385314941406, 'thickness': {'median': 26.981475126464083, 'p95': 81.53526844255803, 'max': 206.95893312442448, 'mean': 32.6666522586266}, 'components': {'n_components': 1, 'n_components_ge_min_size': 1, 'largest_component_fraction': 1.0, 'fragment_fraction': 0.0, 'median_planarity': 0.3146387822163866, 'worst_planarity': 0.3146387822163866}, 'border_touch_fraction': 0.03957044173017377, 'junctions': {'n_samples': 4000, 'junction_fraction': 0.0, 'junctions': 0, 'radius': 5}}",1,0.07853189086914063,2.0,3.4641016151377544,12,0.0,0.0320055420356133,0.00075,,,,,
sample_00020,False,True,"[320, 320, 320]",uint8,LZW,516489,,"[320, 320, 320]",uint8,"[0, 1, 2]",0.31897515869140625,0.045283660888671876,0.6357411804199219,3,0.6810248413085938,0.02753203534245792,"{'fraction': 0.045283660888671876, 'thickness': {'median': 2.0, 'p95': 4.0, 'max': 4.47213595499958, 'mean': 2.473384735198353}, 'components': {'n_components': 5, 'n_components_ge_min_size': 5, 'largest_component_fraction': 0.20059102809910673, 'fragment_fraction': 0.0, 'median_planarity': 0.002033198332406328, 'worst_planarity': 0.009174449705250349}, 'border_touch_fraction': 0.0, 'junctions': {'n_samples': 4000, 'junction_fraction': 0.00125, 'junctions': 5, 'radius': 5}}","{'fraction': 0.6357411804199219, 'thickness': {'median': 145.21707888537077, 'p95': 360.577314871582, 'max': 448.0, 'mean': 156.7976989293409}, 'components': {'n_components': 1, 'n_components_ge_min_size': 1, 'largest_component_fraction': 1.0, 'fragment_fraction': 0.0, 'median_planarity': 0.2696156628768542, 'worst_planarity': 0.2696156628768542}, 'border_touch_fraction': 0.02949313427771847, 'junctions': {'n_samples': 4000, 'junction_fraction': 0.0, 'junctions': 0, 'radius': 5}}",1,0.045283660888671876,2.0,4.0,5,0.0,0.009174449705250349,0.00125,,,,,
sample_00021,False,True,"[320, 320, 320]",uint8,LZW,666041,,"[320, 320, 320]",uint8,"[0, 1, 2]",0.40170553588867186,0.04555682373046875,0.5527376403808594,3,0.5982944641113281,0.031339083218578936,"{'fraction': 0.04555682373046875, 'thickness': {'median': 2.0, 'p95': 4.0, 'max': 4.47213595499958, 'mean': 2.4185143288340933}, 'components': {'n_components': 5, 'n_components_ge_min_size': 5, 'largest_component_fraction': 0.20224865119781138, 'fragment_fraction': 0.0, 'median_planarity': 0.003871944093611872, 'worst_planarity': 0.011284864205359258}, 'border_touch_fraction': 0.0, 'junctions': {'n_samples': 4000, 'junction_fraction': 0.0015, 'junctions': 6, 'radius': 5}}","{'fraction': 0.5527376403808594, 'thickness': {'median': 116.12062693595828, 'p95': 324.97384510141734, 'max': 448.07142287809427, 'mean': 133.24534958714418}, 'components': {'n_components': 1, 'n_components_ge_min_size': 1, 'largest_component_fraction': 1.0, 'fragment_fraction': 0.0, 'median_planarity': 0.30221014353774445, 'worst_planarity': 0.30221014353774445}, 'border_touch_fraction': 0.03392206108323013, 'junctions': {'n_samples': 4000, 'junction_fraction': 0.0, 'junctions': 0, 'radius': 5}}",1,0.04555682373046875,2.0,4.0,5,0.0,0.011284864205359258,0.0015,,,,,
sample_00023,False,True,"[320, 320, 320]",uint8,LZW,668713,,"[320, 320, 320]",uint8,"[0, 1, 2]",0.09972222900390625,0.023123016357421877,0.8771547546386719,3,0.9002777709960937,0.020826905433035905,"{'fraction': 0.023123016357421877, 'thickness': {'median': 2.0, 'p95': 2.8284271247461903, 'max': 4.47213595499958, 'mean': 2.3264087526170436}, 'components': {'n_components': 5, 'n_components_ge_min_size': 5, 'largest_component_fraction': 0.4212460158771009, 'fragment_fraction': 0.0, 'median_planarity': 0.0024876854021877465, 'worst_planarity': 0.00350578831844131}, 'border_touch_fraction': 0.0, 'junctions': {'n_samples': 4000, 'junction_fraction': 0.0025, 'junctions': 10, 'radius': 5}}","{'fraction': 0.8771547546386719, 'thickness': {'median': 105.33755265810954, 'p95': 218.55983158872309, 'max': 334.60424384636843, 'mean': 108.44438382646665}, 'components': {'n_components': 1, 'n_components_ge_min_size': 1, 'largest_component_fraction': 1.0, 'fragment_fraction': 0.0, 'median_planarity': 0.3277850188711415, 'worst_planarity': 0.3277850188711415}, 'border_touch_fraction': 0.021375931556939145, 'junctions': {'n_samples': 4000, 'junction_fraction': 0.0, 'junctions': 0, 'radius': 5}}",1,0.023123016357421877,2.0,2.8284271247461903,5,0.0,0.00350578831844131,0.0025,,,,,
sample_00026,False,True,"[320, 320, 320]",uint8,LZW,663849,,"[320, 320, 320]",uint8,"[0, 1, 2]",0.5100180358886719,0.06658154296875,0.42340042114257814,3,0.4899819641113281,0.03826671464123491,"{'fraction': 0.06658154296875, 'thickness': {'median': 2.0, 'p95': 4.0, 'max': 4.47213595499958, 'mean': 2.4045094868989363}, 'components': {'n_components': 10, 'n_components_ge_min_size': 10, 'largest_component_fraction': 0.13639455408150544, 'fragment_fraction': 0.0, 'median_planarity': 0.0015599838142792716, 'worst_planarity': 0.004105579589445187}, 'border_touch_fraction': 0.0, 'junctions': {'n_samples': 4000, 'junction_fraction': 0.0015, 'junctions': 6, 'radius': 5}}","{'fraction': 0.42340042114257814, 'thickness': {'median': 40.24922359499622, 'p95': 175.1456536714514, 'max': 233.28951969602065, 'mean': 62.01091299798403}, 'components': {'n_components': 1, 'n_components_ge_min_size': 1, 'largest_component_fraction': 1.0, 'fragment_fraction': 0.0, 'median_planarity': 0.2245959173794647, 'worst_planarity': 0.2245959173794647}, 'border_touch_fraction': 0.044284320618769586, 'junctions': {'n_samples': 4000, 'junction_fraction': 0.0, 'junctions': 0, 'radius': 5}}",1,0.06658154296875,2.0,4.0,10,0.0,0.004105579589445187,0.0015,,,,,
sample_00027,False,True,"[320, 320, 320]",uint8,LZW,698377,,"[320, 320, 320]",uint8,"[0, 1, 2]",0.27001419067382815,0.03919976806640625,0.6907860412597656,3,0.7299858093261719,0.02568543081311069,"{'fraction': 0.03919976806640625, 'thickness': {'median': 2.0, 'p95': 4.0, 'max': 4.47213595499958, 'mean': 2.377067632231552}, 'components': {'n_components': 7, 'n_components_ge_min_size': 7, 'largest_component_fraction': 0.23448460020957604, 'fragment_fraction': 0.0, 'median_planarity': 0.0026255779599711287, 'worst_planarity': 0.004452794099929411}, 'border_touch_fraction': 0.0, 'junctions': {'n_samples': 4000, 'junction_fraction': 0.002, 'junctions': 8, 'radius': 5}}","{'fraction': 0.6907860412597656, 'thickness': {'median': 83.92854103342914, 'p95': 290.02758489495443, 'max': 413.26020858534156, 'mean': 114.01453651634323}, 'components': {'n_components': 1, 'n_components_ge_min_size': 1, 'largest_component_fraction': 1.0, 'fragment_fraction': 0.0, 'median_planarity': 0.301757482992818, 'worst_planarity': 0.301757482992818}, 'border_touch_fraction': 0.02714299201212316, 'junctions': {'n_samples': 4000, 'junction_fraction': 0.0, 'junctions': 0, 'radius': 5}}",1,0.03919976806640625,2.0,4.0,7,0.0,0.004452794099929411,0.002,,,,,
sample_00028,False,True,"[320, 320, 320]",uint8,LZW,1084633,,"[320, 320, 320]",uint8,"[0, 1, 2]",0.20626193237304688,0.045380767822265626,0.7483572998046875,3,0.7937380676269531,0.023622402357564968,"{'fraction': 0.045380767822265626, 'thickness': {'median': 2.0, 'p95': 2.8284271247461903, 'max': 4.47213595499958, 'mean': 2.331827138469939}, 'components': {'n_components': 5, 'n_components_ge_min_size': 5, 'largest_component_fraction': 0.20975201020552953, 'fragment_fraction': 0.0, 'median_planarity': 0.002878650525067824, 'worst_planarity': 0.0032026016347651053}, 'border_touch_fraction': 0.0, 'junctions': {'n_samples': 4000, 'junction_fraction': 0.002, 'junctions': 8, 'radius': 5}}","{'fraction': 0.7483572998046875, 'thickness': {'median': 72.9657453878188, 'p95': 254.5820103620835, 'max': 411.1009608356565, 'mean': 94.79766572866997}, 'components': {'n_components': 1, 'n_components_ge_min_size': 1, 'largest_component_fraction': 1.0, 'fragment_fraction': 0.0, 'median_planarity': 0.29758667152306606, 'worst_planarity': 0.29758667152306606}, 'border_touch_fraction': 0.02505487686816649, 'junctions': {'n_samples': 4000, 'junction_fraction': 0.0, 'junctions': 0, 'radius': 5}}",1,0.045380767822265626,2.0,2.8284271247461903,5,0.0,0.0032026016347651053,0.002,,,,,
sample_00029,False,True,"[320, 320, 320]",uint8,LZW,998121,,"[320, 320, 320]",uint8,"[0, 1, 2]",0.13266387939453125,0.040567840576171875,0.8267682800292969,3,0.8673361206054687,0.02161791669290912,"{'fraction': 0.040567840576171875, 'thickness': {'median': 2.0, 'p95': 2.8284271247461903, 'max': 4.47213595499958, 'mean': 2.331532214652269}, 'components': {'n_components': 6, 'n_components_ge_min_size': 6, 'largest_component_fraction': 0.25939968119206186, 'fragment_fraction': 0.0, 'median_planarity': 0.001189430990447834, 'worst_planarity': 0.0018755836082256455}, 'border_touch_fraction': 0.0, 'junctions': {'n_samples': 4000, 'junction_fraction': 0.002, 'junctions': 8, 'radius': 5}}","{'fraction': 0.8267682800292969, 'thickness': {'median': 67.94115100585212, 'p95': 337.9357926959305, 'max': 484.41717558319505, 'mean': 112.98890436796415}, 'components': {'n_components': 1, 'n_components_ge_min_size': 1, 'largest_component_fraction': 1.0, 'fragment_fraction': 0.0, 'median_planarity': 0.32684595807372824, 'worst_planarity': 0.32684595807372824}, 'border_touch_fraction': 0.022678663965356272, 'junctions': {'n_samples': 4000, 'junction_fraction': 0.0, 'junctions': 0, 'radius': 5}}",1,0.040567840576171875,2.0,2.8284271247461903,6,0.0,0.0018755836082256455,0.002,,,,,
sample_00031,False,True,"[320, 320, 320]",uint8,LZW,939929,,"[320, 320, 320]",uint8,"[0, 1, 2]",0.6477963256835938,0.10417889404296875,0.2480247802734375,3,0.35220367431640626,0.05323624188870818,"{'fraction': 0.10417889404296875, 'thickness': {'median': 2.0, 'p95': 4.0, 'max': 4.47213595499958, 'mean': 2.429149569329112}, 'components': {'n_components': 12, 'n_components_ge_min_size': 12, 'largest_component_fraction': 0.08866800986837288, 'fragment_fraction': 0.0, 'median_planarity': 0.00230609668812857, 'worst_planarity': 0.01109195925022604}, 'border_touch_fraction': 0.0, 'junctions': {'n_samples': 4000, 'junction_fraction': 0.001, 'junctions': 4, 'radius': 5}}","{'fraction': 0.2480247802734375, 'thickness': {'median': 16.61324772583615, 'p95': 93.48796714016194, 'max': 170.985379491932, 'mean': 28.106434075786733}, 'components': {'n_components': 1, 'n_components_ge_min_size': 1, 'largest_component_fraction': 1.0, 'fragment_fraction': 0.0, 'median_planarity': 0.24960438302985632, 'worst_planarity': 0.24960438302985632}, 'border_touch_fraction': 0.07559728499438188, 'junctions': {'n_samples': 4000, 'junction_fraction': 0.0, 'junctions': 0, 'radius': 5}}",1,0.10417889404296875,2.0,4.0,12,0.0,0.01109195925022604,0.001,,,,,
sample_00033,False,True,"[320, 320, 320]",uint8,LZW,1247609,,"[320, 320, 320]",uint8,"[0, 1, 2]",0.6231261596679688,0.06826730346679688,0.30860653686523437,3,0.37687384033203125,0.049751396869257315,"{'fraction': 0.06826730346679688, 'thickness': {'median': 2.0, 'p95': 3.4641016151377544, 'max': 4.47213595499958, 'mean': 2.347087354821095}, 'components': {'n_components': 10, 'n_components_ge_min_size': 10, 'largest_component_fraction': 0.13880972720847679, 'fragment_fraction': 0.0, 'median_planarity': 0.003424357066176185, 'worst_planarity': 0.024010403300637428}, 'border_touch_fraction': 0.0, 'junctions': {'n_samples': 4000, 'junction_fraction': 0.00275, 'junctions': 11, 'radius': 5}}","{'fraction': 0.30860653686523437, 'thickness': {'median': 32.12475680841802, 'p95': 132.61975720080324, 'max': 195.9897956527329, 'mean': 45.67588968571372}, 'components': {'n_components': 1, 'n_components_ge_min_size': 1, 'largest_component_fraction': 1.0, 'fragment_fraction': 0.0, 'median_planarity': 0.139313523067322, 'worst_planarity': 0.139313523067322}, 'border_touch_fraction': 0.060756976149821326, 'junctions': {'n_samples': 4000, 'junction_fraction': 0.0, 'junctions': 0, 'radius': 5}}",1,0.06826730346679688,2.0,3.4641016151377544,10,0.0,0.024010403300637428,0.00275,,,,,
sample_00034,False,True,"[320, 320, 320]",uint8,LZW,1383817,,"[320, 320, 320]",uint8,"[0, 1, 2]",0.8260758056640625,0.07453372192382812,0.09939047241210938,3,0.1739241943359375,0.10780558778259487,"{'fraction': 0.07453372192382812, 'thickness': {'median': 2.0, 'p95': 4.0, 'max': 4.47213595499958, 'mean': 2.3820838999102114}, 'components': {'n_components': 11, 'n_components_ge_min_size': 11, 'largest_component_fraction': 0.14582030781375585, 'fragment_fraction': 0.0, 'median_planarity': 0.009122089285303697, 'worst_planarity': 0.02278188889452268}, 'border_touch_fraction': 0.0, 'junctions': {'n_samples': 4000, 'junction_fraction': 0.0015, 'junctions': 6, 'radius': 5}}","{'fraction': 0.09939047241210938, 'thickness': {'median': 6.0, 'p95': 96.72641831474998, 'max': 150.3861695768597, 'mean': 25.9958807803951}, 'components': {'n_components': 1, 'n_components_ge_min_size': 1, 'largest_component_fraction': 1.0, 'fragment_fraction': 0.0, 'median_planarity': 0.2337022818307914, 'worst_planarity': 0.2337022818307914}, 'border_touch_fraction': 0.1886498730205811, 'junctions': {'n_samples': 4000, 'junction_fraction': 0.0, 'junctions': 0, 'radius': 5}}",1,0.07453372192382812,2.0,4.0,11,0.0,0.02278188889452268,0.0015,,,,,
sample_00035,False,True,"[320, 320, 320]",uint8,LZW,1845081,,"[320, 320, 320]",uint8,"[0, 1, 2]",0.4857725524902344,0.08775796508789062,0.426469482421875,3,0.5142274475097657,0.03646246440325207,"{'fraction': 0.08775796508789062, 'thickness': {'median': 2.0, 'p95': 4.0, 'max': 4.47213595499958, 'mean': 2.431863592233569}, 'components': {'n_components': 14, 'n_components_ge_min_size': 14, 'largest_component_fraction': 0.1067319318429588, 'fragment_fraction': 0.0, 'median_planarity': 0.006804926767511595, 'worst_planarity': 0.014871205142324472}, 'border_touch_fraction': 0.0, 'junctions': {'n_samples': 4000, 'junction_fraction': 0.0015, 'junctions': 6, 'radius': 5}}","{'fraction': 0.426469482421875, 'thickness': {'median': 18.973665961010276, 'p95': 82.19489035213807, 'max': 168.41615124446943, 'mean': 26.664189676175802}, 'components': {'n_components': 1, 'n_components_ge_min_size': 1, 'largest_component_fraction': 1.0, 'fragment_fraction': 0.0, 'median_planarity': 0.2244741419956628, 'worst_planarity': 0.2244741419956628}, 'border_touch_fraction': 0.043965631241702774, 'junctions': {'n_samples': 4000, 'junction_fraction': 0.0, 'junctions': 0, 'radius': 5}}",1,0.08775796508789062,2.0,4.0,14,0.0,0.014871205142324472,0.0015,,,,,
sample_00036,False,True,"[320, 320, 320]",uint8,LZW,617929,,"[320, 320, 320]",uint8,"[0, 1, 2]",0.10553213500976563,0.022090118408203126,0.8723777465820313,3,0.8944678649902343,0.02096218403576154,"{'fraction': 0.022090118408203126, 'thickness': {'median': 2.0, 'p95': 2.8284271247461903, 'max': 4.47213595499958, 'mean': 2.3180406754807006}, 'components': {'n_components': 6, 'n_components_ge_min_size': 6, 'largest_component_fraction': 0.28216520296360154, 'fragment_fraction': 0.0, 'median_planarity': 0.0005256965363495257, 'worst_planarity': 0.0014562221142588548}, 'border_touch_fraction': 0.0, 'junctions': {'n_samples': 4000, 'junction_fraction': 0.00325, 'junctions': 13, 'radius': 5}}","{'fraction': 0.8723777465820313, 'thickness': {'median': 245.69900284697943, 'p95': 525.6203953320272, 'max': 669.417657370942, 'mean': 254.90667839635665}, 'components': {'n_components': 1, 'n_components_ge_min_size': 1, 'largest_component_fraction': 1.0, 'fragment_fraction': 0.0, 'median_planarity': 0.2633647268171791, 'worst_planarity': 0.2633647268171791}, 'border_touch_fraction': 0.021492982911889193, 'junctions': {'n_samples': 4000, 'junction_fraction': 0.0, 'junctions': 0, 'radius': 5}}",1,0.022090118408203126,2.0,2.8284271247461903,6,0.0,0.0014562221142588548,0.00325,,,,,
sample_00037,False,True,"[320, 320, 320]",uint8,LZW,793929,,"[320, 320, 320]",uint8,"[0, 1, 2]",0.17216943359375,0.03137646484375,0.7964541015625,3,0.82783056640625,0.022649562314903234,"{'fraction': 0.03137646484375, 'thickness': {'median': 2.0, 'p95': 2.8284271247461903, 'max': 4.47213595499958, 'mean': 2.322293440815141}, 'components': {'n_components': 6, 'n_components_ge_min_size': 6, 'largest_component_fraction': 0.24413311753995548, 'fragment_fraction': 0.0, 'median_planarity': 0.001733186991551707, 'worst_planarity': 0.004603626711511379}, 'border_touch_fraction': 0.0, 'junctions': {'n_samples': 4000, 'junction_fraction': 0.0035, 'junctions': 14, 'radius': 5}}","{'fraction': 0.7964541015625, 'thickness': {'median': 198.60513588525347, 'p95': 468.1110979244137, 'max': 605.7392178157198, 'mean': 213.36358386871123}, 'components': {'n_components': 1, 'n_components_ge_min_size': 1, 'largest_component_fraction': 1.0, 'fragment_fraction': 0.0, 'median_planarity': 0.24916589452152058, 'worst_planarity': 0.24916589452152058}, 'border_touch_fraction': 0.023541846244768988, 'junctions': {'n_samples': 4000, 'junction_fraction': 0.0, 'junctions': 0, 'radius': 5}}",1,0.03137646484375,2.0,2.8284271247461903,6,0.0,0.004603626711511379,0.0035,,,,,
sample_00038,False,True,"[320, 320, 320]",uint8,LZW,490937,,"[320, 320, 320]",uint8,"[0, 1, 2]",0.0520010986328125,0.011779541015625,0.9362193603515625,3,0.9479989013671875,0.019778503933874897,"{'fraction': 0.011779541015625, 'thickness': {'median': 2.0, 'p95': 2.8284271247461903, 'max': 4.0, 'mean': 2.33654792614465}, 'components': {'n_components': 3, 'n_components_ge_min_size': 3, 'largest_component_fraction': 0.4348768886401791, 'fragment_fraction': 0.0, 'median_planarity': 0.0013783338501025784, 'worst_planarity': 0.0014090469251342925}, 'border_touch_fraction': 0.0, 'junctions': {'n_samples': 4000, 'junction_fraction': 0.0065, 'junctions': 26, 'radius': 5}}","{'fraction': 0.9362193603515625, 'thickness': {'median': 271.2489631316588, 'p95': 563.3537075647934, 'max': 739.061567124147, 'mean': 276.6725215873894}, 'components': {'n_components': 1, 'n_components_ge_min_size': 1, 'largest_component_fraction': 1.0, 'fragment_fraction': 0.0, 'median_planarity': 0.3010203810262927, 'worst_planarity': 0.3010203810262927}, 'border_touch_fraction': 0.020027357683523157, 'junctions': {'n_samples': 4000, 'junction_fraction': 0.0, 'junctions': 0, 'radius': 5}}",1,0.011779541015625,2.0,2.8284271247461903,3,0.0,0.0014090469251342925,0.0065,,,,,
sample_00040,False,True,"[320, 320, 320]",uint8,LZW,1215817,,"[320, 320, 320]",uint8,"[0, 1, 2]",0.5777457275390625,0.04799014282226562,0.3742641296386719,3,0.4222542724609375,0.04440452405779873,"{'fraction': 0.04799014282226562, 'thickness': {'median': 2.0, 'p95': 2.8284271247461903, 'max': 4.0, 'mean': 2.3474236757802625}, 'components': {'n_components': 7, 'n_components_ge_min_size': 7, 'largest_component_fraction': 0.21740100894030745, 'fragment_fraction': 0.0, 'median_planarity': 0.0051436400066444754, 'worst_planarity': 0.02734724858941871}, 'border_touch_fraction': 0.0, 'junctions': {'n_samples': 4000, 'junction_fraction': 0.00475, 'junctions': 19, 'radius': 5}}","{'fraction': 0.3742641296386719, 'thickness': {'median': 36.98648401781386, 'p95': 93.4237657130133, 'max': 233.71777852786468, 'mean': 41.177329749259826}, 'components': {'n_components': 1, 'n_components_ge_min_size': 1, 'largest_component_fraction': 1.0, 'fragment_fraction': 0.0, 'median_planarity': 0.27887122818239235, 'worst_planarity': 0.27887122818239235}, 'border_touch_fraction': 0.05009830896191395, 'junctions': {'n_samples': 4000, 'junction_fraction': 0.0, 'junctions': 0, 'radius': 5}}",1,0.04799014282226562,2.0,2.8284271247461903,7,0.0,0.02734724858941871,0.00475,,,,,
sample_00041,False,True,"[320, 320, 320]",uint8,LZW,775753,,"[320, 320, 320]",uint8,"[0, 1, 2]",0.21339633178710937,0.026882415771484376,0.7597212524414062,3,0.7866036682128906,0.023836654668288937,"{'fraction': 0.026882415771484376, 'thickness': {'median': 2.0, 'p95': 3.4641016151377544, 'max': 4.47213595499958, 'mean': 2.366082660269026}, 'components': {'n_components': 3, 'n_components_ge_min_size': 3, 'largest_component_fraction': 0.35085249686961834, 'fragment_fraction': 0.0, 'median_planarity': 0.01119071314027206, 'worst_planarity': 0.012309054288795538}, 'border_touch_fraction': 0.0, 'junctions': {'n_samples': 4000, 'junction_fraction': 0.00225, 'junctions': 9, 'radius': 5}}","{'fraction': 0.7597212524414062, 'thickness': {'median': 114.64728518373211, 'p95': 285.18765751694093, 'max': 473.12577608919173, 'mean': 126.25508774043907}, 'components': {'n_components': 1, 'n_components_ge_min_size': 1, 'largest_component_fraction': 1.0, 'fragment_fraction': 0.0, 'median_planarity': 0.29500053877782056, 'worst_planarity': 0.29500053877782056}, 'border_touch_fraction': 0.0246801046301467, 'junctions': {'n_samples': 4000, 'junction_fraction': 0.0, 'junctions': 0, 'radius': 5}}",1,0.026882415771484376,2.0,3.4641016151377544,3,0.0,0.012309054288795538,0.00225,,,,,
sample_00042,False,True,"[320, 320, 320]",uint8,LZW,913801,,"[320, 320, 320]",uint8,"[0, 1, 2]",0.18562554931640626,0.03070989990234375,0.78366455078125,3,0.8143744506835937,0.023023806781095685,"{'fraction': 0.03070989990234375, 'thickness': {'median': 2.0, 'p95': 4.0, 'max': 4.47213595499958, 'mean': 2.392772962670751}, 'components': {'n_components': 7, 'n_components_ge_min_size': 7, 'largest_component_fraction': 0.3059409600696411, 'fragment_fraction': 0.0, 'median_planarity': 0.000852604588147135, 'worst_planarity': 0.011910508849876558}, 'border_touch_fraction': 0.0, 'junctions': {'n_samples': 4000, 'junction_fraction': 0.00075, 'junctions': 3, 'radius': 5}}","{'fraction': 0.78366455078125, 'thickness': {'median': 85.06468127254695, 'p95': 287.7648345078863, 'max': 388.19067479783695, 'mean': 114.46085084294641}, 'components': {'n_components': 1, 'n_components_ge_min_size': 1, 'largest_component_fraction': 1.0, 'fragment_fraction': 0.0, 'median_planarity': 0.31482542546616077, 'worst_planarity': 0.31482542546616077}, 'border_touch_fraction': 0.02392605354077554, 'junctions': {'n_samples': 4000, 'junction_fraction': 0.0, 'junctions': 0, 'radius': 5}}",1,0.03070989990234375,2.0,4.0,7,0.0,0.011910508849876558,0.00075,,,,,
sample_00043,False,True,"[320, 320, 320]",uint8,LZW,1444169,,"[320, 320, 320]",uint8,"[0, 1, 2]",0.4184486083984375,0.0738525390625,0.5076988525390626,3,0.5815513916015626,0.03224134663036996,"{'fraction': 0.0738525390625, 'thickness': {'median': 2.0, 'p95': 4.0, 'max': 4.47213595499958, 'mean': 2.3806926769789345}, 'components': {'n_components': 9, 'n_components_ge_min_size': 9, 'largest_component_fraction': 0.13156528925619834, 'fragment_fraction': 0.0, 'median_planarity': 0.007672691708905863, 'worst_planarity': 0.023646478277869594}, 'border_touch_fraction': 0.0, 'junctions': {'n_samples': 4000, 'junction_fraction': 0.0015, 'junctions': 6, 'radius': 5}}","{'fraction': 0.5076988525390626, 'thickness': {'median': 48.82622246293481, 'p95': 203.22401432901574, 'max': 306.3462093775603, 'mean': 68.25042179473722}, 'components': {'n_components': 1, 'n_components_ge_min_size': 1, 'largest_component_fraction': 1.0, 'fragment_fraction': 0.0, 'median_planarity': 0.2686366054554006, 'worst_planarity': 0.2686366054554006}, 'border_touch_fraction': 0.03693134208641405, 'junctions': {'n_samples': 4000, 'junction_fraction': 0.0, 'junctions': 0, 'radius': 5}}",1,0.0738525390625,2.0,4.0,9,0.0,0.023646478277869594,0.0015,,,,,
sample_00044,False,True,"[320, 320, 320]",uint8,LZW,801257,,"[320, 320, 320]",uint8,"[0, 1, 2]",0.5751173706054687,0.06800582885742187,0.35687680053710935,3,0.42488262939453125,0.044129834224381534,"{'fraction': 0.06800582885742187, 'thickness': {'median': 2.0, 'p95': 4.0, 'max': 4.47213595499958, 'mean': 2.4165732238697073}, 'components': {'n_components': 8, 'n_components_ge_min_size': 8, 'largest_component_fraction': 0.1378499965221918, 'fragment_fraction': 0.0, 'median_planarity': 0.006005542823900967, 'worst_planarity': 0.011215686686870903}, 'border_touch_fraction': 0.0, 'junctions': {'n_samples': 4000, 'junction_fraction': 0.002, 'junctions': 8, 'radius': 5}}","{'fraction': 0.35687680053710935, 'thickness': {'median': 60.860496218811754, 'p95': 170.77646190672178, 'max': 256.382526705702, 'mean': 69.99141893673573}, 'components': {'n_components': 1, 'n_components_ge_min_size': 1, 'largest_component_fraction': 1.0, 'fragment_fraction': 0.0, 'median_planarity': 0.25597439550665996, 'worst_planarity': 0.25597439550665996}, 'border_touch_fraction': 0.05253913947833184, 'junctions': {'n_samples': 4000, 'junction_fraction': 0.0, 'junctions': 0, 'radius': 5}}",1,0.06800582885742187,2.0,4.0,8,0.0,0.011215686686870903,0.002,,,,,
sample_00045,False,True,"[320, 320, 320]",uint8,LZW,946313,,"[320, 320, 320]",uint8,"[0, 1, 2]",0.38953607177734373,0.0479642333984375,0.5624996948242188,3,0.6104639282226563,0.030714345488995477,"{'fraction': 0.0479642333984375, 'thickness': {'median': 2.0, 'p95': 2.8284271247461903, 'max': 4.898979485566356, 'mean': 2.322536644934713}, 'components': {'n_components': 12, 'n_components_ge_min_size': 12, 'largest_component_fraction': 0.19602504816465313, 'fragment_fraction': 0.0, 'median_planarity': 0.008697766212348447, 'worst_planarity': 0.027695351927634584}, 'border_touch_fraction': 0.0, 'junctions': {'n_samples': 4000, 'junction_fraction': 0.0055, 'junctions': 22, 'radius': 5}}","{'fraction': 0.5624996948242188, 'thickness': {'median': 72.13875518748573, 'p95': 162.1480804696744, 'max': 223.92856003645448, 'mean': 75.61512975321176}, 'components': {'n_components': 1, 'n_components_ge_min_size': 1, 'largest_component_fraction': 1.0, 'fragment_fraction': 0.0, 'median_planarity': 0.17171353430805317, 'worst_planarity': 0.17171353430805317}, 'border_touch_fraction': 0.03333335141783388, 'junctions': {'n_samples': 4000, 'junction_fraction': 0.0, 'junctions': 0, 'radius': 5}}",1,0.0479642333984375,2.0,2.8284271247461903,12,0.0,0.027695351927634584,0.0055,,,,,
sample_00046,False,True,"[320, 320, 320]",uint8,LZW,1212073,,"[320, 320, 320]",uint8,"[0, 1, 2]",0.8666952209472656,0.06834445190429687,0.0649603271484375,3,0.13330477905273438,0.14065512229372243,"{'fraction': 0.06834445190429687, 'thickness': {'median': 2.0, 'p95': 2.8284271247461903, 'max': 4.0, 'mean': 2.323270032551673}, 'components': {'n_components': 14, 'n_components_ge_min_size': 14, 'largest_component_fraction': 0.1446784588242701, 'fragment_fraction': 0.0, 'median_planarity': 0.004249305716204754, 'worst_planarity': 0.02375254467412449}, 'border_touch_fraction': 0.0, 'junctions': {'n_samples': 4000, 'junction_fraction': 0.0025, 'junctions': 10, 'radius': 5}}","{'fraction': 0.0649603271484375, 'thickness': {'median': 4.0, 'p95': 53.667494203414286, 'max': 142.50614021858848, 'mean': 10.320819513656133}, 'components': {'n_components': 1, 'n_components_ge_min_size': 1, 'largest_component_fraction': 1.0, 'fragment_fraction': 0.0, 'median_planarity': 0.2852969187938896, 'worst_planarity': 0.2852969187938896}, 'border_touch_fraction': 0.2886377089381853, 'junctions': {'n_samples': 4000, 'junction_fraction': 0.0, 'junctions': 0, 'radius': 5}}",1,0.06834445190429687,2.0,2.8284271247461903,14,0.0,0.02375254467412449,0.0025,,,,,
sample_00047,False,True,"[320, 320, 320]",uint8,LZW,1039001,,"[320, 320, 320]",uint8,"[0, 1, 2]",0.3999232482910156,0.030486236572265624,0.5695905151367188,3,0.6000767517089843,0.03124600302644798,"{'fraction': 0.030486236572265624, 'thickness': {'median': 2.0, 'p95': 3.4641016151377544, 'max': 4.47213595499958, 'mean': 2.3606465905612675}, 'components': {'n_components': 7, 'n_components_ge_min_size': 7, 'largest_component_fraction': 0.29822727941596017, 'fragment_fraction': 0.0, 'median_planarity': 0.001577514615386474, 'worst_planarity': 0.007691274700070353}, 'border_touch_fraction': 0.0, 'junctions': {'n_samples': 4000, 'junction_fraction': 0.00225, 'junctions': 9, 'radius': 5}}","{'fraction': 0.5695905151367188, 'thickness': {'median': 67.55738301621814, 'p95': 154.0, 'max': 194.07215153133126, 'mean': 71.24721928793349}, 'components': {'n_components': 1, 'n_components_ge_min_size': 1, 'largest_component_fraction': 1.0, 'fragment_fraction': 0.0, 'median_planarity': 0.19501601544239308, 'worst_planarity': 0.19501601544239308}, 'border_touch_fraction': 0.03291838522890333, 'junctions': {'n_samples': 4000, 'junction_fraction': 0.0, 'junctions': 0, 'radius': 5}}",1,0.030486236572265624,2.0,3.4641016151377544,7,0.0,0.007691274700070353,0.00225,,,,,
sample_00050,False,True,"[320, 320, 320]",uint8,LZW,1264617,,"[320, 320, 320]",uint8,"[0, 1, 2]",0.48341143798828123,0.09446722412109375,0.422121337890625,3,0.5165885620117188,0.036295809429041634,"{'fraction': 0.09446722412109375, 'thickness': {'median': 2.0, 'p95': 3.4641016151377544, 'max': 4.898979485566356, 'mean': 2.3512609266324023}, 'components': {'n_components': 12, 'n_components_ge_min_size': 12, 'largest_component_fraction': 0.0987865619211359, 'fragment_fraction': 0.0, 'median_planarity': 0.0031484876360862186, 'worst_planarity': 0.018282363880202067}, 'border_touch_fraction': 0.0, 'junctions': {'n_samples': 4000, 'junction_fraction': 0.00225, 'junctions': 9, 'radius': 5}}","{'fraction': 0.422121337890625, 'thickness': {'median': 23.15167380558045, 'p95': 98.40731680114035, 'max': 200.33971149025845, 'mean': 33.43975389239165}, 'components': {'n_components': 1, 'n_components_ge_min_size': 1, 'largest_component_fraction': 1.0, 'fragment_fraction': 0.0, 'median_planarity': 0.2762877157148732, 'worst_planarity': 0.2762877157148732}, 'border_touch_fraction': 0.04441850794298931, 'junctions': {'n_samples': 4000, 'junction_fraction': 0.0, 'junctions': 0, 'radius': 5}}",1,0.09446722412109375,2.0,3.4641016151377544,12,0.0,0.018282363880202067,0.00225,,,,,
sample_00052,False,True,"[320, 320, 320]",uint8,LZW,690201,,"[320, 320, 320]",uint8,"[0, 1, 2]",0.7280065612792969,0.07870053100585937,0.19329290771484375,3,0.27199343872070314,0.06893548641536705,"{'fraction': 0.07870053100585937, 'thickness': {'median': 2.0, 'p95': 4.0, 'max': 4.47213595499958, 'mean': 2.399889924526723}, 'components': {'n_components': 12, 'n_components_ge_min_size': 12, 'largest_component_fraction': 0.11561508403522643, 'fragment_fraction': 0.0, 'median_planarity': 0.00461489241372034, 'worst_planarity': 0.035797810235546165}, 'border_touch_fraction': 0.0, 'junctions': {'n_samples': 4000, 'junction_fraction': 0.00375, 'junctions': 15, 'radius': 5}}","{'fraction': 0.19329290771484375, 'thickness': {'median': 20.8806130178211, 'p95': 63.655321851358195, 'max': 110.32678731840241, 'mean': 25.170447790266746}, 'components': {'n_components': 1, 'n_components_ge_min_size': 1, 'largest_component_fraction': 1.0, 'fragment_fraction': 0.0, 'median_planarity': 0.22320405548606476, 'worst_planarity': 0.22320405548606476}, 'border_touch_fraction': 0.09700304176530379, 'junctions': {'n_samples': 4000, 'junction_fraction': 0.0, 'junctions': 0, 'radius': 5}}",1,0.07870053100585937,2.0,4.0,12,0.0,0.035797810235546165,0.00375,,,,,
sample_00053,False,True,"[320, 320, 320]",uint8,LZW,835705,,"[320, 320, 320]",uint8,"[0, 1, 2]",0.47939825439453126,0.08482937622070312,0.4357723693847656,3,0.5206017456054688,0.03601601446455664,"{'fraction': 0.08482937622070312, 'thickness': {'median': 2.0, 'p95': 4.0, 'max': 4.47213595499958, 'mean': 2.3918996997663378}, 'components': {'n_components': 12, 'n_components_ge_min_size': 12, 'largest_component_fraction': 0.10754692341481367, 'fragment_fraction': 0.0, 'median_planarity': 0.003020670219648136, 'worst_planarity': 0.026072043885196378}, 'border_touch_fraction': 0.0, 'junctions': {'n_samples': 4000, 'junction_fraction': 0.00075, 'junctions': 3, 'radius': 5}}","{'fraction': 0.4357723693847656, 'thickness': {'median': 20.09975124224178, 'p95': 59.76621118993574, 'max': 102.19589032832974, 'mean': 23.75999565007797}, 'components': {'n_components': 1, 'n_components_ge_min_size': 1, 'largest_component_fraction': 1.0, 'fragment_fraction': 0.0, 'median_planarity': 0.2996967837141887, 'worst_planarity': 0.2996967837141887}, 'border_touch_fraction': 0.04302705108740997, 'junctions': {'n_samples': 4000, 'junction_fraction': 0.0, 'junctions': 0, 'radius': 5}}",1,0.08482937622070312,2.0,4.0,12,0.0,0.026072043885196378,0.00075,,,,,
sample_00054,False,True,"[320, 320, 320]",uint8,LZW,973689,,"[320, 320, 320]",uint8,"[0, 1, 2]",0.38929962158203124,0.05847415161132812,0.5522262268066406,3,0.6107003784179688,0.030702453547797433,"{'fraction': 0.05847415161132812, 'thickness': {'median': 2.0, 'p95': 3.4641016151377544, 'max': 4.47213595499958, 'mean': 2.3472236391744574}, 'components': {'n_components': 9, 'n_components_ge_min_size': 9, 'largest_component_fraction': 0.16182196890423733, 'fragment_fraction': 0.0, 'median_planarity': 0.0036534700059867764, 'worst_planarity': 0.02575060969823344}, 'border_touch_fraction': 0.0, 'junctions': {'n_samples': 4000, 'junction_fraction': 0.00225, 'junctions': 9, 'radius': 5}}","{'fraction': 0.5522262268066406, 'thickness': {'median': 53.14132102234569, 'p95': 162.09935222809983, 'max': 272.72696969680135, 'mean': 61.54158485513551}, 'components': {'n_components': 1, 'n_components_ge_min_size': 1, 'largest_component_fraction': 1.0, 'fragment_fraction': 0.0, 'median_planarity': 0.2878353134705952, 'worst_planarity': 0.2878353134705952}, 'border_touch_fraction': 0.033953476111458256, 'junctions': {'n_samples': 4000, 'junction_fraction': 0.0, 'junctions': 0, 'radius': 5}}",1,0.05847415161132812,2.0,3.4641016151377544,9,0.0,0.02575060969823344,0.00225,,,,,
sample_00056,False,True,"[320, 320, 320]",uint8,LZW,1386121,,"[320, 320, 320]",uint8,"[0, 1, 2]",0.3862927551269531,0.0759998779296875,0.5377073669433594,3,0.6137072448730468,0.030552026485981397,"{'fraction': 0.0759998779296875, 'thickness': {'median': 2.0, 'p95': 2.8284271247461903, 'max': 4.47213595499958, 'mean': 2.330632667835999}, 'components': {'n_components': 8, 'n_components_ge_min_size': 8, 'largest_component_fraction': 0.1418852826333821, 'fragment_fraction': 0.0, 'median_planarity': 0.0068620256077669035, 'worst_planarity': 0.01366608648300585}, 'border_touch_fraction': 0.0, 'junctions': {'n_samples': 4000, 'junction_fraction': 0.0025, 'junctions': 10, 'radius': 5}}","{'fraction': 0.5377073669433594, 'thickness': {'median': 62.83311228962003, 'p95': 219.7271034715563, 'max': 329.33873139975503, 'mean': 81.26966550446078}, 'components': {'n_components': 1, 'n_components_ge_min_size': 1, 'largest_component_fraction': 1.0, 'fragment_fraction': 0.0, 'median_planarity': 0.20788689011553504, 'worst_planarity': 0.20788689011553504}, 'border_touch_fraction': 0.03487026801694364, 'junctions': {'n_samples': 4000, 'junction_fraction': 0.00025, 'junctions': 1, 'radius': 5}}",1,0.0759998779296875,2.0,2.8284271247461903,8,0.0,0.01366608648300585,0.0025,,,,,
sample_00058,False,True,"[320, 320, 320]",uint8,LZW,555481,,"[320, 320, 320]",uint8,"[0, 1, 2]",0.32831976318359374,0.060787445068359376,0.6108927917480469,3,0.6716802368164062,0.027915068766754605,"{'fraction': 0.060787445068359376, 'thickness': {'median': 2.0, 'p95': 4.0, 'max': 4.47213595499958, 'mean': 2.4302232665919385}, 'components': {'n_components': 10, 'n_components_ge_min_size': 10, 'largest_component_fraction': 0.14907401689757882, 'fragment_fraction': 0.0, 'median_planarity': 0.0015769041945054992, 'worst_planarity': 0.004365459010605799}, 'border_touch_fraction': 0.0, 'junctions': {'n_samples': 4000, 'junction_fraction': 0.00225, 'junctions': 9, 'radius': 5}}","{'fraction': 0.6108927917480469, 'thickness': {'median': 36.71511950137164, 'p95': 92.1737489744233, 'max': 125.37942414925983, 'mean': 40.37912707343164}, 'components': {'n_components': 1, 'n_components_ge_min_size': 1, 'largest_component_fraction': 1.0, 'fragment_fraction': 0.0, 'median_planarity': 0.2637561537603018, 'worst_planarity': 0.2637561537603018}, 'border_touch_fraction': 0.030692783174519993, 'junctions': {'n_samples': 4000, 'junction_fraction': 0.00025, 'junctions': 1, 'radius': 5}}",1,0.060787445068359376,2.0,4.0,10,0.0,0.004365459010605799,0.00225,,,,,
sample_00059,False,True,"[320, 320, 320]",uint8,LZW,995929,,"[320, 320, 320]",uint8,"[0, 1, 2]",0.34711187744140626,0.044211761474609375,0.6086763610839844,3,0.6528881225585937,0.02871854970576107,"{'fraction': 0.044211761474609375, 'thickness': {'median': 2.0, 'p95': 2.8284271247461903, 'max': 4.898979485566356, 'mean': 2.3177852969590518}, 'components': {'n_components': 6, 'n_components_ge_min_size': 6, 'largest_component_fraction': 0.21851537656058992, 'fragment_fraction': 0.0, 'median_planarity': 0.0076436709679956055, 'worst_planarity': 0.01038036494993732}, 'border_touch_fraction': 0.0, 'junctions': {'n_samples': 4000, 'junction_fraction': 0.00275, 'junctions': 11, 'radius': 5}}","{'fraction': 0.6086763610839844, 'thickness': {'median': 126.90941626968166, 'p95': 346.43354340828034, 'max': 527.5983320671133, 'mean': 145.7035768140162}, 'components': {'n_components': 1, 'n_components_ge_min_size': 1, 'largest_component_fraction': 1.0, 'fragment_fraction': 0.0, 'median_planarity': 0.2858007812547125, 'worst_planarity': 0.2858007812547125}, 'border_touch_fraction': 0.030804547701849882, 'junctions': {'n_samples': 4000, 'junction_fraction': 0.00025, 'junctions': 1, 'radius': 5}}",1,0.044211761474609375,2.0,2.8284271247461903,6,0.0,0.01038036494993732,0.00275,,,,,
sample_00060,False,True,"[320, 320, 320]",uint8,LZW,676537,,"[320, 320, 320]",uint8,"[0, 1, 2]",0.21754086303710937,0.02487359619140625,0.7575855407714843,3,0.7824591369628906,0.023962912712321295,"{'fraction': 0.02487359619140625, 'thickness': {'median': 2.0, 'p95': 2.8284271247461903, 'max': 4.47213595499958, 'mean': 2.3336012406880093}, 'components': {'n_components': 5, 'n_components_ge_min_size': 5, 'largest_component_fraction': 0.3223966883338364, 'fragment_fraction': 0.0, 'median_planarity': 0.001349073842009453, 'worst_planarity': 0.0070572008572195866}, 'border_touch_fraction': 0.0, 'junctions': {'n_samples': 4000, 'junction_fraction': 0.004, 'junctions': 16, 'radius': 5}}","{'fraction': 0.7575855407714843, 'thickness': {'median': 178.202132422707, 'p95': 425.64304293621433, 'max': 599.0692781306683, 'mean': 193.2043530016231}, 'components': {'n_components': 1, 'n_components_ge_min_size': 1, 'largest_component_fraction': 1.0, 'fragment_fraction': 0.0, 'median_planarity': 0.25075061152012207, 'worst_planarity': 0.25075061152012207}, 'border_touch_fraction': 0.024749680387123028, 'junctions': {'n_samples': 4000, 'junction_fraction': 0.0, 'junctions': 0, 'radius': 5}}",1,0.02487359619140625,2.0,2.8284271247461903,5,0.0,0.0070572008572195866,0.004,,,,,
sample_00061,False,True,"[320, 320, 320]",uint8,LZW,929641,,"[320, 320, 320]",uint8,"[0, 1, 2]",0.3696936340332031,0.05844317626953125,0.5718631896972656,3,0.6303063659667969,0.029747438725674726,"{'fraction': 0.05844317626953125, 'thickness': {'median': 2.0, 'p95': 3.4641016151377544, 'max': 4.47213595499958, 'mean': 2.335063321170126}, 'components': {'n_components': 11, 'n_components_ge_min_size': 11, 'largest_component_fraction': 0.15907597962681183, 'fragment_fraction': 0.0, 'median_planarity': 0.002555980303560466, 'worst_planarity': 0.0056595633363759066}, 'border_touch_fraction': 0.0, 'junctions': {'n_samples': 4000, 'junction_fraction': 0.0035, 'junctions': 14, 'radius': 5}}","{'fraction': 0.5718631896972656, 'thickness': {'median': 56.462376853972415, 'p95': 154.7384890710776, 'max': 312.646765535804, 'mean': 62.76079762404266}, 'components': {'n_components': 1, 'n_components_ge_min_size': 1, 'largest_component_fraction': 1.0, 'fragment_fraction': 0.0, 'median_planarity': 0.30233181373641227, 'worst_planarity': 0.30233181373641227}, 'border_touch_fraction': 0.032787562371213164, 'junctions': {'n_samples': 4000, 'junction_fraction': 0.0, 'junctions': 0, 'radius': 5}}",1,0.05844317626953125,2.0,3.4641016151377544,11,0.0,0.0056595633363759066,0.0035,,,,,
sample_00062,False,True,"[320, 320, 320]",uint8,LZW,957209,,"[320, 320, 320]",uint8,"[0, 1, 2]",0.6972996520996094,0.11316094970703125,0.18953939819335938,3,0.30270034790039063,0.061942446151961636,"{'fraction': 0.11316094970703125, 'thickness': {'median': 2.0, 'p95': 4.0, 'max': 4.47213595499958, 'mean': 2.422638498229136}, 'components': {'n_components': 15, 'n_components_ge_min_size': 15, 'largest_component_fraction': 0.0802002018307157, 'fragment_fraction': 0.0, 'median_planarity': 0.001644467607610737, 'worst_planarity': 0.009808270540518034}, 'border_touch_fraction': 0.0, 'junctions': {'n_samples': 4000, 'junction_fraction': 0.0005, 'junctions': 2, 'radius': 5}}","{'fraction': 0.18953939819335938, 'thickness': {'median': 14.0, 'p95': 40.84115571332428, 'max': 91.9565114605812, 'mean': 17.010683573454077}, 'components': {'n_components': 1, 'n_components_ge_min_size': 1, 'largest_component_fraction': 1.0, 'fragment_fraction': 0.0, 'median_planarity': 0.19455729089710566, 'worst_planarity': 0.19455729089710566}, 'border_touch_fraction': 0.09892402412754372, 'junctions': {'n_samples': 4000, 'junction_fraction': 0.0, 'junctions': 0, 'radius': 5}}",1,0.11316094970703125,2.0,4.0,15,0.0,0.009808270540518034,0.0005,,,,,
sample_00064,False,True,"[320, 320, 320]",uint8,LZW,1155545,,"[320, 320, 320]",uint8,"[0, 1, 2]",0.8596326904296875,0.0851654052734375,0.055201904296875,3,0.1403673095703125,0.13357811058284758,"{'fraction': 0.0851654052734375, 'thickness': {'median': 2.0, 'p95': 3.4641016151377544, 'max': 4.47213595499958, 'mean': 2.3740593997823862}, 'components': {'n_components': 13, 'n_components_ge_min_size': 13, 'largest_component_fraction': 0.11230838140968216, 'fragment_fraction': 0.0, 'median_planarity': 0.00368919650628388, 'worst_planarity': 0.023370257598001508}, 'border_touch_fraction': 0.0, 'junctions': {'n_samples': 4000, 'junction_fraction': 0.0025, 'junctions': 10, 'radius': 5}}","{'fraction': 0.055201904296875, 'thickness': {'median': 4.0, 'p95': 6.0, 'max': 8.717797887081348, 'mean': 4.034762432534189}, 'components': {'n_components': 1, 'n_components_ge_min_size': 1, 'largest_component_fraction': 1.0, 'fragment_fraction': 0.0, 'median_planarity': 0.3322371724329187, 'worst_planarity': 0.3322371724329187}, 'border_touch_fraction': 0.3396621953322984, 'junctions': {'n_samples': 4000, 'junction_fraction': 0.0, 'junctions': 0, 'radius': 5}}",1,0.0851654052734375,2.0,3.4641016151377544,13,0.0,0.023370257598001508,0.0025,,,,,
sample_00065,False,True,"[320, 320, 320]",uint8,LZW,785177,,"[320, 320, 320]",uint8,"[0, 1, 2]",0.30412152099609374,0.02846868896484375,0.6674097900390625,3,0.6958784790039062,0.02694435963422681,"{'fraction': 0.02846868896484375, 'thickness': {'median': 2.0, 'p95': 4.0, 'max': 4.898979485566356, 'mean': 2.3891912841592204}, 'components': {'n_components': 5, 'n_components_ge_min_size': 5, 'largest_component_fraction': 0.3179837961027462, 'fragment_fraction': 0.0, 'median_planarity': 0.006463614389233236, 'worst_planarity': 0.025301775743244152}, 'border_touch_fraction': 0.0, 'junctions': {'n_samples': 4000, 'junction_fraction': 0.0035, 'junctions': 14, 'radius': 5}}","{'fraction': 0.6674097900390625, 'thickness': {'median': 161.13348503647526, 'p95': 355.22415458199663, 'max': 476.7766772819325, 'mean': 167.6904577824001}, 'components': {'n_components': 1, 'n_components_ge_min_size': 1, 'largest_component_fraction': 1.0, 'fragment_fraction': 0.0, 'median_planarity': 0.20234391482948794, 'worst_planarity': 0.20234391482948794}, 'border_touch_fraction': 0.028093684389769873, 'junctions': {'n_samples': 4000, 'junction_fraction': 0.0, 'junctions': 0, 'radius': 5}}",1,0.02846868896484375,2.0,4.0,5,0.0,0.025301775743244152,0.0035,,,,,
sample_00067,False,True,"[320, 320, 320]",uint8,LZW,1186761,,"[320, 320, 320]",uint8,"[0, 1, 2]",0.40031903076171876,0.0492076416015625,0.5504733276367187,3,0.5996809692382813,0.03126662502533034,"{'fraction': 0.0492076416015625, 'thickness': {'median': 2.0, 'p95': 2.8284271247461903, 'max': 4.47213595499958, 'mean': 2.350389564138237}, 'components': {'n_components': 8, 'n_components_ge_min_size': 8, 'largest_component_fraction': 0.1770724543485757, 'fragment_fraction': 0.0, 'median_planarity': 0.0026841518918849787, 'worst_planarity': 0.008694815468148813}, 'border_touch_fraction': 0.0, 'junctions': {'n_samples': 4000, 'junction_fraction': 0.00275, 'junctions': 11, 'radius': 5}}","{'fraction': 0.5504733276367187, 'thickness': {'median': 55.46169849544819, 'p95': 117.44019748887452, 'max': 206.27166552873908, 'mean': 57.19283024367681}, 'components': {'n_components': 1, 'n_components_ge_min_size': 1, 'largest_component_fraction': 1.0, 'fragment_fraction': 0.0, 'median_planarity': 0.2062176051814727, 'worst_planarity': 0.2062176051814727}, 'border_touch_fraction': 0.03406159582789802, 'junctions': {'n_samples': 4000, 'junction_fraction': 0.0, 'junctions': 0, 'radius': 5}}",1,0.0492076416015625,2.0,2.8284271247461903,8,0.0,0.008694815468148813,0.00275,,,,,
sample_00068,False,True,"[320, 320, 320]",uint8,LZW,1121241,,"[320, 320, 320]",uint8,"[0, 1, 2]",0.8270248718261719,0.046824798583984376,0.12615032958984376,3,0.17297512817382812,0.10839708689886061,"{'fraction': 0.046824798583984376, 'thickness': {'median': 2.0, 'p95': 2.8284271247461903, 'max': 4.47213595499958, 'mean': 2.3509976391990257}, 'components': {'n_components': 7, 'n_components_ge_min_size': 7, 'largest_component_fraction': 0.21591548240139993, 'fragment_fraction': 0.0, 'median_planarity': 0.025730521363824886, 'worst_planarity': 0.08317339949326358}, 'border_touch_fraction': 0.0, 'junctions': {'n_samples': 4000, 'junction_fraction': 0.00175, 'junctions': 7, 'radius': 5}}","{'fraction': 0.12615032958984376, 'thickness': {'median': 13.564659966250536, 'p95': 92.39047569960877, 'max': 164.12190591142914, 'mean': 28.232048982144477}, 'components': {'n_components': 1, 'n_components_ge_min_size': 1, 'largest_component_fraction': 1.0, 'fragment_fraction': 0.0, 'median_planarity': 0.24747863647576757, 'worst_planarity': 0.24747863647576757}, 'border_touch_fraction': 0.14863219193292973, 'junctions': {'n_samples': 4000, 'junction_fraction': 0.0, 'junctions': 0, 'radius': 5}}",1,0.046824798583984376,2.0,2.8284271247461903,7,0.0,0.08317339949326358,0.00175,,,,,
sample_00069,False,True,"[320, 320, 320]",uint8,LZW,1300921,,"[320, 320, 320]",uint8,"[0, 1, 2]",0.8808104553222657,0.06178472900390625,0.05740481567382812,3,0.11918954467773438,0.15731245597670834,"{'fraction': 0.06178472900390625, 'thickness': {'median': 2.0, 'p95': 4.0, 'max': 4.47213595499958, 'mean': 2.377436025037764}, 'components': {'n_components': 9, 'n_components_ge_min_size': 9, 'largest_component_fraction': 0.15628269225639915, 'fragment_fraction': 0.0, 'median_planarity': 0.012804311694302618, 'worst_planarity': 0.024130487166261646}, 'border_touch_fraction': 0.0, 'junctions': {'n_samples': 4000, 'junction_fraction': 0.0025, 'junctions': 10, 'radius': 5}}","{'fraction': 0.05740481567382812, 'thickness': {'median': 4.0, 'p95': 6.324555320336759, 'max': 67.91170738539859, 'mean': 4.878899698272375}, 'components': {'n_components': 1, 'n_components_ge_min_size': 1, 'largest_component_fraction': 1.0, 'fragment_fraction': 0.0, 'median_planarity': 0.31675089832443754, 'worst_planarity': 0.31675089832443754}, 'border_touch_fraction': 0.3266276492644233, 'junctions': {'n_samples': 4000, 'junction_fraction': 0.0, 'junctions': 0, 'radius': 5}}",1,0.06178472900390625,2.0,4.0,9,0.0,0.024130487166261646,0.0025,,,,,
sample_00070,False,True,"[320, 320, 320]",uint8,LZW,1319305,,"[320, 320, 320]",uint8,"[0, 1, 2]",0.38559130859375,0.06049298095703125,0.5539157104492187,3,0.61440869140625,0.03051714642428847,"{'fraction': 0.06049298095703125, 'thickness': {'median': 2.0, 'p95': 4.0, 'max': 4.47213595499958, 'mean': 2.418045195578251}, 'components': {'n_components': 7, 'n_components_ge_min_size': 7, 'largest_component_fraction': 0.1505019084527861, 'fragment_fraction': 0.0, 'median_planarity': 0.0072006907643507685, 'worst_planarity': 0.013607091405139255}, 'border_touch_fraction': 0.0, 'junctions': {'n_samples': 4000, 'junction_fraction': 0.00175, 'junctions': 7, 'radius': 5}}","{'fraction': 0.5539157104492187, 'thickness': {'median': 44.31703961232068, 'p95': 110.58028757423268, 'max': 180.94197965093673, 'mean': 49.16448860461734}, 'components': {'n_components': 1, 'n_components_ge_min_size': 1, 'largest_component_fraction': 1.0, 'fragment_fraction': 0.0, 'median_planarity': 0.27414804327250875, 'worst_planarity': 0.27414804327250875}, 'border_touch_fraction': 0.033849915512946874, 'junctions': {'n_samples': 4000, 'junction_fraction': 0.0, 'junctions': 0, 'radius': 5}}",1,0.06049298095703125,2.0,4.0,7,0.0,0.013607091405139255,0.00175,,,,,
sample_00072,False,True,"[320, 320, 320]",uint8,LZW,948057,,"[320, 320, 320]",uint8,"[0, 1, 2]",0.6362862243652344,0.033438995361328126,0.3302747802734375,3,0.36371377563476565,0.05155152555681143,"{'fraction': 0.033438995361328126, 'thickness': {'median': 2.0, 'p95': 3.4641016151377544, 'max': 4.47213595499958, 'mean': 2.361145881532653}, 'components': {'n_components': 5, 'n_components_ge_min_size': 5, 'largest_component_fraction': 0.3584134398195174, 'fragment_fraction': 0.0, 'median_planarity': 0.02250317923629115, 'worst_planarity': 0.048935496929964205}, 'border_touch_fraction': 0.0, 'junctions': {'n_samples': 4000, 'junction_fraction': 0.0015, 'junctions': 6, 'radius': 5}}","{'fraction': 0.3302747802734375, 'thickness': {'median': 65.5133574166368, 'p95': 212.13203435596427, 'max': 296.49957841454005, 'mean': 79.70172280821471}, 'components': {'n_components': 1, 'n_components_ge_min_size': 1, 'largest_component_fraction': 1.0, 'fragment_fraction': 0.0, 'median_planarity': 0.21552554726039963, 'worst_planarity': 0.21552554726039963}, 'border_touch_fraction': 0.056770910526309955, 'junctions': {'n_samples': 4000, 'junction_fraction': 0.00025, 'junctions': 1, 'radius': 5}}",1,0.033438995361328126,2.0,3.4641016151377544,5,0.0,0.048935496929964205,0.0015,,,,,
sample_00074,False,True,"[320, 320, 320]",uint8,LZW,1107289,,"[320, 320, 320]",uint8,"[0, 1, 2]",0.5915178833007813,0.07921078491210938,0.3292713317871094,3,0.40848211669921874,0.0459016422836605,"{'fraction': 0.07921078491210938, 'thickness': {'median': 2.0, 'p95': 3.4641016151377544, 'max': 4.898979485566356, 'mean': 2.358294027910273}, 'components': {'n_components': 12, 'n_components_ge_min_size': 12, 'largest_component_fraction': 0.12243433931311665, 'fragment_fraction': 0.0, 'median_planarity': 0.006769218138795174, 'worst_planarity': 0.012341489199357425}, 'border_touch_fraction': 0.0, 'junctions': {'n_samples': 4000, 'junction_fraction': 0.00425, 'junctions': 17, 'radius': 5}}","{'fraction': 0.3292713317871094, 'thickness': {'median': 82.68010643437755, 'p95': 242.932089275995, 'max': 342.0409332229112, 'mean': 96.7312338702706}, 'components': {'n_components': 1, 'n_components_ge_min_size': 1, 'largest_component_fraction': 1.0, 'fragment_fraction': 0.0, 'median_planarity': 0.23205700385570896, 'worst_planarity': 0.23205700385570896}, 'border_touch_fraction': 0.05694391885936437, 'junctions': {'n_samples': 4000, 'junction_fraction': 0.0, 'junctions': 0, 'radius': 5}}",1,0.07921078491210938,2.0,3.4641016151377544,12,0.0,0.012341489199357425,0.00425,,,,,
sample_00075,False,True,"[320, 320, 320]",uint8,LZW,457705,,"[320, 320, 320]",uint8,"[0, 1, 2]",0.19926748657226562,0.03566604614257812,0.7650664672851563,3,0.8007325134277343,0.023416059277693083,"{'fraction': 0.03566604614257812, 'thickness': {'median': 2.0, 'p95': 4.0, 'max': 4.47213595499958, 'mean': 2.4082322152934856}, 'components': {'n_components': 7, 'n_components_ge_min_size': 7, 'largest_component_fraction': 0.25394517863789406, 'fragment_fraction': 0.0, 'median_planarity': 0.0037383962696346624, 'worst_planarity': 0.007639774547219578}, 'border_touch_fraction': 0.0, 'junctions': {'n_samples': 4000, 'junction_fraction': 0.00175, 'junctions': 7, 'radius': 5}}","{'fraction': 0.7650664672851563, 'thickness': {'median': 222.72853431924702, 'p95': 438.1643527262344, 'max': 530.8634476021117, 'mean': 224.06702827259113}, 'components': {'n_components': 1, 'n_components_ge_min_size': 1, 'largest_component_fraction': 1.0, 'fragment_fraction': 0.0, 'median_planarity': 0.23843827658363165, 'worst_planarity': 0.23843827658363165}, 'border_touch_fraction': 0.02450767456392973, 'junctions': {'n_samples': 4000, 'junction_fraction': 0.0, 'junctions': 0, 'radius': 5}}",1,0.03566604614257812,2.0,4.0,7,0.0,0.007639774547219578,0.00175,,,,,
sample_00077,False,True,"[320, 320, 320]",uint8,LZW,908969,,"[320, 320, 320]",uint8,"[0, 1, 2]",0.1976864013671875,0.045652557373046875,0.7566610412597656,3,0.8023135986328125,0.023369914247933794,"{'fraction': 0.045652557373046875, 'thickness': {'median': 2.0, 'p95': 2.8284271247461903, 'max': 4.47213595499958, 'mean': 2.3233577385027404}, 'components': {'n_components': 6, 'n_components_ge_min_size': 6, 'largest_component_fraction': 0.20695173546050885, 'fragment_fraction': 0.0, 'median_planarity': 0.008445391556501664, 'worst_planarity': 0.014393630249463853}, 'border_touch_fraction': 0.0, 'junctions': {'n_samples': 4000, 'junction_fraction': 0.0015, 'junctions': 6, 'radius': 5}}","{'fraction': 0.7566610412597656, 'thickness': {'median': 43.31281565541543, 'p95': 110.67068265805538, 'max': 240.37470748812154, 'mean': 47.713336667210704}, 'components': {'n_components': 1, 'n_components_ge_min_size': 1, 'largest_component_fraction': 1.0, 'fragment_fraction': 0.0, 'median_planarity': 0.31025819009181754, 'worst_planarity': 0.31025819009181754}, 'border_touch_fraction': 0.02477991990810457, 'junctions': {'n_samples': 4000, 'junction_fraction': 0.0, 'junctions': 0, 'radius': 5}}",1,0.045652557373046875,2.0,2.8284271247461903,6,0.0,0.014393630249463853,0.0015,,,,,
sample_00078,False,True,"[320, 320, 320]",uint8,LZW,615065,,"[320, 320, 320]",uint8,"[0, 1, 2]",0.23374063110351562,0.03732733154296875,0.7289320373535156,3,0.7662593688964844,0.024469521367161226,"{'fraction': 0.03732733154296875, 'thickness': {'median': 2.0, 'p95': 4.0, 'max': 4.47213595499958, 'mean': 2.396533274369815}, 'components': {'n_components': 6, 'n_components_ge_min_size': 6, 'largest_component_fraction': 0.24479986788124355, 'fragment_fraction': 0.0, 'median_planarity': 0.004714191349477424, 'worst_planarity': 0.008093375447001167}, 'border_touch_fraction': 0.0, 'junctions': {'n_samples': 4000, 'junction_fraction': 0.002, 'junctions': 8, 'radius': 5}}","{'fraction': 0.7289320373535156, 'thickness': {'median': 79.79974937304002, 'p95': 188.21264569629747, 'max': 276.61525626761807, 'mean': 85.62056036072524}, 'components': {'n_components': 1, 'n_components_ge_min_size': 1, 'largest_component_fraction': 1.0, 'fragment_fraction': 0.0, 'median_planarity': 0.29637745547957994, 'worst_planarity': 0.29637745547957994}, 'border_touch_fraction': 0.025722562652170374, 'junctions': {'n_samples': 4000, 'junction_fraction': 0.0, 'junctions': 0, 'radius': 5}}",1,0.03732733154296875,2.0,4.0,6,0.0,0.008093375447001167,0.002,,,,,
sample_00079,False,True,"[320, 320, 320]",uint8,LZW,989273,,"[320, 320, 320]",uint8,"[0, 1, 2]",0.3000223388671875,0.0504825439453125,0.6494951171875,3,0.6999776611328125,0.026786569116585578,"{'fraction': 0.0504825439453125, 'thickness': {'median': 2.0, 'p95': 2.8284271247461903, 'max': 4.898979485566356, 'mean': 2.330599476761727}, 'components': {'n_components': 5, 'n_components_ge_min_size': 5, 'largest_component_fraction': 0.22303610419946174, 'fragment_fraction': 0.0, 'median_planarity': 0.016135309297794238, 'worst_planarity': 0.028299927709399927}, 'border_touch_fraction': 0.0, 'junctions': {'n_samples': 4000, 'junction_fraction': 0.00275, 'junctions': 11, 'radius': 5}}","{'fraction': 0.6494951171875, 'thickness': {'median': 95.2260468569393, 'p95': 260.5686090073016, 'max': 402.73564530595, 'mean': 109.69672855299132}, 'components': {'n_components': 1, 'n_components_ge_min_size': 1, 'largest_component_fraction': 1.0, 'fragment_fraction': 0.0, 'median_planarity': 0.22863450820825743, 'worst_planarity': 0.22863450820825743}, 'border_touch_fraction': 0.028868577305388953, 'junctions': {'n_samples': 4000, 'junction_fraction': 0.0, 'junctions': 0, 'radius': 5}}",1,0.0504825439453125,2.0,2.8284271247461903,5,0.0,0.028299927709399927,0.00275,,,,,
sample_00080,False,True,"[320, 320, 320]",uint8,LZW,1068713,,"[320, 320, 320]",uint8,"[0, 1, 2]",0.43720849609375,0.055114990234375,0.507676513671875,3,0.56279150390625,0.03331606797518994,"{'fraction': 0.055114990234375, 'thickness': {'median': 2.0, 'p95': 2.8284271247461903, 'max': 4.47213595499958, 'mean': 2.336394419499384}, 'components': {'n_components': 6, 'n_components_ge_min_size': 6, 'largest_component_fraction': 0.18646595142435693, 'fragment_fraction': 0.0, 'median_planarity': 0.002639451045664422, 'worst_planarity': 0.0031800138597165946}, 'border_touch_fraction': 0.0, 'junctions': {'n_samples': 4000, 'junction_fraction': 0.00325, 'junctions': 13, 'radius': 5}}","{'fraction': 0.507676513671875, 'thickness': {'median': 84.970583144992, 'p95': 247.07124477949176, 'max': 377.8835799555202, 'mean': 99.82492096318965}, 'components': {'n_components': 1, 'n_components_ge_min_size': 1, 'largest_component_fraction': 1.0, 'fragment_fraction': 0.0, 'median_planarity': 0.18975448308387954, 'worst_planarity': 0.18975448308387954}, 'border_touch_fraction': 0.03693296714552888, 'junctions': {'n_samples': 4000, 'junction_fraction': 0.0, 'junctions': 0, 'radius': 5}}",1,0.055114990234375,2.0,2.8284271247461903,6,0.0,0.0031800138597165946,0.00325,,,,,
sample_00081,False,True,"[320, 320, 320]",uint8,LZW,885481,,"[320, 320, 320]",uint8,"[0, 1, 2]",0.20642361450195312,0.03197909545898438,0.7615972900390625,3,0.7935763854980469,0.023627215152366886,"{'fraction': 0.03197909545898438, 'thickness': {'median': 2.0, 'p95': 2.8284271247461903, 'max': 4.47213595499958, 'mean': 2.335942840637355}, 'components': {'n_components': 7, 'n_components_ge_min_size': 7, 'largest_component_fraction': 0.30540867323032644, 'fragment_fraction': 0.0, 'median_planarity': 0.005721242861300322, 'worst_planarity': 0.008057611817717109}, 'border_touch_fraction': 0.0, 'junctions': {'n_samples': 4000, 'junction_fraction': 0.0015, 'junctions': 6, 'radius': 5}}","{'fraction': 0.7615972900390625, 'thickness': {'median': 88.9719056781409, 'p95': 211.47151107359943, 'max': 331.2883940013595, 'mean': 95.92654700683575}, 'components': {'n_components': 1, 'n_components_ge_min_size': 1, 'largest_component_fraction': 1.0, 'fragment_fraction': 0.0, 'median_planarity': 0.30749375596700446, 'worst_planarity': 0.30749375596700446}, 'border_touch_fraction': 0.024619310290663336, 'junctions': {'n_samples': 4000, 'junction_fraction': 0.0, 'junctions': 0, 'radius': 5}}",1,0.03197909545898438,2.0,2.8284271247461903,7,0.0,0.008057611817717109,0.0015,,,,,
sample_00082,False,True,"[320, 320, 320]",uint8,LZW,1033625,,"[320, 320, 320]",uint8,"[0, 1, 2]",0.4108485107421875,0.0733382568359375,0.515813232421875,3,0.5891514892578125,0.031825430881317875,"{'fraction': 0.0733382568359375, 'thickness': {'median': 2.0, 'p95': 3.4641016151377544, 'max': 4.47213595499958, 'mean': 2.3507629409408484}, 'components': {'n_components': 9, 'n_components_ge_min_size': 9, 'largest_component_fraction': 0.12533144026085785, 'fragment_fraction': 0.0, 'median_planarity': 0.003935807787098555, 'worst_planarity': 0.007448731865871426}, 'border_touch_fraction': 0.0, 'junctions': {'n_samples': 4000, 'junction_fraction': 0.003, 'junctions': 12, 'radius': 5}}","{'fraction': 0.515813232421875, 'thickness': {'median': 41.7612260356422, 'p95': 112.82109672270381, 'max': 203.57799488156869, 'mean': 47.78944523777246}, 'components': {'n_components': 1, 'n_components_ge_min_size': 1, 'largest_component_fraction': 1.0, 'fragment_fraction': 0.0, 'median_planarity': 0.2807588703494998, 'worst_planarity': 0.2807588703494998}, 'border_touch_fraction': 0.03635036641453333, 'junctions': {'n_samples': 4000, 'junction_fraction': 0.0, 'junctions': 0, 'radius': 5}}",1,0.0733382568359375,2.0,3.4641016151377544,9,0.0,0.007448731865871426,0.003,,,,,
sample_00083,False,True,"[320, 320, 320]",uint8,LZW,894345,,"[320, 320, 320]",uint8,"[0, 1, 2]",0.4855695495605469,0.09243695068359375,0.42199349975585937,3,0.5144304504394531,0.03644807569999556,"{'fraction': 0.09243695068359375, 'thickness': {'median': 2.0, 'p95': 4.0, 'max': 4.0, 'mean': 2.435770982920572}, 'components': {'n_components': 15, 'n_components_ge_min_size': 15, 'largest_component_fraction': 0.09916559204535925, 'fragment_fraction': 0.0, 'median_planarity': 0.003255698366633839, 'worst_planarity': 0.008000585396334978}, 'border_touch_fraction': 0.0, 'junctions': {'n_samples': 4000, 'junction_fraction': 0.00175, 'junctions': 7, 'radius': 5}}","{'fraction': 0.42199349975585937, 'thickness': {'median': 32.31098884280702, 'p95': 116.63618649458667, 'max': 206.871941064998, 'mean': 42.62596494334521}, 'components': {'n_components': 1, 'n_components_ge_min_size': 1, 'largest_component_fraction': 1.0, 'fragment_fraction': 0.0, 'median_planarity': 0.295841758074112, 'worst_planarity': 0.295841758074112}, 'border_touch_fraction': 0.04443196402515121, 'junctions': {'n_samples': 4000, 'junction_fraction': 0.0, 'junctions': 0, 'radius': 5}}",1,0.09243695068359375,2.0,4.0,15,0.0,0.008000585396334978,0.00175,,,,,
sample_00084,False,True,"[320, 320, 320]",uint8,LZW,514713,,"[320, 320, 320]",uint8,"[0, 1, 2]",0.3083074645996094,0.04528515625,0.6464073791503906,3,0.6916925354003907,0.027107419901743545,"{'fraction': 0.04528515625, 'thickness': {'median': 2.0, 'p95': 4.0, 'max': 4.47213595499958, 'mean': 2.446216584227734}, 'components': {'n_components': 5, 'n_components_ge_min_size': 5, 'largest_component_fraction': 0.20028451975329942, 'fragment_fraction': 0.0, 'median_planarity': 0.0027544464489256764, 'worst_planarity': 0.00382222388635423}, 'border_touch_fraction': 0.0, 'junctions': {'n_samples': 4000, 'junction_fraction': 0.0015, 'junctions': 6, 'radius': 5}}","{'fraction': 0.6464073791503906, 'thickness': {'median': 96.54014708917737, 'p95': 229.643636960394, 'max': 303.7235585199146, 'mean': 105.31858055942794}, 'components': {'n_components': 1, 'n_components_ge_min_size': 1, 'largest_component_fraction': 1.0, 'fragment_fraction': 0.0, 'median_planarity': 0.2852135957713934, 'worst_planarity': 0.2852135957713934}, 'border_touch_fraction': 0.02900647579958659, 'junctions': {'n_samples': 4000, 'junction_fraction': 0.0, 'junctions': 0, 'radius': 5}}",1,0.04528515625,2.0,4.0,5,0.0,0.00382222388635423,0.0015,,,,,
sample_00085,False,True,"[320, 320, 320]",uint8,LZW,562489,,"[320, 320, 320]",uint8,"[0, 1, 2]",0.24566275024414064,0.027346893310546874,0.7269903564453125,3,0.7543372497558594,0.024856256278035352,"{'fraction': 0.027346893310546874, 'thickness': {'median': 2.0, 'p95': 4.0, 'max': 4.47213595499958, 'mean': 2.409142977098961}, 'components': {'n_components': 3, 'n_components_ge_min_size': 3, 'largest_component_fraction': 0.3363329885069016, 'fragment_fraction': 0.0, 'median_planarity': 0.0017138125531509707, 'worst_planarity': 0.0021822758034858985}, 'border_touch_fraction': 0.0, 'junctions': {'n_samples': 4000, 'junction_fraction': 0.0015, 'junctions': 6, 'radius': 5}}","{'fraction': 0.7269903564453125, 'thickness': {'median': 110.07270324653611, 'p95': 251.3483638299641, 'max': 361.2146176444137, 'mean': 117.3106513222823}, 'components': {'n_components': 1, 'n_components_ge_min_size': 1, 'largest_component_fraction': 1.0, 'fragment_fraction': 0.0, 'median_planarity': 0.2886364946636514, 'worst_planarity': 0.2886364946636514}, 'border_touch_fraction': 0.02579126371315279, 'junctions': {'n_samples': 4000, 'junction_fraction': 0.0, 'junctions': 0, 'radius': 5}}",1,0.027346893310546874,2.0,4.0,3,0.0,0.0021822758034858985,0.0015,,,,,
sample_00086,False,True,"[320, 320, 320]",uint8,LZW,535961,,"[320, 320, 320]",uint8,"[0, 1, 2]",0.15936001586914061,0.013769287109375,0.8268706970214844,3,0.8406399841308594,0.022304435137457435,"{'fraction': 0.013769287109375, 'thickness': {'median': 2.0, 'p95': 2.8284271247461903, 'max': 4.898979485566356, 'mean': 2.334434585262515}, 'components': {'n_components': 4, 'n_components_ge_min_size': 4, 'largest_component_fraction': 0.4511959431904821, 'fragment_fraction': 0.0, 'median_planarity': 0.004471289521472363, 'worst_planarity': 0.006986321066124366}, 'border_touch_fraction': 0.0, 'junctions': {'n_samples': 4000, 'junction_fraction': 0.00525, 'junctions': 21, 'radius': 5}}","{'fraction': 0.8268706970214844, 'thickness': {'median': 233.8503791645933, 'p95': 472.6567464837438, 'max': 639.0054772848196, 'mean': 236.46026616255566}, 'components': {'n_components': 1, 'n_components_ge_min_size': 1, 'largest_component_fraction': 1.0, 'fragment_fraction': 0.0, 'median_planarity': 0.23584106365595586, 'worst_planarity': 0.23584106365595586}, 'border_touch_fraction': 0.022675854964434448, 'junctions': {'n_samples': 4000, 'junction_fraction': 0.0, 'junctions': 0, 'radius': 5}}",1,0.013769287109375,2.0,2.8284271247461903,4,0.0,0.006986321066124366,0.00525,,,,,
sample_00088,False,True,"[320, 320, 320]",uint8,LZW,738041,,"[320, 320, 320]",uint8,"[0, 1, 2]",0.1779415283203125,0.02727880859375,0.7947796630859375,3,0.8220584716796875,0.02280859652439161,"{'fraction': 0.02727880859375, 'thickness': {'median': 2.0, 'p95': 2.8284271247461903, 'max': 4.47213595499958, 'mean': 2.324205553839276}, 'components': {'n_components': 7, 'n_components_ge_min_size': 7, 'largest_component_fraction': 0.27694569244813577, 'fragment_fraction': 0.0, 'median_planarity': 0.005985083680232538, 'worst_planarity': 0.011997231135952373}, 'border_touch_fraction': 0.0, 'junctions': {'n_samples': 4000, 'junction_fraction': 0.00475, 'junctions': 19, 'radius': 5}}","{'fraction': 0.7947796630859375, 'thickness': {'median': 207.63429389192913, 'p95': 453.9867839486079, 'max': 609.6129919875395, 'mean': 217.34138365546193}, 'components': {'n_components': 1, 'n_components_ge_min_size': 1, 'largest_component_fraction': 1.0, 'fragment_fraction': 0.0, 'median_planarity': 0.22850887887465376, 'worst_planarity': 0.22850887887465376}, 'border_touch_fraction': 0.023591444108167384, 'junctions': {'n_samples': 4000, 'junction_fraction': 0.0, 'junctions': 0, 'radius': 5}}",1,0.02727880859375,2.0,2.8284271247461903,7,0.0,0.011997231135952373,0.00475,,,,,
sample_00089,False,True,"[320, 320, 320]",uint8,LZW,1471129,,"[320, 320, 320]",uint8,"[0, 1, 2]",0.7211973266601562,0.09545468139648437,0.18334799194335938,3,0.27880267333984377,0.06725186589995454,"{'fraction': 0.09545468139648437, 'thickness': {'median': 2.0, 'p95': 2.8284271247461903, 'max': 4.47213595499958, 'mean': 2.334746473667025}, 'components': {'n_components': 13, 'n_components_ge_min_size': 13, 'largest_component_fraction': 0.10510767908655728, 'fragment_fraction': 0.0, 'median_planarity': 0.0036132820356279917, 'worst_planarity': 0.008920109999040336}, 'border_touch_fraction': 0.0, 'junctions': {'n_samples': 4000, 'junction_fraction': 0.003, 'junctions': 12, 'radius': 5}}","{'fraction': 0.18334799194335938, 'thickness': {'median': 34.058772731852805, 'p95': 142.84257068535277, 'max': 240.90662091358138, 'mean': 47.87194776698593}, 'components': {'n_components': 1, 'n_components_ge_min_size': 1, 'largest_component_fraction': 1.0, 'fragment_fraction': 0.0, 'median_planarity': 0.15632518570423706, 'worst_planarity': 0.15632518570423706}, 'border_touch_fraction': 0.10226455060272668, 'junctions': {'n_samples': 4000, 'junction_fraction': 0.0, 'junctions': 0, 'radius': 5}}",1,0.09545468139648437,2.0,2.8284271247461903,13,0.0,0.008920109999040336,0.003,,,,,
sample_00090,False,True,"[320, 320, 320]",uint8,LZW,1454041,,"[320, 320, 320]",uint8,"[0, 1, 2]",0.6997138061523438,0.10271728515625,0.19756890869140625,3,0.30028619384765626,0.0624404331073323,"{'fraction': 0.10271728515625, 'thickness': {'median': 2.0, 'p95': 2.8284271247461903, 'max': 4.47213595499958, 'mean': 2.3261757426903498}, 'components': {'n_components': 18, 'n_components_ge_min_size': 18, 'largest_component_fraction': 0.0931841679937252, 'fragment_fraction': 0.0, 'median_planarity': 0.0038843166192687947, 'worst_planarity': 0.014018434227428603}, 'border_touch_fraction': 0.0, 'junctions': {'n_samples': 4000, 'junction_fraction': 0.0035, 'junctions': 14, 'radius': 5}}","{'fraction': 0.19756890869140625, 'thickness': {'median': 53.40411969127476, 'p95': 207.307018683833, 'max': 326.6190441477655, 'mean': 71.75330447190322}, 'components': {'n_components': 1, 'n_components_ge_min_size': 1, 'largest_component_fraction': 1.0, 'fragment_fraction': 0.0, 'median_planarity': 0.2352956435005727, 'worst_planarity': 0.2352956435005727}, 'border_touch_fraction': 0.09490359654355664, 'junctions': {'n_samples': 4000, 'junction_fraction': 0.0, 'junctions': 0, 'radius': 5}}",1,0.10271728515625,2.0,2.8284271247461903,18,0.0,0.014018434227428603,0.0035,,,,,
sample_00091,False,True,"[320, 320, 320]",uint8,LZW,752537,,"[320, 320, 320]",uint8,"[0, 1, 2]",0.37132461547851564,0.06144329833984375,0.5672320861816407,3,0.6286753845214844,0.02982461292686295,"{'fraction': 0.06144329833984375, 'thickness': {'median': 2.0, 'p95': 4.0, 'max': 4.47213595499958, 'mean': 2.4193352747024313}, 'components': {'n_components': 11, 'n_components_ge_min_size': 11, 'largest_component_fraction': 0.14916404006409142, 'fragment_fraction': 0.0, 'median_planarity': 0.006046009078091671, 'worst_planarity': 0.015510915163440957}, 'border_touch_fraction': 0.0, 'junctions': {'n_samples': 4000, 'junction_fraction': 0.00225, 'junctions': 9, 'radius': 5}}","{'fraction': 0.5672320861816407, 'thickness': {'median': 154.41502517566093, 'p95': 323.7838785362854, 'max': 394.380526902635, 'mean': 157.31620852321998}, 'components': {'n_components': 1, 'n_components_ge_min_size': 1, 'largest_component_fraction': 1.0, 'fragment_fraction': 0.0, 'median_planarity': 0.19317095268196444, 'worst_planarity': 0.19317095268196444}, 'border_touch_fraction': 0.03305525279117554, 'junctions': {'n_samples': 4000, 'junction_fraction': 0.0, 'junctions': 0, 'radius': 5}}",1,0.06144329833984375,2.0,4.0,11,0.0,0.015510915163440957,0.00225,,,,,
sample_00092,False,True,"[320, 320, 320]",uint8,LZW,1032553,,"[320, 320, 320]",uint8,"[0, 1, 2]",0.6809767150878906,0.051248291015625,0.26777499389648435,3,0.31902328491210935,0.05877313941258428,"{'fraction': 0.051248291015625, 'thickness': {'median': 2.0, 'p95': 3.4641016151377544, 'max': 4.47213595499958, 'mean': 2.3574101433135963}, 'components': {'n_components': 7, 'n_components_ge_min_size': 7, 'largest_component_fraction': 0.2120819101246707, 'fragment_fraction': 0.0, 'median_planarity': 0.01122017419337965, 'worst_planarity': 0.03577139202346361}, 'border_touch_fraction': 0.0, 'junctions': {'n_samples': 4000, 'junction_fraction': 0.0025, 'junctions': 10, 'radius': 5}}","{'fraction': 0.26777499389648435, 'thickness': {'median': 52.64978632435273, 'p95': 187.2858777377515, 'max': 263.12734559524597, 'mean': 67.95323440395609}, 'components': {'n_components': 1, 'n_components_ge_min_size': 1, 'largest_component_fraction': 1.0, 'fragment_fraction': 0.0, 'median_planarity': 0.1478691625300875, 'worst_planarity': 0.1478691625300875}, 'border_touch_fraction': 0.07002147484782809, 'junctions': {'n_samples': 4000, 'junction_fraction': 0.0, 'junctions': 0, 'radius': 5}}",1,0.051248291015625,2.0,3.4641016151377544,7,0.0,0.03577139202346361,0.0025,,,,,
sample_00093,False,True,"[320, 320, 320]",uint8,LZW,1283657,,"[320, 320, 320]",uint8,"[0, 1, 2]",0.7723553466796875,0.06605352783203125,0.16159112548828125,3,0.2276446533203125,0.08236521142281077,"{'fraction': 0.06605352783203125, 'thickness': {'median': 2.0, 'p95': 4.0, 'max': 4.47213595499958, 'mean': 2.37489854532242}, 'components': {'n_components': 8, 'n_components_ge_min_size': 8, 'largest_component_fraction': 0.17225086188495695, 'fragment_fraction': 0.0, 'median_planarity': 0.022348058566497662, 'worst_planarity': 0.04090422252327095}, 'border_touch_fraction': 0.0, 'junctions': {'n_samples': 4000, 'junction_fraction': 0.001, 'junctions': 4, 'radius': 5}}","{'fraction': 0.16159112548828125, 'thickness': {'median': 31.559467676119, 'p95': 140.05713120009278, 'max': 223.90176417348746, 'mean': 46.59183840941844}, 'components': {'n_components': 1, 'n_components_ge_min_size': 1, 'largest_component_fraction': 1.0, 'fragment_fraction': 0.0, 'median_planarity': 0.23645631644273854, 'worst_planarity': 0.23645631644273854}, 'border_touch_fraction': 0.11603359988577942, 'junctions': {'n_samples': 4000, 'junction_fraction': 0.0, 'junctions': 0, 'radius': 5}}",1,0.06605352783203125,2.0,4.0,8,0.0,0.04090422252327095,0.001,,,,,
sample_00094,False,True,"[320, 320, 320]",uint8,LZW,1002265,,"[320, 320, 320]",uint8,"[0, 1, 2]",0.3539727172851562,0.046873809814453125,0.5991534729003907,3,0.6460272827148438,0.029023542041762725,"{'fraction': 0.046873809814453125, 'thickness': {'median': 2.0, 'p95': 4.0, 'max': 4.47213595499958, 'mean': 2.411388828709634}, 'components': {'n_components': 5, 'n_components_ge_min_size': 5, 'largest_component_fraction': 0.21369487897153638, 'fragment_fraction': 0.0, 'median_planarity': 0.013434761699302359, 'worst_planarity': 0.032977028580673626}, 'border_touch_fraction': 0.0, 'junctions': {'n_samples': 4000, 'junction_fraction': 0.00175, 'junctions': 7, 'radius': 5}}","{'fraction': 0.5991534729003907, 'thickness': {'median': 82.3164625090267, 'p95': 222.28810134597848, 'max': 299.79993328885183, 'mean': 92.45409462758982}, 'components': {'n_components': 1, 'n_components_ge_min_size': 1, 'largest_component_fraction': 1.0, 'fragment_fraction': 0.0, 'median_planarity': 0.2693187335075181, 'worst_planarity': 0.2693187335075181}, 'border_touch_fraction': 0.03129415224656002, 'junctions': {'n_samples': 4000, 'junction_fraction': 0.0, 'junctions': 0, 'radius': 5}}",1,0.046873809814453125,2.0,4.0,5,0.0,0.032977028580673626,0.00175,,,,,
sample_00095,False,True,"[320, 320, 320]",uint8,LZW,746777,,"[320, 320, 320]",uint8,"[0, 1, 2]",0.1950487060546875,0.02761968994140625,0.7773316040039062,3,0.8049512939453125,0.023293334815452642,"{'fraction': 0.02761968994140625, 'thickness': {'median': 2.0, 'p95': 4.0, 'max': 4.47213595499958, 'mean': 2.4162485678755417}, 'components': {'n_components': 3, 'n_components_ge_min_size': 3, 'largest_component_fraction': 0.3371014825831287, 'fragment_fraction': 0.0, 'median_planarity': 0.011236394499458112, 'worst_planarity': 0.012298447937916181}, 'border_touch_fraction': 0.0, 'junctions': {'n_samples': 4000, 'junction_fraction': 0.00175, 'junctions': 7, 'radius': 5}}","{'fraction': 0.7773316040039062, 'thickness': {'median': 123.96773773849388, 'p95': 323.34532623525376, 'max': 437.9360683935499, 'mean': 144.656516176504}, 'components': {'n_components': 1, 'n_components_ge_min_size': 1, 'largest_component_fraction': 1.0, 'fragment_fraction': 0.0, 'median_planarity': 0.31521858239735623, 'worst_planarity': 0.31521858239735623}, 'border_touch_fraction': 0.0241209799053864, 'junctions': {'n_samples': 4000, 'junction_fraction': 0.0, 'junctions': 0, 'radius': 5}}",1,0.02761968994140625,2.0,4.0,3,0.0,0.012298447937916181,0.00175,,,,,
sample_00096,False,True,"[320, 320, 320]",uint8,LZW,1116841,,"[320, 320, 320]",uint8,"[0, 1, 2]",0.5235882873535156,0.0493148193359375,0.4270968933105469,3,0.47641171264648435,0.039356715005689234,"{'fraction': 0.0493148193359375, 'thickness': {'median': 2.0, 'p95': 3.4641016151377544, 'max': 4.47213595499958, 'mean': 2.353090735147876}, 'components': {'n_components': 10, 'n_components_ge_min_size': 10, 'largest_component_fraction': 0.20116922079175814, 'fragment_fraction': 0.0, 'median_planarity': 0.011742341348976108, 'worst_planarity': 0.05493594156376091}, 'border_touch_fraction': 0.0, 'junctions': {'n_samples': 4000, 'junction_fraction': 0.00425, 'junctions': 17, 'radius': 5}}","{'fraction': 0.4270968933105469, 'thickness': {'median': 100.67770358922576, 'p95': 242.2312944274542, 'max': 327.9329199699231, 'mean': 107.77836148751514}, 'components': {'n_components': 1, 'n_components_ge_min_size': 1, 'largest_component_fraction': 1.0, 'fragment_fraction': 0.0, 'median_planarity': 0.19478804558156704, 'worst_planarity': 0.19478804558156704}, 'border_touch_fraction': 0.04390104515784119, 'junctions': {'n_samples': 4000, 'junction_fraction': 0.0, 'junctions': 0, 'radius': 5}}",1,0.0493148193359375,2.0,3.4641016151377544,10,0.0,0.05493594156376091,0.00425,,,,,
sample_00097,False,True,"[320, 320, 320]",uint8,LZW,970521,,"[320, 320, 320]",uint8,"[0, 1, 2]",0.3596502380371094,0.04236203002929687,0.5979877319335938,3,0.6403497619628906,0.029280872913148043,"{'fraction': 0.04236203002929687, 'thickness': {'median': 2.0, 'p95': 3.4641016151377544, 'max': 4.47213595499958, 'mean': 2.375519479384628}, 'components': {'n_components': 4, 'n_components_ge_min_size': 4, 'largest_component_fraction': 0.27126060517866263, 'fragment_fraction': 0.0, 'median_planarity': 0.03414120628144437, 'worst_planarity': 0.03886794163809173}, 'border_touch_fraction': 0.0, 'junctions': {'n_samples': 4000, 'junction_fraction': 0.00275, 'junctions': 11, 'radius': 5}}","{'fraction': 0.5979877319335938, 'thickness': {'median': 82.60750571225353, 'p95': 247.8874744655486, 'max': 349.8799794215153, 'mean': 99.92003079698185}, 'components': {'n_components': 1, 'n_components_ge_min_size': 1, 'largest_component_fraction': 1.0, 'fragment_fraction': 0.0, 'median_planarity': 0.24046883194826255, 'worst_planarity': 0.24046883194826255}, 'border_touch_fraction': 0.03135515830629478, 'junctions': {'n_samples': 4000, 'junction_fraction': 0.0, 'junctions': 0, 'radius': 5}}",1,0.04236203002929687,2.0,3.4641016151377544,4,0.0,0.03886794163809173,0.00275,,,,,
sample_00099,False,True,"[320, 320, 320]",uint8,LZW,1244233,,"[320, 320, 320]",uint8,"[0, 1, 2]",0.19371429443359375,0.051890472412109374,0.7543952331542969,3,0.8062857055664062,0.02325478409272845,"{'fraction': 0.051890472412109374, 'thickness': {'median': 2.0, 'p95': 4.0, 'max': 4.0, 'mean': 2.4293700947429393}, 'components': {'n_components': 9, 'n_components_ge_min_size': 9, 'largest_component_fraction': 0.18154764880345012, 'fragment_fraction': 0.0, 'median_planarity': 0.0051510886764295875, 'worst_planarity': 0.013703738212724458}, 'border_touch_fraction': 0.0, 'junctions': {'n_samples': 4000, 'junction_fraction': 0.00225, 'junctions': 9, 'radius': 5}}","{'fraction': 0.7543952331542969, 'thickness': {'median': 47.07440918375928, 'p95': 202.8201173453955, 'max': 283.4642834644252, 'mean': 70.21251396166726}, 'components': {'n_components': 1, 'n_components_ge_min_size': 1, 'largest_component_fraction': 1.0, 'fragment_fraction': 0.0, 'median_planarity': 0.29785667910292724, 'worst_planarity': 0.29785667910292724}, 'border_touch_fraction': 0.024854345807040712, 'junctions': {'n_samples': 4000, 'junction_fraction': 0.0, 'junctions': 0, 'radius': 5}}",1,0.051890472412109374,2.0,4.0,9,0.0,0.013703738212724458,0.00225,,,,,
sample_00100,False,True,"[320, 320, 320]",uint8,LZW,634921,,"[320, 320, 320]",uint8,"[0, 1, 2]",0.08698483276367187,0.020898681640625,0.8921164855957031,3,0.9130151672363281,0.02053635106277121,"{'fraction': 0.020898681640625, 'thickness': {'median': 2.0, 'p95': 3.4641016151377544, 'max': 4.47213595499958, 'mean': 2.3513987135260015}, 'components': {'n_components': 2, 'n_components_ge_min_size': 2, 'largest_component_fraction': 0.5202217263817012, 'fragment_fraction': 0.0, 'median_planarity': 0.020934200745831542, 'worst_planarity': 0.022886623455523364}, 'border_touch_fraction': 0.0, 'junctions': {'n_samples': 4000, 'junction_fraction': 0.00125, 'junctions': 5, 'radius': 5}}","{'fraction': 0.8921164855957031, 'thickness': {'median': 113.49008767288886, 'p95': 310.4773743737681, 'max': 455.5085070555763, 'mean': 129.2312925497762}, 'components': {'n_components': 1, 'n_components_ge_min_size': 1, 'largest_component_fraction': 1.0, 'fragment_fraction': 0.0, 'median_planarity': 0.31089090157730725, 'worst_planarity': 0.31089090157730725}, 'border_touch_fraction': 0.02101743472152053, 'junctions': {'n_samples': 4000, 'junction_fraction': 0.0, 'junctions': 0, 'radius': 5}}",1,0.020898681640625,2.0,3.4641016151377544,2,0.0,0.022886623455523364,0.00125,,,,,
sample_00101,False,True,"[320, 320, 320]",uint8,LZW,1033209,,"[320, 320, 320]",uint8,"[0, 1, 2]",0.37873541259765625,0.07301678466796875,0.548247802734375,3,0.6212645874023438,0.030180377861867592,"{'fraction': 0.07301678466796875, 'thickness': {'median': 2.0, 'p95': 4.0, 'max': 4.47213595499958, 'mean': 2.3839249533553337}, 'components': {'n_components': 9, 'n_components_ge_min_size': 9, 'largest_component_fraction': 0.1262481118976985, 'fragment_fraction': 0.0, 'median_planarity': 0.0027526189012346066, 'worst_planarity': 0.008991105497255469}, 'border_touch_fraction': 0.0, 'junctions': {'n_samples': 4000, 'junction_fraction': 0.00175, 'junctions': 7, 'radius': 5}}","{'fraction': 0.548247802734375, 'thickness': {'median': 44.721359549995796, 'p95': 113.66617790706258, 'max': 227.2003521124032, 'mean': 49.690869802163675}, 'components': {'n_components': 1, 'n_components_ge_min_size': 1, 'largest_component_fraction': 1.0, 'fragment_fraction': 0.0, 'median_planarity': 0.30325649361596424, 'worst_planarity': 0.30325649361596424}, 'border_touch_fraction': 0.034199863467732565, 'junctions': {'n_samples': 4000, 'junction_fraction': 0.0, 'junctions': 0, 'radius': 5}}",1,0.07301678466796875,2.0,4.0,9,0.0,0.008991105497255469,0.00175,,,,,
sample_00102,False,True,"[320, 320, 320]",uint8,LZW,737833,,"[320, 320, 320]",uint8,"[0, 1, 2]",0.3302872009277344,0.07134658813476563,0.5983662109375,3,0.6697127990722657,0.027997075800214436,"{'fraction': 0.07134658813476563, 'thickness': {'median': 2.0, 'p95': 4.0, 'max': 4.47213595499958, 'mean': 2.4536708639714804}, 'components': {'n_components': 14, 'n_components_ge_min_size': 14, 'largest_component_fraction': 0.12771201320851966, 'fragment_fraction': 0.0, 'median_planarity': 0.0032436076826980595, 'worst_planarity': 0.00832416587578335}, 'border_touch_fraction': 0.0, 'junctions': {'n_samples': 4000, 'junction_fraction': 0.0015, 'junctions': 6, 'radius': 5}}","{'fraction': 0.5983662109375, 'thickness': {'median': 51.92301994298868, 'p95': 131.5446692192428, 'max': 213.29791372631848, 'mean': 55.862449700132565}, 'components': {'n_components': 1, 'n_components_ge_min_size': 1, 'largest_component_fraction': 1.0, 'fragment_fraction': 0.0, 'median_planarity': 0.3002803154155907, 'worst_planarity': 0.3002803154155907}, 'border_touch_fraction': 0.03133532552017457, 'junctions': {'n_samples': 4000, 'junction_fraction': 0.0, 'junctions': 0, 'radius': 5}}",1,0.07134658813476563,2.0,4.0,14,0.0,0.00832416587578335,0.0015,,,,,
sample_00103,False,True,"[320, 320, 320]",uint8,LZW,1092121,,"[320, 320, 320]",uint8,"[0, 1, 2]",0.39754681396484376,0.06130780029296875,0.5411453857421875,3,0.6024531860351563,0.03112275017316589,"{'fraction': 0.06130780029296875, 'thickness': {'median': 2.0, 'p95': 3.4641016151377544, 'max': 4.47213595499958, 'mean': 2.3389319485913806}, 'components': {'n_components': 7, 'n_components_ge_min_size': 7, 'largest_component_fraction': 0.1572560372814637, 'fragment_fraction': 0.0, 'median_planarity': 0.002329326229623971, 'worst_planarity': 0.007334708316189114}, 'border_touch_fraction': 0.0, 'junctions': {'n_samples': 4000, 'junction_fraction': 0.003, 'junctions': 12, 'radius': 5}}","{'fraction': 0.5411453857421875, 'thickness': {'median': 41.376321731154405, 'p95': 162.03703280423275, 'max': 292.2259399848001, 'mean': 54.873617610329035}, 'components': {'n_components': 1, 'n_components_ge_min_size': 1, 'largest_component_fraction': 1.0, 'fragment_fraction': 0.0, 'median_planarity': 0.26794775065293475, 'worst_planarity': 0.26794775065293475}, 'border_touch_fraction': 0.03464872933229237, 'junctions': {'n_samples': 4000, 'junction_fraction': 0.0, 'junctions': 0, 'radius': 5}}",1,0.06130780029296875,2.0,3.4641016151377544,7,0.0,0.007334708316189114,0.003,,,,,
sample_00104,False,True,"[320, 320, 320]",uint8,LZW,815097,,"[320, 320, 320]",uint8,"[0, 1, 2]",0.2350709228515625,0.03575341796875,0.7291756591796875,3,0.7649290771484375,0.024512076426611625,"{'fraction': 0.03575341796875, 'thickness': {'median': 2.0, 'p95': 2.8284271247461903, 'max': 4.0, 'mean': 2.3315429813893225}, 'components': {'n_components': 4, 'n_components_ge_min_size': 4, 'largest_component_fraction': 0.28201692091282793, 'fragment_fraction': 0.0, 'median_planarity': 0.003224932805848346, 'worst_planarity': 0.005349895652590756}, 'border_touch_fraction': 0.0, 'junctions': {'n_samples': 4000, 'junction_fraction': 0.00175, 'junctions': 7, 'radius': 5}}","{'fraction': 0.7291756591796875, 'thickness': {'median': 121.49074038789952, 'p95': 364.5493107915173, 'max': 481.5516587034043, 'mean': 145.787074634344}, 'components': {'n_components': 1, 'n_components_ge_min_size': 1, 'largest_component_fraction': 1.0, 'fragment_fraction': 0.0, 'median_planarity': 0.2754075668499356, 'worst_planarity': 0.2754075668499356}, 'border_touch_fraction': 0.02571396859447213, 'junctions': {'n_samples': 4000, 'junction_fraction': 0.0, 'junctions': 0, 'radius': 5}}",1,0.03575341796875,2.0,2.8284271247461903,4,0.0,0.005349895652590756,0.00175,,,,,
sample_00105,False,True,"[320, 320, 320]",uint8,LZW,920025,,"[320, 320, 320]",uint8,"[0, 1, 2]",0.39807632446289065,0.04264300537109375,0.5592806701660156,3,0.6019236755371093,0.031150128765526582,"{'fraction': 0.04264300537109375, 'thickness': {'median': 2.0, 'p95': 2.8284271247461903, 'max': 4.898979485566356, 'mean': 2.3251120860407637}, 'components': {'n_components': 9, 'n_components_ge_min_size': 9, 'largest_component_fraction': 0.225940117052141, 'fragment_fraction': 0.0, 'median_planarity': 0.003014368576678333, 'worst_planarity': 0.00651285082401752}, 'border_touch_fraction': 0.0, 'junctions': {'n_samples': 4000, 'junction_fraction': 0.0025, 'junctions': 10, 'radius': 5}}","{'fraction': 0.5592806701660156, 'thickness': {'median': 121.19405926034493, 'p95': 315.3854784228342, 'max': 418.2917642029305, 'mean': 132.55553005132734}, 'components': {'n_components': 1, 'n_components_ge_min_size': 1, 'largest_component_fraction': 1.0, 'fragment_fraction': 0.0, 'median_planarity': 0.24726319835376945, 'worst_planarity': 0.24726319835376945}, 'border_touch_fraction': 0.03352520657371243, 'junctions': {'n_samples': 4000, 'junction_fraction': 0.00025, 'junctions': 1, 'radius': 5}}",1,0.04264300537109375,2.0,2.8284271247461903,9,0.0,0.00651285082401752,0.0025,,,,,
sample_00106,False,True,"[320, 320, 320]",uint8,LZW,983113,,"[320, 320, 320]",uint8,"[0, 1, 2]",0.3704445495605469,0.06562716674804688,0.5639282836914062,3,0.6295554504394532,0.029782920609950723,"{'fraction': 0.06562716674804688, 'thickness': {'median': 2.0, 'p95': 3.4641016151377544, 'max': 4.47213595499958, 'mean': 2.3420833641460406}, 'components': {'n_components': 13, 'n_components_ge_min_size': 13, 'largest_component_fraction': 0.14198470939622065, 'fragment_fraction': 0.0, 'median_planarity': 0.003806334609863109, 'worst_planarity': 0.011347042950689666}, 'border_touch_fraction': 0.0, 'junctions': {'n_samples': 4000, 'junction_fraction': 0.002, 'junctions': 8, 'radius': 5}}","{'fraction': 0.5639282836914062, 'thickness': {'median': 39.84971769034255, 'p95': 108.46197490364999, 'max': 212.59350883787585, 'mean': 45.49168942114072}, 'components': {'n_components': 1, 'n_components_ge_min_size': 1, 'largest_component_fraction': 1.0, 'fragment_fraction': 0.0, 'median_planarity': 0.2980181853296717, 'worst_planarity': 0.2980181853296717}, 'border_touch_fraction': 0.03324890866842991, 'junctions': {'n_samples': 4000, 'junction_fraction': 0.0, 'junctions': 0, 'radius': 5}}",1,0.06562716674804688,2.0,3.4641016151377544,13,0.0,0.011347042950689666,0.002,,,,,
sample_00109,False,True,"[320, 320, 320]",uint8,LZW,753065,,"[320, 320, 320]",uint8,"[0, 1, 2]",0.22748037719726563,0.031540252685546874,0.7409793701171875,3,0.7725196228027343,0.024271228130068975,"{'fraction': 0.031540252685546874, 'thickness': {'median': 2.0, 'p95': 2.8284271247461903, 'max': 4.47213595499958, 'mean': 2.3395155374871}, 'components': {'n_components': 8, 'n_components_ge_min_size': 8, 'largest_component_fraction': 0.29622035953173215, 'fragment_fraction': 0.0, 'median_planarity': 0.0046685212285440016, 'worst_planarity': 0.015801122765668536}, 'border_touch_fraction': 0.0, 'junctions': {'n_samples': 4000, 'junction_fraction': 0.0035, 'junctions': 14, 'radius': 5}}","{'fraction': 0.7409793701171875, 'thickness': {'median': 84.35638683585256, 'p95': 175.60182231400674, 'max': 252.03967941576184, 'mean': 86.68823198196657}, 'components': {'n_components': 1, 'n_components_ge_min_size': 1, 'largest_component_fraction': 1.0, 'fragment_fraction': 0.0, 'median_planarity': 0.2648662506384527, 'worst_planarity': 0.2648662506384527}, 'border_touch_fraction': 0.025304348212872172, 'junctions': {'n_samples': 4000, 'junction_fraction': 0.0, 'junctions': 0, 'radius': 5}}",1,0.031540252685546874,2.0,2.8284271247461903,8,0.0,0.015801122765668536,0.0035,,,,,
sample_00112,False,True,"[320, 320, 320]",uint8,LZW,874025,,"[320, 320, 320]",uint8,"[0, 1, 2]",0.294511474609375,0.05366439819335937,0.6518241271972657,3,0.705488525390625,0.02657732808569527,"{'fraction': 0.05366439819335937, 'thickness': {'median': 2.0, 'p95': 2.8284271247461903, 'max': 4.47213595499958, 'mean': 2.320929297589159}, 'components': {'n_components': 6, 'n_components_ge_min_size': 6, 'largest_component_fraction': 0.1809289298966434, 'fragment_fraction': 0.0, 'median_planarity': 0.021834273934085408, 'worst_planarity': 0.03525983071740703}, 'border_touch_fraction': 0.0, 'junctions': {'n_samples': 4000, 'junction_fraction': 0.0025, 'junctions': 10, 'radius': 5}}","{'fraction': 0.6518241271972657, 'thickness': {'median': 107.36852425175638, 'p95': 302.6945655276949, 'max': 476.28982773097306, 'mean': 125.58391427646524}, 'components': {'n_components': 1, 'n_components_ge_min_size': 1, 'largest_component_fraction': 1.0, 'fragment_fraction': 0.0, 'median_planarity': 0.2934184015741062, 'worst_planarity': 0.2934184015741062}, 'border_touch_fraction': 0.028765428000681492, 'junctions': {'n_samples': 4000, 'junction_fraction': 0.0, 'junctions': 0, 'radius': 5}}",1,0.05366439819335937,2.0,2.8284271247461903,6,0.0,0.03525983071740703,0.0025,,,,,
sample_00113,False,True,"[320, 320, 320]",uint8,LZW,908809,,"[320, 320, 320]",uint8,"[0, 1, 2]",0.2675221557617187,0.039270263671875,0.6932075805664063,3,0.7324778442382812,0.02559804388281329,"{'fraction': 0.039270263671875, 'thickness': {'median': 2.0, 'p95': 2.8284271247461903, 'max': 4.47213595499958, 'mean': 2.3366909926683577}, 'components': {'n_components': 5, 'n_components_ge_min_size': 5, 'largest_component_fraction': 0.24777356062442882, 'fragment_fraction': 0.0, 'median_planarity': 0.00618174460058134, 'worst_planarity': 0.008846255993294002}, 'border_touch_fraction': 0.0, 'junctions': {'n_samples': 4000, 'junction_fraction': 0.001, 'junctions': 4, 'radius': 5}}","{'fraction': 0.6932075805664063, 'thickness': {'median': 123.57993364620326, 'p95': 336.9985163172087, 'max': 472.2456987628368, 'mean': 140.60718624945193}, 'components': {'n_components': 1, 'n_components_ge_min_size': 1, 'largest_component_fraction': 1.0, 'fragment_fraction': 0.0, 'median_planarity': 0.300177629866703, 'worst_planarity': 0.300177629866703}, 'border_touch_fraction': 0.02704817507142629, 'junctions': {'n_samples': 4000, 'junction_fraction': 0.0, 'junctions': 0, 'radius': 5}}",1,0.039270263671875,2.0,2.8284271247461903,5,0.0,0.008846255993294002,0.001,,,,,
sample_00114,False,True,"[320, 320, 320]",uint8,LZW,565913,,"[320, 320, 320]",uint8,"[0, 1, 2]",0.11266769409179687,0.027766357421875,0.8595659484863282,3,0.8873323059082031,0.021130753242224156,"{'fraction': 0.027766357421875, 'thickness': {'median': 2.0, 'p95': 3.4641016151377544, 'max': 4.47213595499958, 'mean': 2.3761957037039143}, 'components': {'n_components': 3, 'n_components_ge_min_size': 3, 'largest_component_fraction': 0.3348537338104826, 'fragment_fraction': 0.0, 'median_planarity': 0.006139238804558842, 'worst_planarity': 0.007445147157696483}, 'border_touch_fraction': 0.0, 'junctions': {'n_samples': 4000, 'junction_fraction': 0.0025, 'junctions': 10, 'radius': 5}}","{'fraction': 0.8595659484863282, 'thickness': {'median': 131.4838393111488, 'p95': 359.36722162220315, 'max': 457.4800542100169, 'mean': 151.9008222198915}, 'components': {'n_components': 1, 'n_components_ge_min_size': 1, 'largest_component_fraction': 1.0, 'fragment_fraction': 0.0, 'median_planarity': 0.31121534645723403, 'worst_planarity': 0.31121534645723403}, 'border_touch_fraction': 0.021813335012884388, 'junctions': {'n_samples': 4000, 'junction_fraction': 0.0, 'junctions': 0, 'radius': 5}}",1,0.027766357421875,2.0,3.4641016151377544,3,0.0,0.007445147157696483,0.0025,,,,,
sample_00115,False,True,"[320, 320, 320]",uint8,LZW,945209,,"[320, 320, 320]",uint8,"[0, 1, 2]",0.28191107177734376,0.041081024169921876,0.6770079040527344,3,0.7180889282226562,0.026110972141581645,"{'fraction': 0.041081024169921876, 'thickness': {'median': 2.0, 'p95': 2.8284271247461903, 'max': 4.47213595499958, 'mean': 2.341300108228691}, 'components': {'n_components': 5, 'n_components_ge_min_size': 5, 'largest_component_fraction': 0.24692844668062755, 'fragment_fraction': 0.0, 'median_planarity': 0.0059281417320427585, 'worst_planarity': 0.008125044649018462}, 'border_touch_fraction': 0.0, 'junctions': {'n_samples': 4000, 'junction_fraction': 0.00225, 'junctions': 9, 'radius': 5}}","{'fraction': 0.6770079040527344, 'thickness': {'median': 115.68923891183657, 'p95': 327.3783743377771, 'max': 446.5019596821497, 'mean': 133.77268604641733}, 'components': {'n_components': 1, 'n_components_ge_min_size': 1, 'largest_component_fraction': 1.0, 'fragment_fraction': 0.0, 'median_planarity': 0.27740506259689157, 'worst_planarity': 0.27740506259689157}, 'border_touch_fraction': 0.027695393048970222, 'junctions': {'n_samples': 4000, 'junction_fraction': 0.0, 'junctions': 0, 'radius': 5}}",1,0.041081024169921876,2.0,2.8284271247461903,5,0.0,0.008125044649018462,0.00225,,,,,
sample_00116,False,True,"[320, 320, 320]",uint8,LZW,839977,,"[320, 320, 320]",uint8,"[0, 1, 2]",0.4601085510253906,0.05815872192382812,0.48173272705078124,3,0.5398914489746094,0.03472920350120566,"{'fraction': 0.05815872192382812, 'thickness': {'median': 2.0, 'p95': 3.4641016151377544, 'max': 4.47213595499958, 'mean': 2.352730896054669}, 'components': {'n_components': 9, 'n_components_ge_min_size': 9, 'largest_component_fraction': 0.16013842355614208, 'fragment_fraction': 0.0, 'median_planarity': 0.016407685957928967, 'worst_planarity': 0.03129117141397467}, 'border_touch_fraction': 0.0, 'junctions': {'n_samples': 4000, 'junction_fraction': 0.00375, 'junctions': 15, 'radius': 5}}","{'fraction': 0.48173272705078124, 'thickness': {'median': 47.20169488482379, 'p95': 129.9384469662463, 'max': 220.29979573299653, 'mean': 54.03791358197274}, 'components': {'n_components': 1, 'n_components_ge_min_size': 1, 'largest_component_fraction': 1.0, 'fragment_fraction': 0.0, 'median_planarity': 0.22581364013633684, 'worst_planarity': 0.22581364013633684}, 'border_touch_fraction': 0.03892199750427895, 'junctions': {'n_samples': 4000, 'junction_fraction': 0.0, 'junctions': 0, 'radius': 5}}",1,0.05815872192382812,2.0,3.4641016151377544,9,0.0,0.03129117141397467,0.00375,,,,,
sample_00118,False,True,"[320, 320, 320]",uint8,LZW,786169,,"[320, 320, 320]",uint8,"[0, 1, 2]",0.49173406982421874,0.0677896728515625,0.44047625732421875,3,0.5082659301757813,0.036890137400150756,"{'fraction': 0.0677896728515625, 'thickness': {'median': 2.0, 'p95': 4.0, 'max': 4.47213595499958, 'mean': 2.374803130776257}, 'components': {'n_components': 8, 'n_components_ge_min_size': 8, 'largest_component_fraction': 0.13674813130139934, 'fragment_fraction': 0.0, 'median_planarity': 0.007417446687596366, 'worst_planarity': 0.028765612139396015}, 'border_touch_fraction': 0.0, 'junctions': {'n_samples': 4000, 'junction_fraction': 0.00125, 'junctions': 5, 'radius': 5}}","{'fraction': 0.44047625732421875, 'thickness': {'median': 100.637965003273, 'p95': 243.48305895893455, 'max': 319.5872337875842, 'mean': 108.61618098477935}, 'components': {'n_components': 1, 'n_components_ge_min_size': 1, 'largest_component_fraction': 1.0, 'fragment_fraction': 0.0, 'median_planarity': 0.24398166163344973, 'worst_planarity': 0.24398166163344973}, 'border_touch_fraction': 0.042567561107382905, 'junctions': {'n_samples': 4000, 'junction_fraction': 0.0, 'junctions': 0, 'radius': 5}}",1,0.0677896728515625,2.0,4.0,8,0.0,0.028765612139396015,0.00125,,,,,
sample_00120,False,True,"[320, 320, 320]",uint8,LZW,559193,,"[320, 320, 320]",uint8,"[0, 1, 2]",0.12091464233398437,0.0184395751953125,0.8606457824707031,3,0.8790853576660156,0.021328986811680634,"{'fraction': 0.0184395751953125, 'thickness': {'median': 2.0, 'p95': 2.8284271247461903, 'max': 5.656854249492381, 'mean': 2.3304133622853227}, 'components': {'n_components': 7, 'n_components_ge_min_size': 7, 'largest_component_fraction': 0.304522465029757, 'fragment_fraction': 0.0, 'median_planarity': 0.00289485926676709, 'worst_planarity': 0.013000424795582105}, 'border_touch_fraction': 0.0, 'junctions': {'n_samples': 4000, 'junction_fraction': 0.006, 'junctions': 24, 'radius': 5}}","{'fraction': 0.8606457824707031, 'thickness': {'median': 244.76927911811154, 'p95': 513.4549639452325, 'max': 705.5522659590854, 'mean': 252.73866733693035}, 'components': {'n_components': 1, 'n_components_ge_min_size': 1, 'largest_component_fraction': 1.0, 'fragment_fraction': 0.0, 'median_planarity': 0.250285413098027, 'worst_planarity': 0.250285413098027}, 'border_touch_fraction': 0.021785966284727898, 'junctions': {'n_samples': 4000, 'junction_fraction': 0.0, 'junctions': 0, 'radius': 5}}",1,0.0184395751953125,2.0,2.8284271247461903,7,0.0,0.013000424795582105,0.006,,,,,
sample_00122,False,True,"[320, 320, 320]",uint8,LZW,590953,,"[320, 320, 320]",uint8,"[0, 1, 2]",0.26429803466796875,0.027604400634765627,0.7080975646972656,3,0.7357019653320312,0.02548586368331624,"{'fraction': 0.027604400634765627, 'thickness': {'median': 2.0, 'p95': 3.4641016151377544, 'max': 4.47213595499958, 'mean': 2.3416008522721588}, 'components': {'n_components': 5, 'n_components_ge_min_size': 5, 'largest_component_fraction': 0.3348062719102838, 'fragment_fraction': 0.0, 'median_planarity': 0.019424162462493216, 'worst_planarity': 0.02766179762171419}, 'border_touch_fraction': 0.0, 'junctions': {'n_samples': 4000, 'junction_fraction': 0.0035, 'junctions': 14, 'radius': 5}}","{'fraction': 0.7080975646972656, 'thickness': {'median': 86.97125962063559, 'p95': 180.02222085064943, 'max': 223.59785329917636, 'mean': 88.90081245333191}, 'components': {'n_components': 1, 'n_components_ge_min_size': 1, 'largest_component_fraction': 1.0, 'fragment_fraction': 0.0, 'median_planarity': 0.23918444142488873, 'worst_planarity': 0.23918444142488873}, 'border_touch_fraction': 0.026479401899957424, 'junctions': {'n_samples': 4000, 'junction_fraction': 0.0, 'junctions': 0, 'radius': 5}}",1,0.027604400634765627,2.0,3.4641016151377544,5,0.0,0.02766179762171419,0.0035,,,,,
sample_00124,False,True,"[320, 320, 320]",uint8,LZW,879817,,"[320, 320, 320]",uint8,"[0, 1, 2]",0.29825820922851565,0.03912451171875,0.6626172790527344,3,0.7017417907714844,0.026719229560757,"{'fraction': 0.03912451171875, 'thickness': {'median': 2.0, 'p95': 2.8284271247461903, 'max': 4.0, 'mean': 2.3304893343038113}, 'components': {'n_components': 5, 'n_components_ge_min_size': 5, 'largest_component_fraction': 0.253787736967564, 'fragment_fraction': 0.0, 'median_planarity': 0.006608744932117097, 'worst_planarity': 0.009685834555883658}, 'border_touch_fraction': 0.0, 'junctions': {'n_samples': 4000, 'junction_fraction': 0.00075, 'junctions': 3, 'radius': 5}}","{'fraction': 0.6626172790527344, 'thickness': {'median': 110.07270324653611, 'p95': 324.4564685747535, 'max': 449.6976762225929, 'mean': 130.5994072833196}, 'components': {'n_components': 1, 'n_components_ge_min_size': 1, 'largest_component_fraction': 1.0, 'fragment_fraction': 0.0, 'median_planarity': 0.3176648598753531, 'worst_planarity': 0.3176648598753531}, 'border_touch_fraction': 0.028296877538123755, 'junctions': {'n_samples': 4000, 'junction_fraction': 0.0, 'junctions': 0, 'radius': 5}}",1,0.03912451171875,2.0,2.8284271247461903,5,0.0,0.009685834555883658,0.00075,,,,,
sample_00125,False,True,"[320, 320, 320]",uint8,LZW,1042249,,"[320, 320, 320]",uint8,"[0, 1, 2]",0.17770550537109375,0.0446666259765625,0.7776278686523438,3,0.8222944946289062,0.022802049779576474,"{'fraction': 0.0446666259765625, 'thickness': {'median': 2.0, 'p95': 2.8284271247461903, 'max': 4.0, 'mean': 2.3454408951243666}, 'components': {'n_components': 6, 'n_components_ge_min_size': 6, 'largest_component_fraction': 0.23522036899884943, 'fragment_fraction': 0.0, 'median_planarity': 0.002134825497718892, 'worst_planarity': 0.012596321835748632}, 'border_touch_fraction': 0.0, 'junctions': {'n_samples': 4000, 'junction_fraction': 0.0025, 'junctions': 10, 'radius': 5}}","{'fraction': 0.7776278686523438, 'thickness': {'median': 42.708313008125245, 'p95': 136.01470508735443, 'max': 265.3525956157203, 'mean': 51.08126690265033}, 'components': {'n_components': 1, 'n_components_ge_min_size': 1, 'largest_component_fraction': 1.0, 'fragment_fraction': 0.0, 'median_planarity': 0.3181908202543089, 'worst_planarity': 0.3181908202543089}, 'border_touch_fraction': 0.024111790170913507, 'junctions': {'n_samples': 4000, 'junction_fraction': 0.0, 'junctions': 0, 'radius': 5}}",1,0.0446666259765625,2.0,2.8284271247461903,6,0.0,0.012596321835748632,0.0025,,,,,
sample_00126,False,True,"[320, 320, 320]",uint8,LZW,639897,,"[320, 320, 320]",uint8,"[0, 1, 2]",0.24832028198242187,0.029340545654296876,0.7223391723632813,3,0.7516797180175782,0.024944134517091664,"{'fraction': 0.029340545654296876, 'thickness': {'median': 2.0, 'p95': 3.4641016151377544, 'max': 4.47213595499958, 'mean': 2.350080691793185}, 'components': {'n_components': 6, 'n_components_ge_min_size': 6, 'largest_component_fraction': 0.29768230897485104, 'fragment_fraction': 0.0, 'median_planarity': 0.007123984478687861, 'worst_planarity': 0.01773538252553405}, 'border_touch_fraction': 0.0, 'junctions': {'n_samples': 4000, 'junction_fraction': 0.00225, 'junctions': 9, 'radius': 5}}","{'fraction': 0.7223391723632813, 'thickness': {'median': 185.09457042279766, 'p95': 418.0246404103644, 'max': 610.0131146131205, 'mean': 194.44517422170316}, 'components': {'n_components': 1, 'n_components_ge_min_size': 1, 'largest_component_fraction': 1.0, 'fragment_fraction': 0.0, 'median_planarity': 0.21501071015776613, 'worst_planarity': 0.21501071015776613}, 'border_touch_fraction': 0.025957335165218184, 'junctions': {'n_samples': 4000, 'junction_fraction': 0.0, 'junctions': 0, 'radius': 5}}",1,0.029340545654296876,2.0,3.4641016151377544,6,0.0,0.01773538252553405,0.00225,,,,,
sample_00127,False,True,"[320, 320, 320]",uint8,LZW,641913,,"[320, 320, 320]",uint8,"[0, 1, 2]",0.10593603515625,0.019003692626953124,0.8750602722167968,3,0.89406396484375,0.02097165386066848,"{'fraction': 0.019003692626953124, 'thickness': {'median': 2.0, 'p95': 2.8284271247461903, 'max': 4.47213595499958, 'mean': 2.32313704507474}, 'components': {'n_components': 6, 'n_components_ge_min_size': 6, 'largest_component_fraction': 0.31108070652130276, 'fragment_fraction': 0.0, 'median_planarity': 0.010148068933583984, 'worst_planarity': 0.016991430279669657}, 'border_touch_fraction': 0.0, 'junctions': {'n_samples': 4000, 'junction_fraction': 0.004, 'junctions': 16, 'radius': 5}}","{'fraction': 0.8750602722167968, 'thickness': {'median': 230.89391503458899, 'p95': 478.9532336242983, 'max': 642.632087589781, 'mean': 234.508316970649}, 'components': {'n_components': 1, 'n_components_ge_min_size': 1, 'largest_component_fraction': 1.0, 'fragment_fraction': 0.0, 'median_planarity': 0.2644756204700057, 'worst_planarity': 0.2644756204700057}, 'border_touch_fraction': 0.02142709547594988, 'junctions': {'n_samples': 4000, 'junction_fraction': 0.0, 'junctions': 0, 'radius': 5}}",1,0.019003692626953124,2.0,2.8284271247461903,6,0.0,0.016991430279669657,0.004,,,,,
sample_00128,False,True,"[320, 320, 320]",uint8,LZW,786953,,"[320, 320, 320]",uint8,"[0, 1, 2]",0.21216128540039061,0.04048187255859375,0.7473568420410156,3,0.7878387145996094,0.02379928740812009,"{'fraction': 0.04048187255859375, 'thickness': {'median': 2.0, 'p95': 3.4641016151377544, 'max': 4.47213595499958, 'mean': 2.342443798304752}, 'components': {'n_components': 6, 'n_components_ge_min_size': 6, 'largest_component_fraction': 0.22612871369232046, 'fragment_fraction': 0.0, 'median_planarity': 0.012149628693073277, 'worst_planarity': 0.02068076765789994}, 'border_touch_fraction': 0.0, 'junctions': {'n_samples': 4000, 'junction_fraction': 0.00175, 'junctions': 7, 'radius': 5}}","{'fraction': 0.7473568420410156, 'thickness': {'median': 66.57326790837296, 'p95': 154.94515158597252, 'max': 213.7755832643195, 'mean': 71.15567134572082}, 'components': {'n_components': 1, 'n_components_ge_min_size': 1, 'largest_component_fraction': 1.0, 'fragment_fraction': 0.0, 'median_planarity': 0.298929622943341, 'worst_planarity': 0.298929622943341}, 'border_touch_fraction': 0.025088416864953226, 'junctions': {'n_samples': 4000, 'junction_fraction': 0.0, 'junctions': 0, 'radius': 5}}",1,0.04048187255859375,2.0,3.4641016151377544,6,0.0,0.02068076765789994,0.00175,,,,,
sample_00129,False,True,"[320, 320, 320]",uint8,LZW,606233,,"[320, 320, 320]",uint8,"[0, 1, 2]",0.17849270629882813,0.036409912109375,0.7850973815917969,3,0.8215072937011719,0.0228238996096125,"{'fraction': 0.036409912109375, 'thickness': {'median': 2.0, 'p95': 4.0, 'max': 4.47213595499958, 'mean': 2.3656179990807367}, 'components': {'n_components': 9, 'n_components_ge_min_size': 9, 'largest_component_fraction': 0.24963539745867838, 'fragment_fraction': 0.0, 'median_planarity': 0.003675096701040209, 'worst_planarity': 0.017100157525628965}, 'border_touch_fraction': 0.0, 'junctions': {'n_samples': 4000, 'junction_fraction': 0.00325, 'junctions': 13, 'radius': 5}}","{'fraction': 0.7850973815917969, 'thickness': {'median': 61.90315016216864, 'p95': 190.72493282211425, 'max': 264.34068926292827, 'mean': 77.02417811122734}, 'components': {'n_components': 1, 'n_components_ge_min_size': 1, 'largest_component_fraction': 1.0, 'fragment_fraction': 0.0, 'median_planarity': 0.2819334101035592, 'worst_planarity': 0.2819334101035592}, 'border_touch_fraction': 0.023882387637039485, 'junctions': {'n_samples': 4000, 'junction_fraction': 0.0, 'junctions': 0, 'radius': 5}}",1,0.036409912109375,2.0,4.0,9,0.0,0.017100157525628965,0.00325,,,,,
sample_00130,False,True,"[320, 320, 320]",uint8,LZW,868297,,"[320, 320, 320]",uint8,"[0, 1, 2]",0.43500836181640623,0.028929962158203124,0.5360616760253907,3,0.5649916381835938,0.03318633185489233,"{'fraction': 0.028929962158203124, 'thickness': {'median': 2.0, 'p95': 2.8284271247461903, 'max': 4.47213595499958, 'mean': 2.336171146446174}, 'components': {'n_components': 5, 'n_components_ge_min_size': 5, 'largest_component_fraction': 0.3248190620658518, 'fragment_fraction': 0.0, 'median_planarity': 0.014537559427264427, 'worst_planarity': 0.02919696420663224}, 'border_touch_fraction': 0.0, 'junctions': {'n_samples': 4000, 'junction_fraction': 0.0025, 'junctions': 10, 'radius': 5}}","{'fraction': 0.5360616760253907, 'thickness': {'median': 69.62757481714662, 'p95': 193.55619339096333, 'max': 315.91137997862626, 'mean': 79.41429455465108}, 'components': {'n_components': 1, 'n_components_ge_min_size': 1, 'largest_component_fraction': 1.0, 'fragment_fraction': 0.0, 'median_planarity': 0.24499219363051697, 'worst_planarity': 0.24499219363051697}, 'border_touch_fraction': 0.034977318541070085, 'junctions': {'n_samples': 4000, 'junction_fraction': 0.0, 'junctions': 0, 'radius': 5}}",1,0.028929962158203124,2.0,2.8284271247461903,5,0.0,0.02919696420663224,0.0025,,,,,
sample_00141,False,True,"[256, 256, 256]",uint8,NONE,16819802,,"[256, 256, 256]",uint8,"[0, 1, 2]",0.19675332307815552,0.05633366107940674,0.7469130158424377,3,0.8032466769218445,0.029178458714346423,"{'fraction': 0.05633366107940674, 'thickness': {'median': 2.0, 'p95': 4.0, 'max': 4.47213595499958, 'mean': 2.46550117751995}, 'components': {'n_components': 5, 'n_components_ge_min_size': 5, 'largest_component_fraction': 0.20069049286758747, 'fragment_fraction': 0.0, 'median_planarity': 0.0005051538505309211, 'worst_planarity': 0.0006039004623683191}, 'border_touch_fraction': 0.0, 'junctions': {'n_samples': 4000, 'junction_fraction': 0.00725, 'junctions': 29, 'radius': 5}}","{'fraction': 0.7469130158424377, 'thickness': {'median': 119.74973903938162, 'p95': 295.7637570728165, 'max': 362.92147911084015, 'mean': 133.0298817122484}, 'components': {'n_components': 1, 'n_components_ge_min_size': 1, 'largest_component_fraction': 1.0, 'fragment_fraction': 0.0, 'median_planarity': 0.31213307050716443, 'worst_planarity': 0.31213307050716443}, 'border_touch_fraction': 0.031379155943031756, 'junctions': {'n_samples': 4000, 'junction_fraction': 0.0, 'junctions': 0, 'radius': 5}}",1,0.05633366107940674,2.0,4.0,5,0.0,0.0006039004623683191,0.00725,,,,,
sample_00142,False,True,"[256, 256, 256]",uint8,LZW,295656,,"[256, 256, 256]",uint8,"[0, 1, 2]",0.17673128843307495,0.033828556537628174,0.7894401550292969,3,0.823268711566925,0.02846883365139855,"{'fraction': 0.033828556537628174, 'thickness': {'median': 2.0, 'p95': 4.0, 'max': 4.47213595499958, 'mean': 2.4837001363174074}, 'components': {'n_components': 3, 'n_components_ge_min_size': 3, 'largest_component_fraction': 0.33369982151320854, 'fragment_fraction': 0.0, 'median_planarity': 0.0016450046557918048, 'worst_planarity': 0.0023006094289267256}, 'border_touch_fraction': 0.0, 'junctions': {'n_samples': 4000, 'junction_fraction': 0.003, 'junctions': 12, 'radius': 5}}","{'fraction': 0.7894401550292969, 'thickness': {'median': 96.4157663455516, 'p95': 193.49418595916518, 'max': 258.2789190003706, 'mean': 97.91269622543582}, 'components': {'n_components': 1, 'n_components_ge_min_size': 1, 'largest_component_fraction': 1.0, 'fragment_fraction': 0.0, 'median_planarity': 0.3059228543619693, 'worst_planarity': 0.3059228543619693}, 'border_touch_fraction': 0.02968876089046954, 'junctions': {'n_samples': 4000, 'junction_fraction': 0.0, 'junctions': 0, 'radius': 5}}",1,0.033828556537628174,2.0,4.0,3,0.0,0.0023006094289267256,0.003,,,,,
sample_00143,False,True,"[256, 256, 256]",uint8,NONE,16819802,,"[256, 256, 256]",uint8,"[0, 1, 2]",0.23201507329940796,0.04510080814361572,0.7228841185569763,3,0.767984926700592,0.03051817709586035,"{'fraction': 0.04510080814361572, 'thickness': {'median': 2.0, 'p95': 3.4641016151377544, 'max': 4.898979485566356, 'mean': 2.3418469831374007}, 'components': {'n_components': 5, 'n_components_ge_min_size': 5, 'largest_component_fraction': 0.2578178482976637, 'fragment_fraction': 0.0, 'median_planarity': 0.00847497416366296, 'worst_planarity': 0.015289868442848853}, 'border_touch_fraction': 0.0, 'junctions': {'n_samples': 4000, 'junction_fraction': 0.00575, 'junctions': 23, 'radius': 5}}","{'fraction': 0.7228841185569763, 'thickness': {'median': 120.56533498481228, 'p95': 314.97936440344785, 'max': 408.43604150466444, 'mean': 135.10365444166052}, 'components': {'n_components': 1, 'n_components_ge_min_size': 1, 'largest_component_fraction': 1.0, 'fragment_fraction': 0.0, 'median_planarity': 0.2938301168394529, 'worst_planarity': 0.2938301168394529}, 'border_touch_fraction': 0.03242220903508852, 'junctions': {'n_samples': 4000, 'junction_fraction': 0.0, 'junctions': 0, 'radius': 5}}",1,0.04510080814361572,2.0,3.4641016151377544,5,0.0,0.015289868442848853,0.00575,,,,,
sample_00144,False,True,"[256, 256, 256]",uint8,NONE,16819802,,"[256, 256, 256]",uint8,"[0, 1, 2]",0.3640769124031067,0.0554581880569458,0.5804648995399475,3,0.6359230875968933,0.03685587212844967,"{'fraction': 0.0554581880569458, 'thickness': {'median': 2.0, 'p95': 3.4641016151377544, 'max': 4.898979485566356, 'mean': 2.327602280492913}, 'components': {'n_components': 5, 'n_components_ge_min_size': 5, 'largest_component_fraction': 0.21357452543651673, 'fragment_fraction': 0.0, 'median_planarity': 0.004542386730283247, 'worst_planarity': 0.009181970138950028}, 'border_touch_fraction': 0.0, 'junctions': {'n_samples': 4000, 'junction_fraction': 0.00525, 'junctions': 21, 'radius': 5}}","{'fraction': 0.5804648995399475, 'thickness': {'median': 71.63797875428926, 'p95': 217.4488445588985, 'max': 362.0110495551206, 'mean': 84.95903086630996}, 'components': {'n_components': 1, 'n_components_ge_min_size': 1, 'largest_component_fraction': 1.0, 'fragment_fraction': 0.0, 'median_planarity': 0.24718784499756752, 'worst_planarity': 0.24718784499756752}, 'border_touch_fraction': 0.04037711844174487, 'junctions': {'n_samples': 4000, 'junction_fraction': 0.0, 'junctions': 0, 'radius': 5}}",1,0.0554581880569458,2.0,3.4641016151377544,5,0.0,0.009181970138950028,0.00525,,,,,
sample_00145,False,True,"[256, 256, 256]",uint8,LZW,527656,,"[256, 256, 256]",uint8,"[0, 1, 2]",0.33290207386016846,0.05125182867050171,0.6158460974693298,3,0.6670979261398315,0.03513352250339214,"{'fraction': 0.05125182867050171, 'thickness': {'median': 2.0, 'p95': 2.8284271247461903, 'max': 4.898979485566356, 'mean': 2.319967422233269}, 'components': {'n_components': 5, 'n_components_ge_min_size': 5, 'largest_component_fraction': 0.23478623920322192, 'fragment_fraction': 0.0, 'median_planarity': 0.0027903231973455465, 'worst_planarity': 0.00668632647671019}, 'border_touch_fraction': 0.0, 'junctions': {'n_samples': 4000, 'junction_fraction': 0.003, 'junctions': 12, 'radius': 5}}","{'fraction': 0.6158460974693298, 'thickness': {'median': 85.53361912137238, 'p95': 260.3996927801567, 'max': 420.4806773206113, 'mean': 102.55431322346226}, 'components': {'n_components': 1, 'n_components_ge_min_size': 1, 'largest_component_fraction': 1.0, 'fragment_fraction': 0.0, 'median_planarity': 0.2857687471675173, 'worst_planarity': 0.2857687471675173}, 'border_touch_fraction': 0.03805739793807369, 'junctions': {'n_samples': 4000, 'junction_fraction': 0.0, 'junctions': 0, 'radius': 5}}",1,0.05125182867050171,2.0,2.8284271247461903,5,0.0,0.00668632647671019,0.003,,,,,
sample_00146,False,True,"[256, 256, 256]",uint8,NONE,16819802,,"[256, 256, 256]",uint8,"[0, 1, 2]",0.2584248185157776,0.04734992980957031,0.6942252516746521,3,0.7415751814842224,0.031605022100511936,"{'fraction': 0.04734992980957031, 'thickness': {'median': 2.0, 'p95': 4.0, 'max': 4.47213595499958, 'mean': 2.414700809631061}, 'components': {'n_components': 5, 'n_components_ge_min_size': 5, 'largest_component_fraction': 0.23921701913393756, 'fragment_fraction': 0.0, 'median_planarity': 0.003455515843042523, 'worst_planarity': 0.004096180481572475}, 'border_touch_fraction': 0.0, 'junctions': {'n_samples': 4000, 'junction_fraction': 0.00575, 'junctions': 23, 'radius': 5}}","{'fraction': 0.6942252516746521, 'thickness': {'median': 146.1642911247477, 'p95': 308.7403439495095, 'max': 368.30422207734733, 'mean': 149.42762439932034}, 'components': {'n_components': 1, 'n_components_ge_min_size': 1, 'largest_component_fraction': 1.0, 'fragment_fraction': 0.0, 'median_planarity': 0.24779935881284804, 'worst_planarity': 0.24779935881284804}, 'border_touch_fraction': 0.033760656132087744, 'junctions': {'n_samples': 4000, 'junction_fraction': 0.0, 'junctions': 0, 'radius': 5}}",1,0.04734992980957031,2.0,4.0,5,0.0,0.004096180481572475,0.00575,,,,,
sample_00147,False,True,"[384, 384, 384]",uint8,LZW,759722,,"[384, 384, 384]",uint8,"[0, 1, 2]",0.11332760916815864,0.027038680182562932,0.8596337106492784,3,0.8866723908318414,0.01762206668614237,"{'fraction': 0.027038680182562932, 'thickness': {'median': 2.0, 'p95': 3.4641016151377544, 'max': 4.47213595499958, 'mean': 2.3594406870187177}, 'components': {'n_components': 5, 'n_components_ge_min_size': 5, 'largest_component_fraction': 0.2513001187448319, 'fragment_fraction': 0.0, 'median_planarity': 0.0019907664545131343, 'worst_planarity': 0.002699137019001604}, 'border_touch_fraction': 0.0, 'junctions': {'n_samples': 4000, 'junction_fraction': 0.00425, 'junctions': 17, 'radius': 5}}","{'fraction': 0.8596337106492784, 'thickness': {'median': 266.2329806766998, 'p95': 571.0831813317566, 'max': 783.8826442778281, 'mean': 275.059742267569}, 'components': {'n_components': 1, 'n_components_ge_min_size': 1, 'largest_component_fraction': 1.0, 'fragment_fraction': 0.0, 'median_planarity': 0.29169479830133993, 'worst_planarity': 0.29169479830133993}, 'border_touch_fraction': 0.018176346281485973, 'junctions': {'n_samples': 4000, 'junction_fraction': 0.0, 'junctions': 0, 'radius': 5}}",1,0.027038680182562932,2.0,3.4641016151377544,5,0.0,0.002699137019001604,0.00425,,,,,
sample_00148,False,True,"[320, 320, 320]",uint8,LZW,1251897,,"[320, 320, 320]",uint8,"[0, 1, 2]",0.4351312255859375,0.07129257202148437,0.4935762023925781,3,0.5648687744140625,0.03319355016472515,"{'fraction': 0.07129257202148437, 'thickness': {'median': 2.0, 'p95': 2.8284271247461903, 'max': 4.47213595499958, 'mean': 2.3355212924533935}, 'components': {'n_components': 11, 'n_components_ge_min_size': 11, 'largest_component_fraction': 0.1424839958649296, 'fragment_fraction': 0.0, 'median_planarity': 0.00547440312797814, 'worst_planarity': 0.009985650538987551}, 'border_touch_fraction': 0.0, 'junctions': {'n_samples': 4000, 'junction_fraction': 0.001, 'junctions': 4, 'radius': 5}}","{'fraction': 0.4935762023925781, 'thickness': {'median': 44.8998886412873, 'p95': 163.9890239367956, 'max': 282.09218351453836, 'mean': 55.02019530178043}, 'components': {'n_components': 1, 'n_components_ge_min_size': 1, 'largest_component_fraction': 1.0, 'fragment_fraction': 0.0, 'median_planarity': 0.24335606081017042, 'worst_planarity': 0.24335606081017042}, 'border_touch_fraction': 0.03798805515563881, 'junctions': {'n_samples': 4000, 'junction_fraction': 0.0, 'junctions': 0, 'radius': 5}}",1,0.07129257202148437,2.0,2.8284271247461903,11,0.0,0.009985650538987551,0.001,,,,,
sample_00149,False,True,"[320, 320, 320]",uint8,LZW,1048089,,"[320, 320, 320]",uint8,"[0, 1, 2]",0.31468115234375,0.05178802490234375,0.6335308227539063,3,0.68531884765625,0.02735952770615297,"{'fraction': 0.05178802490234375, 'thickness': {'median': 2.0, 'p95': 2.8284271247461903, 'max': 4.47213595499958, 'mean': 2.3244621627164315}, 'components': {'n_components': 7, 'n_components_ge_min_size': 7, 'largest_component_fraction': 0.2099487916840995, 'fragment_fraction': 0.0, 'median_planarity': 0.003635661456614079, 'worst_planarity': 0.004528552526050069}, 'border_touch_fraction': 0.0, 'junctions': {'n_samples': 4000, 'junction_fraction': 0.00325, 'junctions': 13, 'radius': 5}}","{'fraction': 0.6335308227539063, 'thickness': {'median': 116.0861748874516, 'p95': 345.02782496257305, 'max': 521.6665601703831, 'mean': 138.20407254695795}, 'components': {'n_components': 1, 'n_components_ge_min_size': 1, 'largest_component_fraction': 1.0, 'fragment_fraction': 0.0, 'median_planarity': 0.3052328274863273, 'worst_planarity': 0.3052328274863273}, 'border_touch_fraction': 0.02959603436261443, 'junctions': {'n_samples': 4000, 'junction_fraction': 0.0, 'junctions': 0, 'radius': 5}}",1,0.05178802490234375,2.0,2.8284271247461903,7,0.0,0.004528552526050069,0.00325,,,,,
sample_00150,False,True,"[320, 320, 320]",uint8,LZW,442905,,"[320, 320, 320]",uint8,"[0, 1, 2]",0.06417721557617187,0.011842254638671876,0.9239805297851562,3,0.9358227844238282,0.020035844726247063,"{'fraction': 0.011842254638671876, 'thickness': {'median': 2.0, 'p95': 2.8284271247461903, 'max': 4.47213595499958, 'mean': 2.3367274451797777}, 'components': {'n_components': 7, 'n_components_ge_min_size': 7, 'largest_component_fraction': 0.3218218411687244, 'fragment_fraction': 0.0, 'median_planarity': 0.005635808667074926, 'worst_planarity': 0.007892536386611563}, 'border_touch_fraction': 0.0, 'junctions': {'n_samples': 4000, 'junction_fraction': 0.0085, 'junctions': 34, 'radius': 5}}","{'fraction': 0.9239805297851562, 'thickness': {'median': 303.4402741891722, 'p95': 563.7128701736391, 'max': 771.2976079309465, 'mean': 301.6010855707869}, 'components': {'n_components': 1, 'n_components_ge_min_size': 1, 'largest_component_fraction': 1.0, 'fragment_fraction': 0.0, 'median_planarity': 0.2754286638043775, 'worst_planarity': 0.2754286638043775}, 'border_touch_fraction': 0.020292635391743315, 'junctions': {'n_samples': 4000, 'junction_fraction': 0.0, 'junctions': 0, 'radius': 5}}",1,0.011842254638671876,2.0,2.8284271247461903,7,0.0,0.007892536386611563,0.0085,,,,,
sample_00151,False,True,"[320, 320, 320]",uint8,LZW,573641,,"[320, 320, 320]",uint8,"[0, 1, 2]",0.12966513061523438,0.0347119140625,0.8356229553222656,3,0.8703348693847657,0.02154343191288459,"{'fraction': 0.0347119140625, 'thickness': {'median': 2.0, 'p95': 4.0, 'max': 4.47213595499958, 'mean': 2.47344036496513}, 'components': {'n_components': 4, 'n_components_ge_min_size': 4, 'largest_component_fraction': 0.2648473765649177, 'fragment_fraction': 0.0, 'median_planarity': 0.0033058822408224423, 'worst_planarity': 0.004282411357786709}, 'border_touch_fraction': 0.0, 'junctions': {'n_samples': 4000, 'junction_fraction': 0.00075, 'junctions': 3, 'radius': 5}}","{'fraction': 0.8356229553222656, 'thickness': {'median': 72.0832851637604, 'p95': 171.65080832900264, 'max': 246.6576574931336, 'mean': 79.12352305013758}, 'components': {'n_components': 1, 'n_components_ge_min_size': 1, 'largest_component_fraction': 1.0, 'fragment_fraction': 0.0, 'median_planarity': 0.3143866437200978, 'worst_planarity': 0.3143866437200978}, 'border_touch_fraction': 0.022438349593650035, 'junctions': {'n_samples': 4000, 'junction_fraction': 0.0, 'junctions': 0, 'radius': 5}}",1,0.0347119140625,2.0,4.0,4,0.0,0.004282411357786709,0.00075,,,,,
sample_00152,False,True,"[320, 320, 320]",uint8,LZW,812489,,"[320, 320, 320]",uint8,"[0, 1, 2]",0.17144644165039064,0.03948077392578125,0.7890727844238281,3,0.8285535583496094,0.022629798413210615,"{'fraction': 0.03948077392578125, 'thickness': {'median': 2.0, 'p95': 3.4641016151377544, 'max': 4.47213595499958, 'mean': 2.359032616088979}, 'components': {'n_components': 5, 'n_components_ge_min_size': 5, 'largest_component_fraction': 0.24537646111249387, 'fragment_fraction': 0.0, 'median_planarity': 0.01123368195060482, 'worst_planarity': 0.013212877759811028}, 'border_touch_fraction': 0.0, 'junctions': {'n_samples': 4000, 'junction_fraction': 0.00275, 'junctions': 11, 'radius': 5}}","{'fraction': 0.7890727844238281, 'thickness': {'median': 83.7615663654877, 'p95': 322.27348634067096, 'max': 447.2046511386034, 'mean': 117.34138874540318}, 'components': {'n_components': 1, 'n_components_ge_min_size': 1, 'largest_component_fraction': 1.0, 'fragment_fraction': 0.0, 'median_planarity': 0.32231765265664153, 'worst_planarity': 0.32231765265664153}, 'border_touch_fraction': 0.023762066529377304, 'junctions': {'n_samples': 4000, 'junction_fraction': 0.0, 'junctions': 0, 'radius': 5}}",1,0.03948077392578125,2.0,3.4641016151377544,5,0.0,0.013212877759811028,0.00275,,,,,
sample_00153,False,True,"[320, 320, 320]",uint8,LZW,530953,,"[320, 320, 320]",uint8,"[0, 1, 2]",0.10396914672851562,0.027794647216796874,0.8682362060546875,3,0.8960308532714844,0.020925618723442573,"{'fraction': 0.027794647216796874, 'thickness': {'median': 2.0, 'p95': 4.0, 'max': 4.47213595499958, 'mean': 2.4448239614589493}, 'components': {'n_components': 3, 'n_components_ge_min_size': 3, 'largest_component_fraction': 0.33546594932886825, 'fragment_fraction': 0.0, 'median_planarity': 0.00931491654602632, 'worst_planarity': 0.010681247471533234}, 'border_touch_fraction': 0.0, 'junctions': {'n_samples': 4000, 'junction_fraction': 0.0015, 'junctions': 6, 'radius': 5}}","{'fraction': 0.8682362060546875, 'thickness': {'median': 130.38404810405297, 'p95': 330.38765110094533, 'max': 411.34413816171, 'mean': 147.50295435917454}, 'components': {'n_components': 1, 'n_components_ge_min_size': 1, 'largest_component_fraction': 1.0, 'fragment_fraction': 0.0, 'median_planarity': 0.3223651482659141, 'worst_planarity': 0.3223651482659141}, 'border_touch_fraction': 0.021595505772790815, 'junctions': {'n_samples': 4000, 'junction_fraction': 0.0, 'junctions': 0, 'radius': 5}}",1,0.027794647216796874,2.0,4.0,3,0.0,0.010681247471533234,0.0015,,,,,
sample_00158,False,True,"[320, 320, 320]",uint8,LZW,667113,,"[320, 320, 320]",uint8,"[0, 1, 2]",0.12121945190429688,0.02919403076171875,0.8495865173339844,3,0.8787805480957032,0.021336384880879317,"{'fraction': 0.02919403076171875, 'thickness': {'median': 2.0, 'p95': 2.8284271247461903, 'max': 4.47213595499958, 'mean': 2.330522495175385}, 'components': {'n_components': 3, 'n_components_ge_min_size': 3, 'largest_component_fraction': 0.34180508660610687, 'fragment_fraction': 0.0, 'median_planarity': 0.00408967030361793, 'worst_planarity': 0.005039564009374326}, 'border_touch_fraction': 0.0, 'junctions': {'n_samples': 4000, 'junction_fraction': 0.0015, 'junctions': 6, 'radius': 5}}","{'fraction': 0.8495865173339844, 'thickness': {'median': 132.07573584879245, 'p95': 377.3433449790787, 'max': 532.7738732332883, 'mean': 153.81869316895026}, 'components': {'n_components': 1, 'n_components_ge_min_size': 1, 'largest_component_fraction': 1.0, 'fragment_fraction': 0.0, 'median_planarity': 0.30780105038704514, 'worst_planarity': 0.30780105038704514}, 'border_touch_fraction': 0.02206955927082952, 'junctions': {'n_samples': 4000, 'junction_fraction': 0.0, 'junctions': 0, 'radius': 5}}",1,0.02919403076171875,2.0,2.8284271247461903,3,0.0,0.005039564009374326,0.0015,,,,,
sample_00159,False,True,"[320, 320, 320]",uint8,LZW,873129,,"[320, 320, 320]",uint8,"[0, 1, 2]",0.26127288818359373,0.0567254638671875,0.6820016479492188,3,0.7387271118164063,0.02538149703737946,"{'fraction': 0.0567254638671875, 'thickness': {'median': 2.0, 'p95': 4.0, 'max': 5.656854249492381, 'mean': 2.382646732635048}, 'components': {'n_components': 9, 'n_components_ge_min_size': 9, 'largest_component_fraction': 0.17129138467166635, 'fragment_fraction': 0.0, 'median_planarity': 0.009447156405352378, 'worst_planarity': 0.019523661000061567}, 'border_touch_fraction': 0.0, 'junctions': {'n_samples': 4000, 'junction_fraction': 0.00275, 'junctions': 11, 'radius': 5}}","{'fraction': 0.6820016479492188, 'thickness': {'median': 76.99350621968063, 'p95': 163.34013591276334, 'max': 226.11501498131432, 'mean': 79.62919094245335}, 'components': {'n_components': 1, 'n_components_ge_min_size': 1, 'largest_component_fraction': 1.0, 'fragment_fraction': 0.0, 'median_planarity': 0.22922653130198026, 'worst_planarity': 0.22922653130198026}, 'border_touch_fraction': 0.02749260219001129, 'junctions': {'n_samples': 4000, 'junction_fraction': 0.0, 'junctions': 0, 'radius': 5}}",1,0.0567254638671875,2.0,4.0,9,0.0,0.019523661000061567,0.00275,,,,,
sample_00162,False,True,"[320, 320, 320]",uint8,LZW,522473,,"[320, 320, 320]",uint8,"[0, 1, 2]",0.13772988891601562,0.0277255859375,0.8345445251464844,3,0.8622701110839843,0.021744926281196085,"{'fraction': 0.0277255859375, 'thickness': {'median': 2.0, 'p95': 4.0, 'max': 4.47213595499958, 'mean': 2.4377180320601766}, 'components': {'n_components': 3, 'n_components_ge_min_size': 3, 'largest_component_fraction': 0.3374848103272164, 'fragment_fraction': 0.0, 'median_planarity': 0.0059027352368812335, 'worst_planarity': 0.008435743454623267}, 'border_touch_fraction': 0.0, 'junctions': {'n_samples': 4000, 'junction_fraction': 0.0025, 'junctions': 10, 'radius': 5}}","{'fraction': 0.8345445251464844, 'thickness': {'median': 123.57993364620326, 'p95': 254.40911933340755, 'max': 317.88048068417163, 'mean': 126.88563580472669}, 'components': {'n_components': 1, 'n_components_ge_min_size': 1, 'largest_component_fraction': 1.0, 'fragment_fraction': 0.0, 'median_planarity': 0.311148975440536, 'worst_planarity': 0.311148975440536}, 'border_touch_fraction': 0.02246734528239687, 'junctions': {'n_samples': 4000, 'junction_fraction': 0.0, 'junctions': 0, 'radius': 5}}",1,0.0277255859375,2.0,4.0,3,0.0,0.008435743454623267,0.0025,,,,,
sample_00164,False,True,"[320, 320, 320]",uint8,LZW,1016361,,"[320, 320, 320]",uint8,"[0, 1, 2]",0.534592529296875,0.09270101928710937,0.3727064514160156,3,0.465407470703125,0.04028727766589782,"{'fraction': 0.09270101928710937, 'thickness': {'median': 2.0, 'p95': 4.0, 'max': 4.47213595499958, 'mean': 2.4080891115825436}, 'components': {'n_components': 11, 'n_components_ge_min_size': 11, 'largest_component_fraction': 0.0993581502929754, 'fragment_fraction': 0.0, 'median_planarity': 0.006005993682636569, 'worst_planarity': 0.009430002907478217}, 'border_touch_fraction': 0.0, 'junctions': {'n_samples': 4000, 'junction_fraction': 0.0025, 'junctions': 10, 'radius': 5}}","{'fraction': 0.3727064514160156, 'thickness': {'median': 30.528675044947494, 'p95': 91.10433579144299, 'max': 143.5130656072819, 'mean': 35.053373849049}, 'components': {'n_components': 1, 'n_components_ge_min_size': 1, 'largest_component_fraction': 1.0, 'fragment_fraction': 0.0, 'median_planarity': 0.258862512575271, 'worst_planarity': 0.258862512575271}, 'border_touch_fraction': 0.050307688339612924, 'junctions': {'n_samples': 4000, 'junction_fraction': 0.0, 'junctions': 0, 'radius': 5}}",1,0.09270101928710937,2.0,4.0,11,0.0,0.009430002907478217,0.0025,,,,,
sample_00165,False,True,"[320, 320, 320]",uint8,LZW,1053385,,"[320, 320, 320]",uint8,"[0, 1, 2]",0.3868648681640625,0.0901884765625,0.5229466552734375,3,0.6131351318359375,0.0305805344147481,"{'fraction': 0.0901884765625, 'thickness': {'median': 2.0, 'p95': 3.4641016151377544, 'max': 4.898979485566356, 'mean': 2.3410454377370695}, 'components': {'n_components': 16, 'n_components_ge_min_size': 16, 'largest_component_fraction': 0.10236030502528343, 'fragment_fraction': 0.0, 'median_planarity': 0.00456943287803418, 'worst_planarity': 0.006796837350255982}, 'border_touch_fraction': 0.0, 'junctions': {'n_samples': 4000, 'junction_fraction': 0.0015, 'junctions': 6, 'radius': 5}}","{'fraction': 0.5229466552734375, 'thickness': {'median': 134.9518432626987, 'p95': 309.62008975866405, 'max': 418.9510711288372, 'mean': 141.69648464535814}, 'components': {'n_components': 1, 'n_components_ge_min_size': 1, 'largest_component_fraction': 1.0, 'fragment_fraction': 0.0, 'median_planarity': 0.18912713006366194, 'worst_planarity': 0.18912713006366194}, 'border_touch_fraction': 0.035854517494133376, 'junctions': {'n_samples': 4000, 'junction_fraction': 0.0, 'junctions': 0, 'radius': 5}}",1,0.0901884765625,2.0,3.4641016151377544,16,0.0,0.006796837350255982,0.0015,,,,,
sample_00167,False,True,"[320, 320, 320]",uint8,LZW,1050505,,"[320, 320, 320]",uint8,"[0, 1, 2]",0.28117300415039065,0.076510009765625,0.6423169860839844,3,0.7188269958496094,0.02608416226471663,"{'fraction': 0.076510009765625, 'thickness': {'median': 2.0, 'p95': 2.8284271247461903, 'max': 4.47213595499958, 'mean': 2.3155018423760927}, 'components': {'n_components': 13, 'n_components_ge_min_size': 13, 'largest_component_fraction': 0.12531750083762783, 'fragment_fraction': 0.0, 'median_planarity': 0.0013050403322852047, 'worst_planarity': 0.002231775965652272}, 'border_touch_fraction': 0.0, 'junctions': {'n_samples': 4000, 'junction_fraction': 0.004, 'junctions': 16, 'radius': 5}}","{'fraction': 0.6423169860839844, 'thickness': {'median': 161.90120444270946, 'p95': 402.6363123216782, 'max': 518.7831917092149, 'mean': 176.5463962689581}, 'components': {'n_components': 1, 'n_components_ge_min_size': 1, 'largest_component_fraction': 1.0, 'fragment_fraction': 0.0, 'median_planarity': 0.21494392419324687, 'worst_planarity': 0.21494392419324687}, 'border_touch_fraction': 0.029191194388791076, 'junctions': {'n_samples': 4000, 'junction_fraction': 0.0, 'junctions': 0, 'radius': 5}}",1,0.076510009765625,2.0,2.8284271247461903,13,0.0,0.002231775965652272,0.004,,,,,
sample_00171,False,True,"[320, 320, 320]",uint8,LZW,611481,,"[320, 320, 320]",uint8,"[0, 1, 2]",0.11274069213867187,0.029043975830078124,0.85821533203125,3,0.8872593078613281,0.021132491746066285,"{'fraction': 0.029043975830078124, 'thickness': {'median': 2.0, 'p95': 2.8284271247461903, 'max': 4.47213595499958, 'mean': 2.3100459264994617}, 'components': {'n_components': 9, 'n_components_ge_min_size': 9, 'largest_component_fraction': 0.21982257256126583, 'fragment_fraction': 0.0, 'median_planarity': 0.0014436648245130588, 'worst_planarity': 0.015630386351441337}, 'border_touch_fraction': 0.0, 'junctions': {'n_samples': 4000, 'junction_fraction': 0.00525, 'junctions': 21, 'radius': 5}}","{'fraction': 0.85821533203125, 'thickness': {'median': 243.22006496175433, 'p95': 514.0083656843804, 'max': 645.1573451492279, 'mean': 252.2129760451627}, 'components': {'n_components': 1, 'n_components_ge_min_size': 1, 'largest_component_fraction': 1.0, 'fragment_fraction': 0.0, 'median_planarity': 0.2509371591995522, 'worst_planarity': 0.2509371591995522}, 'border_touch_fraction': 0.021847663750800085, 'junctions': {'n_samples': 4000, 'junction_fraction': 0.0, 'junctions': 0, 'radius': 5}}",1,0.029043975830078124,2.0,2.8284271247461903,9,0.0,0.015630386351441337,0.00525,,,,,
sample_00172,False,True,"[320, 320, 320]",uint8,LZW,1533481,,"[320, 320, 320]",uint8,"[0, 1, 2]",0.5380195922851563,0.137367431640625,0.32461297607421874,3,0.4619804077148438,0.04058613674278021,"{'fraction': 0.137367431640625, 'thickness': {'median': 2.0, 'p95': 2.8284271247461903, 'max': 4.47213595499958, 'mean': 2.3203354804451344}, 'components': {'n_components': 18, 'n_components_ge_min_size': 18, 'largest_component_fraction': 0.0696141254796439, 'fragment_fraction': 0.0, 'median_planarity': 0.0009677445275113952, 'worst_planarity': 0.0018132317943301574}, 'border_touch_fraction': 0.0, 'junctions': {'n_samples': 4000, 'junction_fraction': 0.003, 'junctions': 12, 'radius': 5}}","{'fraction': 0.32461297607421874, 'thickness': {'median': 71.04927867332644, 'p95': 229.18115105741134, 'max': 316.9921134665656, 'mean': 87.6663097181606}, 'components': {'n_components': 1, 'n_components_ge_min_size': 1, 'largest_component_fraction': 1.0, 'fragment_fraction': 0.0, 'median_planarity': 0.26488250397377855, 'worst_planarity': 0.26488250397377855}, 'border_touch_fraction': 0.057761092075730956, 'junctions': {'n_samples': 4000, 'junction_fraction': 0.0, 'junctions': 0, 'radius': 5}}",1,0.137367431640625,2.0,2.8284271247461903,18,0.0,0.0018132317943301574,0.003,,,,,
sample_00181,False,True,"[320, 320, 320]",uint8,LZW,1095065,,"[320, 320, 320]",uint8,"[0, 1, 2]",0.2865333557128906,0.0748685302734375,0.6385981140136718,3,0.7134666442871094,0.026280135378627074,"{'fraction': 0.0748685302734375, 'thickness': {'median': 2.0, 'p95': 2.8284271247461903, 'max': 4.47213595499958, 'mean': 2.320190560799556}, 'components': {'n_components': 8, 'n_components_ge_min_size': 8, 'largest_component_fraction': 0.1318318406451413, 'fragment_fraction': 0.0, 'median_planarity': 0.0006666750582467857, 'worst_planarity': 0.0015101387950250285}, 'border_touch_fraction': 0.0, 'junctions': {'n_samples': 4000, 'junction_fraction': 0.003, 'junctions': 12, 'radius': 5}}","{'fraction': 0.6385981140136718, 'thickness': {'median': 102.09799214480175, 'p95': 299.09864593474845, 'max': 416.6773331968035, 'mean': 120.3201110060699}, 'components': {'n_components': 1, 'n_components_ge_min_size': 1, 'largest_component_fraction': 1.0, 'fragment_fraction': 0.0, 'median_planarity': 0.25071280676655233, 'worst_planarity': 0.25071280676655233}, 'border_touch_fraction': 0.029361189124336464, 'junctions': {'n_samples': 4000, 'junction_fraction': 0.0, 'junctions': 0, 'radius': 5}}",1,0.0748685302734375,2.0,2.8284271247461903,8,0.0,0.0015101387950250285,0.003,,,,,
sample_00182,False,True,"[320, 320, 320]",uint8,LZW,727961,,"[320, 320, 320]",uint8,"[0, 1, 2]",0.11970816040039063,0.03858026123046875,0.8417115783691407,3,0.8802918395996093,0.021299754418407674,"{'fraction': 0.03858026123046875, 'thickness': {'median': 2.0, 'p95': 2.8284271247461903, 'max': 5.656854249492381, 'mean': 2.3244470437556286}, 'components': {'n_components': 10, 'n_components_ge_min_size': 10, 'largest_component_fraction': 0.24083569187737996, 'fragment_fraction': 0.0, 'median_planarity': 0.0016555851838980123, 'worst_planarity': 0.005610210609782644}, 'border_touch_fraction': 0.0, 'junctions': {'n_samples': 4000, 'junction_fraction': 0.006, 'junctions': 24, 'radius': 5}}","{'fraction': 0.8417115783691407, 'thickness': {'median': 214.07942446246494, 'p95': 485.28012527517683, 'max': 605.8415634470781, 'mean': 223.048458194149}, 'components': {'n_components': 1, 'n_components_ge_min_size': 1, 'largest_component_fraction': 1.0, 'fragment_fraction': 0.0, 'median_planarity': 0.2707342460934336, 'worst_planarity': 0.2707342460934336}, 'border_touch_fraction': 0.022276039063557955, 'junctions': {'n_samples': 4000, 'junction_fraction': 0.0, 'junctions': 0, 'radius': 5}}",1,0.03858026123046875,2.0,2.8284271247461903,10,0.0,0.005610210609782644,0.006,,,,,
sample_00185,False,True,"[320, 320, 320]",uint8,LZW,536809,,"[320, 320, 320]",uint8,"[0, 1, 2]",0.0804429931640625,0.031185150146484375,0.8883718566894532,3,0.9195570068359376,0.02039025298117844,"{'fraction': 0.031185150146484375, 'thickness': {'median': 2.0, 'p95': 3.4641016151377544, 'max': 4.0, 'mean': 2.3237533011389138}, 'components': {'n_components': 7, 'n_components_ge_min_size': 7, 'largest_component_fraction': 0.2906011009174312, 'fragment_fraction': 0.0, 'median_planarity': 0.0021819557332874136, 'worst_planarity': 0.006077483759531055}, 'border_touch_fraction': 0.0, 'junctions': {'n_samples': 4000, 'junction_fraction': 0.00325, 'junctions': 13, 'radius': 5}}","{'fraction': 0.8883718566894532, 'thickness': {'median': 165.72265988693277, 'p95': 444.4781209290427, 'max': 609.2684137553825, 'mean': 187.09520170179323}, 'components': {'n_components': 1, 'n_components_ge_min_size': 1, 'largest_component_fraction': 1.0, 'fragment_fraction': 0.0, 'median_planarity': 0.31775469800371464, 'worst_planarity': 0.31775469800371464}, 'border_touch_fraction': 0.021106026557248775, 'junctions': {'n_samples': 4000, 'junction_fraction': 0.0, 'junctions': 0, 'radius': 5}}",1,0.031185150146484375,2.0,3.4641016151377544,7,0.0,0.006077483759531055,0.00325,,,,,
sample_00190,False,True,"[320, 320, 320]",uint8,LZW,509097,,"[320, 320, 320]",uint8,"[0, 1, 2]",0.07132669067382813,0.019683807373046876,0.908989501953125,3,0.9286733093261719,0.020190092481073514,"{'fraction': 0.019683807373046876, 'thickness': {'median': 2.0, 'p95': 2.8284271247461903, 'max': 4.47213595499958, 'mean': 2.313312377635519}, 'components': {'n_components': 4, 'n_components_ge_min_size': 4, 'largest_component_fraction': 0.31136482382143227, 'fragment_fraction': 0.0, 'median_planarity': 0.002455798319978303, 'worst_planarity': 0.0030933894978314694}, 'border_touch_fraction': 0.0, 'junctions': {'n_samples': 4000, 'junction_fraction': 0.004, 'junctions': 16, 'radius': 5}}","{'fraction': 0.908989501953125, 'thickness': {'median': 242.5448412149803, 'p95': 518.4403533649482, 'max': 662.7880505863093, 'mean': 251.04562398873964}, 'components': {'n_components': 1, 'n_components_ge_min_size': 1, 'largest_component_fraction': 1.0, 'fragment_fraction': 0.0, 'median_planarity': 0.2971514382470494, 'worst_planarity': 0.2971514382470494}, 'border_touch_fraction': 0.020627300931102398, 'junctions': {'n_samples': 4000, 'junction_fraction': 0.0, 'junctions': 0, 'radius': 5}}",1,0.019683807373046876,2.0,2.8284271247461903,4,0.0,0.0030933894978314694,0.004,,,,,
sample_00194,False,True,"[320, 320, 320]",uint8,LZW,917241,,"[320, 320, 320]",uint8,"[0, 1, 2]",0.25621856689453126,0.07706777954101562,0.6667136535644531,3,0.7437814331054687,0.02520901862488578,"{'fraction': 0.07706777954101562, 'thickness': {'median': 2.0, 'p95': 3.4641016151377544, 'max': 4.47213595499958, 'mean': 2.367515350546616}, 'components': {'n_components': 13, 'n_components_ge_min_size': 13, 'largest_component_fraction': 0.11879429324249997, 'fragment_fraction': 0.0, 'median_planarity': 0.0031160433893917022, 'worst_planarity': 0.01629442799103549}, 'border_touch_fraction': 0.0, 'junctions': {'n_samples': 4000, 'junction_fraction': 0.00075, 'junctions': 3, 'radius': 5}}","{'fraction': 0.6667136535644531, 'thickness': {'median': 132.54433220624713, 'p95': 342.6380013572739, 'max': 459.5824191589578, 'mean': 144.50827918131108}, 'components': {'n_components': 1, 'n_components_ge_min_size': 1, 'largest_component_fraction': 1.0, 'fragment_fraction': 0.0, 'median_planarity': 0.24948705974942884, 'worst_planarity': 0.24948705974942884}, 'border_touch_fraction': 0.02812301787995014, 'junctions': {'n_samples': 4000, 'junction_fraction': 0.00025, 'junctions': 1, 'radius': 5}}",1,0.07706777954101562,2.0,3.4641016151377544,13,0.0,0.01629442799103549,0.00075,,,,,
sample_00195,False,True,"[320, 320, 320]",uint8,LZW,478649,,"[320, 320, 320]",uint8,"[0, 1, 2]",0.06984661865234375,0.021011383056640624,0.9091419982910156,3,0.9301533813476562,0.020157965746287986,"{'fraction': 0.021011383056640624, 'thickness': {'median': 2.0, 'p95': 3.4641016151377544, 'max': 4.47213595499958, 'mean': 2.330217045508358}, 'components': {'n_components': 6, 'n_components_ge_min_size': 6, 'largest_component_fraction': 0.2926037870678474, 'fragment_fraction': 0.0, 'median_planarity': 0.003879622330469099, 'worst_planarity': 0.006272168808752206}, 'border_touch_fraction': 0.0, 'junctions': {'n_samples': 4000, 'junction_fraction': 0.00375, 'junctions': 15, 'radius': 5}}","{'fraction': 0.9091419982910156, 'thickness': {'median': 271.85290140073914, 'p95': 536.9878955805242, 'max': 692.0520211660393, 'mean': 275.32892527491595}, 'components': {'n_components': 1, 'n_components_ge_min_size': 1, 'largest_component_fraction': 1.0, 'fragment_fraction': 0.0, 'median_planarity': 0.277347304756048, 'worst_planarity': 0.277347304756048}, 'border_touch_fraction': 0.02062384097890739, 'junctions': {'n_samples': 4000, 'junction_fraction': 0.0, 'junctions': 0, 'radius': 5}}",1,0.021011383056640624,2.0,3.4641016151377544,6,0.0,0.006272168808752206,0.00375,,,,,
sample_00196,False,True,"[320, 320, 320]",uint8,LZW,1179497,,"[320, 320, 320]",uint8,"[0, 1, 2]",0.34344708251953127,0.0903642578125,0.5661886596679687,3,0.6565529174804687,0.028558246412114647,"{'fraction': 0.0903642578125, 'thickness': {'median': 2.0, 'p95': 2.8284271247461903, 'max': 4.47213595499958, 'mean': 2.3174169102375886}, 'components': {'n_components': 15, 'n_components_ge_min_size': 15, 'largest_component_fraction': 0.10767949001977672, 'fragment_fraction': 0.0, 'median_planarity': 0.0013013286706122118, 'worst_planarity': 0.0027412620728244743}, 'border_touch_fraction': 0.0, 'junctions': {'n_samples': 4000, 'junction_fraction': 0.00325, 'junctions': 13, 'radius': 5}}","{'fraction': 0.5661886596679687, 'thickness': {'median': 138.52075656738234, 'p95': 360.0169440436576, 'max': 480.9698535251456, 'mean': 154.65945507048053}, 'components': {'n_components': 1, 'n_components_ge_min_size': 1, 'largest_component_fraction': 1.0, 'fragment_fraction': 0.0, 'median_planarity': 0.19591399012411537, 'worst_planarity': 0.19591399012411537}, 'border_touch_fraction': 0.03311617016666424, 'junctions': {'n_samples': 4000, 'junction_fraction': 0.00025, 'junctions': 1, 'radius': 5}}",1,0.0903642578125,2.0,2.8284271247461903,15,0.0,0.0027412620728244743,0.00325,,,,,
sample_00197,False,True,"[320, 320, 320]",uint8,LZW,1338393,,"[320, 320, 320]",uint8,"[0, 1, 2]",0.34347024536132814,0.09491738891601563,0.5616123657226563,3,0.6565297546386719,0.028559253967581806,"{'fraction': 0.09491738891601563, 'thickness': {'median': 2.0, 'p95': 2.8284271247461903, 'max': 4.47213595499958, 'mean': 2.32142531255776}, 'components': {'n_components': 12, 'n_components_ge_min_size': 12, 'largest_component_fraction': 0.10409989155223064, 'fragment_fraction': 0.0, 'median_planarity': 0.0010978409786652054, 'worst_planarity': 0.0034304475507627723}, 'border_touch_fraction': 0.0, 'junctions': {'n_samples': 4000, 'junction_fraction': 0.0025, 'junctions': 10, 'radius': 5}}","{'fraction': 0.5616123657226563, 'thickness': {'median': 81.43709228600933, 'p95': 301.6289110811495, 'max': 408.7542048713383, 'mean': 108.8470749915442}, 'components': {'n_components': 1, 'n_components_ge_min_size': 1, 'largest_component_fraction': 1.0, 'fragment_fraction': 0.0, 'median_planarity': 0.2872695777301424, 'worst_planarity': 0.2872695777301424}, 'border_touch_fraction': 0.03338601701882647, 'junctions': {'n_samples': 4000, 'junction_fraction': 0.0, 'junctions': 0, 'radius': 5}}",1,0.09491738891601563,2.0,2.8284271247461903,12,0.0,0.0034304475507627723,0.0025,,,,,
sample_00205,False,True,"[320, 320, 320]",uint8,LZW,999705,,"[320, 320, 320]",uint8,"[0, 1, 2]",0.49782528686523436,0.08048065185546875,0.4216940612792969,3,0.5021747131347656,0.037337602849325816,"{'fraction': 0.08048065185546875, 'thickness': {'median': 2.0, 'p95': 4.0, 'max': 4.47213595499958, 'mean': 2.390969828424168}, 'components': {'n_components': 16, 'n_components_ge_min_size': 16, 'largest_component_fraction': 0.11822128856851422, 'fragment_fraction': 0.0, 'median_planarity': 0.011018121597039209, 'worst_planarity': 0.04404262140386539}, 'border_touch_fraction': 0.0, 'junctions': {'n_samples': 4000, 'junction_fraction': 0.003, 'junctions': 12, 'radius': 5}}","{'fraction': 0.4216940612792969, 'thickness': {'median': 31.04834939252005, 'p95': 75.97367965289031, 'max': 113.19010557464817, 'mean': 33.928332952307365}, 'components': {'n_components': 1, 'n_components_ge_min_size': 1, 'largest_component_fraction': 1.0, 'fragment_fraction': 0.0, 'median_planarity': 0.3127026645214893, 'worst_planarity': 0.3127026645214893}, 'border_touch_fraction': 0.04446351448042205, 'junctions': {'n_samples': 4000, 'junction_fraction': 0.0, 'junctions': 0, 'radius': 5}}",1,0.08048065185546875,2.0,4.0,16,0.0,0.04404262140386539,0.003,,,,,
sample_00209,False,True,"[320, 320, 320]",uint8,LZW,770553,,"[320, 320, 320]",uint8,"[0, 1, 2]",0.49916619873046875,0.11787924194335937,0.3829545593261719,3,0.5008338012695313,0.0374375690148545,"{'fraction': 0.11787924194335937, 'thickness': {'median': 2.0, 'p95': 4.0, 'max': 4.47213595499958, 'mean': 2.466488828872306}, 'components': {'n_components': 13, 'n_components_ge_min_size': 13, 'largest_component_fraction': 0.07711951353818489, 'fragment_fraction': 0.0, 'median_planarity': 0.0023579034894849566, 'worst_planarity': 0.0033102630002284253}, 'border_touch_fraction': 0.0, 'junctions': {'n_samples': 4000, 'junction_fraction': 0.00175, 'junctions': 7, 'radius': 5}}","{'fraction': 0.3829545593261719, 'thickness': {'median': 52.306787322488084, 'p95': 152.06577524216289, 'max': 227.90348834539589, 'mean': 60.14726733221348}, 'components': {'n_components': 1, 'n_components_ge_min_size': 1, 'largest_component_fraction': 1.0, 'fragment_fraction': 0.0, 'median_planarity': 0.2558582217792666, 'worst_planarity': 0.2558582217792666}, 'border_touch_fraction': 0.048961422558832, 'junctions': {'n_samples': 4000, 'junction_fraction': 0.0, 'junctions': 0, 'radius': 5}}",1,0.11787924194335937,2.0,4.0,13,0.0,0.0033102630002284253,0.00175,,,,,
sample_00216,False,True,"[320, 320, 320]",uint8,LZW,833961,,"[320, 320, 320]",uint8,"[0, 1, 2]",0.19442071533203126,0.035133544921875,0.7704457397460938,3,0.8055792846679688,0.02327517645606799,"{'fraction': 0.035133544921875, 'thickness': {'median': 2.0, 'p95': 2.8284271247461903, 'max': 5.656854249492381, 'mean': 2.33175823427061}, 'components': {'n_components': 9, 'n_components_ge_min_size': 9, 'largest_component_fraction': 0.21970091795395638, 'fragment_fraction': 0.0, 'median_planarity': 0.0042756133455868735, 'worst_planarity': 0.005825561974752064}, 'border_touch_fraction': 0.0, 'junctions': {'n_samples': 4000, 'junction_fraction': 0.00325, 'junctions': 13, 'radius': 5}}","{'fraction': 0.7704457397460938, 'thickness': {'median': 194.87431847218863, 'p95': 443.2337983491702, 'max': 598.5649505275096, 'mean': 206.26202607747373}, 'components': {'n_components': 1, 'n_components_ge_min_size': 1, 'largest_component_fraction': 1.0, 'fragment_fraction': 0.0, 'median_planarity': 0.2206581176951756, 'worst_planarity': 0.2206581176951756}, 'border_touch_fraction': 0.024336561334194935, 'junctions': {'n_samples': 4000, 'junction_fraction': 0.0, 'junctions': 0, 'radius': 5}}",1,0.035133544921875,2.0,2.8284271247461903,9,0.0,0.005825561974752064,0.00325,,,,,
sample_00222,False,True,"[320, 320, 320]",uint8,LZW,953305,,"[320, 320, 320]",uint8,"[0, 1, 2]",0.32514157104492186,0.08472128295898437,0.5901371459960938,3,0.6748584289550781,0.027783604968869835,"{'fraction': 0.08472128295898437, 'thickness': {'median': 2.0, 'p95': 3.4641016151377544, 'max': 4.47213595499958, 'mean': 2.3575730726158763}, 'components': {'n_components': 14, 'n_components_ge_min_size': 14, 'largest_component_fraction': 0.1087265912071659, 'fragment_fraction': 0.0, 'median_planarity': 0.0017817038141778154, 'worst_planarity': 0.0053723511554903385}, 'border_touch_fraction': 0.0, 'junctions': {'n_samples': 4000, 'junction_fraction': 0.001, 'junctions': 4, 'radius': 5}}","{'fraction': 0.5901371459960938, 'thickness': {'median': 160.69847541280532, 'p95': 354.4065462149366, 'max': 491.3776551696261, 'mean': 166.33878538338757}, 'components': {'n_components': 1, 'n_components_ge_min_size': 1, 'largest_component_fraction': 1.0, 'fragment_fraction': 0.0, 'median_planarity': 0.19157793239212262, 'worst_planarity': 0.19157793239212262}, 'border_touch_fraction': 0.03177227552478812, 'junctions': {'n_samples': 4000, 'junction_fraction': 0.0, 'junctions': 0, 'radius': 5}}",1,0.08472128295898437,2.0,3.4641016151377544,14,0.0,0.0053723511554903385,0.001,,,,,
sample_00223,False,True,"[320, 320, 320]",uint8,LZW,525417,,"[320, 320, 320]",uint8,"[0, 1, 2]",0.0987613525390625,0.03075628662109375,0.8704823608398438,3,0.9012386474609375,0.020804700345268632,"{'fraction': 0.03075628662109375, 'thickness': {'median': 2.0, 'p95': 3.4641016151377544, 'max': 4.0, 'mean': 2.371479517552815}, 'components': {'n_components': 4, 'n_components_ge_min_size': 4, 'largest_component_fraction': 0.2805029062671781, 'fragment_fraction': 0.0, 'median_planarity': 0.0008672457277312683, 'worst_planarity': 0.0010190532670334347}, 'border_touch_fraction': 0.0, 'junctions': {'n_samples': 4000, 'junction_fraction': 0.0015, 'junctions': 6, 'radius': 5}}","{'fraction': 0.8704823608398438, 'thickness': {'median': 216.3885394377438, 'p95': 473.6285464369731, 'max': 623.2367126541889, 'mean': 225.117402107023}, 'components': {'n_components': 1, 'n_components_ge_min_size': 1, 'largest_component_fraction': 1.0, 'fragment_fraction': 0.0, 'median_planarity': 0.30558185799944665, 'worst_planarity': 0.30558185799944665}, 'border_touch_fraction': 0.02153978166991224, 'junctions': {'n_samples': 4000, 'junction_fraction': 0.0, 'junctions': 0, 'radius': 5}}",1,0.03075628662109375,2.0,3.4641016151377544,4,0.0,0.0010190532670334347,0.0015,,,,,
sample_00224,False,True,"[320, 320, 320]",uint8,LZW,954649,,"[320, 320, 320]",uint8,"[0, 1, 2]",0.19313201904296876,0.05570062255859375,0.7511673583984375,3,0.8068679809570313,0.023238002303376203,"{'fraction': 0.05570062255859375, 'thickness': {'median': 2.0, 'p95': 2.8284271247461903, 'max': 5.656854249492381, 'mean': 2.314343414020889}, 'components': {'n_components': 11, 'n_components_ge_min_size': 11, 'largest_component_fraction': 0.17281248390585568, 'fragment_fraction': 0.0, 'median_planarity': 0.0020062514593222253, 'worst_planarity': 0.012625455018723282}, 'border_touch_fraction': 0.0, 'junctions': {'n_samples': 4000, 'junction_fraction': 0.00275, 'junctions': 11, 'radius': 5}}","{'fraction': 0.7511673583984375, 'thickness': {'median': 106.62082348209472, 'p95': 358.97632233895314, 'max': 503.3726253979253, 'mean': 134.589880053388}, 'components': {'n_components': 1, 'n_components_ge_min_size': 1, 'largest_component_fraction': 1.0, 'fragment_fraction': 0.0, 'median_planarity': 0.32200084609709184, 'worst_planarity': 0.32200084609709184}, 'border_touch_fraction': 0.0249611485248465, 'junctions': {'n_samples': 4000, 'junction_fraction': 0.0, 'junctions': 0, 'radius': 5}}",1,0.05570062255859375,2.0,2.8284271247461903,11,0.0,0.012625455018723282,0.00275,,,,,
sample_00225,False,True,"[320, 320, 320]",uint8,LZW,929049,,"[320, 320, 320]",uint8,"[0, 1, 2]",0.18598751831054688,0.054801361083984375,0.7592111206054688,3,0.8140124816894532,0.02303404483563331,"{'fraction': 0.054801361083984375, 'thickness': {'median': 2.0, 'p95': 2.8284271247461903, 'max': 4.47213595499958, 'mean': 2.3151909368066637}, 'components': {'n_components': 7, 'n_components_ge_min_size': 7, 'largest_component_fraction': 0.1735298883852871, 'fragment_fraction': 0.0, 'median_planarity': 0.0011856833862181919, 'worst_planarity': 0.0014749651971850321}, 'border_touch_fraction': 0.0, 'junctions': {'n_samples': 4000, 'junction_fraction': 0.00175, 'junctions': 7, 'radius': 5}}","{'fraction': 0.7592111206054688, 'thickness': {'median': 73.0479294709987, 'p95': 307.9353828289245, 'max': 455.2362024268281, 'mean': 108.41499700240583}, 'components': {'n_components': 1, 'n_components_ge_min_size': 1, 'largest_component_fraction': 1.0, 'fragment_fraction': 0.0, 'median_planarity': 0.3226406003492707, 'worst_planarity': 0.3226406003492707}, 'border_touch_fraction': 0.02469668777381307, 'junctions': {'n_samples': 4000, 'junction_fraction': 0.0, 'junctions': 0, 'radius': 5}}",1,0.054801361083984375,2.0,2.8284271247461903,7,0.0,0.0014749651971850321,0.00175,,,,,
sample_00227,False,True,"[320, 320, 320]",uint8,LZW,592281,,"[320, 320, 320]",uint8,"[0, 1, 2]",0.2118988037109375,0.072426025390625,0.7156751708984375,3,0.7881011962890625,0.0237913609169587,"{'fraction': 0.072426025390625, 'thickness': {'median': 2.0, 'p95': 4.0, 'max': 4.0, 'mean': 2.508271086157028}, 'components': {'n_components': 8, 'n_components_ge_min_size': 8, 'largest_component_fraction': 0.1254369524400233, 'fragment_fraction': 0.0, 'median_planarity': 0.0010760215376306673, 'worst_planarity': 0.0018927129015371335}, 'border_touch_fraction': 0.0, 'junctions': {'n_samples': 4000, 'junction_fraction': 0.00175, 'junctions': 7, 'radius': 5}}","{'fraction': 0.7156751708984375, 'thickness': {'median': 57.86190456595773, 'p95': 244.6724340244278, 'max': 315.42986542177647, 'mean': 91.32038511675131}, 'components': {'n_components': 1, 'n_components_ge_min_size': 1, 'largest_component_fraction': 1.0, 'fragment_fraction': 0.0, 'median_planarity': 0.32403488479020387, 'worst_planarity': 0.32403488479020387}, 'border_touch_fraction': 0.026199036605478156, 'junctions': {'n_samples': 4000, 'junction_fraction': 0.0, 'junctions': 0, 'radius': 5}}",1,0.072426025390625,2.0,4.0,8,0.0,0.0018927129015371335,0.00175,,,,,
sample_00233,False,True,"[320, 320, 320]",uint8,LZW,937833,,"[320, 320, 320]",uint8,"[0, 1, 2]",0.22241506958007812,0.04348159790039063,0.7341033325195313,3,0.7775849304199218,0.024113121623736165,"{'fraction': 0.04348159790039063, 'thickness': {'median': 2.0, 'p95': 2.8284271247461903, 'max': 5.656854249492381, 'mean': 2.327718985651952}, 'components': {'n_components': 9, 'n_components_ge_min_size': 9, 'largest_component_fraction': 0.2090117595039321, 'fragment_fraction': 0.0, 'median_planarity': 0.003274157991328198, 'worst_planarity': 0.004141847525098473}, 'border_touch_fraction': 0.0, 'junctions': {'n_samples': 4000, 'junction_fraction': 0.00375, 'junctions': 15, 'radius': 5}}","{'fraction': 0.7341033325195313, 'thickness': {'median': 192.34344283078642, 'p95': 427.01311455148306, 'max': 562.369984974305, 'mean': 200.4580041097439}, 'components': {'n_components': 1, 'n_components_ge_min_size': 1, 'largest_component_fraction': 1.0, 'fragment_fraction': 0.0, 'median_planarity': 0.2163061591988472, 'worst_planarity': 0.2163061591988472}, 'border_touch_fraction': 0.025541363414940153, 'junctions': {'n_samples': 4000, 'junction_fraction': 0.0, 'junctions': 0, 'radius': 5}}",1,0.04348159790039063,2.0,2.8284271247461903,9,0.0,0.004141847525098473,0.00375,,,,,
sample_00252,False,True,"[320, 320, 320]",uint8,LZW,805209,,"[320, 320, 320]",uint8,"[0, 1, 2]",0.18676547241210936,0.0368902587890625,0.7763442687988281,3,0.8132345275878906,0.02305607959811272,"{'fraction': 0.0368902587890625, 'thickness': {'median': 2.0, 'p95': 4.0, 'max': 4.47213595499958, 'mean': 2.4053879431555143}, 'components': {'n_components': 4, 'n_components_ge_min_size': 4, 'largest_component_fraction': 0.2512880329577605, 'fragment_fraction': 0.0, 'median_planarity': 0.012348391079894194, 'worst_planarity': 0.015324886661280814}, 'border_touch_fraction': 0.0, 'junctions': {'n_samples': 4000, 'junction_fraction': 0.00375, 'junctions': 15, 'radius': 5}}","{'fraction': 0.7763442687988281, 'thickness': {'median': 108.62780491200216, 'p95': 319.4125858393043, 'max': 452.00442475710344, 'mean': 128.6338198813691}, 'components': {'n_components': 1, 'n_components_ge_min_size': 1, 'largest_component_fraction': 1.0, 'fragment_fraction': 0.0, 'median_planarity': 0.3069224118256758, 'worst_planarity': 0.3069224118256758}, 'border_touch_fraction': 0.02415165636375508, 'junctions': {'n_samples': 4000, 'junction_fraction': 0.0, 'junctions': 0, 'radius': 5}}",1,0.0368902587890625,2.0,4.0,4,0.0,0.015324886661280814,0.00375,,,,,
sample_00254,False,True,"[320, 320, 320]",uint8,LZW,578761,,"[320, 320, 320]",uint8,"[0, 1, 2]",0.11096978759765624,0.0197432861328125,0.8692869262695313,3,0.8890302124023437,0.021090396859892554,"{'fraction': 0.0197432861328125, 'thickness': {'median': 2.0, 'p95': 2.8284271247461903, 'max': 4.898979485566356, 'mean': 2.3217010843908485}, 'components': {'n_components': 6, 'n_components_ge_min_size': 6, 'largest_component_fraction': 0.30382812838126094, 'fragment_fraction': 0.0, 'median_planarity': 0.0035375804567872576, 'worst_planarity': 0.009059059256120989}, 'border_touch_fraction': 0.0, 'junctions': {'n_samples': 4000, 'junction_fraction': 0.00425, 'junctions': 17, 'radius': 5}}","{'fraction': 0.8692869262695313, 'thickness': {'median': 244.64668401594983, 'p95': 522.7963274545834, 'max': 684.0058479282177, 'mean': 253.9040158024807}, 'components': {'n_components': 1, 'n_components_ge_min_size': 1, 'largest_component_fraction': 1.0, 'fragment_fraction': 0.0, 'median_planarity': 0.25334208429665517, 'worst_planarity': 0.25334208429665517}, 'border_touch_fraction': 0.021569402959347363, 'junctions': {'n_samples': 4000, 'junction_fraction': 0.0, 'junctions': 0, 'radius': 5}}",1,0.0197432861328125,2.0,2.8284271247461903,6,0.0,0.009059059256120989,0.00425,,,,,
sample_00256,False,True,"[320, 320, 320]",uint8,LZW,963961,,"[320, 320, 320]",uint8,"[0, 1, 2]",0.3835138244628906,0.038950347900390626,0.5775358276367187,3,0.6164861755371094,0.03041430731786352,"{'fraction': 0.038950347900390626, 'thickness': {'median': 2.0, 'p95': 3.4641016151377544, 'max': 4.47213595499958, 'mean': 2.353528618149269}, 'components': {'n_components': 11, 'n_components_ge_min_size': 11, 'largest_component_fraction': 0.25139991773255244, 'fragment_fraction': 0.0, 'median_planarity': 0.00837481566451154, 'worst_planarity': 0.020028804529161115}, 'border_touch_fraction': 0.0, 'junctions': {'n_samples': 4000, 'junction_fraction': 0.00275, 'junctions': 11, 'radius': 5}}","{'fraction': 0.5775358276367187, 'thickness': {'median': 141.7321417322126, 'p95': 338.8285701848676, 'max': 437.04919631547205, 'mean': 152.2635313428408}, 'components': {'n_components': 1, 'n_components_ge_min_size': 1, 'largest_component_fraction': 1.0, 'fragment_fraction': 0.0, 'median_planarity': 0.2053336956504289, 'worst_planarity': 0.2053336956504289}, 'border_touch_fraction': 0.03246551833281954, 'junctions': {'n_samples': 4000, 'junction_fraction': 0.0, 'junctions': 0, 'radius': 5}}",1,0.038950347900390626,2.0,3.4641016151377544,11,0.0,0.020028804529161115,0.00275,,,,,
sample_00258,False,True,"[320, 320, 320]",uint8,LZW,859209,,"[320, 320, 320]",uint8,"[0, 1, 2]",0.20443270874023436,0.03510015869140625,0.7604671325683594,3,0.7955672912597657,0.023568088087570483,"{'fraction': 0.03510015869140625, 'thickness': {'median': 2.0, 'p95': 2.8284271247461903, 'max': 5.656854249492381, 'mean': 2.321682863447596}, 'components': {'n_components': 8, 'n_components_ge_min_size': 8, 'largest_component_fraction': 0.24641746119242333, 'fragment_fraction': 0.0, 'median_planarity': 0.004345764648961389, 'worst_planarity': 0.007769143736100302}, 'border_touch_fraction': 0.0, 'junctions': {'n_samples': 4000, 'junction_fraction': 0.003, 'junctions': 12, 'radius': 5}}","{'fraction': 0.7604671325683594, 'thickness': {'median': 199.49937343260004, 'p95': 440.5008512767274, 'max': 575.381612497306, 'mean': 208.662940261541}, 'components': {'n_components': 1, 'n_components_ge_min_size': 1, 'largest_component_fraction': 1.0, 'fragment_fraction': 0.0, 'median_planarity': 0.22472850145341902, 'worst_planarity': 0.22472850145341902}, 'border_touch_fraction': 0.024655897930361294, 'junctions': {'n_samples': 4000, 'junction_fraction': 0.0, 'junctions': 0, 'radius': 5}}",1,0.03510015869140625,2.0,2.8284271247461903,8,0.0,0.007769143736100302,0.003,,,,,
sample_00259,False,True,"[320, 320, 320]",uint8,LZW,832985,,"[320, 320, 320]",uint8,"[0, 1, 2]",0.3348568420410156,0.03449578857421875,0.6306473693847656,3,0.6651431579589844,0.028189420240802066,"{'fraction': 0.03449578857421875, 'thickness': {'median': 2.0, 'p95': 2.8284271247461903, 'max': 4.898979485566356, 'mean': 2.3333636697039934}, 'components': {'n_components': 10, 'n_components_ge_min_size': 10, 'largest_component_fraction': 0.2665137947446738, 'fragment_fraction': 0.0, 'median_planarity': 0.007240715562440557, 'worst_planarity': 0.01610378340670452}, 'border_touch_fraction': 0.0, 'junctions': {'n_samples': 4000, 'junction_fraction': 0.00275, 'junctions': 11, 'radius': 5}}","{'fraction': 0.6306473693847656, 'thickness': {'median': 103.16976301223144, 'p95': 210.42813500100218, 'max': 286.1468154636707, 'mean': 103.77264518976024}, 'components': {'n_components': 1, 'n_components_ge_min_size': 1, 'largest_component_fraction': 1.0, 'fragment_fraction': 0.0, 'median_planarity': 0.17309866273079136, 'worst_planarity': 0.17309866273079136}, 'border_touch_fraction': 0.029731353701343034, 'junctions': {'n_samples': 4000, 'junction_fraction': 0.0, 'junctions': 0, 'radius': 5}}",1,0.03449578857421875,2.0,2.8284271247461903,10,0.0,0.01610378340670452,0.00275,,,,,
sample_00263,False,True,"[320, 320, 320]",uint8,LZW,644153,,"[320, 320, 320]",uint8,"[0, 1, 2]",0.2595111999511719,0.06360159301757813,0.67688720703125,3,0.7404888000488281,0.025321112215017455,"{'fraction': 0.06360159301757813, 'thickness': {'median': 2.0, 'p95': 4.0, 'max': 4.47213595499958, 'mean': 2.3873271215573775}, 'components': {'n_components': 7, 'n_components_ge_min_size': 7, 'largest_component_fraction': 0.14318191523715068, 'fragment_fraction': 0.0, 'median_planarity': 0.016157192906008245, 'worst_planarity': 0.021278515450293772}, 'border_touch_fraction': 0.0, 'junctions': {'n_samples': 4000, 'junction_fraction': 0.0025, 'junctions': 10, 'radius': 5}}","{'fraction': 0.67688720703125, 'thickness': {'median': 103.18914671611545, 'p95': 255.09292422237286, 'max': 340.99266854288817, 'mean': 114.04902732549581}, 'components': {'n_components': 1, 'n_components_ge_min_size': 1, 'largest_component_fraction': 1.0, 'fragment_fraction': 0.0, 'median_planarity': 0.2890882058039988, 'worst_planarity': 0.2890882058039988}, 'border_touch_fraction': 0.027700331466205957, 'junctions': {'n_samples': 4000, 'junction_fraction': 0.0, 'junctions': 0, 'radius': 5}}",1,0.06360159301757813,2.0,4.0,7,0.0,0.021278515450293772,0.0025,,,,,
sample_00264,False,True,"[320, 320, 320]",uint8,LZW,844969,,"[320, 320, 320]",uint8,"[0, 1, 2]",0.29681417846679686,0.06563818359375,0.6375476379394531,3,0.7031858215332031,0.02666436015322112,"{'fraction': 0.06563818359375, 'thickness': {'median': 2.0, 'p95': 3.4641016151377544, 'max': 4.898979485566356, 'mean': 2.3460693465624196}, 'components': {'n_components': 9, 'n_components_ge_min_size': 9, 'largest_component_fraction': 0.14209803462102108, 'fragment_fraction': 0.0, 'median_planarity': 0.013581335675624435, 'worst_planarity': 0.019588023383021656}, 'border_touch_fraction': 0.0, 'junctions': {'n_samples': 4000, 'junction_fraction': 0.00325, 'junctions': 13, 'radius': 5}}","{'fraction': 0.6375476379394531, 'thickness': {'median': 162.523844287973, 'p95': 355.465891472023, 'max': 463.5860222224134, 'mean': 168.5028742988372}, 'components': {'n_components': 1, 'n_components_ge_min_size': 1, 'largest_component_fraction': 1.0, 'fragment_fraction': 0.0, 'median_planarity': 0.23813802558630545, 'worst_planarity': 0.23813802558630545}, 'border_touch_fraction': 0.0294095670412956, 'junctions': {'n_samples': 4000, 'junction_fraction': 0.0, 'junctions': 0, 'radius': 5}}",1,0.06563818359375,2.0,3.4641016151377544,9,0.0,0.019588023383021656,0.00325,,,,,
sample_00268,False,True,"[320, 320, 320]",uint8,LZW,871849,,"[320, 320, 320]",uint8,"[0, 1, 2]",0.22749539184570314,0.05676815795898438,0.7157364501953125,3,0.7725046081542969,0.024271699873478235,"{'fraction': 0.05676815795898438, 'thickness': {'median': 2.0, 'p95': 2.8284271247461903, 'max': 4.898979485566356, 'mean': 2.3289142057051953}, 'components': {'n_components': 6, 'n_components_ge_min_size': 6, 'largest_component_fraction': 0.16754785426563787, 'fragment_fraction': 0.0, 'median_planarity': 0.003053905997037485, 'worst_planarity': 0.0031888861143380626}, 'border_touch_fraction': 0.0, 'junctions': {'n_samples': 4000, 'junction_fraction': 0.00225, 'junctions': 9, 'radius': 5}}","{'fraction': 0.7157364501953125, 'thickness': {'median': 104.36474500519799, 'p95': 262.83074401599214, 'max': 373.9572168042756, 'mean': 115.57882310725859}, 'components': {'n_components': 1, 'n_components_ge_min_size': 1, 'largest_component_fraction': 1.0, 'fragment_fraction': 0.0, 'median_planarity': 0.28022498872143514, 'worst_planarity': 0.28022498872143514}, 'border_touch_fraction': 0.02619679351929532, 'junctions': {'n_samples': 4000, 'junction_fraction': 0.0, 'junctions': 0, 'radius': 5}}",1,0.05676815795898438,2.0,2.8284271247461903,6,0.0,0.0031888861143380626,0.00225,,,,,
sample_00271,False,True,"[320, 320, 320]",uint8,LZW,899305,,"[320, 320, 320]",uint8,"[0, 1, 2]",0.305323974609375,0.05260333251953125,0.6420726928710937,3,0.694676025390625,0.026990999134390223,"{'fraction': 0.05260333251953125, 'thickness': {'median': 2.0, 'p95': 2.8284271247461903, 'max': 4.47213595499958, 'mean': 2.320573701703133}, 'components': {'n_components': 9, 'n_components_ge_min_size': 9, 'largest_component_fraction': 0.18044376477195068, 'fragment_fraction': 0.0, 'median_planarity': 0.002221937510243035, 'worst_planarity': 0.0029098747825966297}, 'border_touch_fraction': 0.0, 'junctions': {'n_samples': 4000, 'junction_fraction': 0.002, 'junctions': 8, 'radius': 5}}","{'fraction': 0.6420726928710937, 'thickness': {'median': 143.69411957348845, 'p95': 383.5108864013824, 'max': 575.7916289770111, 'mean': 161.29629585437362}, 'components': {'n_components': 1, 'n_components_ge_min_size': 1, 'largest_component_fraction': 1.0, 'fragment_fraction': 0.0, 'median_planarity': 0.25184793042076753, 'worst_planarity': 0.25184793042076753}, 'border_touch_fraction': 0.029202300935985078, 'junctions': {'n_samples': 4000, 'junction_fraction': 0.0, 'junctions': 0, 'radius': 5}}",1,0.05260333251953125,2.0,2.8284271247461903,9,0.0,0.0029098747825966297,0.002,,,,,
sample_00272,False,True,"[320, 320, 320]",uint8,LZW,1125225,,"[320, 320, 320]",uint8,"[0, 1, 2]",0.42637216186523436,0.05606240844726563,0.5175654296875,3,0.5736278381347656,0.03268669815776088,"{'fraction': 0.05606240844726563, 'thickness': {'median': 2.0, 'p95': 3.4641016151377544, 'max': 4.0, 'mean': 2.3461213602787607}, 'components': {'n_components': 8, 'n_components_ge_min_size': 8, 'largest_component_fraction': 0.16535233332952287, 'fragment_fraction': 0.0, 'median_planarity': 0.0080990615559015, 'worst_planarity': 0.026961453067928486}, 'border_touch_fraction': 0.0, 'junctions': {'n_samples': 4000, 'junction_fraction': 0.00325, 'junctions': 13, 'radius': 5}}","{'fraction': 0.5175654296875, 'thickness': {'median': 134.7590434061317, 'p95': 306.8941185490527, 'max': 425.7980742088907, 'mean': 141.9566759562006}, 'components': {'n_components': 1, 'n_components_ge_min_size': 1, 'largest_component_fraction': 1.0, 'fragment_fraction': 0.0, 'median_planarity': 0.18491488011051221, 'worst_planarity': 0.18491488011051221}, 'border_touch_fraction': 0.03622730368858104, 'junctions': {'n_samples': 4000, 'junction_fraction': 0.0, 'junctions': 0, 'radius': 5}}",1,0.05606240844726563,2.0,3.4641016151377544,8,0.0,0.026961453067928486,0.00325,,,,,
sample_00277,False,True,"[320, 320, 320]",uint8,LZW,1474889,,"[320, 320, 320]",uint8,"[0, 1, 2]",0.5932607116699219,0.09955487060546875,0.30718441772460936,3,0.4067392883300781,0.046098325236739734,"{'fraction': 0.09955487060546875, 'thickness': {'median': 2.0, 'p95': 2.8284271247461903, 'max': 4.47213595499958, 'mean': 2.331802601354929}, 'components': {'n_components': 12, 'n_components_ge_min_size': 12, 'largest_component_fraction': 0.11502801471638587, 'fragment_fraction': 0.0, 'median_planarity': 0.01534600688979228, 'worst_planarity': 0.02167425839829955}, 'border_touch_fraction': 0.0, 'junctions': {'n_samples': 4000, 'junction_fraction': 0.00225, 'junctions': 9, 'radius': 5}}","{'fraction': 0.30718441772460936, 'thickness': {'median': 65.23802572120036, 'p95': 236.05931458004363, 'max': 352.1363372331802, 'mean': 85.96676120110892}, 'components': {'n_components': 1, 'n_components_ge_min_size': 1, 'largest_component_fraction': 1.0, 'fragment_fraction': 0.0, 'median_planarity': 0.17237860002122576, 'worst_planarity': 0.17237860002122576}, 'border_touch_fraction': 0.06103825232700886, 'junctions': {'n_samples': 4000, 'junction_fraction': 0.00025, 'junctions': 1, 'radius': 5}}",1,0.09955487060546875,2.0,2.8284271247461903,12,0.0,0.02167425839829955,0.00225,,,,,
sample_00278,False,True,"[320, 320, 320]",uint8,LZW,839833,,"[320, 320, 320]",uint8,"[0, 1, 2]",0.2680580749511719,0.036147247314453124,0.695794677734375,3,0.7319419250488282,0.025616786466698408,"{'fraction': 0.036147247314453124, 'thickness': {'median': 2.0, 'p95': 2.8284271247461903, 'max': 4.47213595499958, 'mean': 2.3309999503789802}, 'components': {'n_components': 7, 'n_components_ge_min_size': 7, 'largest_component_fraction': 0.2508533330856845, 'fragment_fraction': 0.0, 'median_planarity': 0.01680542239681856, 'worst_planarity': 0.03610286966820096}, 'border_touch_fraction': 0.0, 'junctions': {'n_samples': 4000, 'junction_fraction': 0.00275, 'junctions': 11, 'radius': 5}}","{'fraction': 0.695794677734375, 'thickness': {'median': 159.56190021430555, 'p95': 371.2142238654117, 'max': 501.1586575127681, 'mean': 171.67031990230427}, 'components': {'n_components': 1, 'n_components_ge_min_size': 1, 'largest_component_fraction': 1.0, 'fragment_fraction': 0.0, 'median_planarity': 0.21701034814626605, 'worst_planarity': 0.21701034814626605}, 'border_touch_fraction': 0.02694760480355091, 'junctions': {'n_samples': 4000, 'junction_fraction': 0.0, 'junctions': 0, 'radius': 5}}",1,0.036147247314453124,2.0,2.8284271247461903,7,0.0,0.03610286966820096,0.00275,,,,,
sample_00284,False,True,"[320, 320, 320]",uint8,LZW,608057,,"[320, 320, 320]",uint8,"[0, 1, 2]",0.08125503540039063,0.01871746826171875,0.9000274963378906,3,0.9187449645996094,0.020408275117100947,"{'fraction': 0.01871746826171875, 'thickness': {'median': 2.0, 'p95': 2.8284271247461903, 'max': 4.47213595499958, 'mean': 2.3218581365050714}, 'components': {'n_components': 2, 'n_components_ge_min_size': 2, 'largest_component_fraction': 0.5008934772896986, 'fragment_fraction': 0.0, 'median_planarity': 0.02309248027460409, 'worst_planarity': 0.027528186962213406}, 'border_touch_fraction': 0.0, 'junctions': {'n_samples': 4000, 'junction_fraction': 0.00125, 'junctions': 5, 'radius': 5}}","{'fraction': 0.9000274963378906, 'thickness': {'median': 129.36769303036982, 'p95': 329.3693974829, 'max': 493.40449937145894, 'mean': 144.103039219926}, 'components': {'n_components': 1, 'n_components_ge_min_size': 1, 'largest_component_fraction': 1.0, 'fragment_fraction': 0.0, 'median_planarity': 0.3200779015776559, 'worst_planarity': 0.3200779015776559}, 'border_touch_fraction': 0.02083269686347541, 'junctions': {'n_samples': 4000, 'junction_fraction': 0.0, 'junctions': 0, 'radius': 5}}",1,0.01871746826171875,2.0,2.8284271247461903,2,0.0,0.027528186962213406,0.00125,,,,,
sample_00285,False,True,"[320, 320, 320]",uint8,LZW,687209,,"[320, 320, 320]",uint8,"[0, 1, 2]",0.12005233764648438,0.021786712646484376,0.8581609497070313,3,0.8799476623535156,0.021308085471641675,"{'fraction': 0.021786712646484376, 'thickness': {'median': 2.0, 'p95': 2.8284271247461903, 'max': 4.47213595499958, 'mean': 2.3500577350312324}, 'components': {'n_components': 3, 'n_components_ge_min_size': 3, 'largest_component_fraction': 0.38158331547386426, 'fragment_fraction': 0.0, 'median_planarity': 0.017156732276092712, 'worst_planarity': 0.01794568084770362}, 'border_touch_fraction': 0.0, 'junctions': {'n_samples': 4000, 'junction_fraction': 0.0035, 'junctions': 14, 'radius': 5}}","{'fraction': 0.8581609497070313, 'thickness': {'median': 160.822883943797, 'p95': 414.77222664976017, 'max': 570.3647955475514, 'mean': 182.28264008089099}, 'components': {'n_components': 1, 'n_components_ge_min_size': 1, 'largest_component_fraction': 1.0, 'fragment_fraction': 0.0, 'median_planarity': 0.3250453145065081, 'worst_planarity': 0.3250453145065081}, 'border_touch_fraction': 0.02184904825417783, 'junctions': {'n_samples': 4000, 'junction_fraction': 0.0, 'junctions': 0, 'radius': 5}}",1,0.021786712646484376,2.0,2.8284271247461903,3,0.0,0.01794568084770362,0.0035,,,,,
sample_00286,False,True,"[320, 320, 320]",uint8,LZW,719817,,"[320, 320, 320]",uint8,"[0, 1, 2]",0.18045306396484376,0.03485977172851563,0.7846871643066406,3,0.8195469360351563,0.02287849441632917,"{'fraction': 0.03485977172851563, 'thickness': {'median': 2.0, 'p95': 2.8284271247461903, 'max': 4.0, 'mean': 2.31855919717269}, 'components': {'n_components': 9, 'n_components_ge_min_size': 9, 'largest_component_fraction': 0.2492547831758274, 'fragment_fraction': 0.0, 'median_planarity': 0.011959582519302842, 'worst_planarity': 0.05896925329453559}, 'border_touch_fraction': 0.0, 'junctions': {'n_samples': 4000, 'junction_fraction': 0.00225, 'junctions': 9, 'radius': 5}}","{'fraction': 0.7846871643066406, 'thickness': {'median': 153.39491503143466, 'p95': 403.79227332730704, 'max': 607.6512157479815, 'mean': 169.0045737054228}, 'components': {'n_components': 1, 'n_components_ge_min_size': 1, 'largest_component_fraction': 1.0, 'fragment_fraction': 0.0, 'median_planarity': 0.26766760655060723, 'worst_planarity': 0.26766760655060723}, 'border_touch_fraction': 0.023894872826889853, 'junctions': {'n_samples': 4000, 'junction_fraction': 0.0, 'junctions': 0, 'radius': 5}}",1,0.03485977172851563,2.0,2.8284271247461903,9,0.0,0.05896925329453559,0.00225,,,,,
sample_00288,False,True,"[320, 320, 320]",uint8,LZW,869625,,"[320, 320, 320]",uint8,"[0, 1, 2]",0.44224029541015625,0.07063925170898437,0.48712045288085937,3,0.5577597045898437,0.033616627098919,"{'fraction': 0.07063925170898437, 'thickness': {'median': 2.0, 'p95': 4.0, 'max': 4.47213595499958, 'mean': 2.386408853101457}, 'components': {'n_components': 10, 'n_components_ge_min_size': 10, 'largest_component_fraction': 0.1299646132318259, 'fragment_fraction': 0.0, 'median_planarity': 0.0037993088426320665, 'worst_planarity': 0.005654197402454958}, 'border_touch_fraction': 0.0, 'junctions': {'n_samples': 4000, 'junction_fraction': 0.002, 'junctions': 8, 'radius': 5}}","{'fraction': 0.48712045288085937, 'thickness': {'median': 126.13484822659616, 'p95': 301.47636723298893, 'max': 417.0611465960357, 'mean': 134.31818298892054}, 'components': {'n_components': 1, 'n_components_ge_min_size': 1, 'largest_component_fraction': 1.0, 'fragment_fraction': 0.0, 'median_planarity': 0.1870516639114868, 'worst_planarity': 0.1870516639114868}, 'border_touch_fraction': 0.03849150633916392, 'junctions': {'n_samples': 4000, 'junction_fraction': 0.0, 'junctions': 0, 'radius': 5}}",1,0.07063925170898437,2.0,4.0,10,0.0,0.005654197402454958,0.002,,,,,
sample_00291,False,True,"[320, 320, 320]",uint8,LZW,886729,,"[320, 320, 320]",uint8,"[0, 1, 2]",0.3170711669921875,0.03527059936523438,0.6476582336425781,3,0.6829288330078125,0.02745527658778101,"{'fraction': 0.03527059936523438, 'thickness': {'median': 2.0, 'p95': 3.4641016151377544, 'max': 4.47213595499958, 'mean': 2.3413833249235765}, 'components': {'n_components': 4, 'n_components_ge_min_size': 4, 'largest_component_fraction': 0.3358035971540484, 'fragment_fraction': 0.0, 'median_planarity': 0.02021928930977482, 'worst_planarity': 0.025337832520214244}, 'border_touch_fraction': 0.0, 'junctions': {'n_samples': 4000, 'junction_fraction': 0.00225, 'junctions': 9, 'radius': 5}}","{'fraction': 0.6476582336425781, 'thickness': {'median': 132.5745073534124, 'p95': 400.6844144710398, 'max': 553.9819491644109, 'mean': 159.71922487775876}, 'components': {'n_components': 1, 'n_components_ge_min_size': 1, 'largest_component_fraction': 1.0, 'fragment_fraction': 0.0, 'median_planarity': 0.3016002544117446, 'worst_planarity': 0.3016002544117446}, 'border_touch_fraction': 0.028950454153181548, 'junctions': {'n_samples': 4000, 'junction_fraction': 0.0, 'junctions': 0, 'radius': 5}}",1,0.03527059936523438,2.0,3.4641016151377544,4,0.0,0.025337832520214244,0.00225,,,,,
sample_00295,False,True,"[320, 320, 320]",uint8,LZW,996905,,"[320, 320, 320]",uint8,"[0, 1, 2]",0.17770831298828124,0.0452364501953125,0.7770552368164062,3,0.8222916870117187,0.02280212763446408,"{'fraction': 0.0452364501953125, 'thickness': {'median': 2.0, 'p95': 3.4641016151377544, 'max': 4.47213595499958, 'mean': 2.3484814985434954}, 'components': {'n_components': 5, 'n_components_ge_min_size': 5, 'largest_component_fraction': 0.20219886825140254, 'fragment_fraction': 0.0, 'median_planarity': 0.004344369493065562, 'worst_planarity': 0.004984575777804418}, 'border_touch_fraction': 0.0, 'junctions': {'n_samples': 4000, 'junction_fraction': 0.001, 'junctions': 4, 'radius': 5}}","{'fraction': 0.7770552368164062, 'thickness': {'median': 86.39444426582071, 'p95': 311.47487857349745, 'max': 480.0083332609966, 'mean': 112.6905983223743}, 'components': {'n_components': 1, 'n_components_ge_min_size': 1, 'largest_component_fraction': 1.0, 'fragment_fraction': 0.0, 'median_planarity': 0.3104560641353807, 'worst_planarity': 0.3104560641353807}, 'border_touch_fraction': 0.02412955876446919, 'junctions': {'n_samples': 4000, 'junction_fraction': 0.0, 'junctions': 0, 'radius': 5}}",1,0.0452364501953125,2.0,3.4641016151377544,5,0.0,0.004984575777804418,0.001,,,,,
sample_00301,False,True,"[320, 320, 320]",uint8,LZW,554793,,"[320, 320, 320]",uint8,"[0, 1, 2]",0.0937774658203125,0.019485260009765627,0.8867372741699219,3,0.9062225341796875,0.020690282235116233,"{'fraction': 0.019485260009765627, 'thickness': {'median': 2.0, 'p95': 2.8284271247461903, 'max': 4.47213595499958, 'mean': 2.315020400448065}, 'components': {'n_components': 6, 'n_components_ge_min_size': 6, 'largest_component_fraction': 0.28777292781596664, 'fragment_fraction': 0.0, 'median_planarity': 0.0026749849017041567, 'worst_planarity': 0.013316285126301546}, 'border_touch_fraction': 0.0, 'junctions': {'n_samples': 4000, 'junction_fraction': 0.00275, 'junctions': 11, 'radius': 5}}","{'fraction': 0.8867372741699219, 'thickness': {'median': 264.21582084666204, 'p95': 529.2876344359166, 'max': 676.8338053023061, 'mean': 269.7300467157974}, 'components': {'n_components': 1, 'n_components_ge_min_size': 1, 'largest_component_fraction': 1.0, 'fragment_fraction': 0.0, 'median_planarity': 0.2622215212124706, 'worst_planarity': 0.2622215212124706}, 'border_touch_fraction': 0.021144932717023706, 'junctions': {'n_samples': 4000, 'junction_fraction': 0.0, 'junctions': 0, 'radius': 5}}",1,0.019485260009765627,2.0,2.8284271247461903,6,0.0,0.013316285126301546,0.00275,,,,,
sample_00302,False,True,"[320, 320, 320]",uint8,LZW,596953,,"[320, 320, 320]",uint8,"[0, 1, 2]",0.0780316162109375,0.017763336181640624,0.9042050476074219,3,0.9219683837890625,0.020336922967946175,"{'fraction': 0.017763336181640624, 'thickness': {'median': 2.0, 'p95': 4.0, 'max': 4.47213595499958, 'mean': 2.458656596720889}, 'components': {'n_components': 2, 'n_components_ge_min_size': 2, 'largest_component_fraction': 0.5101714745159079, 'fragment_fraction': 0.0, 'median_planarity': 0.0009067417965741713, 'worst_planarity': 0.0010596192789040961}, 'border_touch_fraction': 0.0, 'junctions': {'n_samples': 4000, 'junction_fraction': 0.00125, 'junctions': 5, 'radius': 5}}","{'fraction': 0.9042050476074219, 'thickness': {'median': 221.85580902919807, 'p95': 481.8713521262703, 'max': 567.7886930892513, 'mean': 230.03007281512615}, 'components': {'n_components': 1, 'n_components_ge_min_size': 1, 'largest_component_fraction': 1.0, 'fragment_fraction': 0.0, 'median_planarity': 0.3103736223864507, 'worst_planarity': 0.3103736223864507}, 'border_touch_fraction': 0.02073644694819341, 'junctions': {'n_samples': 4000, 'junction_fraction': 0.0, 'junctions': 0, 'radius': 5}}",1,0.017763336181640624,2.0,4.0,2,0.0,0.0010596192789040961,0.00125,,,,,
sample_00303,False,True,"[320, 320, 320]",uint8,LZW,845097,,"[320, 320, 320]",uint8,"[0, 1, 2]",0.2884259948730469,0.036440185546875,0.6751338195800781,3,0.7115740051269531,0.026350035084059573,"{'fraction': 0.036440185546875, 'thickness': {'median': 2.0, 'p95': 3.4641016151377544, 'max': 4.47213595499958, 'mean': 2.3614511091049604}, 'components': {'n_components': 8, 'n_components_ge_min_size': 8, 'largest_component_fraction': 0.25064317729584146, 'fragment_fraction': 0.0, 'median_planarity': 0.010545131420291377, 'worst_planarity': 0.042908466499555535}, 'border_touch_fraction': 0.0, 'junctions': {'n_samples': 4000, 'junction_fraction': 0.00575, 'junctions': 23, 'radius': 5}}","{'fraction': 0.6751338195800781, 'thickness': {'median': 154.0, 'p95': 336.2085662179343, 'max': 479.17011592961427, 'mean': 159.13016641442542}, 'components': {'n_components': 1, 'n_components_ge_min_size': 1, 'largest_component_fraction': 1.0, 'fragment_fraction': 0.0, 'median_planarity': 0.20709809494823464, 'worst_planarity': 0.20709809494823464}, 'border_touch_fraction': 0.02777227189072262, 'junctions': {'n_samples': 4000, 'junction_fraction': 0.0, 'junctions': 0, 'radius': 5}}",1,0.036440185546875,2.0,3.4641016151377544,8,0.0,0.042908466499555535,0.00575,,,,,
sample_00309,False,True,"[320, 320, 320]",uint8,LZW,529017,,"[320, 320, 320]",uint8,"[0, 1, 2]",0.2733863525390625,0.03643612670898438,0.6901775207519532,3,0.7266136474609375,0.025804635056772718,"{'fraction': 0.03643612670898438, 'thickness': {'median': 2.0, 'p95': 4.0, 'max': 4.47213595499958, 'mean': 2.4166464380611745}, 'components': {'n_components': 4, 'n_components_ge_min_size': 4, 'largest_component_fraction': 0.25100277317350383, 'fragment_fraction': 0.0, 'median_planarity': 0.011383230214124424, 'worst_planarity': 0.015835783337530943}, 'border_touch_fraction': 0.0, 'junctions': {'n_samples': 4000, 'junction_fraction': 0.00425, 'junctions': 17, 'radius': 5}}","{'fraction': 0.6901775207519532, 'thickness': {'median': 118.94536560959405, 'p95': 314.94761469171345, 'max': 384.2395086401189, 'mean': 136.9587675011758}, 'components': {'n_components': 1, 'n_components_ge_min_size': 1, 'largest_component_fraction': 1.0, 'fragment_fraction': 0.0, 'median_planarity': 0.30793328541880655, 'worst_planarity': 0.30793328541880655}, 'border_touch_fraction': 0.027166923633751134, 'junctions': {'n_samples': 4000, 'junction_fraction': 0.00025, 'junctions': 1, 'radius': 5}}",1,0.03643612670898438,2.0,4.0,4,0.0,0.015835783337530943,0.00425,,,,,
sample_00324,False,True,"[320, 320, 320]",uint8,LZW,967945,,"[320, 320, 320]",uint8,"[0, 1, 2]",0.16601412963867188,0.0452772216796875,0.7887086486816406,3,0.8339858703613281,0.02248239528551782,"{'fraction': 0.0452772216796875, 'thickness': {'median': 2.0, 'p95': 4.0, 'max': 4.47213595499958, 'mean': 2.4747306566077145}, 'components': {'n_components': 5, 'n_components_ge_min_size': 5, 'largest_component_fraction': 0.2004887965037435, 'fragment_fraction': 0.0, 'median_planarity': 0.003943729521157079, 'worst_planarity': 0.005359470817893293}, 'border_touch_fraction': 0.0, 'junctions': {'n_samples': 4000, 'junction_fraction': 0.00175, 'junctions': 7, 'radius': 5}}","{'fraction': 0.7887086486816406, 'thickness': {'median': 64.99230723708769, 'p95': 197.2115614776695, 'max': 252.53910588263355, 'mean': 77.27113908158091}, 'components': {'n_components': 1, 'n_components_ge_min_size': 1, 'largest_component_fraction': 1.0, 'fragment_fraction': 0.0, 'median_planarity': 0.3220837778706059, 'worst_planarity': 0.3220837778706059}, 'border_touch_fraction': 0.023773037142855485, 'junctions': {'n_samples': 4000, 'junction_fraction': 0.0, 'junctions': 0, 'radius': 5}}",1,0.0452772216796875,2.0,4.0,5,0.0,0.005359470817893293,0.00175,,,,,
sample_00325,False,True,"[320, 320, 320]",uint8,LZW,962441,,"[320, 320, 320]",uint8,"[0, 1, 2]",0.3255323486328125,0.045703857421875,0.6287637939453125,3,0.6744676513671874,0.027799702420112506,"{'fraction': 0.045703857421875, 'thickness': {'median': 2.0, 'p95': 4.0, 'max': 5.656854249492381, 'mean': 2.417858298635531}, 'components': {'n_components': 5, 'n_components_ge_min_size': 5, 'largest_component_fraction': 0.20275182555835108, 'fragment_fraction': 0.0, 'median_planarity': 0.004879301242325759, 'worst_planarity': 0.00853579031484503}, 'border_touch_fraction': 0.0, 'junctions': {'n_samples': 4000, 'junction_fraction': 0.003, 'junctions': 12, 'radius': 5}}","{'fraction': 0.6287637939453125, 'thickness': {'median': 99.34787314624745, 'p95': 276.06520968785617, 'max': 364.9767115858216, 'mean': 117.87889045752736}, 'components': {'n_components': 1, 'n_components_ge_min_size': 1, 'largest_component_fraction': 1.0, 'fragment_fraction': 0.0, 'median_planarity': 0.30928673767477094, 'worst_planarity': 0.30928673767477094}, 'border_touch_fraction': 0.02982041933799834, 'junctions': {'n_samples': 4000, 'junction_fraction': 0.0, 'junctions': 0, 'radius': 5}}",1,0.045703857421875,2.0,4.0,5,0.0,0.00853579031484503,0.003,,,,,
sample_00330,False,True,"[320, 320, 320]",uint8,LZW,1371897,,"[320, 320, 320]",uint8,"[0, 1, 2]",0.7153759460449218,0.07961761474609375,0.20500643920898437,3,0.2846240539550781,0.06587637179449102,"{'fraction': 0.07961761474609375, 'thickness': {'median': 2.0, 'p95': 4.0, 'max': 4.47213595499958, 'mean': 2.400198093005005}, 'components': {'n_components': 9, 'n_components_ge_min_size': 9, 'largest_component_fraction': 0.1158341989566524, 'fragment_fraction': 0.0, 'median_planarity': 0.00582680989997835, 'worst_planarity': 0.007767126270887576}, 'border_touch_fraction': 0.0, 'junctions': {'n_samples': 4000, 'junction_fraction': 0.00275, 'junctions': 11, 'radius': 5}}","{'fraction': 0.20500643920898437, 'thickness': {'median': 28.284271247461902, 'p95': 88.04544281222056, 'max': 146.66969693839283, 'mean': 34.30641129862922}, 'components': {'n_components': 1, 'n_components_ge_min_size': 1, 'largest_component_fraction': 1.0, 'fragment_fraction': 0.0, 'median_planarity': 0.17710356686967124, 'worst_planarity': 0.17710356686967124}, 'border_touch_fraction': 0.09146054178759808, 'junctions': {'n_samples': 4000, 'junction_fraction': 0.0, 'junctions': 0, 'radius': 5}}",1,0.07961761474609375,2.0,4.0,9,0.0,0.007767126270887576,0.00275,,,,,
sample_00332,False,True,"[320, 320, 320]",uint8,LZW,1241257,,"[320, 320, 320]",uint8,"[0, 1, 2]",0.5923871459960938,0.06334799194335937,0.34426486206054685,3,0.40761285400390623,0.04599953072093334,"{'fraction': 0.06334799194335937, 'thickness': {'median': 2.0, 'p95': 3.4641016151377544, 'max': 4.47213595499958, 'mean': 2.362270911707463}, 'components': {'n_components': 7, 'n_components_ge_min_size': 7, 'largest_component_fraction': 0.1532729514155354, 'fragment_fraction': 0.0, 'median_planarity': 0.029453300669487644, 'worst_planarity': 0.04780591810132338}, 'border_touch_fraction': 0.0, 'junctions': {'n_samples': 4000, 'junction_fraction': 0.00375, 'junctions': 15, 'radius': 5}}","{'fraction': 0.34426486206054685, 'thickness': {'median': 59.531504264548865, 'p95': 175.03142574977787, 'max': 274.58332068791066, 'mean': 69.80871815337798}, 'components': {'n_components': 1, 'n_components_ge_min_size': 1, 'largest_component_fraction': 1.0, 'fragment_fraction': 0.0, 'median_planarity': 0.17695127344340658, 'worst_planarity': 0.17695127344340658}, 'border_touch_fraction': 0.054463879606459466, 'junctions': {'n_samples': 4000, 'junction_fraction': 0.0, 'junctions': 0, 'radius': 5}}",1,0.06334799194335937,2.0,3.4641016151377544,7,0.0,0.04780591810132338,0.00375,,,,,
sample_00335,False,True,"[320, 320, 320]",uint8,LZW,1447081,,"[320, 320, 320]",uint8,"[0, 1, 2]",0.7267604370117188,0.07962030029296875,0.1936192626953125,3,0.2732395629882812,0.0686211022845332,"{'fraction': 0.07962030029296875, 'thickness': {'median': 2.0, 'p95': 2.8284271247461903, 'max': 4.47213595499958, 'mean': 2.3361576147688523}, 'components': {'n_components': 11, 'n_components_ge_min_size': 11, 'largest_component_fraction': 0.1317229833062348, 'fragment_fraction': 0.0, 'median_planarity': 0.005656168345818653, 'worst_planarity': 0.01019723882125573}, 'border_touch_fraction': 0.0, 'junctions': {'n_samples': 4000, 'junction_fraction': 0.004, 'junctions': 16, 'radius': 5}}","{'fraction': 0.1936192626953125, 'thickness': {'median': 42.80186911806539, 'p95': 169.19810873647495, 'max': 265.427956327136, 'mean': 58.61054972420484}, 'components': {'n_components': 1, 'n_components_ge_min_size': 1, 'largest_component_fraction': 1.0, 'fragment_fraction': 0.0, 'median_planarity': 0.2500286147808287, 'worst_planarity': 0.2500286147808287}, 'border_touch_fraction': 0.09683953827210776, 'junctions': {'n_samples': 4000, 'junction_fraction': 0.0, 'junctions': 0, 'radius': 5}}",1,0.07962030029296875,2.0,2.8284271247461903,11,0.0,0.01019723882125573,0.004,,,,,
sample_00336,False,True,"[320, 320, 320]",uint8,LZW,1083241,,"[320, 320, 320]",uint8,"[0, 1, 2]",0.23782955932617186,0.04629183959960938,0.7158786010742187,3,0.7621704406738281,0.024600796618960048,"{'fraction': 0.04629183959960938, 'thickness': {'median': 2.0, 'p95': 2.8284271247461903, 'max': 4.47213595499958, 'mean': 2.3137338244973344}, 'components': {'n_components': 6, 'n_components_ge_min_size': 6, 'largest_component_fraction': 0.21445245571369334, 'fragment_fraction': 0.0, 'median_planarity': 0.0040451420254630785, 'worst_planarity': 0.005425254948239574}, 'border_touch_fraction': 0.0, 'junctions': {'n_samples': 4000, 'junction_fraction': 0.00225, 'junctions': 9, 'radius': 5}}","{'fraction': 0.7158786010742187, 'thickness': {'median': 55.31726674375732, 'p95': 249.23081671414553, 'max': 450.11554072260157, 'mean': 83.79748433448057}, 'components': {'n_components': 1, 'n_components_ge_min_size': 1, 'largest_component_fraction': 1.0, 'fragment_fraction': 0.0, 'median_planarity': 0.2962942681077038, 'worst_planarity': 0.2962942681077038}, 'border_touch_fraction': 0.026191591663536948, 'junctions': {'n_samples': 4000, 'junction_fraction': 0.0, 'junctions': 0, 'radius': 5}}",1,0.04629183959960938,2.0,2.8284271247461903,6,0.0,0.005425254948239574,0.00225,,,,,
sample_00348,False,True,"[320, 320, 320]",uint8,LZW,832745,,"[320, 320, 320]",uint8,"[0, 1, 2]",0.1685216064453125,0.029273712158203125,0.8022046813964844,3,0.8314783935546874,0.022550195104699116,"{'fraction': 0.029273712158203125, 'thickness': {'median': 2.0, 'p95': 2.8284271247461903, 'max': 5.656854249492381, 'mean': 2.332622705011677}, 'components': {'n_components': 4, 'n_components_ge_min_size': 4, 'largest_component_fraction': 0.35876385600698885, 'fragment_fraction': 0.0, 'median_planarity': 0.011714754663576205, 'worst_planarity': 0.017460692809688486}, 'border_touch_fraction': 0.0, 'junctions': {'n_samples': 4000, 'junction_fraction': 0.00275, 'junctions': 11, 'radius': 5}}","{'fraction': 0.8022046813964844, 'thickness': {'median': 82.38931969618392, 'p95': 351.9431772317798, 'max': 496.4433502425025, 'mean': 123.8889003744888}, 'components': {'n_components': 1, 'n_components_ge_min_size': 1, 'largest_component_fraction': 1.0, 'fragment_fraction': 0.0, 'median_planarity': 0.3180268224833137, 'worst_planarity': 0.3180268224833137}, 'border_touch_fraction': 0.023373087236738446, 'junctions': {'n_samples': 4000, 'junction_fraction': 0.0, 'junctions': 0, 'radius': 5}}",1,0.029273712158203125,2.0,2.8284271247461903,4,0.0,0.017460692809688486,0.00275,,,,,
sample_00351,False,True,"[320, 320, 320]",uint8,LZW,754169,,"[320, 320, 320]",uint8,"[0, 1, 2]",0.21066888427734376,0.02517169189453125,0.764159423828125,3,0.7893311157226562,0.02375428971000822,"{'fraction': 0.02517169189453125, 'thickness': {'median': 2.0, 'p95': 3.4641016151377544, 'max': 4.898979485566356, 'mean': 2.3561512892364025}, 'components': {'n_components': 8, 'n_components_ge_min_size': 8, 'largest_component_fraction': 0.3742231694927173, 'fragment_fraction': 0.0, 'median_planarity': 0.020658991217068774, 'worst_planarity': 0.03249358086645537}, 'border_touch_fraction': 0.0, 'junctions': {'n_samples': 4000, 'junction_fraction': 0.0035, 'junctions': 14, 'radius': 5}}","{'fraction': 0.764159423828125, 'thickness': {'median': 76.2102355330306, 'p95': 155.13864766717543, 'max': 213.11030007955975, 'mean': 77.2988544791228}, 'components': {'n_components': 1, 'n_components_ge_min_size': 1, 'largest_component_fraction': 1.0, 'fragment_fraction': 0.0, 'median_planarity': 0.30927104000861527, 'worst_planarity': 0.30927104000861527}, 'border_touch_fraction': 0.024536764731723386, 'junctions': {'n_samples': 4000, 'junction_fraction': 0.0, 'junctions': 0, 'radius': 5}}",1,0.02517169189453125,2.0,3.4641016151377544,8,0.0,0.03249358086645537,0.0035,,,,,
sample_00354,False,True,"[320, 320, 320]",uint8,LZW,734921,,"[320, 320, 320]",uint8,"[0, 1, 2]",0.154640380859375,0.02742437744140625,0.8179352416992187,3,0.845359619140625,0.02217990968040425,"{'fraction': 0.02742437744140625, 'thickness': {'median': 2.0, 'p95': 4.0, 'max': 4.47213595499958, 'mean': 2.4290878822337665}, 'components': {'n_components': 3, 'n_components_ge_min_size': 3, 'largest_component_fraction': 0.33444241422056836, 'fragment_fraction': 0.0, 'median_planarity': 0.004425738879171668, 'worst_planarity': 0.00637295821769752}, 'border_touch_fraction': 0.0, 'junctions': {'n_samples': 4000, 'junction_fraction': 0.00375, 'junctions': 15, 'radius': 5}}","{'fraction': 0.8179352416992187, 'thickness': {'median': 120.68139873236471, 'p95': 290.88176291709055, 'max': 403.05334634512093, 'mean': 132.43269435710394}, 'components': {'n_components': 1, 'n_components_ge_min_size': 1, 'largest_component_fraction': 1.0, 'fragment_fraction': 0.0, 'median_planarity': 0.31017130909403146, 'worst_planarity': 0.31017130909403146}, 'border_touch_fraction': 0.02292357517332036, 'junctions': {'n_samples': 4000, 'junction_fraction': 0.0, 'junctions': 0, 'radius': 5}}",1,0.02742437744140625,2.0,4.0,3,0.0,0.00637295821769752,0.00375,,,,,
sample_00368,False,True,"[320, 320, 320]",uint8,LZW,943449,,"[320, 320, 320]",uint8,"[0, 1, 2]",0.4701097412109375,0.034838775634765624,0.49505148315429687,3,0.5298902587890625,0.0353846852041565,"{'fraction': 0.034838775634765624, 'thickness': {'median': 2.0, 'p95': 3.4641016151377544, 'max': 5.656854249492381, 'mean': 2.3465093949568967}, 'components': {'n_components': 6, 'n_components_ge_min_size': 6, 'largest_component_fraction': 0.28848534114928476, 'fragment_fraction': 0.0, 'median_planarity': 0.008818202720048756, 'worst_planarity': 0.025850130694298992}, 'border_touch_fraction': 0.0, 'junctions': {'n_samples': 4000, 'junction_fraction': 0.00225, 'junctions': 9, 'radius': 5}}","{'fraction': 0.49505148315429687, 'thickness': {'median': 121.29303360045044, 'p95': 322.34794864892723, 'max': 422.1705816373282, 'mean': 135.62563793099937}, 'components': {'n_components': 1, 'n_components_ge_min_size': 1, 'largest_component_fraction': 1.0, 'fragment_fraction': 0.0, 'median_planarity': 0.20560557225793663, 'worst_planarity': 0.20560557225793663}, 'border_touch_fraction': 0.03787484865317741, 'junctions': {'n_samples': 4000, 'junction_fraction': 0.0, 'junctions': 0, 'radius': 5}}",1,0.034838775634765624,2.0,3.4641016151377544,6,0.0,0.025850130694298992,0.00225,,,,,
sample_00369,False,True,"[320, 320, 320]",uint8,LZW,804857,,"[320, 320, 320]",uint8,"[0, 1, 2]",0.3415836181640625,0.025544708251953124,0.6328716735839843,3,0.6584163818359375,0.028477420242365836,"{'fraction': 0.025544708251953124, 'thickness': {'median': 2.0, 'p95': 3.4641016151377544, 'max': 6.0, 'mean': 2.356985655256845}, 'components': {'n_components': 3, 'n_components_ge_min_size': 3, 'largest_component_fraction': 0.371267392948322, 'fragment_fraction': 0.0, 'median_planarity': 0.01070205132164004, 'worst_planarity': 0.012016235233727284}, 'border_touch_fraction': 0.0, 'junctions': {'n_samples': 4000, 'junction_fraction': 0.003, 'junctions': 12, 'radius': 5}}","{'fraction': 0.6328716735839843, 'thickness': {'median': 122.13107712617621, 'p95': 320.2383487081558, 'max': 452.21233950435277, 'mean': 137.91356926426093}, 'components': {'n_components': 1, 'n_components_ge_min_size': 1, 'largest_component_fraction': 1.0, 'fragment_fraction': 0.0, 'median_planarity': 0.273197146566201, 'worst_planarity': 0.273197146566201}, 'border_touch_fraction': 0.029626859255396595, 'junctions': {'n_samples': 4000, 'junction_fraction': 0.0, 'junctions': 0, 'radius': 5}}",1,0.025544708251953124,2.0,3.4641016151377544,3,0.0,0.012016235233727284,0.003,,,,,
sample_00376,False,True,"[320, 320, 320]",uint8,LZW,835657,,"[320, 320, 320]",uint8,"[0, 1, 2]",0.40144464111328126,0.02758990478515625,0.5709654541015625,3,0.5985553588867187,0.03132542332404142,"{'fraction': 0.02758990478515625, 'thickness': {'median': 2.0, 'p95': 3.4641016151377544, 'max': 4.898979485566356, 'mean': 2.36140406674156}, 'components': {'n_components': 3, 'n_components_ge_min_size': 3, 'largest_component_fraction': 0.3772921446000624, 'fragment_fraction': 0.0, 'median_planarity': 0.0119487177857091, 'worst_planarity': 0.04151198007406728}, 'border_touch_fraction': 0.0, 'junctions': {'n_samples': 4000, 'junction_fraction': 0.00325, 'junctions': 13, 'radius': 5}}","{'fraction': 0.5709654541015625, 'thickness': {'median': 97.05668446840743, 'p95': 254.94313091354314, 'max': 336.48774123287166, 'mean': 110.1740970159708}, 'components': {'n_components': 1, 'n_components_ge_min_size': 1, 'largest_component_fraction': 1.0, 'fragment_fraction': 0.0, 'median_planarity': 0.22327947167100715, 'worst_planarity': 0.22327947167100715}, 'border_touch_fraction': 0.03283911463523462, 'junctions': {'n_samples': 4000, 'junction_fraction': 0.0, 'junctions': 0, 'radius': 5}}",1,0.02758990478515625,2.0,3.4641016151377544,3,0.0,0.04151198007406728,0.00325,,,,,
sample_00395,False,True,"[320, 320, 320]",uint8,LZW,851657,,"[320, 320, 320]",uint8,"[0, 1, 2]",0.5022713012695312,0.0320030517578125,0.4657256469726562,3,0.49772869873046877,0.037671124947837385,"{'fraction': 0.0320030517578125, 'thickness': {'median': 2.0, 'p95': 2.8284271247461903, 'max': 6.324555320336759, 'mean': 2.340026620629507}, 'components': {'n_components': 5, 'n_components_ge_min_size': 5, 'largest_component_fraction': 0.35040660795135964, 'fragment_fraction': 0.0, 'median_planarity': 0.007343261248232521, 'worst_planarity': 0.019329779827963037}, 'border_touch_fraction': 0.0, 'junctions': {'n_samples': 4000, 'junction_fraction': 0.0035, 'junctions': 14, 'radius': 5}}","{'fraction': 0.4657256469726562, 'thickness': {'median': 99.13626985114983, 'p95': 269.13936910084334, 'max': 379.7367509209505, 'mean': 112.10907864724925}, 'components': {'n_components': 1, 'n_components_ge_min_size': 1, 'largest_component_fraction': 1.0, 'fragment_fraction': 0.0, 'median_planarity': 0.19641720869070942, 'worst_planarity': 0.19641720869070942}, 'border_touch_fraction': 0.04025975404592836, 'junctions': {'n_samples': 4000, 'junction_fraction': 0.0, 'junctions': 0, 'radius': 5}}",1,0.0320030517578125,2.0,2.8284271247461903,5,0.0,0.019329779827963037,0.0035,,,,,
sample_00399,False,True,"[320, 320, 320]",uint8,LZW,497689,,"[320, 320, 320]",uint8,"[0, 1, 2]",0.14227249145507812,0.0274404296875,0.8302870788574219,3,0.8577275085449219,0.021860089379444222,"{'fraction': 0.0274404296875, 'thickness': {'median': 2.0, 'p95': 4.0, 'max': 4.47213595499958, 'mean': 2.3942647116215965}, 'components': {'n_components': 3, 'n_components_ge_min_size': 3, 'largest_component_fraction': 0.33348717925904836, 'fragment_fraction': 0.0, 'median_planarity': 0.009753992362888089, 'worst_planarity': 0.01262167462843269}, 'border_touch_fraction': 0.0, 'junctions': {'n_samples': 4000, 'junction_fraction': 0.0015, 'junctions': 6, 'radius': 5}}","{'fraction': 0.8302870788574219, 'thickness': {'median': 122.84950142348971, 'p95': 285.12453419514776, 'max': 379.58925169187813, 'mean': 131.98451558283924}, 'components': {'n_components': 1, 'n_components_ge_min_size': 1, 'largest_component_fraction': 1.0, 'fragment_fraction': 0.0, 'median_planarity': 0.31517295297173276, 'worst_planarity': 0.31517295297173276}, 'border_touch_fraction': 0.02258255063513975, 'junctions': {'n_samples': 4000, 'junction_fraction': 0.0, 'junctions': 0, 'radius': 5}}",1,0.0274404296875,2.0,4.0,3,0.0,0.01262167462843269,0.0015,,,,,
sample_00407,False,True,"[320, 320, 320]",uint8,LZW,779833,,"[320, 320, 320]",uint8,"[0, 1, 2]",0.15613674926757812,0.024256744384765626,0.8196065063476563,3,0.8438632507324219,0.02221923988718094,"{'fraction': 0.024256744384765626, 'thickness': {'median': 2.0, 'p95': 2.8284271247461903, 'max': 4.47213595499958, 'mean': 2.3394196375306517}, 'components': {'n_components': 4, 'n_components_ge_min_size': 4, 'largest_component_fraction': 0.3651730840604143, 'fragment_fraction': 0.0, 'median_planarity': 0.006926500624719436, 'worst_planarity': 0.00807264698858408}, 'border_touch_fraction': 0.0, 'junctions': {'n_samples': 4000, 'junction_fraction': 0.0045, 'junctions': 18, 'radius': 5}}","{'fraction': 0.8196065063476563, 'thickness': {'median': 121.88519188154072, 'p95': 380.5582741029196, 'max': 536.9320254929854, 'mean': 148.32896232082135}, 'components': {'n_components': 1, 'n_components_ge_min_size': 1, 'largest_component_fraction': 1.0, 'fragment_fraction': 0.0, 'median_planarity': 0.3084159433383547, 'worst_planarity': 0.3084159433383547}, 'border_touch_fraction': 0.022876831570742467, 'junctions': {'n_samples': 4000, 'junction_fraction': 0.0, 'junctions': 0, 'radius': 5}}",1,0.024256744384765626,2.0,2.8284271247461903,4,0.0,0.00807264698858408,0.0045,,,,,
sample_00412,False,True,"[320, 320, 320]",uint8,LZW,1053561,,"[320, 320, 320]",uint8,"[0, 1, 2]",0.42468121337890624,0.04549307250976563,0.5298257141113282,3,0.5753187866210937,0.03259062703326737,"{'fraction': 0.04549307250976563, 'thickness': {'median': 2.0, 'p95': 2.8284271247461903, 'max': 4.898979485566356, 'mean': 2.3311826805917804}, 'components': {'n_components': 8, 'n_components_ge_min_size': 8, 'largest_component_fraction': 0.23238884375773536, 'fragment_fraction': 0.0, 'median_planarity': 0.008681630806795175, 'worst_planarity': 0.016543264955043484}, 'border_touch_fraction': 0.0, 'junctions': {'n_samples': 4000, 'junction_fraction': 0.0015, 'junctions': 6, 'radius': 5}}","{'fraction': 0.5298257141113282, 'thickness': {'median': 127.32635233917604, 'p95': 351.3915195334116, 'max': 472.8847639753262, 'mean': 146.28024731192667}, 'components': {'n_components': 1, 'n_components_ge_min_size': 1, 'largest_component_fraction': 1.0, 'fragment_fraction': 0.0, 'median_planarity': 0.20374028905117475, 'worst_planarity': 0.20374028905117475}, 'border_touch_fraction': 0.035388995853946434, 'junctions': {'n_samples': 4000, 'junction_fraction': 0.0, 'junctions': 0, 'radius': 5}}",1,0.04549307250976563,2.0,2.8284271247461903,8,0.0,0.016543264955043484,0.0015,,,,,
sample_00437,False,True,"[320, 320, 320]",uint8,LZW,868681,,"[320, 320, 320]",uint8,"[0, 1, 2]",0.26900674438476563,0.03647476196289062,0.6945184936523437,3,0.7309932556152344,0.025650031455104493,"{'fraction': 0.03647476196289062, 'thickness': {'median': 2.0, 'p95': 4.0, 'max': 4.898979485566356, 'mean': 2.420498927132822}, 'components': {'n_components': 4, 'n_components_ge_min_size': 4, 'largest_component_fraction': 0.250623951539694, 'fragment_fraction': 0.0, 'median_planarity': 0.004541238818217874, 'worst_planarity': 0.01143351311690462}, 'border_touch_fraction': 0.0, 'junctions': {'n_samples': 4000, 'junction_fraction': 0.005, 'junctions': 20, 'radius': 5}}","{'fraction': 0.6945184936523437, 'thickness': {'median': 104.88088481701516, 'p95': 276.55740814521675, 'max': 362.66789215479224, 'mean': 120.5220604720014}, 'components': {'n_components': 1, 'n_components_ge_min_size': 1, 'largest_component_fraction': 1.0, 'fragment_fraction': 0.0, 'median_planarity': 0.29587101660569876, 'worst_planarity': 0.29587101660569876}, 'border_touch_fraction': 0.02699712127375793, 'junctions': {'n_samples': 4000, 'junction_fraction': 0.0, 'junctions': 0, 'radius': 5}}",1,0.03647476196289062,2.0,4.0,4,0.0,0.01143351311690462,0.005,,,,,
sample_00439,False,True,"[320, 320, 320]",uint8,LZW,624713,,"[320, 320, 320]",uint8,"[0, 1, 2]",0.10681365966796875,0.01819940185546875,0.8749869384765625,3,0.8931863403320313,0.0209922601290901,"{'fraction': 0.01819940185546875, 'thickness': {'median': 2.0, 'p95': 4.0, 'max': 4.47213595499958, 'mean': 2.430248842732975}, 'components': {'n_components': 2, 'n_components_ge_min_size': 2, 'largest_component_fraction': 0.5003705827707517, 'fragment_fraction': 0.0, 'median_planarity': 0.005077551236424803, 'worst_planarity': 0.006742310802552944}, 'border_touch_fraction': 0.0, 'junctions': {'n_samples': 4000, 'junction_fraction': 0.00275, 'junctions': 11, 'radius': 5}}","{'fraction': 0.8749869384765625, 'thickness': {'median': 156.52475842498527, 'p95': 403.950492016039, 'max': 482.7007354458868, 'mean': 181.28283787988846}, 'components': {'n_components': 1, 'n_components_ge_min_size': 1, 'largest_component_fraction': 1.0, 'fragment_fraction': 0.0, 'median_planarity': 0.32782915558850767, 'worst_planarity': 0.32782915558850767}, 'border_touch_fraction': 0.021428891307389772, 'junctions': {'n_samples': 4000, 'junction_fraction': 0.0, 'junctions': 0, 'radius': 5}}",1,0.01819940185546875,2.0,4.0,2,0.0,0.006742310802552944,0.00275,,,,,
sample_00440,False,True,"[320, 320, 320]",uint8,LZW,882153,,"[320, 320, 320]",uint8,"[0, 1, 2]",0.2468427734375,0.04585867309570312,0.7072985534667968,3,0.7531572265625,0.024895200283182903,"{'fraction': 0.04585867309570312, 'thickness': {'median': 2.0, 'p95': 2.8284271247461903, 'max': 4.47213595499958, 'mean': 2.337187613316377}, 'components': {'n_components': 5, 'n_components_ge_min_size': 5, 'largest_component_fraction': 0.2554393866494709, 'fragment_fraction': 0.0, 'median_planarity': 0.004506868272311115, 'worst_planarity': 0.010278965925737666}, 'border_touch_fraction': 0.0, 'junctions': {'n_samples': 4000, 'junction_fraction': 0.00175, 'junctions': 7, 'radius': 5}}","{'fraction': 0.7072985534667968, 'thickness': {'median': 120.31624994156026, 'p95': 362.55206522649956, 'max': 515.0106795009207, 'mean': 144.93294564405323}, 'components': {'n_components': 1, 'n_components_ge_min_size': 1, 'largest_component_fraction': 1.0, 'fragment_fraction': 0.0, 'median_planarity': 0.2902592737318428, 'worst_planarity': 0.2902592737318428}, 'border_touch_fraction': 0.02650931478383151, 'junctions': {'n_samples': 4000, 'junction_fraction': 0.0, 'junctions': 0, 'radius': 5}}",1,0.04585867309570312,2.0,2.8284271247461903,5,0.0,0.010278965925737666,0.00175,,,,,
sample_00441,False,True,"[320, 320, 320]",uint8,LZW,754889,,"[320, 320, 320]",uint8,"[0, 1, 2]",0.16557733154296875,0.028410919189453127,0.8060117492675781,3,0.8344226684570313,0.022470626348959903,"{'fraction': 0.028410919189453127, 'thickness': {'median': 2.0, 'p95': 3.4641016151377544, 'max': 4.47213595499958, 'mean': 2.3696980027962278}, 'components': {'n_components': 3, 'n_components_ge_min_size': 3, 'largest_component_fraction': 0.33830127533784693, 'fragment_fraction': 0.0, 'median_planarity': 0.003347621182752997, 'worst_planarity': 0.00733421207715986}, 'border_touch_fraction': 0.0, 'junctions': {'n_samples': 4000, 'junction_fraction': 0.00225, 'junctions': 9, 'radius': 5}}","{'fraction': 0.8060117492675781, 'thickness': {'median': 123.95160345876934, 'p95': 322.9194945407477, 'max': 424.30649299769146, 'mean': 138.30956769485775}, 'components': {'n_components': 1, 'n_components_ge_min_size': 1, 'largest_component_fraction': 1.0, 'fragment_fraction': 0.0, 'median_planarity': 0.2956240341481907, 'worst_planarity': 0.2956240341481907}, 'border_touch_fraction': 0.02326268818914625, 'junctions': {'n_samples': 4000, 'junction_fraction': 0.0, 'junctions': 0, 'radius': 5}}",1,0.028410919189453127,2.0,3.4641016151377544,3,0.0,0.00733421207715986,0.00225,,,,,
sample_00444,False,True,"[320, 320, 320]",uint8,LZW,633977,,"[320, 320, 320]",uint8,"[0, 1, 2]",0.1579080810546875,0.027997314453125,0.8140946044921875,3,0.8420919189453125,0.022265977832305585,"{'fraction': 0.027997314453125, 'thickness': {'median': 2.0, 'p95': 2.8284271247461903, 'max': 4.47213595499958, 'mean': 2.322682660882983}, 'components': {'n_components': 8, 'n_components_ge_min_size': 8, 'largest_component_fraction': 0.2854953478029596, 'fragment_fraction': 0.0, 'median_planarity': 0.0023453333240365023, 'worst_planarity': 0.019498265644843363}, 'border_touch_fraction': 0.0, 'junctions': {'n_samples': 4000, 'junction_fraction': 0.00275, 'junctions': 11, 'radius': 5}}","{'fraction': 0.8140946044921875, 'thickness': {'median': 212.00943375236866, 'p95': 453.16222260907847, 'max': 594.1683263183927, 'mean': 219.42241707242542}, 'components': {'n_components': 1, 'n_components_ge_min_size': 1, 'largest_component_fraction': 1.0, 'fragment_fraction': 0.0, 'median_planarity': 0.24819258505375708, 'worst_planarity': 0.24819258505375708}, 'border_touch_fraction': 0.02303172124779748, 'junctions': {'n_samples': 4000, 'junction_fraction': 0.0, 'junctions': 0, 'radius': 5}}",1,0.027997314453125,2.0,2.8284271247461903,8,0.0,0.019498265644843363,0.00275,,,,,
sample_00452,False,True,"[320, 320, 320]",uint8,LZW,742825,,"[320, 320, 320]",uint8,"[0, 1, 2]",0.18302621459960938,0.032898834228515625,0.784074951171875,3,0.8169737854003907,0.022950552802389876,"{'fraction': 0.032898834228515625, 'thickness': {'median': 2.0, 'p95': 2.8284271247461903, 'max': 5.656854249492381, 'mean': 2.325439438650508}, 'components': {'n_components': 10, 'n_components_ge_min_size': 10, 'largest_component_fraction': 0.21194142272610478, 'fragment_fraction': 0.0, 'median_planarity': 0.0032912549993856016, 'worst_planarity': 0.00868113069803801}, 'border_touch_fraction': 0.0, 'junctions': {'n_samples': 4000, 'junction_fraction': 0.004, 'junctions': 16, 'radius': 5}}","{'fraction': 0.784074951171875, 'thickness': {'median': 122.47448713915891, 'p95': 228.76275917526078, 'max': 320.08748804037936, 'mean': 120.6879621233851}, 'components': {'n_components': 1, 'n_components_ge_min_size': 1, 'largest_component_fraction': 1.0, 'fragment_fraction': 0.0, 'median_planarity': 0.21578635828840706, 'worst_planarity': 0.21578635828840706}, 'border_touch_fraction': 0.023913530169502713, 'junctions': {'n_samples': 4000, 'junction_fraction': 0.0, 'junctions': 0, 'radius': 5}}",1,0.032898834228515625,2.0,2.8284271247461903,10,0.0,0.00868113069803801,0.004,,,,,
sample_00453,False,True,"[320, 320, 320]",uint8,LZW,1117529,,"[320, 320, 320]",uint8,"[0, 1, 2]",0.37911721801757814,0.055740966796875,0.5651418151855468,3,0.6208827819824219,0.030198936971859595,"{'fraction': 0.055740966796875, 'thickness': {'median': 2.0, 'p95': 2.8284271247461903, 'max': 5.656854249492381, 'mean': 2.3305294546295334}, 'components': {'n_components': 11, 'n_components_ge_min_size': 11, 'largest_component_fraction': 0.16482600792764382, 'fragment_fraction': 0.0, 'median_planarity': 0.006921451213658497, 'worst_planarity': 0.020607330709592683}, 'border_touch_fraction': 0.0, 'junctions': {'n_samples': 4000, 'junction_fraction': 0.005, 'junctions': 20, 'radius': 5}}","{'fraction': 0.5651418151855468, 'thickness': {'median': 65.60487786742691, 'p95': 132.9812016790343, 'max': 180.14438653480158, 'mean': 66.35285403314532}, 'components': {'n_components': 1, 'n_components_ge_min_size': 1, 'largest_component_fraction': 1.0, 'fragment_fraction': 0.0, 'median_planarity': 0.16858055220046284, 'worst_planarity': 0.16858055220046284}, 'border_touch_fraction': 0.0331775131412706, 'junctions': {'n_samples': 4000, 'junction_fraction': 0.0, 'junctions': 0, 'radius': 5}}",1,0.055740966796875,2.0,2.8284271247461903,11,0.0,0.020607330709592683,0.005,,,,,
sample_00454,False,True,"[320, 320, 320]",uint8,LZW,1190121,,"[320, 320, 320]",uint8,"[0, 1, 2]",0.4435789794921875,0.06314846801757812,0.4932725524902344,3,0.5564210205078125,0.03369750478313703,"{'fraction': 0.06314846801757812, 'thickness': {'median': 2.0, 'p95': 2.8284271247461903, 'max': 4.47213595499958, 'mean': 2.3315605142944054}, 'components': {'n_components': 7, 'n_components_ge_min_size': 7, 'largest_component_fraction': 0.1546063330222704, 'fragment_fraction': 0.0, 'median_planarity': 0.005937132892158174, 'worst_planarity': 0.007545619836529079}, 'border_touch_fraction': 0.0, 'junctions': {'n_samples': 4000, 'junction_fraction': 0.00225, 'junctions': 9, 'radius': 5}}","{'fraction': 0.4932725524902344, 'thickness': {'median': 82.46211251235322, 'p95': 245.8377513663356, 'max': 385.507457774814, 'mean': 97.93056461441304}, 'components': {'n_components': 1, 'n_components_ge_min_size': 1, 'largest_component_fraction': 1.0, 'fragment_fraction': 0.0, 'median_planarity': 0.22970194516298265, 'worst_planarity': 0.22970194516298265}, 'border_touch_fraction': 0.038011439933851185, 'junctions': {'n_samples': 4000, 'junction_fraction': 0.0, 'junctions': 0, 'radius': 5}}",1,0.06314846801757812,2.0,2.8284271247461903,7,0.0,0.007545619836529079,0.00225,,,,,
sample_00458,False,True,"[320, 320, 320]",uint8,LZW,865017,,"[320, 320, 320]",uint8,"[0, 1, 2]",0.18583624267578125,0.03856527709960938,0.7755984802246094,3,0.8141637573242188,0.023029764996691345,"{'fraction': 0.03856527709960938, 'thickness': {'median': 2.0, 'p95': 2.8284271247461903, 'max': 4.898979485566356, 'mean': 2.3361699785773653}, 'components': {'n_components': 4, 'n_components_ge_min_size': 4, 'largest_component_fraction': 0.25272788708141997, 'fragment_fraction': 0.0, 'median_planarity': 0.007287699755403873, 'worst_planarity': 0.007659255432378565}, 'border_touch_fraction': 0.0, 'junctions': {'n_samples': 4000, 'junction_fraction': 0.0025, 'junctions': 10, 'radius': 5}}","{'fraction': 0.7755984802246094, 'thickness': {'median': 110.0, 'p95': 294.57121379695326, 'max': 424.45730056155236, 'mean': 125.38132839737517}, 'components': {'n_components': 1, 'n_components_ge_min_size': 1, 'largest_component_fraction': 1.0, 'fragment_fraction': 0.0, 'median_planarity': 0.28931710119296195, 'worst_planarity': 0.28931710119296195}, 'border_touch_fraction': 0.024174879758106404, 'junctions': {'n_samples': 4000, 'junction_fraction': 0.0, 'junctions': 0, 'radius': 5}}",1,0.03856527709960938,2.0,2.8284271247461903,4,0.0,0.007659255432378565,0.0025,,,,,
sample_00461,False,True,"[320, 320, 320]",uint8,LZW,771225,,"[320, 320, 320]",uint8,"[0, 1, 2]",0.16266738891601562,0.0310118408203125,0.8063207702636719,3,0.8373326110839844,0.022392535238448245,"{'fraction': 0.0310118408203125, 'thickness': {'median': 2.0, 'p95': 4.0, 'max': 4.47213595499958, 'mean': 2.409572075350538}, 'components': {'n_components': 7, 'n_components_ge_min_size': 7, 'largest_component_fraction': 0.2957008293675629, 'fragment_fraction': 0.0, 'median_planarity': 0.006198832541845452, 'worst_planarity': 0.01424448206847644}, 'border_touch_fraction': 0.0, 'junctions': {'n_samples': 4000, 'junction_fraction': 0.00425, 'junctions': 17, 'radius': 5}}","{'fraction': 0.8063207702636719, 'thickness': {'median': 232.91200054956377, 'p95': 465.3695305732458, 'max': 539.6517395506105, 'mean': 235.15055873601773}, 'components': {'n_components': 1, 'n_components_ge_min_size': 1, 'largest_component_fraction': 1.0, 'fragment_fraction': 0.0, 'median_planarity': 0.25578806483667643, 'worst_planarity': 0.25578806483667643}, 'border_touch_fraction': 0.023253772805416677, 'junctions': {'n_samples': 4000, 'junction_fraction': 0.0, 'junctions': 0, 'radius': 5}}",1,0.0310118408203125,2.0,4.0,7,0.0,0.01424448206847644,0.00425,,,,,
sample_00464,False,True,"[320, 320, 320]",uint8,LZW,1273625,,"[320, 320, 320]",uint8,"[0, 1, 2]",0.8204501342773437,0.06342791748046875,0.1161219482421875,3,0.17954986572265624,0.10442781410353379,"{'fraction': 0.06342791748046875, 'thickness': {'median': 2.0, 'p95': 4.0, 'max': 4.47213595499958, 'mean': 2.432081887656521}, 'components': {'n_components': 7, 'n_components_ge_min_size': 7, 'largest_component_fraction': 0.1439232758181029, 'fragment_fraction': 0.0, 'median_planarity': 0.004428201088040224, 'worst_planarity': 0.0070360049384297196}, 'border_touch_fraction': 0.0, 'junctions': {'n_samples': 4000, 'junction_fraction': 0.0045, 'junctions': 18, 'radius': 5}}","{'fraction': 0.1161219482421875, 'thickness': {'median': 10.198039027185569, 'p95': 64.65291950097846, 'max': 104.70912090166739, 'mean': 21.09737791076952}, 'components': {'n_components': 1, 'n_components_ge_min_size': 1, 'largest_component_fraction': 1.0, 'fragment_fraction': 0.0, 'median_planarity': 0.270955093244826, 'worst_planarity': 0.270955093244826}, 'border_touch_fraction': 0.1614681830939869, 'junctions': {'n_samples': 4000, 'junction_fraction': 0.00025, 'junctions': 1, 'radius': 5}}",1,0.06342791748046875,2.0,4.0,7,0.0,0.0070360049384297196,0.0045,,,,,
sample_00465,False,True,"[320, 320, 320]",uint8,LZW,809241,,"[320, 320, 320]",uint8,"[0, 1, 2]",0.2883644714355469,0.027725372314453125,0.68391015625,3,0.7116355285644531,0.02634775702925266,"{'fraction': 0.027725372314453125, 'thickness': {'median': 2.0, 'p95': 4.0, 'max': 4.898979485566356, 'mean': 2.3900109082704284}, 'components': {'n_components': 4, 'n_components_ge_min_size': 4, 'largest_component_fraction': 0.37326046637057586, 'fragment_fraction': 0.0, 'median_planarity': 0.014976217949679498, 'worst_planarity': 0.07455821630040696}, 'border_touch_fraction': 0.0, 'junctions': {'n_samples': 4000, 'junction_fraction': 0.004, 'junctions': 16, 'radius': 5}}","{'fraction': 0.68391015625, 'thickness': {'median': 144.31909024086465, 'p95': 305.588939560465, 'max': 416.9508364303878, 'mean': 148.98714026303563}, 'components': {'n_components': 1, 'n_components_ge_min_size': 1, 'largest_component_fraction': 1.0, 'fragment_fraction': 0.0, 'median_planarity': 0.23439983517713017, 'worst_planarity': 0.23439983517713017}, 'border_touch_fraction': 0.02741588179185634, 'junctions': {'n_samples': 4000, 'junction_fraction': 0.0, 'junctions': 0, 'radius': 5}}",1,0.027725372314453125,2.0,4.0,4,0.0,0.07455821630040696,0.004,,,,,
sample_00472,False,True,"[320, 320, 320]",uint8,LZW,1018393,,"[320, 320, 320]",uint8,"[0, 1, 2]",0.4118086853027344,0.04513372802734375,0.5430575866699219,3,0.5881913146972656,0.031877383313030354,"{'fraction': 0.04513372802734375, 'thickness': {'median': 2.0, 'p95': 2.8284271247461903, 'max': 4.47213595499958, 'mean': 2.337347532923701}, 'components': {'n_components': 5, 'n_components_ge_min_size': 5, 'largest_component_fraction': 0.2485810802587255, 'fragment_fraction': 0.0, 'median_planarity': 0.006250134362470276, 'worst_planarity': 0.007758386457264745}, 'border_touch_fraction': 0.0, 'junctions': {'n_samples': 4000, 'junction_fraction': 0.00125, 'junctions': 5, 'radius': 5}}","{'fraction': 0.5430575866699219, 'thickness': {'median': 97.52948272189288, 'p95': 312.47399891831, 'max': 448.3346964043715, 'mean': 120.18411504983914}, 'components': {'n_components': 1, 'n_components_ge_min_size': 1, 'largest_component_fraction': 1.0, 'fragment_fraction': 0.0, 'median_planarity': 0.23730862143156264, 'worst_planarity': 0.23730862143156264}, 'border_touch_fraction': 0.03452672508449185, 'junctions': {'n_samples': 4000, 'junction_fraction': 0.0, 'junctions': 0, 'radius': 5}}",1,0.04513372802734375,2.0,2.8284271247461903,5,0.0,0.007758386457264745,0.00125,,,,,
sample_00473,False,True,"[320, 320, 320]",uint8,LZW,1259977,,"[320, 320, 320]",uint8,"[0, 1, 2]",0.6386408386230469,0.08867984008789062,0.2726793212890625,3,0.3613591613769531,0.051887435006638366,"{'fraction': 0.08867984008789062, 'thickness': {'median': 2.0, 'p95': 3.4641016151377544, 'max': 4.47213595499958, 'mean': 2.3517575650793985}, 'components': {'n_components': 12, 'n_components_ge_min_size': 12, 'largest_component_fraction': 0.10832520894839774, 'fragment_fraction': 0.0, 'median_planarity': 0.002805716308373979, 'worst_planarity': 0.02350726036758473}, 'border_touch_fraction': 0.0, 'junctions': {'n_samples': 4000, 'junction_fraction': 0.001, 'junctions': 4, 'radius': 5}}","{'fraction': 0.2726793212890625, 'thickness': {'median': 24.08318915758459, 'p95': 98.0612053770501, 'max': 191.34262462922368, 'mean': 32.79548859745939}, 'components': {'n_components': 1, 'n_components_ge_min_size': 1, 'largest_component_fraction': 1.0, 'fragment_fraction': 0.0, 'median_planarity': 0.21366034564755793, 'worst_planarity': 0.21366034564755793}, 'border_touch_fraction': 0.06876208988404903, 'junctions': {'n_samples': 4000, 'junction_fraction': 0.0, 'junctions': 0, 'radius': 5}}",1,0.08867984008789062,2.0,3.4641016151377544,12,0.0,0.02350726036758473,0.001,,,,,
sample_00475,False,True,"[320, 320, 320]",uint8,LZW,578921,,"[320, 320, 320]",uint8,"[0, 1, 2]",0.11508865356445312,0.020154083251953125,0.8647572631835938,3,0.8849113464355469,0.021188563210908798,"{'fraction': 0.020154083251953125, 'thickness': {'median': 2.0, 'p95': 3.4641016151377544, 'max': 4.47213595499958, 'mean': 2.359102844803045}, 'components': {'n_components': 2, 'n_components_ge_min_size': 2, 'largest_component_fraction': 0.5219825895770651, 'fragment_fraction': 0.0, 'median_planarity': 0.011912155452383577, 'worst_planarity': 0.015167864612379773}, 'border_touch_fraction': 0.0, 'junctions': {'n_samples': 4000, 'junction_fraction': 0.00325, 'junctions': 13, 'radius': 5}}","{'fraction': 0.8647572631835938, 'thickness': {'median': 119.63277142990545, 'p95': 338.4316770043844, 'max': 476.0840261970569, 'mean': 139.50062751712468}, 'components': {'n_components': 1, 'n_components_ge_min_size': 1, 'largest_component_fraction': 1.0, 'fragment_fraction': 0.0, 'median_planarity': 0.3171260757965538, 'worst_planarity': 0.3171260757965538}, 'border_touch_fraction': 0.02168238510188639, 'junctions': {'n_samples': 4000, 'junction_fraction': 0.0, 'junctions': 0, 'radius': 5}}",1,0.020154083251953125,2.0,3.4641016151377544,2,0.0,0.015167864612379773,0.00325,,,,,
sample_00477,False,True,"[256, 256, 256]",uint8,LZW,319304,,"[256, 256, 256]",uint8,"[0, 1, 2]",0.2862333655357361,0.041263043880462646,0.6725035905838013,3,0.7137666344642639,0.03283636257050825,"{'fraction': 0.041263043880462646, 'thickness': {'median': 2.0, 'p95': 4.0, 'max': 4.47213595499958, 'mean': 2.452591319505295}, 'components': {'n_components': 4, 'n_components_ge_min_size': 4, 'largest_component_fraction': 0.27321354540582626, 'fragment_fraction': 0.0, 'median_planarity': 0.005439516148313505, 'worst_planarity': 0.0061114291579695106}, 'border_touch_fraction': 0.0, 'junctions': {'n_samples': 4000, 'junction_fraction': 0.004, 'junctions': 16, 'radius': 5}}","{'fraction': 0.6725035905838013, 'thickness': {'median': 134.26093975734184, 'p95': 290.02758489495443, 'max': 349.3594137847154, 'mean': 139.52628264325875}, 'components': {'n_components': 1, 'n_components_ge_min_size': 1, 'largest_component_fraction': 1.0, 'fragment_fraction': 0.0, 'median_planarity': 0.21873138538195977, 'worst_planarity': 0.21873138538195977}, 'border_touch_fraction': 0.034851115039629565, 'junctions': {'n_samples': 4000, 'junction_fraction': 0.0, 'junctions': 0, 'radius': 5}}",1,0.041263043880462646,2.0,4.0,4,0.0,0.0061114291579695106,0.004,,,,,
sample_00478,False,True,"[256, 256, 256]",uint8,NONE,16819802,,"[256, 256, 256]",uint8,"[0, 1, 2]",0.4855917692184448,0.06367403268814087,0.4507341980934143,3,0.5144082307815552,0.04556206257506948,"{'fraction': 0.06367403268814087, 'thickness': {'median': 2.0, 'p95': 4.0, 'max': 4.898979485566356, 'mean': 2.373116579352668}, 'components': {'n_components': 7, 'n_components_ge_min_size': 7, 'largest_component_fraction': 0.18010190279076604, 'fragment_fraction': 0.0, 'median_planarity': 0.011190816197918172, 'worst_planarity': 0.020357628032598017}, 'border_touch_fraction': 0.0, 'junctions': {'n_samples': 4000, 'junction_fraction': 0.00475, 'junctions': 19, 'radius': 5}}","{'fraction': 0.4507341980934143, 'thickness': {'median': 69.05070600652827, 'p95': 170.18813119603846, 'max': 241.7767565337909, 'mean': 75.16973599508978}, 'components': {'n_components': 1, 'n_components_ge_min_size': 1, 'largest_component_fraction': 1.0, 'fragment_fraction': 0.0, 'median_planarity': 0.27202831732441335, 'worst_planarity': 0.27202831732441335}, 'border_touch_fraction': 0.05199849512004988, 'junctions': {'n_samples': 4000, 'junction_fraction': 0.0, 'junctions': 0, 'radius': 5}}",1,0.06367403268814087,2.0,4.0,7,0.0,0.020357628032598017,0.00475,,,,,
sample_00479,False,True,"[256, 256, 256]",uint8,NONE,16819802,,"[256, 256, 256]",uint8,"[0, 1, 2]",0.17314225435256958,0.033412396907806396,0.793445348739624,3,0.8268577456474304,0.02834526268076308,"{'fraction': 0.033412396907806396, 'thickness': {'median': 2.0, 'p95': 3.4641016151377544, 'max': 4.47213595499958, 'mean': 2.348895322812122}, 'components': {'n_components': 3, 'n_components_ge_min_size': 3, 'largest_component_fraction': 0.34743572133215117, 'fragment_fraction': 0.0, 'median_planarity': 0.007812518800094068, 'worst_planarity': 0.010244880969617596}, 'border_touch_fraction': 0.0, 'junctions': {'n_samples': 4000, 'junction_fraction': 0.00375, 'junctions': 15, 'radius': 5}}","{'fraction': 0.793445348739624, 'thickness': {'median': 113.56055653262712, 'p95': 294.6048200556128, 'max': 392.4334338457925, 'mean': 128.99399528653925}, 'components': {'n_components': 1, 'n_components_ge_min_size': 1, 'largest_component_fraction': 1.0, 'fragment_fraction': 0.0, 'median_planarity': 0.2997372305882226, 'worst_planarity': 0.2997372305882226}, 'border_touch_fraction': 0.029538896456107678, 'junctions': {'n_samples': 4000, 'junction_fraction': 0.0, 'junctions': 0, 'radius': 5}}",1,0.033412396907806396,2.0,3.4641016151377544,3,0.0,0.010244880969617596,0.00375,,,,,
sample_00480,False,True,"[256, 256, 256]",uint8,NONE,16819802,,"[256, 256, 256]",uint8,"[0, 1, 2]",0.8278124332427979,0.10351014137268066,0.06867742538452148,3,0.17218756675720215,0.1361160996777932,"{'fraction': 0.10351014137268066, 'thickness': {'median': 2.0, 'p95': 2.8284271247461903, 'max': 5.656854249492381, 'mean': 2.328347282587309}, 'components': {'n_components': 16, 'n_components_ge_min_size': 16, 'largest_component_fraction': 0.11729908580615589, 'fragment_fraction': 0.0, 'median_planarity': 0.007203128793001592, 'worst_planarity': 0.012706654832761755}, 'border_touch_fraction': 0.0, 'junctions': {'n_samples': 4000, 'junction_fraction': 0.002, 'junctions': 8, 'radius': 5}}","{'fraction': 0.06867742538452148, 'thickness': {'median': 4.0, 'p95': 6.0, 'max': 10.392304845413264, 'mean': 4.044944692841716}, 'components': {'n_components': 1, 'n_components_ge_min_size': 1, 'largest_component_fraction': 1.0, 'fragment_fraction': 0.0, 'median_planarity': 0.3318752816059518, 'worst_planarity': 0.3318752816059518}, 'border_touch_fraction': 0.3412693453310838, 'junctions': {'n_samples': 4000, 'junction_fraction': 0.0, 'junctions': 0, 'radius': 5}}",1,0.10351014137268066,2.0,2.8284271247461903,16,0.0,0.012706654832761755,0.002,,,,,
sample_00481,False,True,"[256, 256, 256]",uint8,LZW,418280,,"[256, 256, 256]",uint8,"[0, 1, 2]",0.24438482522964478,0.02275991439819336,0.7328552603721619,3,0.7556151747703552,0.03101777304449063,"{'fraction': 0.02275991439819336, 'thickness': {'median': 2.0, 'p95': 2.8284271247461903, 'max': 4.47213595499958, 'mean': 2.3237350482074817}, 'components': {'n_components': 6, 'n_components_ge_min_size': 6, 'largest_component_fraction': 0.4813616936582095, 'fragment_fraction': 0.0, 'median_planarity': 0.0069970590097130515, 'worst_planarity': 0.018115926979475123}, 'border_touch_fraction': 0.0, 'junctions': {'n_samples': 4000, 'junction_fraction': 0.00375, 'junctions': 15, 'radius': 5}}","{'fraction': 0.7328552603721619, 'thickness': {'median': 144.41606558828556, 'p95': 341.6667967455608, 'max': 464.9860212952643, 'mean': 155.01035953488707}, 'components': {'n_components': 1, 'n_components_ge_min_size': 1, 'largest_component_fraction': 1.0, 'fragment_fraction': 0.0, 'median_planarity': 0.21885730180952923, 'worst_planarity': 0.21885730180952923}, 'border_touch_fraction': 0.03198107630161222, 'junctions': {'n_samples': 4000, 'junction_fraction': 0.0, 'junctions': 0, 'radius': 5}}",1,0.02275991439819336,2.0,2.8284271247461903,6,0.0,0.018115926979475123,0.00375,,,,,
sample_00482,False,True,"[256, 256, 256]",uint8,LZW,402424,,"[256, 256, 256]",uint8,"[0, 1, 2]",0.21101713180541992,0.028412699699401855,0.7605701684951782,3,0.7889828681945801,0.029705968208957118,"{'fraction': 0.028412699699401855, 'thickness': {'median': 2.0, 'p95': 2.8284271247461903, 'max': 4.898979485566356, 'mean': 2.329863147146492}, 'components': {'n_components': 6, 'n_components_ge_min_size': 6, 'largest_component_fraction': 0.38145236067348315, 'fragment_fraction': 0.0, 'median_planarity': 0.004642814535748733, 'worst_planarity': 0.006165511257565105}, 'border_touch_fraction': 0.0, 'junctions': {'n_samples': 4000, 'junction_fraction': 0.00425, 'junctions': 17, 'radius': 5}}","{'fraction': 0.7605701684951782, 'thickness': {'median': 157.40393895960798, 'p95': 353.0948880966701, 'max': 457.1783021972937, 'mean': 164.5856261336984}, 'components': {'n_components': 1, 'n_components_ge_min_size': 1, 'largest_component_fraction': 1.0, 'fragment_fraction': 0.0, 'median_planarity': 0.22523706865096244, 'worst_planarity': 0.22523706865096244}, 'border_touch_fraction': 0.03081569718461629, 'junctions': {'n_samples': 4000, 'junction_fraction': 0.0, 'junctions': 0, 'radius': 5}}",1,0.028412699699401855,2.0,2.8284271247461903,6,0.0,0.006165511257565105,0.00425,,,,,
sample_00483,False,True,"[256, 256, 256]",uint8,NONE,16819802,,"[256, 256, 256]",uint8,"[0, 1, 2]",0.49834948778152466,0.06681990623474121,0.43483060598373413,3,0.5016505122184753,0.04672077358468372,"{'fraction': 0.06681990623474121, 'thickness': {'median': 2.0, 'p95': 3.4641016151377544, 'max': 4.47213595499958, 'mean': 2.346433016227841}, 'components': {'n_components': 6, 'n_components_ge_min_size': 6, 'largest_component_fraction': 0.17762512354467055, 'fragment_fraction': 0.0, 'median_planarity': 0.005465573804055979, 'worst_planarity': 0.011646937955780657}, 'border_touch_fraction': 0.0, 'junctions': {'n_samples': 4000, 'junction_fraction': 0.00425, 'junctions': 17, 'radius': 5}}","{'fraction': 0.43483060598373413, 'thickness': {'median': 57.201398584300364, 'p95': 161.85178404948152, 'max': 237.9663841806233, 'mean': 66.02089542409388}, 'components': {'n_components': 1, 'n_components_ge_min_size': 1, 'largest_component_fraction': 1.0, 'fragment_fraction': 0.0, 'median_planarity': 0.23506157359038074, 'worst_planarity': 0.23506157359038074}, 'border_touch_fraction': 0.053900299743106714, 'junctions': {'n_samples': 4000, 'junction_fraction': 0.0, 'junctions': 0, 'radius': 5}}",1,0.06681990623474121,2.0,3.4641016151377544,6,0.0,0.011646937955780657,0.00425,,,,,
sample_00484,False,True,"[256, 256, 256]",uint8,LZW,497464,,"[256, 256, 256]",uint8,"[0, 1, 2]",0.25819194316864014,0.052108705043792725,0.6896993517875671,3,0.7418080568313599,0.0315951003553581,"{'fraction': 0.052108705043792725, 'thickness': {'median': 2.0, 'p95': 2.8284271247461903, 'max': 5.656854249492381, 'mean': 2.330910296398418}, 'components': {'n_components': 7, 'n_components_ge_min_size': 7, 'largest_component_fraction': 0.2290472056268366, 'fragment_fraction': 0.0, 'median_planarity': 0.004476761527976417, 'worst_planarity': 0.00941335449227341}, 'border_touch_fraction': 0.0, 'junctions': {'n_samples': 4000, 'junction_fraction': 0.0025, 'junctions': 10, 'radius': 5}}","{'fraction': 0.6896993517875671, 'thickness': {'median': 139.67820140861005, 'p95': 321.2042963569423, 'max': 429.5020372477877, 'mean': 147.27297687487356}, 'components': {'n_components': 1, 'n_components_ge_min_size': 1, 'largest_component_fraction': 1.0, 'fragment_fraction': 0.0, 'median_planarity': 0.22448430623145993, 'worst_planarity': 0.22448430623145993}, 'border_touch_fraction': 0.033982198097264465, 'junctions': {'n_samples': 4000, 'junction_fraction': 0.0, 'junctions': 0, 'radius': 5}}",1,0.052108705043792725,2.0,2.8284271247461903,7,0.0,0.00941335449227341,0.0025,,,,,
sample_00485,False,True,"[256, 256, 256]",uint8,NONE,16819802,,"[256, 256, 256]",uint8,"[0, 1, 2]",0.5804266929626465,0.07882022857666016,0.34075307846069336,3,0.4195733070373535,0.05586032191965305,"{'fraction': 0.07882022857666016, 'thickness': {'median': 2.0, 'p95': 2.8284271247461903, 'max': 5.656854249492381, 'mean': 2.3293855367770475}, 'components': {'n_components': 8, 'n_components_ge_min_size': 8, 'largest_component_fraction': 0.16133815896139095, 'fragment_fraction': 0.0, 'median_planarity': 0.010410609444338153, 'worst_planarity': 0.01377913790011526}, 'border_touch_fraction': 0.0, 'junctions': {'n_samples': 4000, 'junction_fraction': 0.0015, 'junctions': 6, 'radius': 5}}","{'fraction': 0.34075307846069336, 'thickness': {'median': 55.31726674375732, 'p95': 187.5419952970534, 'max': 290.23438803835774, 'mean': 69.20229772818661}, 'components': {'n_components': 1, 'n_components_ge_min_size': 1, 'largest_component_fraction': 1.0, 'fragment_fraction': 0.0, 'median_planarity': 0.2224779291401754, 'worst_planarity': 0.2224779291401754}, 'border_touch_fraction': 0.06878147691541273, 'junctions': {'n_samples': 4000, 'junction_fraction': 0.00025, 'junctions': 1, 'radius': 5}}",1,0.07882022857666016,2.0,2.8284271247461903,8,0.0,0.01377913790011526,0.0015,,,,,
sample_00486,False,True,"[256, 256, 256]",uint8,LZW,541016,,"[256, 256, 256]",uint8,"[0, 1, 2]",0.3455720543861389,0.03641796112060547,0.6180099844932556,3,0.6544279456138611,0.03581372121573346,"{'fraction': 0.03641796112060547, 'thickness': {'median': 2.0, 'p95': 2.8284271247461903, 'max': 4.47213595499958, 'mean': 2.334455750305661}, 'components': {'n_components': 5, 'n_components_ge_min_size': 5, 'largest_component_fraction': 0.35827637677743734, 'fragment_fraction': 0.0, 'median_planarity': 0.004734629845100919, 'worst_planarity': 0.01462861075691526}, 'border_touch_fraction': 0.0, 'junctions': {'n_samples': 4000, 'junction_fraction': 0.00275, 'junctions': 11, 'radius': 5}}","{'fraction': 0.6180099844932556, 'thickness': {'median': 107.29398864801327, 'p95': 293.816269120687, 'max': 411.40734072206345, 'mean': 123.02457589340598}, 'components': {'n_components': 1, 'n_components_ge_min_size': 1, 'largest_component_fraction': 1.0, 'fragment_fraction': 0.0, 'median_planarity': 0.2055872715713087, 'worst_planarity': 0.2055872715713087}, 'border_touch_fraction': 0.03792414457384187, 'junctions': {'n_samples': 4000, 'junction_fraction': 0.0, 'junctions': 0, 'radius': 5}}",1,0.03641796112060547,2.0,2.8284271247461903,5,0.0,0.01462861075691526,0.00275,,,,,
sample_00487,False,True,"[256, 256, 256]",uint8,NONE,16819802,,"[256, 256, 256]",uint8,"[0, 1, 2]",0.1707715392112732,0.03562593460083008,0.7936025261878967,3,0.8292284607887268,0.028264225250671265,"{'fraction': 0.03562593460083008, 'thickness': {'median': 2.0, 'p95': 3.4641016151377544, 'max': 4.47213595499958, 'mean': 2.369535794787781}, 'components': {'n_components': 3, 'n_components_ge_min_size': 3, 'largest_component_fraction': 0.3455640250023423, 'fragment_fraction': 0.0, 'median_planarity': 0.010587709106943148, 'worst_planarity': 0.01435514322006494}, 'border_touch_fraction': 0.0, 'junctions': {'n_samples': 4000, 'junction_fraction': 0.006, 'junctions': 24, 'radius': 5}}","{'fraction': 0.7936025261878967, 'thickness': {'median': 92.97311439335567, 'p95': 228.08770243044668, 'max': 333.56258783023014, 'mean': 101.9335119116374}, 'components': {'n_components': 1, 'n_components_ge_min_size': 1, 'largest_component_fraction': 1.0, 'fragment_fraction': 0.0, 'median_planarity': 0.2983721310800197, 'worst_planarity': 0.2983721310800197}, 'border_touch_fraction': 0.02953304611136134, 'junctions': {'n_samples': 4000, 'junction_fraction': 0.0, 'junctions': 0, 'radius': 5}}",1,0.03562593460083008,2.0,3.4641016151377544,3,0.0,0.01435514322006494,0.006,,,,,
sample_00488,False,True,"[256, 256, 256]",uint8,LZW,446760,,"[256, 256, 256]",uint8,"[0, 1, 2]",0.541366696357727,0.0654526948928833,0.39318060874938965,3,0.45863330364227295,0.05110291776429933,"{'fraction': 0.0654526948928833, 'thickness': {'median': 2.0, 'p95': 4.0, 'max': 5.656854249492381, 'mean': 2.426225155180396}, 'components': {'n_components': 6, 'n_components_ge_min_size': 6, 'largest_component_fraction': 0.17408666131203135, 'fragment_fraction': 0.0, 'median_planarity': 0.0034262824228706084, 'worst_planarity': 0.007877692040783965}, 'border_touch_fraction': 0.0, 'junctions': {'n_samples': 4000, 'junction_fraction': 0.0045, 'junctions': 18, 'radius': 5}}","{'fraction': 0.39318060874938965, 'thickness': {'median': 52.15361924162119, 'p95': 134.506505418883, 'max': 190.67249408344142, 'mean': 58.350666594914735}, 'components': {'n_components': 1, 'n_components_ge_min_size': 1, 'largest_component_fraction': 1.0, 'fragment_fraction': 0.0, 'median_planarity': 0.24875308901552196, 'worst_planarity': 0.24875308901552196}, 'border_touch_fraction': 0.05961000995076765, 'junctions': {'n_samples': 4000, 'junction_fraction': 0.0, 'junctions': 0, 'radius': 5}}",1,0.0654526948928833,2.0,4.0,6,0.0,0.007877692040783965,0.0045,,,,,
sample_00489,False,True,"[256, 256, 256]",uint8,NONE,16819802,,"[256, 256, 256]",uint8,"[0, 1, 2]",0.37388134002685547,0.05755460262298584,0.5685640573501587,3,0.6261186599731445,0.03743300032138522,"{'fraction': 0.05755460262298584, 'thickness': {'median': 2.0, 'p95': 3.4641016151377544, 'max': 4.47213595499958, 'mean': 2.350470831223306}, 'components': {'n_components': 6, 'n_components_ge_min_size': 6, 'largest_component_fraction': 0.20526177343554203, 'fragment_fraction': 0.0, 'median_planarity': 0.005471521037111017, 'worst_planarity': 0.007552070849290117}, 'border_touch_fraction': 0.0, 'junctions': {'n_samples': 4000, 'junction_fraction': 0.00225, 'junctions': 9, 'radius': 5}}","{'fraction': 0.5685640573501587, 'thickness': {'median': 117.90674250469269, 'p95': 280.04356802167314, 'max': 374.1710838640528, 'mean': 124.57214020367074}, 'components': {'n_components': 1, 'n_components_ge_min_size': 1, 'largest_component_fraction': 1.0, 'fragment_fraction': 0.0, 'median_planarity': 0.20026251918206897, 'worst_planarity': 0.20026251918206897}, 'border_touch_fraction': 0.041222268092767717, 'junctions': {'n_samples': 4000, 'junction_fraction': 0.0, 'junctions': 0, 'radius': 5}}",1,0.05755460262298584,2.0,3.4641016151377544,6,0.0,0.007552070849290117,0.00225,,,,,
sample_00490,False,True,"[256, 256, 256]",uint8,NONE,16819802,,"[256, 256, 256]",uint8,"[0, 1, 2]",0.10309332609176636,0.024455666542053223,0.8724510073661804,3,0.8969066739082336,0.0261314813255565,"{'fraction': 0.024455666542053223, 'thickness': {'median': 2.0, 'p95': 2.8284271247461903, 'max': 4.898979485566356, 'mean': 2.3376697364635413}, 'components': {'n_components': 2, 'n_components_ge_min_size': 2, 'largest_component_fraction': 0.5228297481342828, 'fragment_fraction': 0.0, 'median_planarity': 0.0052532659215058985, 'worst_planarity': 0.005420896420367338}, 'border_touch_fraction': 0.0, 'junctions': {'n_samples': 4000, 'junction_fraction': 0.00225, 'junctions': 9, 'radius': 5}}","{'fraction': 0.8724510073661804, 'thickness': {'median': 98.48857801796105, 'p95': 265.3160379164995, 'max': 390.041023483428, 'mean': 113.045288848761}, 'components': {'n_components': 1, 'n_components_ge_min_size': 1, 'largest_component_fraction': 1.0, 'fragment_fraction': 0.0, 'median_planarity': 0.30229590378921384, 'worst_planarity': 0.30229590378921384}, 'border_touch_fraction': 0.02686397264959881, 'junctions': {'n_samples': 4000, 'junction_fraction': 0.0, 'junctions': 0, 'radius': 5}}",1,0.024455666542053223,2.0,2.8284271247461903,2,0.0,0.005420896420367338,0.00225,,,,,
sample_00491,False,True,"[256, 256, 256]",uint8,NONE,16819802,,"[256, 256, 256]",uint8,"[0, 1, 2]",0.5837224125862122,0.05842059850692749,0.35785698890686035,3,0.41627758741378784,0.056302574792965444,"{'fraction': 0.05842059850692749, 'thickness': {'median': 2.0, 'p95': 2.8284271247461903, 'max': 4.47213595499958, 'mean': 2.3373714609336416}, 'components': {'n_components': 6, 'n_components_ge_min_size': 6, 'largest_component_fraction': 0.22815224433368872, 'fragment_fraction': 0.0, 'median_planarity': 0.01168093261047432, 'worst_planarity': 0.02178608224374278}, 'border_touch_fraction': 0.0, 'junctions': {'n_samples': 4000, 'junction_fraction': 0.00175, 'junctions': 7, 'radius': 5}}","{'fraction': 0.35785698890686035, 'thickness': {'median': 62.41794613730894, 'p95': 206.6204249342257, 'max': 307.0244289954791, 'mean': 77.82976924208148}, 'components': {'n_components': 1, 'n_components_ge_min_size': 1, 'largest_component_fraction': 1.0, 'fragment_fraction': 0.0, 'median_planarity': 0.26520862152652425, 'worst_planarity': 0.26520862152652425}, 'border_touch_fraction': 0.06549404015160953, 'junctions': {'n_samples': 4000, 'junction_fraction': 0.0, 'junctions': 0, 'radius': 5}}",1,0.05842059850692749,2.0,2.8284271247461903,6,0.0,0.02178608224374278,0.00175,,,,,
sample_00492,False,True,"[256, 256, 256]",uint8,NONE,16819802,,"[256, 256, 256]",uint8,"[0, 1, 2]",0.8804654479026794,0.05085712671279907,0.06867742538452148,3,0.11953455209732056,0.19607301477917502,"{'fraction': 0.05085712671279907, 'thickness': {'median': 2.0, 'p95': 2.8284271247461903, 'max': 4.47213595499958, 'mean': 2.3204920645790956}, 'components': {'n_components': 11, 'n_components_ge_min_size': 11, 'largest_component_fraction': 0.2672632937235787, 'fragment_fraction': 0.0, 'median_planarity': 0.011064971709147263, 'worst_planarity': 0.03175268488674486}, 'border_touch_fraction': 0.0, 'junctions': {'n_samples': 4000, 'junction_fraction': 0.00375, 'junctions': 15, 'radius': 5}}","{'fraction': 0.06867742538452148, 'thickness': {'median': 4.0, 'p95': 6.0, 'max': 10.392304845413264, 'mean': 4.044944692841716}, 'components': {'n_components': 1, 'n_components_ge_min_size': 1, 'largest_component_fraction': 1.0, 'fragment_fraction': 0.0, 'median_planarity': 0.3318752816059518, 'worst_planarity': 0.3318752816059518}, 'border_touch_fraction': 0.3412693453310838, 'junctions': {'n_samples': 4000, 'junction_fraction': 0.0, 'junctions': 0, 'radius': 5}}",1,0.05085712671279907,2.0,2.8284271247461903,11,0.0,0.03175268488674486,0.00375,,,,,
sample_00493,False,True,"[256, 256, 256]",uint8,LZW,434024,,"[256, 256, 256]",uint8,"[0, 1, 2]",0.1142650842666626,0.026303768157958984,0.8594311475753784,3,0.8857349157333374,0.026461077218114522,"{'fraction': 0.026303768157958984, 'thickness': {'median': 2.0, 'p95': 2.8284271247461903, 'max': 4.47213595499958, 'mean': 2.3392694145032236}, 'components': {'n_components': 2, 'n_components_ge_min_size': 2, 'largest_component_fraction': 0.5104553776988199, 'fragment_fraction': 0.0, 'median_planarity': 0.004907342409909642, 'worst_planarity': 0.0052911278964220786}, 'border_touch_fraction': 0.0, 'junctions': {'n_samples': 4000, 'junction_fraction': 0.002, 'junctions': 8, 'radius': 5}}","{'fraction': 0.8594311475753784, 'thickness': {'median': 91.67333309092672, 'p95': 248.54818445710768, 'max': 373.89838191679837, 'mean': 105.54162731877416}, 'components': {'n_components': 1, 'n_components_ge_min_size': 1, 'largest_component_fraction': 1.0, 'fragment_fraction': 0.0, 'median_planarity': 0.29814567429198907, 'worst_planarity': 0.29814567429198907}, 'border_touch_fraction': 0.027270945515672457, 'junctions': {'n_samples': 4000, 'junction_fraction': 0.0, 'junctions': 0, 'radius': 5}}",1,0.026303768157958984,2.0,2.8284271247461903,2,0.0,0.0052911278964220786,0.002,,,,,
sample_00494,False,True,"[256, 256, 256]",uint8,LZW,619320,,"[256, 256, 256]",uint8,"[0, 1, 2]",0.361203134059906,0.05539417266845703,0.583402693271637,3,0.638796865940094,0.03669006729628814,"{'fraction': 0.05539417266845703, 'thickness': {'median': 2.0, 'p95': 4.0, 'max': 4.898979485566356, 'mean': 2.389178964448963}, 'components': {'n_components': 7, 'n_components_ge_min_size': 7, 'largest_component_fraction': 0.20980890074890246, 'fragment_fraction': 0.0, 'median_planarity': 0.007397877124909813, 'worst_planarity': 0.008984213758571669}, 'border_touch_fraction': 0.0, 'junctions': {'n_samples': 4000, 'junction_fraction': 0.00375, 'junctions': 15, 'radius': 5}}","{'fraction': 0.583402693271637, 'thickness': {'median': 123.69316876852982, 'p95': 274.5625611355594, 'max': 341.4498499047847, 'mean': 128.27833527447592}, 'components': {'n_components': 1, 'n_components_ge_min_size': 1, 'largest_component_fraction': 1.0, 'fragment_fraction': 0.0, 'median_planarity': 0.2032844699544636, 'worst_planarity': 0.2032844699544636}, 'border_touch_fraction': 0.0401737946538538, 'junctions': {'n_samples': 4000, 'junction_fraction': 0.0, 'junctions': 0, 'radius': 5}}",1,0.05539417266845703,2.0,4.0,7,0.0,0.008984213758571669,0.00375,,,,,
sample_00495,False,True,"[256, 256, 256]",uint8,NONE,16819802,,"[256, 256, 256]",uint8,"[0, 1, 2]",0.8111470937728882,0.06238079071044922,0.1264721155166626,3,0.18885290622711182,0.12410452382350101,"{'fraction': 0.06238079071044922, 'thickness': {'median': 2.0, 'p95': 2.8284271247461903, 'max': 5.656854249492381, 'mean': 2.340801487619836}, 'components': {'n_components': 8, 'n_components_ge_min_size': 8, 'largest_component_fraction': 0.20215923162770788, 'fragment_fraction': 0.0, 'median_planarity': 0.008909978958104924, 'worst_planarity': 0.019441774774721414}, 'border_touch_fraction': 0.0, 'junctions': {'n_samples': 4000, 'junction_fraction': 0.0035, 'junctions': 14, 'radius': 5}}","{'fraction': 0.1264721155166626, 'thickness': {'median': 6.0, 'p95': 101.21264743103995, 'max': 181.20706387997132, 'mean': 26.047290771229203}, 'components': {'n_components': 1, 'n_components_ge_min_size': 1, 'largest_component_fraction': 1.0, 'fragment_fraction': 0.0, 'median_planarity': 0.23254528412249448, 'worst_planarity': 0.23254528412249448}, 'border_touch_fraction': 0.1853175295143389, 'junctions': {'n_samples': 4000, 'junction_fraction': 0.0, 'junctions': 0, 'radius': 5}}",1,0.06238079071044922,2.0,2.8284271247461903,8,0.0,0.019441774774721414,0.0035,,,,,
sample_00496,False,True,"[256, 256, 256]",uint8,NONE,16819802,,"[256, 256, 256]",uint8,"[0, 1, 2]",0.6340020895004272,0.05226618051528931,0.31373172998428345,3,0.36599791049957275,0.0640372508356912,"{'fraction': 0.05226618051528931, 'thickness': {'median': 2.0, 'p95': 2.8284271247461903, 'max': 4.47213595499958, 'mean': 2.335039023582917}, 'components': {'n_components': 5, 'n_components_ge_min_size': 5, 'largest_component_fraction': 0.262519087538674, 'fragment_fraction': 0.0, 'median_planarity': 0.014063873918091784, 'worst_planarity': 0.01699001607070865}, 'border_touch_fraction': 0.0, 'junctions': {'n_samples': 4000, 'junction_fraction': 0.005, 'junctions': 20, 'radius': 5}}","{'fraction': 0.31373172998428345, 'thickness': {'median': 47.53945729601885, 'p95': 163.8169710378018, 'max': 258.8358553214759, 'mean': 60.28372005093115}, 'components': {'n_components': 1, 'n_components_ge_min_size': 1, 'largest_component_fraction': 1.0, 'fragment_fraction': 0.0, 'median_planarity': 0.15653756574562933, 'worst_planarity': 0.15653756574562933}, 'border_touch_fraction': 0.07470554540713531, 'junctions': {'n_samples': 4000, 'junction_fraction': 0.0, 'junctions': 0, 'radius': 5}}",1,0.05226618051528931,2.0,2.8284271247461903,5,0.0,0.01699001607070865,0.005,,,,,
sample_00497,False,True,"[256, 256, 256]",uint8,NONE,16819802,,"[256, 256, 256]",uint8,"[0, 1, 2]",0.3341142535209656,0.03947281837463379,0.6264129281044006,3,0.6658857464790344,0.03519747963359948,"{'fraction': 0.03947281837463379, 'thickness': {'median': 2.0, 'p95': 4.0, 'max': 4.47213595499958, 'mean': 2.408028613348957}, 'components': {'n_components': 7, 'n_components_ge_min_size': 7, 'largest_component_fraction': 0.28830461280132397, 'fragment_fraction': 0.0, 'median_planarity': 0.0033275338602818077, 'worst_planarity': 0.01289548283375344}, 'border_touch_fraction': 0.0, 'junctions': {'n_samples': 4000, 'junction_fraction': 0.00725, 'junctions': 29, 'radius': 5}}","{'fraction': 0.6264129281044006, 'thickness': {'median': 134.29817571359635, 'p95': 292.1581763208014, 'max': 356.07864299898694, 'mean': 138.21764171956045}, 'components': {'n_components': 1, 'n_components_ge_min_size': 1, 'largest_component_fraction': 1.0, 'fragment_fraction': 0.0, 'median_planarity': 0.21001625664057597, 'worst_planarity': 0.21001625664057597}, 'border_touch_fraction': 0.037415415532569926, 'junctions': {'n_samples': 4000, 'junction_fraction': 0.0, 'junctions': 0, 'radius': 5}}",1,0.03947281837463379,2.0,4.0,7,0.0,0.01289548283375344,0.00725,,,,,
sample_00498,False,True,"[256, 256, 256]",uint8,NONE,16819802,,"[256, 256, 256]",uint8,"[0, 1, 2]",0.29506534337997437,0.03912729024887085,0.6658073663711548,3,0.7049346566200256,0.03324776244138228,"{'fraction': 0.03912729024887085, 'thickness': {'median': 2.0, 'p95': 4.0, 'max': 4.898979485566356, 'mean': 2.360797417408129}, 'components': {'n_components': 5, 'n_components_ge_min_size': 5, 'largest_component_fraction': 0.30535595409835065, 'fragment_fraction': 0.0, 'median_planarity': 0.034973464332201096, 'worst_planarity': 0.04358654138109938}, 'border_touch_fraction': 0.0, 'junctions': {'n_samples': 4000, 'junction_fraction': 0.007, 'junctions': 28, 'radius': 5}}","{'fraction': 0.6658073663711548, 'thickness': {'median': 125.7457752769452, 'p95': 294.44218447397856, 'max': 365.34367381959686, 'mean': 134.15384426341927}, 'components': {'n_components': 1, 'n_components_ge_min_size': 1, 'largest_component_fraction': 1.0, 'fragment_fraction': 0.0, 'median_planarity': 0.24666614546992777, 'worst_planarity': 0.24666614546992777}, 'border_touch_fraction': 0.035201623147760056, 'junctions': {'n_samples': 4000, 'junction_fraction': 0.0, 'junctions': 0, 'radius': 5}}",1,0.03912729024887085,2.0,4.0,5,0.0,0.04358654138109938,0.007,,,,,
sample_00499,False,True,"[256, 256, 256]",uint8,LZW,387064,,"[256, 256, 256]",uint8,"[0, 1, 2]",0.27564162015914917,0.031371355056762695,0.6929870247840881,3,0.7243583798408508,0.0323562212466562,"{'fraction': 0.031371355056762695, 'thickness': {'median': 2.0, 'p95': 3.4641016151377544, 'max': 4.898979485566356, 'mean': 2.3358941557399446}, 'components': {'n_components': 3, 'n_components_ge_min_size': 3, 'largest_component_fraction': 0.3728957828257879, 'fragment_fraction': 0.0, 'median_planarity': 0.009555748276758577, 'worst_planarity': 0.019430041589242695}, 'border_touch_fraction': 0.0, 'junctions': {'n_samples': 4000, 'junction_fraction': 0.0025, 'junctions': 10, 'radius': 5}}","{'fraction': 0.6929870247840881, 'thickness': {'median': 112.81843820936363, 'p95': 284.33079326727875, 'max': 408.80802340462935, 'mean': 125.18010459382981}, 'components': {'n_components': 1, 'n_components_ge_min_size': 1, 'largest_component_fraction': 1.0, 'fragment_fraction': 0.0, 'median_planarity': 0.27414499171036855, 'worst_planarity': 0.27414499171036855}, 'border_touch_fraction': 0.033820979559180564, 'junctions': {'n_samples': 4000, 'junction_fraction': 0.0, 'junctions': 0, 'radius': 5}}",1,0.031371355056762695,2.0,3.4641016151377544,3,0.0,0.019430041589242695,0.0025,,,,,
sample_00500,False,True,"[256, 256, 256]",uint8,NONE,16819802,,"[256, 256, 256]",uint8,"[0, 1, 2]",0.38479554653167725,0.04624378681182861,0.5689606666564941,3,0.6152044534683228,0.03809709092297202,"{'fraction': 0.04624378681182861, 'thickness': {'median': 2.0, 'p95': 2.8284271247461903, 'max': 4.47213595499958, 'mean': 2.3221334436181102}, 'components': {'n_components': 4, 'n_components_ge_min_size': 4, 'largest_component_fraction': 0.266074793579105, 'fragment_fraction': 0.0, 'median_planarity': 0.01007397403593325, 'worst_planarity': 0.015460813898087851}, 'border_touch_fraction': 0.0, 'junctions': {'n_samples': 4000, 'junction_fraction': 0.00225, 'junctions': 9, 'radius': 5}}","{'fraction': 0.5689606666564941, 'thickness': {'median': 67.32013071882734, 'p95': 182.58148865643525, 'max': 274.8235797743709, 'mean': 76.94618931533172}, 'components': {'n_components': 1, 'n_components_ge_min_size': 1, 'largest_component_fraction': 1.0, 'fragment_fraction': 0.0, 'median_planarity': 0.23717433488609208, 'worst_planarity': 0.23717433488609208}, 'border_touch_fraction': 0.041193533004189584, 'junctions': {'n_samples': 4000, 'junction_fraction': 0.0, 'junctions': 0, 'radius': 5}}",1,0.04624378681182861,2.0,2.8284271247461903,4,0.0,0.015460813898087851,0.00225,,,,,
sample_00503,False,True,"[256, 256, 256]",uint8,NONE,16819802,,"[256, 256, 256]",uint8,"[0, 1, 2]",0.5052691102027893,0.05222976207733154,0.44250112771987915,3,0.4947308897972107,0.04737424018461226,"{'fraction': 0.05222976207733154, 'thickness': {'median': 2.0, 'p95': 3.4641016151377544, 'max': 5.656854249492381, 'mean': 2.3371456370695936}, 'components': {'n_components': 7, 'n_components_ge_min_size': 7, 'largest_component_fraction': 0.2209501637623107, 'fragment_fraction': 0.0, 'median_planarity': 0.005280356337308008, 'worst_planarity': 0.018737788421544607}, 'border_touch_fraction': 0.0, 'junctions': {'n_samples': 4000, 'junction_fraction': 0.00575, 'junctions': 23, 'radius': 5}}","{'fraction': 0.44250112771987915, 'thickness': {'median': 74.02702209328699, 'p95': 187.5846475594418, 'max': 267.9253627411933, 'mean': 80.9550131040503}, 'components': {'n_components': 1, 'n_components_ge_min_size': 1, 'largest_component_fraction': 1.0, 'fragment_fraction': 0.0, 'median_planarity': 0.2510956956443517, 'worst_planarity': 0.2510956956443517}, 'border_touch_fraction': 0.05296596671011621, 'junctions': {'n_samples': 4000, 'junction_fraction': 0.0, 'junctions': 0, 'radius': 5}}",1,0.05222976207733154,2.0,3.4641016151377544,7,0.0,0.018737788421544607,0.00575,,,,,
sample_00504,False,True,"[256, 256, 256]",uint8,NONE,16819802,,"[256, 256, 256]",uint8,"[0, 1, 2]",0.8278053402900696,0.07697665691375732,0.0952180027961731,3,0.17219465970993042,0.1361104928543168,"{'fraction': 0.07697665691375732, 'thickness': {'median': 2.0, 'p95': 3.4641016151377544, 'max': 5.656854249492381, 'mean': 2.344433750715571}, 'components': {'n_components': 10, 'n_components_ge_min_size': 10, 'largest_component_fraction': 0.15880395275402764, 'fragment_fraction': 0.0, 'median_planarity': 0.010264556964707154, 'worst_planarity': 0.028514154157306546}, 'border_touch_fraction': 0.0, 'junctions': {'n_samples': 4000, 'junction_fraction': 0.00475, 'junctions': 19, 'radius': 5}}","{'fraction': 0.0952180027961731, 'thickness': {'median': 6.0, 'p95': 74.26977851050857, 'max': 130.91982279242512, 'mean': 15.980513253740567}, 'components': {'n_components': 1, 'n_components_ge_min_size': 1, 'largest_component_fraction': 1.0, 'fragment_fraction': 0.0, 'median_planarity': 0.26743234927808823, 'worst_planarity': 0.26743234927808823}, 'border_touch_fraction': 0.24614567951158473, 'junctions': {'n_samples': 4000, 'junction_fraction': 0.00025, 'junctions': 1, 'radius': 5}}",1,0.07697665691375732,2.0,3.4641016151377544,10,0.0,0.028514154157306546,0.00475,,,,,
sample_00505,False,True,"[256, 256, 256]",uint8,NONE,16819802,,"[256, 256, 256]",uint8,"[0, 1, 2]",0.5164045691490173,0.04755443334579468,0.436040997505188,3,0.48359543085098267,0.04846509810640072,"{'fraction': 0.04755443334579468, 'thickness': {'median': 2.0, 'p95': 2.8284271247461903, 'max': 4.898979485566356, 'mean': 2.3201995873879575}, 'components': {'n_components': 5, 'n_components_ge_min_size': 5, 'largest_component_fraction': 0.2639268215950496, 'fragment_fraction': 0.0, 'median_planarity': 0.013247007896556872, 'worst_planarity': 0.01740558068858433}, 'border_touch_fraction': 0.0, 'junctions': {'n_samples': 4000, 'junction_fraction': 0.0025, 'junctions': 10, 'radius': 5}}","{'fraction': 0.436040997505188, 'thickness': {'median': 66.51315659326356, 'p95': 222.80080788940725, 'max': 330.98036195520723, 'mean': 83.54000235662963}, 'components': {'n_components': 1, 'n_components_ge_min_size': 1, 'largest_component_fraction': 1.0, 'fragment_fraction': 0.0, 'median_planarity': 0.28645613442839235, 'worst_planarity': 0.28645613442839235}, 'border_touch_fraction': 0.053750679716122664, 'junctions': {'n_samples': 4000, 'junction_fraction': 0.0, 'junctions': 0, 'radius': 5}}",1,0.04755443334579468,2.0,2.8284271247461903,5,0.0,0.01740558068858433,0.0025,,,,,
sample_00506,False,True,"[256, 256, 256]",uint8,NONE,16819802,,"[256, 256, 256]",uint8,"[0, 1, 2]",0.6312907338142395,0.10670030117034912,0.2620089650154114,3,0.3687092661857605,0.06356634386343815,"{'fraction': 0.10670030117034912, 'thickness': {'median': 2.0, 'p95': 2.8284271247461903, 'max': 4.47213595499958, 'mean': 2.331573470315956}, 'components': {'n_components': 14, 'n_components_ge_min_size': 14, 'largest_component_fraction': 0.11933240751809641, 'fragment_fraction': 0.0, 'median_planarity': 0.0036055076082524085, 'worst_planarity': 0.008830428123431985}, 'border_touch_fraction': 0.0, 'junctions': {'n_samples': 4000, 'junction_fraction': 0.00375, 'junctions': 15, 'radius': 5}}","{'fraction': 0.2620089650154114, 'thickness': {'median': 16.1245154965971, 'p95': 68.38128398911503, 'max': 161.02173766296275, 'mean': 23.142189157676185}, 'components': {'n_components': 1, 'n_components_ge_min_size': 1, 'largest_component_fraction': 1.0, 'fragment_fraction': 0.0, 'median_planarity': 0.2516391556800839, 'worst_planarity': 0.2516391556800839}, 'border_touch_fraction': 0.08945304600024433, 'junctions': {'n_samples': 4000, 'junction_fraction': 0.00025, 'junctions': 1, 'radius': 5}}",1,0.10670030117034912,2.0,2.8284271247461903,14,0.0,0.008830428123431985,0.00375,,,,,
sample_00508,False,True,"[256, 256, 256]",uint8,LZW,553832,,"[256, 256, 256]",uint8,"[0, 1, 2]",0.41828054189682007,0.06874066591262817,0.5129787921905518,3,0.5817194581031799,0.040290039594726566,"{'fraction': 0.06874066591262817, 'thickness': {'median': 2.0, 'p95': 3.4641016151377544, 'max': 5.656854249492381, 'mean': 2.377924938031951}, 'components': {'n_components': 6, 'n_components_ge_min_size': 6, 'largest_component_fraction': 0.16822584686939912, 'fragment_fraction': 0.0, 'median_planarity': 0.002507584224749166, 'worst_planarity': 0.003946169691706823}, 'border_touch_fraction': 0.0, 'junctions': {'n_samples': 4000, 'junction_fraction': 0.0045, 'junctions': 18, 'radius': 5}}","{'fraction': 0.5129787921905518, 'thickness': {'median': 57.758116312774604, 'p95': 164.9484768041221, 'max': 230.35624584542958, 'mean': 67.3847831399618}, 'components': {'n_components': 1, 'n_components_ge_min_size': 1, 'largest_component_fraction': 1.0, 'fragment_fraction': 0.0, 'median_planarity': 0.2487065242754061, 'worst_planarity': 0.2487065242754061}, 'border_touch_fraction': 0.045689023321833305, 'junctions': {'n_samples': 4000, 'junction_fraction': 0.0, 'junctions': 0, 'radius': 5}}",1,0.06874066591262817,2.0,3.4641016151377544,6,0.0,0.003946169691706823,0.0045,,,,,
sample_00509,False,True,"[256, 256, 256]",uint8,LZW,401544,,"[256, 256, 256]",uint8,"[0, 1, 2]",0.36529791355133057,0.06759732961654663,0.5671047568321228,3,0.6347020864486694,0.03692677320652777,"{'fraction': 0.06759732961654663, 'thickness': {'median': 2.0, 'p95': 4.0, 'max': 4.47213595499958, 'mean': 2.4607698142256393}, 'components': {'n_components': 6, 'n_components_ge_min_size': 6, 'largest_component_fraction': 0.16716588998276158, 'fragment_fraction': 0.0, 'median_planarity': 0.0042677281142545365, 'worst_planarity': 0.005556163105766626}, 'border_touch_fraction': 0.0, 'junctions': {'n_samples': 4000, 'junction_fraction': 0.00475, 'junctions': 19, 'radius': 5}}","{'fraction': 0.5671047568321228, 'thickness': {'median': 102.80077820717118, 'p95': 232.4564475337262, 'max': 272.360055808483, 'mean': 107.9799335559901}, 'components': {'n_components': 1, 'n_components_ge_min_size': 1, 'largest_component_fraction': 1.0, 'fragment_fraction': 0.0, 'median_planarity': 0.2774082288717752, 'worst_planarity': 0.2774082288717752}, 'border_touch_fraction': 0.04132834316348026, 'junctions': {'n_samples': 4000, 'junction_fraction': 0.0, 'junctions': 0, 'radius': 5}}",1,0.06759732961654663,2.0,4.0,6,0.0,0.005556163105766626,0.00475,,,,,
sample_00510,False,True,"[256, 256, 256]",uint8,LZW,344728,,"[256, 256, 256]",uint8,"[0, 1, 2]",0.19842755794525146,0.0341794490814209,0.7673929929733276,3,0.8015724420547485,0.029239403415517104,"{'fraction': 0.0341794490814209, 'thickness': {'median': 2.0, 'p95': 4.0, 'max': 4.47213595499958, 'mean': 2.422909956295279}, 'components': {'n_components': 3, 'n_components_ge_min_size': 3, 'largest_component_fraction': 0.33520567247260374, 'fragment_fraction': 0.0, 'median_planarity': 0.006647000070513298, 'worst_planarity': 0.007117153796337574}, 'border_touch_fraction': 0.0, 'junctions': {'n_samples': 4000, 'junction_fraction': 0.0025, 'junctions': 10, 'radius': 5}}","{'fraction': 0.7673929929733276, 'thickness': {'median': 92.0, 'p95': 192.0520762709948, 'max': 246.59278172728415, 'mean': 94.3008658366993}, 'components': {'n_components': 1, 'n_components_ge_min_size': 1, 'largest_component_fraction': 1.0, 'fragment_fraction': 0.0, 'median_planarity': 0.3003699699840987, 'worst_planarity': 0.3003699699840987}, 'border_touch_fraction': 0.030541717496258947, 'junctions': {'n_samples': 4000, 'junction_fraction': 0.0, 'junctions': 0, 'radius': 5}}",1,0.0341794490814209,2.0,4.0,3,0.0,0.007117153796337574,0.0025,,,,,
sample_00511,False,True,"[256, 256, 256]",uint8,LZW,565624,,"[256, 256, 256]",uint8,"[0, 1, 2]",0.3659171462059021,0.0673571228981018,0.5667257308959961,3,0.6340828537940979,0.03696283515594119,"{'fraction': 0.0673571228981018, 'thickness': {'median': 2.0, 'p95': 3.4641016151377544, 'max': 4.47213595499958, 'mean': 2.3400281275983206}, 'components': {'n_components': 6, 'n_components_ge_min_size': 6, 'largest_component_fraction': 0.1737139014127506, 'fragment_fraction': 0.0, 'median_planarity': 0.0026368545270276916, 'worst_planarity': 0.007489980924511009}, 'border_touch_fraction': 0.0, 'junctions': {'n_samples': 4000, 'junction_fraction': 0.002, 'junctions': 8, 'radius': 5}}","{'fraction': 0.5667257308959961, 'thickness': {'median': 76.75936424958195, 'p95': 222.37895580434926, 'max': 317.5279515255311, 'mean': 89.24002907262377}, 'components': {'n_components': 1, 'n_components_ge_min_size': 1, 'largest_component_fraction': 1.0, 'fragment_fraction': 0.0, 'median_planarity': 0.26858622238079294, 'worst_planarity': 0.26858622238079294}, 'border_touch_fraction': 0.04135598354241866, 'junctions': {'n_samples': 4000, 'junction_fraction': 0.0, 'junctions': 0, 'radius': 5}}",1,0.0673571228981018,2.0,3.4641016151377544,6,0.0,0.007489980924511009,0.002,,,,,
sample_00514,False,True,"[256, 256, 256]",uint8,LZW,507608,,"[256, 256, 256]",uint8,"[0, 1, 2]",0.22801876068115234,0.03578704595565796,0.7361941933631897,3,0.7719812393188477,0.030360193753775567,"{'fraction': 0.03578704595565796, 'thickness': {'median': 2.0, 'p95': 2.8284271247461903, 'max': 4.47213595499958, 'mean': 2.330341495976575}, 'components': {'n_components': 3, 'n_components_ge_min_size': 3, 'largest_component_fraction': 0.3437501561440823, 'fragment_fraction': 0.0, 'median_planarity': 0.0023432696040152174, 'worst_planarity': 0.0034779619892935892}, 'border_touch_fraction': 0.0, 'junctions': {'n_samples': 4000, 'junction_fraction': 0.00225, 'junctions': 9, 'radius': 5}}","{'fraction': 0.7361941933631897, 'thickness': {'median': 84.5931439302264, 'p95': 231.32660893204655, 'max': 350.0228563965502, 'mean': 97.0104055488003}, 'components': {'n_components': 1, 'n_components_ge_min_size': 1, 'largest_component_fraction': 1.0, 'fragment_fraction': 0.0, 'median_planarity': 0.2684179127163699, 'worst_planarity': 0.2684179127163699}, 'border_touch_fraction': 0.03183602942170651, 'junctions': {'n_samples': 4000, 'junction_fraction': 0.0, 'junctions': 0, 'radius': 5}}",1,0.03578704595565796,2.0,2.8284271247461903,3,0.0,0.0034779619892935892,0.00225,,,,,
sample_00516,False,True,"[256, 256, 256]",uint8,LZW,648024,,"[256, 256, 256]",uint8,"[0, 1, 2]",0.4565688371658325,0.05724090337753296,0.4861902594566345,3,0.5434311628341675,0.04312873755300659,"{'fraction': 0.05724090337753296, 'thickness': {'median': 2.0, 'p95': 4.0, 'max': 4.47213595499958, 'mean': 2.3794375973247086}, 'components': {'n_components': 5, 'n_components_ge_min_size': 5, 'largest_component_fraction': 0.20144677474610634, 'fragment_fraction': 0.0, 'median_planarity': 0.003991640771581905, 'worst_planarity': 0.007034303575057269}, 'border_touch_fraction': 0.0, 'junctions': {'n_samples': 4000, 'junction_fraction': 0.00475, 'junctions': 19, 'radius': 5}}","{'fraction': 0.4861902594566345, 'thickness': {'median': 56.178287620752556, 'p95': 146.57557765409396, 'max': 208.2114310022387, 'mean': 62.71471997697792}, 'components': {'n_components': 1, 'n_components_ge_min_size': 1, 'largest_component_fraction': 1.0, 'fragment_fraction': 0.0, 'median_planarity': 0.2356883654007623, 'worst_planarity': 0.2356883654007623}, 'border_touch_fraction': 0.048206436768588726, 'junctions': {'n_samples': 4000, 'junction_fraction': 0.0, 'junctions': 0, 'radius': 5}}",1,0.05724090337753296,2.0,4.0,5,0.0,0.007034303575057269,0.00475,,,,,
